{"level":"info","message":"BullBoard dashboard available at http://localhost:4100/admin/queues","timestamp":"2026-07-11 13:19:49"}
{"level":"info","message":"SEO Scan Worker initialized.","timestamp":"2026-07-11 13:19:49"}
{"level":"info","message":"🧹 Queue \"seo-scan-queue\" cleared recursively.","timestamp":"2026-07-11 13:19:49"}
{"level":"info","message":"⏰ Scheduled global orchestration every 1 minutes.","timestamp":"2026-07-11 13:19:49"}
{"level":"info","message":"SEO Scanner Service running on port 4100","timestamp":"2026-07-11 13:19:49"}
{"level":"info","message":"🚀 SCAN_ON_STARTUP is enabled. Triggering global orchestration...","timestamp":"2026-07-11 13:19:49"}
{"level":"info","message":"Orchestrator: Starting global scan orchestration... [STARTUP MODE]","timestamp":"2026-07-11 13:19:49"}
{"level":"info","message":"🔗 Connecting to MASTER database: master","timestamp":"2026-07-11 13:19:49"}
{"level":"info","message":"Orchestrator: Found 2 tenants to process.","timestamp":"2026-07-11 13:19:51"}
{"level":"info","message":"📁 Switching to CLIENT database: tenant_rbi (Tenant: rbi)","timestamp":"2026-07-11 13:19:51"}
{"level":"info","message":"✅ Successfully connected to database: tenant_rbi","timestamp":"2026-07-11 13:19:51"}
{"level":"info","message":"Orchestrator: No domains found for tenant rbi (excluding those currently scanning).","timestamp":"2026-07-11 13:19:51"}
{"level":"info","message":"📁 Switching to CLIENT database: tenant_sbi (Tenant: sbi)","timestamp":"2026-07-11 13:19:51"}
{"level":"info","message":"✅ Successfully connected to database: tenant_sbi","timestamp":"2026-07-11 13:19:51"}
{"level":"info","message":"Orchestrator: Found 3 domains for tenant sbi. Enqueueing jobs...","timestamp":"2026-07-11 13:19:52"}
{"level":"info","message":"[Job 2] 🔍 Starting scan for: https://omunim.com/","timestamp":"2026-07-11 13:19:52"}
{"level":"info","message":"  [1] Enqueued: https://omunim.com/","timestamp":"2026-07-11 13:19:52"}
{"level":"info","message":"[Job 3] 🔍 Starting scan for: https://jewellmaster.com","timestamp":"2026-07-11 13:19:52"}
{"level":"info","message":"  [2] Enqueued: https://jewellmaster.com","timestamp":"2026-07-11 13:19:52"}
{"level":"info","message":"[Job 4] 🔍 Starting scan for: https://sitemonitor.in","timestamp":"2026-07-11 13:19:52"}
{"level":"info","message":"[https://jewellmaster.com] Checking domain status for ID: 6a086772439e555ef5630506. Found: true, Deleted: false, Archived: false, Status: active","timestamp":"2026-07-11 13:19:52"}
{"level":"info","message":"  [3] Enqueued: https://sitemonitor.in","timestamp":"2026-07-11 13:19:52"}
{"level":"info","message":"Orchestrator: Master DB connection closed.","timestamp":"2026-07-11 13:19:52"}
{"level":"info","message":"✅ Orchestrator: Finished. Total jobs enqueued: 3","timestamp":"2026-07-11 13:19:52"}
{"level":"info","message":"✅ Initial global scan orchestration completed.","timestamp":"2026-07-11 13:19:52"}
{"level":"info","message":"[https://sitemonitor.in] Checking domain status for ID: 6a40b584652e3241533a7de4. Found: true, Deleted: false, Archived: false, Status: active","timestamp":"2026-07-11 13:19:52"}
{"level":"info","message":"[https://omunim.com/] Checking domain status for ID: 69fed1b9ce195e92e93ad3ad. Found: true, Deleted: false, Archived: false, Status: active","timestamp":"2026-07-11 13:19:52"}
{"level":"info","message":"🔍 [Crawl] Queue: 0 | Visited: 1 | Scanning: https://omunim.com/","timestamp":"2026-07-11 13:19:53"}
{"level":"info","message":"🔍 [Domain: omunim.com] [Page 1/4] Scanning: https://omunim.com/","timestamp":"2026-07-11 13:19:53"}
{"level":"info","message":"🔍 [Crawl] Queue: 0 | Visited: 1 | Scanning: https://jewellmaster.com/","timestamp":"2026-07-11 13:19:55"}
{"level":"info","message":"🔍 [Domain: jewellmaster.com] [Page 1/10] Scanning: https://jewellmaster.com/","timestamp":"2026-07-11 13:19:55"}
{"level":"info","message":"🔍 [Crawl] Queue: 1 | Visited: 1 | Scanning: https://sitemonitor.in/","timestamp":"2026-07-11 13:19:56"}
{"level":"info","message":"🔍 [Domain: sitemonitor.in] [Page 1/10] Scanning: https://sitemonitor.in/","timestamp":"2026-07-11 13:19:56"}
{"level":"info","message":"🔍 [Scraper] HTML length: 77489 | Body length: 20116 | Total <a> tags: 67","timestamp":"2026-07-11 13:20:13"}
{"level":"info","message":"🔗 [Link Extraction] Page: https://omunim.com/ | hostNorm: omunim.com | Found 67 total links (21 internal)","timestamp":"2026-07-11 13:20:13"}
{"level":"info","message":"🔍 [Scraper] HTML length: 59435 | Body length: 24991 | Total <a> tags: 3","timestamp":"2026-07-11 13:20:15"}
{"level":"info","message":"🔗 [Link Extraction] Page: https://jewellmaster.com/ | hostNorm: jewellmaster.com | Found 3 total links (2 internal)","timestamp":"2026-07-11 13:20:15"}
{"level":"info","message":"🔍 [Scraper] HTML length: 54143 | Body length: 18693 | Total <a> tags: 55","timestamp":"2026-07-11 13:20:17"}
{"level":"info","message":"🔗 [Link Extraction] Page: https://sitemonitor.in/ | hostNorm: sitemonitor.in | Found 45 total links (23 internal)","timestamp":"2026-07-11 13:20:17"}
{"level":"info","message":"🚀 [PageSpeed API] Fetching metrics for https://jewellmaster.com/...","timestamp":"2026-07-11 13:20:19"}
{"level":"info","message":"🚀 [PageSpeed API] Fetching metrics for https://omunim.com/...","timestamp":"2026-07-11 13:20:26"}
{"level":"info","message":"🚀 [PageSpeed API] Fetching metrics for https://sitemonitor.in/...","timestamp":"2026-07-11 13:20:27"}
{"level":"info","message":"✅ [PageSpeed API] Score for https://jewellmaster.com/: 73","timestamp":"2026-07-11 13:20:37"}
{"level":"info","message":"📊 [Lighthouse] Results for https://jewellmaster.com/: Performance: 73, SEO: 92, Accessibility: 92","timestamp":"2026-07-11 13:20:37"}
{"level":"info","message":"🔍 [Domain: jewellmaster.com] [Page 1/10] Found 2 internal links on https://jewellmaster.com/","timestamp":"2026-07-11 13:20:37"}
{"level":"info","message":"➕ [Queue] Adding: https://jewellmaster.com/features (targetHost: jewellmaster.com, hostNorm: jewellmaster.com)","timestamp":"2026-07-11 13:20:37"}
{"level":"info","message":"➕ [Queue] Adding: https://jewellmaster.com/demo (targetHost: jewellmaster.com, hostNorm: jewellmaster.com)","timestamp":"2026-07-11 13:20:37"}
{"level":"info","message":"🔍 [Crawl] Queue: 1 | Visited: 2 | Scanning: https://jewellmaster.com/features","timestamp":"2026-07-11 13:20:37"}
{"level":"info","message":"🔍 [Domain: jewellmaster.com] [Page 2/10] Scanning: https://jewellmaster.com/features","timestamp":"2026-07-11 13:20:37"}
{"level":"info","message":"🔍 [Scraper] HTML length: 27093 | Body length: 15786 | Total <a> tags: 11","timestamp":"2026-07-11 13:20:41"}
{"level":"info","message":"🔗 [Link Extraction] Page: https://jewellmaster.com/features | hostNorm: jewellmaster.com | Found 11 total links (11 internal)","timestamp":"2026-07-11 13:20:41"}
{"level":"info","message":"✅ [PageSpeed API] Score for https://sitemonitor.in/: 89","timestamp":"2026-07-11 13:20:44"}
{"level":"info","message":"📊 [Lighthouse] Results for https://sitemonitor.in/: Performance: 89, SEO: 100, Accessibility: 90","timestamp":"2026-07-11 13:20:44"}
{"level":"info","message":"🔍 [Domain: sitemonitor.in] [Page 1/10] Found 23 internal links on https://sitemonitor.in/","timestamp":"2026-07-11 13:20:44"}
{"level":"info","message":"🔍 [Crawl] Queue: 0 | Visited: 2 | Scanning: https://sitemonitor.in/features","timestamp":"2026-07-11 13:20:44"}
{"level":"info","message":"🔍 [Domain: sitemonitor.in] [Page 2/10] Scanning: https://sitemonitor.in/features","timestamp":"2026-07-11 13:20:44"}
{"level":"info","message":"🚀 [PageSpeed API] Fetching metrics for https://jewellmaster.com/features...","timestamp":"2026-07-11 13:20:44"}
{"level":"info","message":"🔍 [Scraper] HTML length: 33258 | Body length: 6831 | Total <a> tags: 40","timestamp":"2026-07-11 13:20:48"}
{"level":"info","message":"🔗 [Link Extraction] Page: https://sitemonitor.in/features | hostNorm: sitemonitor.in | Found 40 total links (23 internal)","timestamp":"2026-07-11 13:20:48"}
{"level":"info","message":"🚀 [PageSpeed API] Fetching metrics for https://sitemonitor.in/features...","timestamp":"2026-07-11 13:20:53"}
{"level":"info","message":"✅ [PageSpeed API] Score for https://omunim.com/: 51","timestamp":"2026-07-11 13:20:56"}
{"level":"info","message":"📊 [Lighthouse] Results for https://omunim.com/: Performance: 51, SEO: 92, Accessibility: 78","timestamp":"2026-07-11 13:20:56"}
{"level":"info","message":"🔍 [Domain: omunim.com] [Page 1/4] Found 21 internal links on https://omunim.com/","timestamp":"2026-07-11 13:20:56"}
{"level":"info","message":"➕ [Queue] Adding: https://omunim.com/jewellery-software (targetHost: omunim.com, hostNorm: omunim.com)","timestamp":"2026-07-11 13:20:56"}
{"level":"info","message":"➕ [Queue] Adding: https://omunim.com/signin (targetHost: omunim.com, hostNorm: omunim.com)","timestamp":"2026-07-11 13:20:56"}
{"level":"info","message":"➕ [Queue] Adding: https://omunim.com/jewellery-billing-software (targetHost: omunim.com, hostNorm: omunim.com)","timestamp":"2026-07-11 13:20:56"}
{"level":"info","message":"➕ [Queue] Adding: https://omunim.com/gold-loan-software (targetHost: omunim.com, hostNorm: omunim.com)","timestamp":"2026-07-11 13:20:56"}
{"level":"info","message":"➕ [Queue] Adding: https://omunim.com/jewellery-mobile-app (targetHost: omunim.com, hostNorm: omunim.com)","timestamp":"2026-07-11 13:20:56"}
{"level":"info","message":"➕ [Queue] Adding: https://omunim.com/ecommerce (targetHost: omunim.com, hostNorm: omunim.com)","timestamp":"2026-07-11 13:20:56"}
{"level":"info","message":"➕ [Queue] Adding: https://omunim.com/jewellery-videos (targetHost: omunim.com, hostNorm: omunim.com)","timestamp":"2026-07-11 13:20:56"}
{"level":"info","message":"➕ [Queue] Adding: https://omunim.com/all-features (targetHost: omunim.com, hostNorm: omunim.com)","timestamp":"2026-07-11 13:20:56"}
{"level":"info","message":"➕ [Queue] Adding: https://omunim.com/jewellery-billing-software-free (targetHost: omunim.com, hostNorm: omunim.com)","timestamp":"2026-07-11 13:20:56"}
{"level":"info","message":"➕ [Queue] Adding: https://omunim.com/best-jewellery-software (targetHost: omunim.com, hostNorm: omunim.com)","timestamp":"2026-07-11 13:20:56"}
{"level":"info","message":"➕ [Queue] Adding: https://omunim.com/top-10-jewellery-software (targetHost: omunim.com, hostNorm: omunim.com)","timestamp":"2026-07-11 13:20:56"}
{"level":"info","message":"➕ [Queue] Adding: https://omunim.com/downloads (targetHost: omunim.com, hostNorm: omunim.com)","timestamp":"2026-07-11 13:20:56"}
{"level":"info","message":"➕ [Queue] Adding: https://omunim.com/aboutus (targetHost: omunim.com, hostNorm: omunim.com)","timestamp":"2026-07-11 13:20:56"}
{"level":"info","message":"➕ [Queue] Adding: https://omunim.com/contactus (targetHost: omunim.com, hostNorm: omunim.com)","timestamp":"2026-07-11 13:20:56"}
{"level":"info","message":"➕ [Queue] Adding: https://omunim.com/career (targetHost: omunim.com, hostNorm: omunim.com)","timestamp":"2026-07-11 13:20:56"}
{"level":"info","message":"➕ [Queue] Adding: https://omunim.com/faq (targetHost: omunim.com, hostNorm: omunim.com)","timestamp":"2026-07-11 13:20:56"}
{"level":"info","message":"➕ [Queue] Adding: https://omunim.com/feedback (targetHost: omunim.com, hostNorm: omunim.com)","timestamp":"2026-07-11 13:20:56"}
{"level":"info","message":"➕ [Queue] Adding: https://omunim.com/terms (targetHost: omunim.com, hostNorm: omunim.com)","timestamp":"2026-07-11 13:20:56"}
{"level":"info","message":"➕ [Queue] Adding: https://omunim.com/privacypolicy (targetHost: omunim.com, hostNorm: omunim.com)","timestamp":"2026-07-11 13:20:56"}
{"level":"info","message":"➕ [Queue] Adding: https://omunim.com/site-map (targetHost: omunim.com, hostNorm: omunim.com)","timestamp":"2026-07-11 13:20:56"}
{"level":"info","message":"🔍 [Crawl] Queue: 19 | Visited: 2 | Scanning: https://omunim.com/jewellery-software","timestamp":"2026-07-11 13:20:56"}
{"level":"info","message":"🔍 [Domain: omunim.com] [Page 2/4] Scanning: https://omunim.com/jewellery-software","timestamp":"2026-07-11 13:20:56"}
{"level":"info","message":"🔍 [Scraper] HTML length: 77507 | Body length: 20116 | Total <a> tags: 67","timestamp":"2026-07-11 13:21:01"}
{"level":"info","message":"🔗 [Link Extraction] Page: https://omunim.com/jewellery-software | hostNorm: omunim.com | Found 67 total links (21 internal)","timestamp":"2026-07-11 13:21:01"}
{"level":"info","message":"✅ [PageSpeed API] Score for https://jewellmaster.com/features: 87","timestamp":"2026-07-11 13:21:02"}
{"level":"info","message":"📊 [Lighthouse] Results for https://jewellmaster.com/features: Performance: 87, SEO: 100, Accessibility: 93","timestamp":"2026-07-11 13:21:02"}
{"level":"info","message":"🔍 [Domain: jewellmaster.com] [Page 2/10] Found 11 internal links on https://jewellmaster.com/features","timestamp":"2026-07-11 13:21:03"}
{"level":"info","message":"➕ [Queue] Adding: https://jewellmaster.com/features/jewelry-inventory-management (targetHost: jewellmaster.com, hostNorm: jewellmaster.com)","timestamp":"2026-07-11 13:21:03"}
{"level":"info","message":"➕ [Queue] Adding: https://jewellmaster.com/features/gst-billing-invoicing (targetHost: jewellmaster.com, hostNorm: jewellmaster.com)","timestamp":"2026-07-11 13:21:03"}
{"level":"info","message":"➕ [Queue] Adding: https://jewellmaster.com/features/crm-customer-management (targetHost: jewellmaster.com, hostNorm: jewellmaster.com)","timestamp":"2026-07-11 13:21:03"}
{"level":"info","message":"➕ [Queue] Adding: https://jewellmaster.com/features/accounting-financial-management (targetHost: jewellmaster.com, hostNorm: jewellmaster.com)","timestamp":"2026-07-11 13:21:03"}
{"level":"info","message":"➕ [Queue] Adding: https://jewellmaster.com/features/ai-powered-reports (targetHost: jewellmaster.com, hostNorm: jewellmaster.com)","timestamp":"2026-07-11 13:21:03"}
{"level":"info","message":"➕ [Queue] Adding: https://jewellmaster.com/features/multi-branch-management (targetHost: jewellmaster.com, hostNorm: jewellmaster.com)","timestamp":"2026-07-11 13:21:03"}
{"level":"info","message":"➕ [Queue] Adding: https://jewellmaster.com/features/mobile-app (targetHost: jewellmaster.com, hostNorm: jewellmaster.com)","timestamp":"2026-07-11 13:21:03"}
{"level":"info","message":"➕ [Queue] Adding: https://jewellmaster.com/features/integrations (targetHost: jewellmaster.com, hostNorm: jewellmaster.com)","timestamp":"2026-07-11 13:21:03"}
{"level":"info","message":"➕ [Queue] Adding: https://jewellmaster.com/features/security-reliability (targetHost: jewellmaster.com, hostNorm: jewellmaster.com)","timestamp":"2026-07-11 13:21:03"}
{"level":"info","message":"🔍 [Crawl] Queue: 9 | Visited: 3 | Scanning: https://jewellmaster.com/demo","timestamp":"2026-07-11 13:21:03"}
{"level":"info","message":"🔍 [Domain: jewellmaster.com] [Page 3/10] Scanning: https://jewellmaster.com/demo","timestamp":"2026-07-11 13:21:03"}
{"level":"info","message":"🔍 [Scraper] HTML length: 26483 | Body length: 13519 | Total <a> tags: 3","timestamp":"2026-07-11 13:21:06"}
{"level":"info","message":"🔗 [Link Extraction] Page: https://jewellmaster.com/demo | hostNorm: jewellmaster.com | Found 3 total links (2 internal)","timestamp":"2026-07-11 13:21:06"}
{"level":"info","message":"🚀 [PageSpeed API] Fetching metrics for https://jewellmaster.com/demo...","timestamp":"2026-07-11 13:21:09"}
{"level":"info","message":"✅ [PageSpeed API] Score for https://sitemonitor.in/features: 79","timestamp":"2026-07-11 13:21:09"}
{"level":"info","message":"📊 [Lighthouse] Results for https://sitemonitor.in/features: Performance: 79, SEO: 100, Accessibility: 93","timestamp":"2026-07-11 13:21:09"}
{"level":"info","message":"🔍 [Domain: sitemonitor.in] [Page 2/10] Found 23 internal links on https://sitemonitor.in/features","timestamp":"2026-07-11 13:21:09"}
{"level":"info","message":"[https://sitemonitor.in] Evaluating 1 policies against 2 pages.","timestamp":"2026-07-11 13:21:10"}
{"level":"info","message":"   -> 🔍 Scan [text] | Target: \"jewellery\" (containing) | Operator: \"contains\" | Actual: [Content length: 18693] | Result: ❌ NO MATCH","timestamp":"2026-07-11 13:21:10"}
{"level":"info","message":"   -> 🔍 Scan [page-title] | Target: \"jewellery\" (containing) | Operator: \"contains\" | Actual: \"AI Website Monitoring & Automa\" | Result: ❌ NO MATCH","timestamp":"2026-07-11 13:21:10"}
{"level":"info","message":"   -> 🔍 Scan [page-title-length] | Target: \"60\" | Operator: \"Greater than\" | Actual: 59 | Result: ❌ NO MATCH","timestamp":"2026-07-11 13:21:10"}
{"level":"info","message":"   -> 🔍 Scan [page-url] | Target: \"shop\" (containing) | Operator: \"contains\" | Actual: \"https://sitemonitor.in/\" | Result: ❌ NO MATCH","timestamp":"2026-07-11 13:21:10"}
{"level":"info","message":"   -> 🔍 Scan [link] | Target: \"contact\" (containing) | Operator: \"contains\" | Actual: [45 links] | Result: ✅ MATCH","timestamp":"2026-07-11 13:21:10"}
{"level":"info","message":"   -> 🔍 Scan [link-text] | Target: \"buy\" (containing) | Operator: \"contains\" | Actual: [45 links] | Result: ❌ NO MATCH","timestamp":"2026-07-11 13:21:10"}
{"level":"info","message":"   -> 🔍 Scan [link-text-length] | Target: \"50\" | Operator: \"Greater than\" | Actual: [45 links] | Result: ❌ NO MATCH","timestamp":"2026-07-11 13:21:10"}
{"level":"info","message":"   -> 🔍 Scan [file-size] | Target: \"5\" (MB) | Operator: \"Greater than\" | Actual: 765.45703125 | Result: ❌ NO MATCH","timestamp":"2026-07-11 13:21:10"}
{"level":"info","message":"   -> 🔍 Scan [image-size] | Target: \"100\" (KB) | Operator: \"Greater than\" | Actual: [13 images] | Result: ✅ MATCH","timestamp":"2026-07-11 13:21:10"}
{"level":"info","message":"   -> 🔍 Scan [image-text] | Target: \"logo\" (containing) | Operator: \"contains\" | Actual: [13 images] | Result: ✅ MATCH","timestamp":"2026-07-11 13:21:10"}
{"level":"info","message":"   -> 🔍 Scan [image-text-length] | Target: \"100\" | Operator: \"Greater than\" | Actual: [13 images] | Result: ❌ NO MATCH","timestamp":"2026-07-11 13:21:10"}
{"level":"info","message":"   -> 🔍 Scan [external-link-count] | Target: \"10\" | Operator: \"Greater than\" | Actual: 2 | Result: ❌ NO MATCH","timestamp":"2026-07-11 13:21:10"}
{"level":"info","message":"   -> 🔍 Scan [incoming-link-count] | Target: \"5\" | Operator: \"Greater than\" | Actual: 23 | Result: ✅ MATCH","timestamp":"2026-07-11 13:21:10"}
{"level":"info","message":"   -> 🔍 Scan [heading-text] | Target: \"price\" (containing) | Operator: \"contains\" | Actual: [24 headings] | Result: ❌ NO MATCH","timestamp":"2026-07-11 13:21:10"}
{"level":"info","message":"   -> 🔍 Scan [header-text-length] | Target: \"80\" | Operator: \"Greater than\" | Actual: [24 headings] | Result: ❌ NO MATCH","timestamp":"2026-07-11 13:21:10"}
{"level":"info","message":"   -> 🔍 Scan [readability-level] | Target: \"12\" | Operator: \"Greater than\" | Actual: 15.131661111111114 | Result: ✅ MATCH","timestamp":"2026-07-11 13:21:10"}
{"level":"info","message":"   -> 🔍 Scan [meta-header] | Target: \"keyword\" (containing) | Operator: \"contains\" | Actual: [Content length: 18693] | Result: ❌ NO MATCH","timestamp":"2026-07-11 13:21:10"}
{"level":"info","message":"   -> 🔍 Scan [meta-header-length] | Target: \"160\" | Operator: \"Greater than\" | Actual: 159 | Result: ❌ NO MATCH","timestamp":"2026-07-11 13:21:10"}
{"level":"info","message":"   -> 🔍 Scan [page-html] | Target: \"<script>\" (containing) | Operator: \"contains\" | Actual: [Content length: 18693] | Result: ❌ NO MATCH","timestamp":"2026-07-11 13:21:10"}
{"level":"info","message":"   -> 🔍 Scan [text] | Target: \"jewellery\" (containing) | Operator: \"contains\" | Actual: [Content length: 6831] | Result: ❌ NO MATCH","timestamp":"2026-07-11 13:21:10"}
{"level":"info","message":"   -> 🔍 Scan [page-title] | Target: \"jewellery\" (containing) | Operator: \"contains\" | Actual: \"Comprehensive Website Monitori\" | Result: ❌ NO MATCH","timestamp":"2026-07-11 13:21:10"}
{"level":"info","message":"   -> 🔍 Scan [page-title-length] | Target: \"60\" | Operator: \"Greater than\" | Actual: 56 | Result: ❌ NO MATCH","timestamp":"2026-07-11 13:21:10"}
{"level":"info","message":"   -> 🔍 Scan [page-url] | Target: \"shop\" (containing) | Operator: \"contains\" | Actual: \"https://sitemonitor.in/features\" | Result: ❌ NO MATCH","timestamp":"2026-07-11 13:21:10"}
{"level":"info","message":"   -> 🔍 Scan [link] | Target: \"contact\" (containing) | Operator: \"contains\" | Actual: [40 links] | Result: ✅ MATCH","timestamp":"2026-07-11 13:21:10"}
{"level":"info","message":"   -> 🔍 Scan [link-text] | Target: \"buy\" (containing) | Operator: \"contains\" | Actual: [40 links] | Result: ❌ NO MATCH","timestamp":"2026-07-11 13:21:10"}
{"level":"info","message":"   -> 🔍 Scan [link-text-length] | Target: \"50\" | Operator: \"Greater than\" | Actual: [40 links] | Result: ❌ NO MATCH","timestamp":"2026-07-11 13:21:10"}
{"level":"info","message":"   -> 🔍 Scan [file-size] | Target: \"5\" (MB) | Operator: \"Greater than\" | Actual: 403.1123046875 | Result: ❌ NO MATCH","timestamp":"2026-07-11 13:21:10"}
{"level":"info","message":"   -> 🔍 Scan [image-size] | Target: \"100\" (KB) | Operator: \"Greater than\" | Actual: [3 images] | Result: ❌ NO MATCH","timestamp":"2026-07-11 13:21:10"}
{"level":"info","message":"   -> 🔍 Scan [image-text] | Target: \"logo\" (containing) | Operator: \"contains\" | Actual: [3 images] | Result: ✅ MATCH","timestamp":"2026-07-11 13:21:10"}
{"level":"info","message":"   -> 🔍 Scan [image-text-length] | Target: \"100\" | Operator: \"Greater than\" | Actual: [3 images] | Result: ❌ NO MATCH","timestamp":"2026-07-11 13:21:10"}
{"level":"info","message":"   -> 🔍 Scan [external-link-count] | Target: \"10\" | Operator: \"Greater than\" | Actual: 0 | Result: ❌ NO MATCH","timestamp":"2026-07-11 13:21:10"}
{"level":"info","message":"   -> 🔍 Scan [incoming-link-count] | Target: \"5\" | Operator: \"Greater than\" | Actual: 23 | Result: ✅ MATCH","timestamp":"2026-07-11 13:21:10"}
{"level":"info","message":"   -> 🔍 Scan [heading-text] | Target: \"price\" (containing) | Operator: \"contains\" | Actual: [16 headings] | Result: ❌ NO MATCH","timestamp":"2026-07-11 13:21:10"}
{"level":"info","message":"   -> 🔍 Scan [header-text-length] | Target: \"80\" | Operator: \"Greater than\" | Actual: [16 headings] | Result: ❌ NO MATCH","timestamp":"2026-07-11 13:21:10"}
{"level":"info","message":"   -> 🔍 Scan [readability-level] | Target: \"12\" | Operator: \"Greater than\" | Actual: 15.44612062546538 | Result: ✅ MATCH","timestamp":"2026-07-11 13:21:10"}
{"level":"info","message":"   -> 🔍 Scan [meta-header] | Target: \"keyword\" (containing) | Operator: \"contains\" | Actual: [Content length: 6831] | Result: ❌ NO MATCH","timestamp":"2026-07-11 13:21:10"}
{"level":"info","message":"   -> 🔍 Scan [meta-header-length] | Target: \"160\" | Operator: \"Greater than\" | Actual: 156 | Result: ❌ NO MATCH","timestamp":"2026-07-11 13:21:10"}
{"level":"info","message":"   -> 🔍 Scan [page-html] | Target: \"<script>\" (containing) | Operator: \"contains\" | Actual: [Content length: 6831] | Result: ❌ NO MATCH","timestamp":"2026-07-11 13:21:10"}
{"level":"info","message":"✅ [https://sitemonitor.in] Saved 2 pages to database tenant_sbi.","timestamp":"2026-07-11 13:21:10"}
{"level":"info","message":"📊 [https://sitemonitor.in] Domain summary created in tenant_sbi. Final Score: 32","timestamp":"2026-07-11 13:21:10"}
{"level":"info","message":"📋 [sitemonitor.in] Compiling detailed audit data snapshot for jobId: 4-1783756192224...","timestamp":"2026-07-11 13:21:10"}
{"level":"info","message":"💾 [sitemonitor.in] Saved complete Audit details & summary snap to DB for jobId: 4-1783756192224","timestamp":"2026-07-11 13:21:10"}
{"level":"info","message":"📋 [sitemonitor.in] QA scan saved: 2 pages, jobId 4-1783756192224","timestamp":"2026-07-11 13:21:11"}
{"level":"info","message":"♿ [sitemonitor.in] Starting Accessibility scan for 2 pages...","timestamp":"2026-07-11 13:21:11"}
{"level":"info","message":"🚀 [PageSpeed API] Fetching metrics for https://omunim.com/jewellery-software...","timestamp":"2026-07-11 13:21:11"}
{"level":"info","message":"♿ [sitemonitor.in] Axe-core scanned 2/2","timestamp":"2026-07-11 13:21:17"}
{"level":"info","message":"✅ [sitemonitor.in] Accessibility scan saved: 2 pages, jobId 4-1783756192224","timestamp":"2026-07-11 13:21:18"}
{"level":"info","message":"📦 [https://sitemonitor.in] Enqueued Inventory scan for scanId: 6a51f5f633bbcd0fe4eebbbb","timestamp":"2026-07-11 13:21:18"}
{"level":"info","message":"Job 4 (https://sitemonitor.in) completed successfully.","timestamp":"2026-07-11 13:21:18"}
{"level":"info","message":"[Job 5] 📋 Starting inventory scan for: https://sitemonitor.in","timestamp":"2026-07-11 13:21:18"}
{"level":"info","message":"[Inventory Scan] Starting background scan for scanId: 6a51f5f633bbcd0fe4eebbbb, domain: https://sitemonitor.in","timestamp":"2026-07-11 13:21:18"}
{"level":"info","message":"[Inventory Scan] Loaded 3 disallow rules from robots.txt","timestamp":"2026-07-11 13:21:19"}
{"level":"info","message":"[Inventory Scan] Scanning batch of size 1. Visited total: 1","timestamp":"2026-07-11 13:21:19"}
{"level":"info","message":"[Inventory Scan Progress] 📈 Scanned Page: https://sitemonitor.in/ | Progress: 99%","timestamp":"2026-07-11 13:21:20"}
{"level":"info","message":"   └── 📦 Assets Discovered -> Pages: 1 | Images: 8 | CSS: 7 | JS: 9 | Docs: 0 | Emails: 0 | Headlinks: 9","timestamp":"2026-07-11 13:21:20"}
{"level":"info","message":"[Inventory Scan] Scanning batch of size 5. Visited total: 6","timestamp":"2026-07-11 13:21:20"}
{"level":"info","message":"[Inventory Scan Progress] 📈 Scanned Page: https://sitemonitor.in/how-it-works | Progress: 99%","timestamp":"2026-07-11 13:21:20"}
{"level":"info","message":"   └── 📦 Assets Discovered -> Pages: 6 | Images: 20 | CSS: 42 | JS: 54 | Docs: 0 | Emails: 0 | Headlinks: 54","timestamp":"2026-07-11 13:21:20"}
{"level":"info","message":"[Inventory Scan Progress] 📈 Scanned Page: https://sitemonitor.in/pricing | Progress: 99%","timestamp":"2026-07-11 13:21:20"}
{"level":"info","message":"   └── 📦 Assets Discovered -> Pages: 6 | Images: 20 | CSS: 42 | JS: 54 | Docs: 0 | Emails: 0 | Headlinks: 54","timestamp":"2026-07-11 13:21:20"}
{"level":"info","message":"[Inventory Scan Progress] 📈 Scanned Page: https://sitemonitor.in/features | Progress: 99%","timestamp":"2026-07-11 13:21:20"}
{"level":"info","message":"   └── 📦 Assets Discovered -> Pages: 6 | Images: 20 | CSS: 42 | JS: 54 | Docs: 0 | Emails: 0 | Headlinks: 54","timestamp":"2026-07-11 13:21:20"}
{"level":"info","message":"[Inventory Scan Progress] 📈 Scanned Page: https://sitemonitor.in/blog | Progress: 99%","timestamp":"2026-07-11 13:21:20"}
{"level":"info","message":"   └── 📦 Assets Discovered -> Pages: 6 | Images: 20 | CSS: 42 | JS: 54 | Docs: 0 | Emails: 0 | Headlinks: 54","timestamp":"2026-07-11 13:21:20"}
{"level":"info","message":"[Inventory Scan Progress] 📈 Scanned Page: https://sitemonitor.in/about | Progress: 99%","timestamp":"2026-07-11 13:21:20"}
{"level":"info","message":"   └── 📦 Assets Discovered -> Pages: 6 | Images: 20 | CSS: 42 | JS: 54 | Docs: 0 | Emails: 0 | Headlinks: 54","timestamp":"2026-07-11 13:21:20"}
{"level":"info","message":"[Inventory Scan] Scanning batch of size 5. Visited total: 11","timestamp":"2026-07-11 13:21:20"}
{"level":"info","message":"[Inventory Scan Progress] 📈 Scanned Page: https://sitemonitor.in/customers | Progress: 99%","timestamp":"2026-07-11 13:21:21"}
{"level":"info","message":"   └── 📦 Assets Discovered -> Pages: 11 | Images: 30 | CSS: 66 | JS: 99 | Docs: 0 | Emails: 3 | Headlinks: 86","timestamp":"2026-07-11 13:21:21"}
{"level":"info","message":"[Inventory Scan Progress] 📈 Scanned Page: https://sitemonitor.in/changelog | Progress: 99%","timestamp":"2026-07-11 13:21:21"}
{"level":"info","message":"   └── 📦 Assets Discovered -> Pages: 11 | Images: 30 | CSS: 66 | JS: 99 | Docs: 0 | Emails: 3 | Headlinks: 86","timestamp":"2026-07-11 13:21:21"}
{"level":"info","message":"[Inventory Scan Progress] 📈 Scanned Page: https://sitemonitor.in/status | Progress: 99%","timestamp":"2026-07-11 13:21:21"}
{"level":"info","message":"   └── 📦 Assets Discovered -> Pages: 11 | Images: 30 | CSS: 66 | JS: 99 | Docs: 0 | Emails: 3 | Headlinks: 86","timestamp":"2026-07-11 13:21:21"}
{"level":"info","message":"[Inventory Scan Progress] 📈 Scanned Page: https://sitemonitor.in/contact | Progress: 99%","timestamp":"2026-07-11 13:21:21"}
{"level":"info","message":"   └── 📦 Assets Discovered -> Pages: 11 | Images: 30 | CSS: 66 | JS: 99 | Docs: 0 | Emails: 3 | Headlinks: 86","timestamp":"2026-07-11 13:21:21"}
{"level":"info","message":"[Inventory Scan Progress] 📈 Scanned Page: https://sitemonitor.in/roadmap | Progress: 99%","timestamp":"2026-07-11 13:21:21"}
{"level":"info","message":"   └── 📦 Assets Discovered -> Pages: 11 | Images: 30 | CSS: 66 | JS: 99 | Docs: 0 | Emails: 3 | Headlinks: 86","timestamp":"2026-07-11 13:21:21"}
{"level":"info","message":"[Inventory Scan] Scanning batch of size 5. Visited total: 16","timestamp":"2026-07-11 13:21:21"}
{"level":"info","message":"[Inventory Scan Progress] 📈 Scanned Page: https://sitemonitor.in/careers | Progress: 99%","timestamp":"2026-07-11 13:21:22"}
{"level":"info","message":"   └── 📦 Assets Discovered -> Pages: 16 | Images: 40 | CSS: 88 | JS: 144 | Docs: 4 | Emails: 3 | Headlinks: 111","timestamp":"2026-07-11 13:21:22"}
{"level":"info","message":"[Inventory Scan Progress] 📈 Scanned Page: https://sitemonitor.in/guides | Progress: 99%","timestamp":"2026-07-11 13:21:22"}
{"level":"info","message":"   └── 📦 Assets Discovered -> Pages: 16 | Images: 40 | CSS: 88 | JS: 144 | Docs: 4 | Emails: 4 | Headlinks: 111","timestamp":"2026-07-11 13:21:22"}
{"level":"info","message":"[Inventory Scan Progress] 📈 Scanned Page: https://sitemonitor.in/api-reference | Progress: 99%","timestamp":"2026-07-11 13:21:22"}
{"level":"info","message":"   └── 📦 Assets Discovered -> Pages: 16 | Images: 40 | CSS: 88 | JS: 144 | Docs: 4 | Emails: 4 | Headlinks: 111","timestamp":"2026-07-11 13:21:22"}
{"level":"info","message":"[Inventory Scan Progress] 📈 Scanned Page: https://sitemonitor.in/documentation | Progress: 99%","timestamp":"2026-07-11 13:21:22"}
{"level":"info","message":"   └── 📦 Assets Discovered -> Pages: 16 | Images: 40 | CSS: 88 | JS: 144 | Docs: 4 | Emails: 4 | Headlinks: 117","timestamp":"2026-07-11 13:21:22"}
{"level":"info","message":"[Inventory Scan Progress] 📈 Scanned Page: https://sitemonitor.in/press-kit | Progress: 99%","timestamp":"2026-07-11 13:21:22"}
{"level":"info","message":"   └── 📦 Assets Discovered -> Pages: 16 | Images: 40 | CSS: 88 | JS: 144 | Docs: 4 | Emails: 4 | Headlinks: 117","timestamp":"2026-07-11 13:21:22"}
{"level":"info","message":"[Inventory Scan] Scanning batch of size 5. Visited total: 21","timestamp":"2026-07-11 13:21:22"}
{"level":"info","message":"[Inventory Scan Progress] 📈 Scanned Page: https://sitemonitor.in/security | Progress: 99%","timestamp":"2026-07-11 13:21:22"}
{"level":"info","message":"   └── 📦 Assets Discovered -> Pages: 21 | Images: 50 | CSS: 108 | JS: 189 | Docs: 4 | Emails: 10 | Headlinks: 147","timestamp":"2026-07-11 13:21:22"}
{"level":"info","message":"[Inventory Scan Progress] 📈 Scanned Page: https://sitemonitor.in/privacy | Progress: 99%","timestamp":"2026-07-11 13:21:22"}
{"level":"info","message":"   └── 📦 Assets Discovered -> Pages: 21 | Images: 50 | CSS: 108 | JS: 189 | Docs: 4 | Emails: 10 | Headlinks: 147","timestamp":"2026-07-11 13:21:22"}
{"level":"info","message":"[Inventory Scan Progress] 📈 Scanned Page: https://sitemonitor.in/community | Progress: 99%","timestamp":"2026-07-11 13:21:22"}
{"level":"info","message":"   └── 📦 Assets Discovered -> Pages: 21 | Images: 50 | CSS: 108 | JS: 189 | Docs: 4 | Emails: 10 | Headlinks: 147","timestamp":"2026-07-11 13:21:22"}
{"level":"info","message":"[Inventory Scan Progress] 📈 Scanned Page: https://sitemonitor.in/terms | Progress: 99%","timestamp":"2026-07-11 13:21:22"}
{"level":"info","message":"   └── 📦 Assets Discovered -> Pages: 21 | Images: 50 | CSS: 108 | JS: 189 | Docs: 4 | Emails: 10 | Headlinks: 147","timestamp":"2026-07-11 13:21:22"}
{"level":"info","message":"[Inventory Scan Progress] 📈 Scanned Page: https://sitemonitor.in/gdpr | Progress: 99%","timestamp":"2026-07-11 13:21:22"}
{"level":"info","message":"   └── 📦 Assets Discovered -> Pages: 21 | Images: 50 | CSS: 108 | JS: 189 | Docs: 4 | Emails: 10 | Headlinks: 147","timestamp":"2026-07-11 13:21:22"}
{"level":"info","message":"[Inventory Scan] Scanning batch of size 5. Visited total: 26","timestamp":"2026-07-11 13:21:22"}
{"level":"info","message":"[Inventory Scan Progress] 📈 Scanned Page: https://sitemonitor.in/cookies | Progress: 99%","timestamp":"2026-07-11 13:21:23"}
{"level":"info","message":"   └── 📦 Assets Discovered -> Pages: 26 | Images: 60 | CSS: 132 | JS: 207 | Docs: 4 | Emails: 12 | Headlinks: 161","timestamp":"2026-07-11 13:21:23"}
{"level":"info","message":"[Inventory Scan Progress] 📈 Scanned Page: https://sitemonitor.in/categories.php | Progress: 99%","timestamp":"2026-07-11 13:21:23"}
{"level":"info","message":"   └── 📦 Assets Discovered -> Pages: 26 | Images: 60 | CSS: 139 | JS: 234 | Docs: 4 | Emails: 12 | Headlinks: 169","timestamp":"2026-07-11 13:21:23"}
{"level":"info","message":"[Inventory Scan Progress] 📈 Scanned Page: https://sitemonitor.in/blog-details.php?category=product&post=site-monitor-web-governance-adds-japanese-and-french | Progress: 99%","timestamp":"2026-07-11 13:21:23"}
{"level":"info","message":"   └── 📦 Assets Discovered -> Pages: 26 | Images: 60 | CSS: 139 | JS: 234 | Docs: 4 | Emails: 12 | Headlinks: 185","timestamp":"2026-07-11 13:21:23"}
{"level":"info","message":"[Inventory Scan Progress] 📈 Scanned Page: https://sitemonitor.in/blog-details.php?category=performance&post=website-accessibility-testing-offering-the-best-user | Progress: 99%","timestamp":"2026-07-11 13:21:23"}
{"level":"info","message":"   └── 📦 Assets Discovered -> Pages: 26 | Images: 60 | CSS: 139 | JS: 234 | Docs: 4 | Emails: 12 | Headlinks: 185","timestamp":"2026-07-11 13:21:23"}
{"level":"info","message":"[Inventory Scan Progress] 📈 Scanned Page: https://sitemonitor.in/blog-details.php?category=performance&post=accessibility-is-the-key-to-digital-trust-and-brand-loyalty-2 | Progress: 99%","timestamp":"2026-07-11 13:21:23"}
{"level":"info","message":"   └── 📦 Assets Discovered -> Pages: 26 | Images: 60 | CSS: 139 | JS: 234 | Docs: 4 | Emails: 12 | Headlinks: 185","timestamp":"2026-07-11 13:21:23"}
{"level":"info","message":"[Inventory Scan] Scanning batch of size 5. Visited total: 31","timestamp":"2026-07-11 13:21:23"}
{"level":"info","message":"[Inventory Scan Progress] 📈 Scanned Page: https://sitemonitor.in/?section=contact-form | Progress: 99%","timestamp":"2026-07-11 13:21:24"}
{"level":"info","message":"   └── 📦 Assets Discovered -> Pages: 31 | Images: 76 | CSS: 167 | JS: 261 | Docs: 4 | Emails: 12 | Headlinks: 202","timestamp":"2026-07-11 13:21:24"}
{"level":"info","message":"[Inventory Scan Progress] 📈 Scanned Page: https://sitemonitor.in/blog-details.php?category=ai&post=the-future-of-ai-powered-website-performance-optimization | Progress: 99%","timestamp":"2026-07-11 13:21:24"}
{"level":"info","message":"   └── 📦 Assets Discovered -> Pages: 31 | Images: 76 | CSS: 174 | JS: 279 | Docs: 4 | Emails: 12 | Headlinks: 218","timestamp":"2026-07-11 13:21:24"}
{"level":"info","message":"[Inventory Scan Progress] 📈 Scanned Page: https://sitemonitor.in/blog-details.php?category=performance&post=how-technical-seo-monitoring-improves-search-rankings | Progress: 99%","timestamp":"2026-07-11 13:21:24"}
{"level":"info","message":"   └── 📦 Assets Discovered -> Pages: 31 | Images: 76 | CSS: 174 | JS: 279 | Docs: 4 | Emails: 12 | Headlinks: 226","timestamp":"2026-07-11 13:21:24"}
{"level":"info","message":"[Inventory Scan Progress] 📈 Scanned Page: https://sitemonitor.in/blog-details.php?category=ai&post=digital-optimization-innovation-for-an-ai-disrupted-world | Progress: 99%","timestamp":"2026-07-11 13:21:24"}
{"level":"info","message":"   └── 📦 Assets Discovered -> Pages: 31 | Images: 76 | CSS: 174 | JS: 279 | Docs: 4 | Emails: 12 | Headlinks: 226","timestamp":"2026-07-11 13:21:24"}
{"level":"info","message":"[Inventory Scan Progress] 📈 Scanned Page: https://sitemonitor.in/blog-details.php?category=performance&post=why-website-monitoring-is-essential-for-modern-businesses | Progress: 99%","timestamp":"2026-07-11 13:21:24"}
{"level":"info","message":"   └── 📦 Assets Discovered -> Pages: 31 | Images: 76 | CSS: 174 | JS: 279 | Docs: 4 | Emails: 12 | Headlinks: 226","timestamp":"2026-07-11 13:21:24"}
{"level":"info","message":"[Inventory Scan] Scanning batch of size 5. Visited total: 36","timestamp":"2026-07-11 13:21:24"}
{"level":"info","message":"[Inventory Scan Progress] 📈 Scanned Page: https://sitemonitor.in/blog.php?category=performance | Progress: 99%","timestamp":"2026-07-11 13:21:25"}
{"level":"info","message":"   └── 📦 Assets Discovered -> Pages: 36 | Images: 84 | CSS: 202 | JS: 306 | Docs: 4 | Emails: 12 | Headlinks: 253","timestamp":"2026-07-11 13:21:25"}
{"level":"info","message":"[Inventory Scan Progress] 📈 Scanned Page: https://sitemonitor.in/blog.php?category=product | Progress: 99%","timestamp":"2026-07-11 13:21:25"}
{"level":"info","message":"   └── 📦 Assets Discovered -> Pages: 36 | Images: 84 | CSS: 202 | JS: 315 | Docs: 4 | Emails: 12 | Headlinks: 262","timestamp":"2026-07-11 13:21:25"}
{"level":"info","message":"[Inventory Scan Progress] 📈 Scanned Page: https://sitemonitor.in/blog.php?category=ai | Progress: 99%","timestamp":"2026-07-11 13:21:25"}
{"level":"info","message":"   └── 📦 Assets Discovered -> Pages: 36 | Images: 84 | CSS: 202 | JS: 315 | Docs: 4 | Emails: 12 | Headlinks: 262","timestamp":"2026-07-11 13:21:25"}
{"level":"info","message":"[Inventory Scan Progress] 📈 Scanned Page: https://sitemonitor.in/blog.php?category=engineering | Progress: 99%","timestamp":"2026-07-11 13:21:25"}
{"level":"info","message":"   └── 📦 Assets Discovered -> Pages: 36 | Images: 84 | CSS: 202 | JS: 315 | Docs: 4 | Emails: 12 | Headlinks: 262","timestamp":"2026-07-11 13:21:25"}
{"level":"info","message":"[Inventory Scan Progress] 📈 Scanned Page: https://www.sitemonitor.in/ | Progress: 99%","timestamp":"2026-07-11 13:21:25"}
{"level":"info","message":"   └── 📦 Assets Discovered -> Pages: 36 | Images: 92 | CSS: 209 | JS: 324 | Docs: 4 | Emails: 12 | Headlinks: 271","timestamp":"2026-07-11 13:21:25"}
{"level":"info","message":"[Inventory Scan] Scanning batch of size 5. Visited total: 41","timestamp":"2026-07-11 13:21:25"}
{"level":"info","message":"[Inventory Scan Progress] 📈 Scanned Page: https://sitemonitor.in/blog-details.php?category=performance&post=digital-accessibility-explained-features-tools-and-benefits | Progress: 99%","timestamp":"2026-07-11 13:21:26"}
{"level":"info","message":"   └── 📦 Assets Discovered -> Pages: 41 | Images: 102 | CSS: 244 | JS: 369 | Docs: 4 | Emails: 12 | Headlinks: 297","timestamp":"2026-07-11 13:21:26"}
{"level":"info","message":"[Inventory Scan Progress] 📈 Scanned Page: https://sitemonitor.in/blog.php?category=agency | Progress: 99%","timestamp":"2026-07-11 13:21:26"}
{"level":"info","message":"   └── 📦 Assets Discovered -> Pages: 41 | Images: 102 | CSS: 244 | JS: 369 | Docs: 4 | Emails: 12 | Headlinks: 313","timestamp":"2026-07-11 13:21:26"}
{"level":"info","message":"[Inventory Scan Progress] 📈 Scanned Page: https://sitemonitor.in/blog-details.php?category=performance&post=accessibility-is-the-key-to-digital-trust-and-brand-loyalty | Progress: 99%","timestamp":"2026-07-11 13:21:26"}
{"level":"info","message":"   └── 📦 Assets Discovered -> Pages: 41 | Images: 102 | CSS: 244 | JS: 369 | Docs: 4 | Emails: 12 | Headlinks: 313","timestamp":"2026-07-11 13:21:26"}
{"level":"info","message":"[Inventory Scan Progress] 📈 Scanned Page: https://sitemonitor.in/blog-details.php?category=product&post=making-sense-of-the-european-accessibility-act-en-301-549 | Progress: 99%","timestamp":"2026-07-11 13:21:26"}
{"level":"info","message":"   └── 📦 Assets Discovered -> Pages: 41 | Images: 102 | CSS: 244 | JS: 369 | Docs: 4 | Emails: 12 | Headlinks: 313","timestamp":"2026-07-11 13:21:26"}
{"level":"info","message":"[Inventory Scan Progress] 📈 Scanned Page: https://sitemonitor.in/blog.php?category=security | Progress: 99%","timestamp":"2026-07-11 13:21:26"}
{"level":"info","message":"   └── 📦 Assets Discovered -> Pages: 41 | Images: 102 | CSS: 244 | JS: 369 | Docs: 4 | Emails: 12 | Headlinks: 313","timestamp":"2026-07-11 13:21:26"}
{"level":"info","message":"[Inventory Scan] Scanning batch of size 5. Visited total: 46","timestamp":"2026-07-11 13:21:26"}
{"level":"info","message":"✅ [PageSpeed API] Score for https://jewellmaster.com/demo: 84","timestamp":"2026-07-11 13:21:27"}
{"level":"info","message":"📊 [Lighthouse] Results for https://jewellmaster.com/demo: Performance: 84, SEO: 92, Accessibility: 73","timestamp":"2026-07-11 13:21:27"}
{"level":"info","message":"[Inventory Scan Progress] 📈 Scanned Page: https://sitemonitor.in/blog-details.php?category=product&post=important-web-accessibility-statistics-every-digital-team | Progress: 99%","timestamp":"2026-07-11 13:21:27"}
{"level":"info","message":"   └── 📦 Assets Discovered -> Pages: 46 | Images: 112 | CSS: 279 | JS: 405 | Docs: 4 | Emails: 12 | Headlinks: 345","timestamp":"2026-07-11 13:21:27"}
{"level":"info","message":"[Inventory Scan Progress] 📈 Scanned Page: https://sitemonitor.in/blog-details.php?category=product&post=multi-language-website-monitoring-why-global-reach-demands | Progress: 99%","timestamp":"2026-07-11 13:21:27"}
{"level":"info","message":"   └── 📦 Assets Discovered -> Pages: 46 | Images: 112 | CSS: 279 | JS: 405 | Docs: 4 | Emails: 12 | Headlinks: 345","timestamp":"2026-07-11 13:21:27"}
{"level":"info","message":"[Inventory Scan Progress] 📈 Scanned Page: https://sitemonitor.in/blog-details.php?category=product&post=readability-how-to-write-content-that-everyone-can-read | Progress: 99%","timestamp":"2026-07-11 13:21:27"}
{"level":"info","message":"   └── 📦 Assets Discovered -> Pages: 46 | Images: 112 | CSS: 279 | JS: 414 | Docs: 4 | Emails: 12 | Headlinks: 353","timestamp":"2026-07-11 13:21:27"}
{"level":"info","message":"[Inventory Scan Progress] 📈 Scanned Page: https://sitemonitor.in/blog-details.php?category=engineering&post=ada-title-ii-and-web-accessibility-what-the-dojs-final-rule | Progress: 99%","timestamp":"2026-07-11 13:21:27"}
{"level":"info","message":"   └── 📦 Assets Discovered -> Pages: 46 | Images: 112 | CSS: 279 | JS: 414 | Docs: 4 | Emails: 12 | Headlinks: 353","timestamp":"2026-07-11 13:21:27"}
{"level":"info","message":"🔍 [Domain: jewellmaster.com] [Page 3/10] Found 2 internal links on https://jewellmaster.com/demo","timestamp":"2026-07-11 13:21:27"}
{"level":"info","message":"🔍 [Crawl] Queue: 8 | Visited: 4 | Scanning: https://jewellmaster.com/features/jewelry-inventory-management","timestamp":"2026-07-11 13:21:27"}
{"level":"info","message":"🔍 [Domain: jewellmaster.com] [Page 4/10] Scanning: https://jewellmaster.com/features/jewelry-inventory-management","timestamp":"2026-07-11 13:21:27"}
{"level":"info","message":"[Inventory Scan Progress] 📈 Scanned Page: https://sitemonitor.in/blog-details.php?category=product&post=web-governance-and-how-to-use-it-for-effective-website | Progress: 99%","timestamp":"2026-07-11 13:21:27"}
{"level":"info","message":"   └── 📦 Assets Discovered -> Pages: 46 | Images: 112 | CSS: 279 | JS: 414 | Docs: 4 | Emails: 12 | Headlinks: 353","timestamp":"2026-07-11 13:21:27"}
{"level":"info","message":"[Inventory Scan] Scanning batch of size 5. Visited total: 51","timestamp":"2026-07-11 13:21:27"}
{"level":"info","message":"[Inventory Scan Progress] 📈 Scanned Page: https://sitemonitor.in/blog-details.php?category=engineering&post=website-accessibility-testing-how-to-deliver-the-best-user | Progress: 99%","timestamp":"2026-07-11 13:21:27"}
{"level":"info","message":"   └── 📦 Assets Discovered -> Pages: 51 | Images: 122 | CSS: 314 | JS: 459 | Docs: 4 | Emails: 12 | Headlinks: 385","timestamp":"2026-07-11 13:21:27"}
{"level":"info","message":"[Inventory Scan Progress] 📈 Scanned Page: https://sitemonitor.in/blog-details.php?category=engineering&post=15-practical-ways-to-improve-web-accessibility-and-user | Progress: 99%","timestamp":"2026-07-11 13:21:27"}
{"level":"info","message":"   └── 📦 Assets Discovered -> Pages: 51 | Images: 122 | CSS: 314 | JS: 459 | Docs: 4 | Emails: 12 | Headlinks: 393","timestamp":"2026-07-11 13:21:27"}
{"level":"info","message":"[Inventory Scan Progress] 📈 Scanned Page: https://sitemonitor.in/blog-details.php?category=engineering&post=how-to-build-a-web-accessibility-strategy-that-actually | Progress: 99%","timestamp":"2026-07-11 13:21:27"}
{"level":"info","message":"   └── 📦 Assets Discovered -> Pages: 51 | Images: 122 | CSS: 314 | JS: 459 | Docs: 4 | Emails: 12 | Headlinks: 393","timestamp":"2026-07-11 13:21:27"}
{"level":"info","message":"[Inventory Scan Progress] 📈 Scanned Page: https://sitemonitor.in/blog-details.php?category=ai&post=digital-optimization-and-innovation-in-an-ai-disrupted-world | Progress: 99%","timestamp":"2026-07-11 13:21:27"}
{"level":"info","message":"   └── 📦 Assets Discovered -> Pages: 51 | Images: 122 | CSS: 314 | JS: 459 | Docs: 4 | Emails: 12 | Headlinks: 393","timestamp":"2026-07-11 13:21:27"}
{"level":"info","message":"[Inventory Scan Progress] 📈 Scanned Page: https://sitemonitor.in/blog-details.php?category=engineering&post=7-tech-tools-that-help-people-with-disabilities-access-the | Progress: 99%","timestamp":"2026-07-11 13:21:28"}
{"level":"info","message":"   └── 📦 Assets Discovered -> Pages: 51 | Images: 122 | CSS: 314 | JS: 459 | Docs: 4 | Emails: 12 | Headlinks: 393","timestamp":"2026-07-11 13:21:28"}
{"level":"info","message":"[Inventory Scan] Scanning batch of size 5. Visited total: 56","timestamp":"2026-07-11 13:21:28"}
{"level":"info","message":"[Inventory Scan Progress] 📈 Scanned Page: https://www.sitemonitor.in/pricing | Progress: 99%","timestamp":"2026-07-11 13:21:28"}
{"level":"info","message":"   └── 📦 Assets Discovered -> Pages: 56 | Images: 134 | CSS: 349 | JS: 504 | Docs: 4 | Emails: 12 | Headlinks: 429","timestamp":"2026-07-11 13:21:28"}
{"level":"info","message":"[Inventory Scan Progress] 📈 Scanned Page: https://www.sitemonitor.in/features | Progress: 99%","timestamp":"2026-07-11 13:21:28"}
{"level":"info","message":"   └── 📦 Assets Discovered -> Pages: 56 | Images: 134 | CSS: 349 | JS: 504 | Docs: 4 | Emails: 12 | Headlinks: 429","timestamp":"2026-07-11 13:21:28"}
{"level":"info","message":"[Inventory Scan Progress] 📈 Scanned Page: https://www.sitemonitor.in/how-it-works | Progress: 99%","timestamp":"2026-07-11 13:21:28"}
{"level":"info","message":"   └── 📦 Assets Discovered -> Pages: 56 | Images: 134 | CSS: 349 | JS: 504 | Docs: 4 | Emails: 12 | Headlinks: 429","timestamp":"2026-07-11 13:21:28"}
{"level":"info","message":"[Inventory Scan Progress] 📈 Scanned Page: https://www.sitemonitor.in/blog | Progress: 99%","timestamp":"2026-07-11 13:21:28"}
{"level":"info","message":"   └── 📦 Assets Discovered -> Pages: 56 | Images: 134 | CSS: 349 | JS: 504 | Docs: 4 | Emails: 12 | Headlinks: 429","timestamp":"2026-07-11 13:21:28"}
{"level":"info","message":"[Inventory Scan Progress] 📈 Scanned Page: https://sitemonitor.in/blog-details.php?category=ai&post=european-accessibility-act-and-en-301-549-complete | Progress: 99%","timestamp":"2026-07-11 13:21:28"}
{"level":"info","message":"   └── 📦 Assets Discovered -> Pages: 56 | Images: 134 | CSS: 349 | JS: 504 | Docs: 4 | Emails: 12 | Headlinks: 437","timestamp":"2026-07-11 13:21:28"}
{"level":"info","message":"[Inventory Scan] Scanning batch of size 5. Visited total: 61","timestamp":"2026-07-11 13:21:28"}
{"level":"info","message":"[Inventory Scan Progress] 📈 Scanned Page: https://www.sitemonitor.in/about | Progress: 99%","timestamp":"2026-07-11 13:21:29"}
{"level":"info","message":"   └── 📦 Assets Discovered -> Pages: 61 | Images: 144 | CSS: 376 | JS: 549 | Docs: 4 | Emails: 15 | Headlinks: 473","timestamp":"2026-07-11 13:21:29"}
{"level":"info","message":"[Inventory Scan Progress] 📈 Scanned Page: https://www.sitemonitor.in/changelog | Progress: 99%","timestamp":"2026-07-11 13:21:29"}
{"level":"info","message":"   └── 📦 Assets Discovered -> Pages: 61 | Images: 144 | CSS: 376 | JS: 549 | Docs: 4 | Emails: 15 | Headlinks: 473","timestamp":"2026-07-11 13:21:29"}
{"level":"info","message":"[Inventory Scan Progress] 📈 Scanned Page: https://www.sitemonitor.in/status | Progress: 99%","timestamp":"2026-07-11 13:21:29"}
{"level":"info","message":"   └── 📦 Assets Discovered -> Pages: 61 | Images: 144 | CSS: 376 | JS: 549 | Docs: 4 | Emails: 15 | Headlinks: 473","timestamp":"2026-07-11 13:21:29"}
{"level":"info","message":"[Inventory Scan Progress] 📈 Scanned Page: https://www.sitemonitor.in/roadmap | Progress: 99%","timestamp":"2026-07-11 13:21:29"}
{"level":"info","message":"   └── 📦 Assets Discovered -> Pages: 61 | Images: 144 | CSS: 376 | JS: 549 | Docs: 4 | Emails: 15 | Headlinks: 473","timestamp":"2026-07-11 13:21:29"}
{"level":"info","message":"[Inventory Scan Progress] 📈 Scanned Page: https://www.sitemonitor.in/contact | Progress: 99%","timestamp":"2026-07-11 13:21:29"}
{"level":"info","message":"   └── 📦 Assets Discovered -> Pages: 61 | Images: 144 | CSS: 376 | JS: 549 | Docs: 4 | Emails: 15 | Headlinks: 473","timestamp":"2026-07-11 13:21:29"}
{"level":"info","message":"[Inventory Scan] Scanning batch of size 5. Visited total: 66","timestamp":"2026-07-11 13:21:29"}
{"level":"info","message":"🔍 [Scraper] HTML length: 27352 | Body length: 15782 | Total <a> tags: 11","timestamp":"2026-07-11 13:21:31"}
{"level":"info","message":"🔗 [Link Extraction] Page: https://jewellmaster.com/features/jewelry-inventory-management | hostNorm: jewellmaster.com | Found 11 total links (11 internal)","timestamp":"2026-07-11 13:21:31"}
{"level":"info","message":"[Inventory Scan Progress] 📈 Scanned Page: https://www.sitemonitor.in/careers | Progress: 99%","timestamp":"2026-07-11 13:21:31"}
{"level":"info","message":"   └── 📦 Assets Discovered -> Pages: 66 | Images: 154 | CSS: 397 | JS: 594 | Docs: 8 | Emails: 16 | Headlinks: 496","timestamp":"2026-07-11 13:21:31"}
{"level":"info","message":"[Inventory Scan Progress] 📈 Scanned Page: https://www.sitemonitor.in/customers | Progress: 99%","timestamp":"2026-07-11 13:21:31"}
{"level":"info","message":"   └── 📦 Assets Discovered -> Pages: 66 | Images: 154 | CSS: 397 | JS: 594 | Docs: 8 | Emails: 16 | Headlinks: 496","timestamp":"2026-07-11 13:21:31"}
{"level":"info","message":"[Inventory Scan Progress] 📈 Scanned Page: https://www.sitemonitor.in/api-reference | Progress: 99%","timestamp":"2026-07-11 13:21:31"}
{"level":"info","message":"   └── 📦 Assets Discovered -> Pages: 66 | Images: 154 | CSS: 397 | JS: 594 | Docs: 8 | Emails: 16 | Headlinks: 496","timestamp":"2026-07-11 13:21:31"}
{"level":"info","message":"[Inventory Scan Progress] 📈 Scanned Page: https://www.sitemonitor.in/documentation | Progress: 99%","timestamp":"2026-07-11 13:21:31"}
{"level":"info","message":"   └── 📦 Assets Discovered -> Pages: 66 | Images: 154 | CSS: 397 | JS: 594 | Docs: 8 | Emails: 16 | Headlinks: 502","timestamp":"2026-07-11 13:21:31"}
{"level":"info","message":"[Inventory Scan Progress] 📈 Scanned Page: https://www.sitemonitor.in/press-kit | Progress: 99%","timestamp":"2026-07-11 13:21:31"}
{"level":"info","message":"   └── 📦 Assets Discovered -> Pages: 66 | Images: 154 | CSS: 397 | JS: 594 | Docs: 8 | Emails: 16 | Headlinks: 502","timestamp":"2026-07-11 13:21:31"}
{"level":"info","message":"[Inventory Scan] Scanning batch of size 5. Visited total: 71","timestamp":"2026-07-11 13:21:31"}
{"level":"info","message":"[Inventory Scan Progress] 📈 Scanned Page: https://www.sitemonitor.in/guides | Progress: 99%","timestamp":"2026-07-11 13:21:31"}
{"level":"info","message":"   └── 📦 Assets Discovered -> Pages: 71 | Images: 164 | CSS: 418 | JS: 639 | Docs: 8 | Emails: 18 | Headlinks: 521","timestamp":"2026-07-11 13:21:31"}
{"level":"info","message":"[Inventory Scan Progress] 📈 Scanned Page: https://www.sitemonitor.in/community | Progress: 99%","timestamp":"2026-07-11 13:21:31"}
{"level":"info","message":"   └── 📦 Assets Discovered -> Pages: 71 | Images: 164 | CSS: 418 | JS: 639 | Docs: 8 | Emails: 18 | Headlinks: 521","timestamp":"2026-07-11 13:21:31"}
{"level":"info","message":"[Inventory Scan Progress] 📈 Scanned Page: https://www.sitemonitor.in/terms | Progress: 99%","timestamp":"2026-07-11 13:21:31"}
{"level":"info","message":"   └── 📦 Assets Discovered -> Pages: 71 | Images: 164 | CSS: 418 | JS: 639 | Docs: 8 | Emails: 20 | Headlinks: 521","timestamp":"2026-07-11 13:21:31"}
{"level":"info","message":"[Inventory Scan Progress] 📈 Scanned Page: https://www.sitemonitor.in/security | Progress: 99%","timestamp":"2026-07-11 13:21:31"}
{"level":"info","message":"   └── 📦 Assets Discovered -> Pages: 71 | Images: 164 | CSS: 418 | JS: 639 | Docs: 8 | Emails: 20 | Headlinks: 533","timestamp":"2026-07-11 13:21:31"}
{"level":"info","message":"[Inventory Scan Progress] 📈 Scanned Page: https://www.sitemonitor.in/privacy | Progress: 99%","timestamp":"2026-07-11 13:21:31"}
{"level":"info","message":"   └── 📦 Assets Discovered -> Pages: 71 | Images: 164 | CSS: 418 | JS: 639 | Docs: 8 | Emails: 20 | Headlinks: 533","timestamp":"2026-07-11 13:21:31"}
{"level":"info","message":"[Inventory Scan] Scanning batch of size 5. Visited total: 76","timestamp":"2026-07-11 13:21:31"}
{"level":"info","message":"[Inventory Scan Progress] 📈 Scanned Page: https://www.sitemonitor.in/cookies | Progress: 99%","timestamp":"2026-07-11 13:21:32"}
{"level":"info","message":"   └── 📦 Assets Discovered -> Pages: 76 | Images: 174 | CSS: 448 | JS: 666 | Docs: 8 | Emails: 24 | Headlinks: 546","timestamp":"2026-07-11 13:21:32"}
{"level":"info","message":"[Inventory Scan Progress] 📈 Scanned Page: https://www.sitemonitor.in/gdpr | Progress: 99%","timestamp":"2026-07-11 13:21:32"}
{"level":"info","message":"   └── 📦 Assets Discovered -> Pages: 76 | Images: 174 | CSS: 448 | JS: 684 | Docs: 8 | Emails: 24 | Headlinks: 554","timestamp":"2026-07-11 13:21:32"}
{"level":"info","message":"[Inventory Scan Progress] 📈 Scanned Page: https://sitemonitor.in/blog-details.php?category=agency&post=digital-accessibility-the-business-imperative-we-cant-ignore | Progress: 99%","timestamp":"2026-07-11 13:21:32"}
{"level":"info","message":"   └── 📦 Assets Discovered -> Pages: 76 | Images: 174 | CSS: 448 | JS: 684 | Docs: 8 | Emails: 24 | Headlinks: 570","timestamp":"2026-07-11 13:21:32"}
{"level":"info","message":"[Inventory Scan Progress] 📈 Scanned Page: https://sitemonitor.in/blog-details.php?category=agency&post=what-to-do-if-you-receive-an-ada-web-accessibility-demand | Progress: 99%","timestamp":"2026-07-11 13:21:32"}
{"level":"info","message":"   └── 📦 Assets Discovered -> Pages: 76 | Images: 174 | CSS: 448 | JS: 684 | Docs: 8 | Emails: 24 | Headlinks: 570","timestamp":"2026-07-11 13:21:32"}
{"level":"info","message":"[Inventory Scan Progress] 📈 Scanned Page: https://sitemonitor.in/blog-details.php?category=security&post=7-key-web-governance-principles-for-better-website-2 | Progress: 99%","timestamp":"2026-07-11 13:21:32"}
{"level":"info","message":"   └── 📦 Assets Discovered -> Pages: 76 | Images: 174 | CSS: 448 | JS: 684 | Docs: 8 | Emails: 24 | Headlinks: 570","timestamp":"2026-07-11 13:21:32"}
{"level":"info","message":"[Inventory Scan] Scanning batch of size 5. Visited total: 81","timestamp":"2026-07-11 13:21:32"}
{"level":"info","message":"[Inventory Scan Progress] 📈 Scanned Page: https://www.sitemonitor.in/blog-details.php?category=product&post=site-monitor-web-governance-adds-japanese-and-french | Progress: 99%","timestamp":"2026-07-11 13:21:33"}
{"level":"info","message":"   └── 📦 Assets Discovered -> Pages: 81 | Images: 184 | CSS: 481 | JS: 720 | Docs: 8 | Emails: 24 | Headlinks: 593","timestamp":"2026-07-11 13:21:33"}
{"level":"info","message":"[Inventory Scan Progress] 📈 Scanned Page: https://www.sitemonitor.in/categories.php | Progress: 99%","timestamp":"2026-07-11 13:21:33"}
{"level":"info","message":"   └── 📦 Assets Discovered -> Pages: 81 | Images: 184 | CSS: 481 | JS: 720 | Docs: 8 | Emails: 24 | Headlinks: 601","timestamp":"2026-07-11 13:21:33"}
{"level":"info","message":"[Inventory Scan Progress] 📈 Scanned Page: https://www.sitemonitor.in/blog-details.php?category=performance&post=accessibility-is-the-key-to-digital-trust-and-brand-loyalty-2 | Progress: 99%","timestamp":"2026-07-11 13:21:33"}
{"level":"info","message":"   └── 📦 Assets Discovered -> Pages: 81 | Images: 184 | CSS: 481 | JS: 729 | Docs: 8 | Emails: 24 | Headlinks: 601","timestamp":"2026-07-11 13:21:33"}
{"level":"info","message":"[Inventory Scan Progress] 📈 Scanned Page: https://www.sitemonitor.in/blog-details.php?category=ai&post=digital-optimization-innovation-for-an-ai-disrupted-world | Progress: 99%","timestamp":"2026-07-11 13:21:33"}
{"level":"info","message":"   └── 📦 Assets Discovered -> Pages: 81 | Images: 184 | CSS: 481 | JS: 729 | Docs: 8 | Emails: 24 | Headlinks: 609","timestamp":"2026-07-11 13:21:33"}
{"level":"info","message":"[Inventory Scan Progress] 📈 Scanned Page: https://www.sitemonitor.in/blog-details.php?category=performance&post=website-accessibility-testing-offering-the-best-user | Progress: 99%","timestamp":"2026-07-11 13:21:33"}
{"level":"info","message":"   └── 📦 Assets Discovered -> Pages: 81 | Images: 184 | CSS: 481 | JS: 729 | Docs: 8 | Emails: 24 | Headlinks: 609","timestamp":"2026-07-11 13:21:33"}
{"level":"info","message":"[Inventory Scan] Scanning batch of size 5. Visited total: 86","timestamp":"2026-07-11 13:21:33"}
{"level":"info","message":"[Inventory Scan Progress] 📈 Scanned Page: https://www.sitemonitor.in/?section=contact-form | Progress: 99%","timestamp":"2026-07-11 13:21:34"}
{"level":"info","message":"   └── 📦 Assets Discovered -> Pages: 86 | Images: 200 | CSS: 516 | JS: 774 | Docs: 8 | Emails: 24 | Headlinks: 642","timestamp":"2026-07-11 13:21:34"}
{"level":"info","message":"[Inventory Scan Progress] 📈 Scanned Page: https://www.sitemonitor.in/blog-details.php?category=performance&post=why-website-monitoring-is-essential-for-modern-businesses | Progress: 99%","timestamp":"2026-07-11 13:21:34"}
{"level":"info","message":"   └── 📦 Assets Discovered -> Pages: 86 | Images: 200 | CSS: 516 | JS: 774 | Docs: 8 | Emails: 24 | Headlinks: 651","timestamp":"2026-07-11 13:21:34"}
{"level":"info","message":"🚀 [PageSpeed API] Fetching metrics for https://jewellmaster.com/features/jewelry-inventory-management...","timestamp":"2026-07-11 13:21:34"}
{"level":"info","message":"[Inventory Scan Progress] 📈 Scanned Page: https://www.sitemonitor.in/blog-details.php?category=performance&post=how-technical-seo-monitoring-improves-search-rankings | Progress: 99%","timestamp":"2026-07-11 13:21:34"}
{"level":"info","message":"   └── 📦 Assets Discovered -> Pages: 86 | Images: 200 | CSS: 516 | JS: 774 | Docs: 8 | Emails: 24 | Headlinks: 651","timestamp":"2026-07-11 13:21:34"}
{"level":"info","message":"[Inventory Scan Progress] 📈 Scanned Page: https://www.sitemonitor.in/blog-details.php?category=ai&post=the-future-of-ai-powered-website-performance-optimization | Progress: 99%","timestamp":"2026-07-11 13:21:34"}
{"level":"info","message":"   └── 📦 Assets Discovered -> Pages: 86 | Images: 200 | CSS: 516 | JS: 774 | Docs: 8 | Emails: 24 | Headlinks: 651","timestamp":"2026-07-11 13:21:34"}
{"level":"info","message":"[Inventory Scan Progress] 📈 Scanned Page: https://www.sitemonitor.in/blog.php?category=product | Progress: 99%","timestamp":"2026-07-11 13:21:34"}
{"level":"info","message":"   └── 📦 Assets Discovered -> Pages: 86 | Images: 200 | CSS: 516 | JS: 774 | Docs: 8 | Emails: 24 | Headlinks: 651","timestamp":"2026-07-11 13:21:34"}
{"level":"info","message":"[Inventory Scan] Scanning batch of size 5. Visited total: 91","timestamp":"2026-07-11 13:21:34"}
{"level":"info","message":"[Inventory Scan Progress] 📈 Scanned Page: https://www.sitemonitor.in/blog.php?category=security | Progress: 99%","timestamp":"2026-07-11 13:21:34"}
{"level":"info","message":"   └── 📦 Assets Discovered -> Pages: 91 | Images: 210 | CSS: 551 | JS: 819 | Docs: 8 | Emails: 24 | Headlinks: 678","timestamp":"2026-07-11 13:21:34"}
{"level":"info","message":"[Inventory Scan Progress] 📈 Scanned Page: https://www.sitemonitor.in/blog.php?category=ai | Progress: 99%","timestamp":"2026-07-11 13:21:34"}
{"level":"info","message":"   └── 📦 Assets Discovered -> Pages: 91 | Images: 210 | CSS: 551 | JS: 819 | Docs: 8 | Emails: 24 | Headlinks: 696","timestamp":"2026-07-11 13:21:34"}
{"level":"info","message":"[Inventory Scan Progress] 📈 Scanned Page: https://www.sitemonitor.in/blog.php?category=performance | Progress: 99%","timestamp":"2026-07-11 13:21:34"}
{"level":"info","message":"   └── 📦 Assets Discovered -> Pages: 91 | Images: 210 | CSS: 551 | JS: 819 | Docs: 8 | Emails: 24 | Headlinks: 696","timestamp":"2026-07-11 13:21:34"}
{"level":"info","message":"[Inventory Scan Progress] 📈 Scanned Page: https://www.sitemonitor.in/blog.php?category=agency | Progress: 99%","timestamp":"2026-07-11 13:21:34"}
{"level":"info","message":"   └── 📦 Assets Discovered -> Pages: 91 | Images: 210 | CSS: 551 | JS: 819 | Docs: 8 | Emails: 24 | Headlinks: 696","timestamp":"2026-07-11 13:21:34"}
{"level":"info","message":"[Inventory Scan Progress] 📈 Scanned Page: https://www.sitemonitor.in/blog.php?category=engineering | Progress: 99%","timestamp":"2026-07-11 13:21:34"}
{"level":"info","message":"   └── 📦 Assets Discovered -> Pages: 91 | Images: 210 | CSS: 551 | JS: 819 | Docs: 8 | Emails: 24 | Headlinks: 696","timestamp":"2026-07-11 13:21:34"}
{"level":"info","message":"[Inventory Scan] Scanning batch of size 5. Visited total: 96","timestamp":"2026-07-11 13:21:34"}
{"level":"info","message":"[Inventory Scan Progress] 📈 Scanned Page: https://www.sitemonitor.in/blog-details.php?category=product&post=web-governance-and-how-to-use-it-for-effective-website | Progress: 99%","timestamp":"2026-07-11 13:21:35"}
{"level":"info","message":"   └── 📦 Assets Discovered -> Pages: 96 | Images: 220 | CSS: 586 | JS: 864 | Docs: 8 | Emails: 24 | Headlinks: 736","timestamp":"2026-07-11 13:21:35"}
{"level":"info","message":"[Inventory Scan Progress] 📈 Scanned Page: https://www.sitemonitor.in/blog-details.php?category=product&post=multi-language-website-monitoring-why-global-reach-demands | Progress: 99%","timestamp":"2026-07-11 13:21:35"}
{"level":"info","message":"   └── 📦 Assets Discovered -> Pages: 96 | Images: 220 | CSS: 586 | JS: 864 | Docs: 8 | Emails: 24 | Headlinks: 736","timestamp":"2026-07-11 13:21:35"}
{"level":"info","message":"[Inventory Scan Progress] 📈 Scanned Page: https://www.sitemonitor.in/blog-details.php?category=product&post=important-web-accessibility-statistics-every-digital-team | Progress: 99%","timestamp":"2026-07-11 13:21:35"}
{"level":"info","message":"   └── 📦 Assets Discovered -> Pages: 96 | Images: 220 | CSS: 586 | JS: 864 | Docs: 8 | Emails: 24 | Headlinks: 736","timestamp":"2026-07-11 13:21:35"}
{"level":"info","message":"[Inventory Scan Progress] 📈 Scanned Page: https://www.sitemonitor.in/blog-details.php?category=product&post=readability-how-to-write-content-that-everyone-can-read | Progress: 99%","timestamp":"2026-07-11 13:21:35"}
{"level":"info","message":"   └── 📦 Assets Discovered -> Pages: 96 | Images: 220 | CSS: 586 | JS: 864 | Docs: 8 | Emails: 24 | Headlinks: 736","timestamp":"2026-07-11 13:21:35"}
{"level":"info","message":"[Inventory Scan Progress] 📈 Scanned Page: https://www.sitemonitor.in/blog-details.php?category=product&post=making-sense-of-the-european-accessibility-act-en-301-549 | Progress: 99%","timestamp":"2026-07-11 13:21:35"}
{"level":"info","message":"   └── 📦 Assets Discovered -> Pages: 96 | Images: 220 | CSS: 586 | JS: 864 | Docs: 8 | Emails: 24 | Headlinks: 736","timestamp":"2026-07-11 13:21:35"}
{"level":"info","message":"[Inventory Scan] Scanning batch of size 5. Visited total: 101","timestamp":"2026-07-11 13:21:35"}
{"level":"info","message":"[Inventory Scan Progress] 📈 Scanned Page: https://www.sitemonitor.in/blog-details.php?category=ai&post=european-accessibility-act-and-en-301-549-complete | Progress: 99%","timestamp":"2026-07-11 13:21:36"}
{"level":"info","message":"   └── 📦 Assets Discovered -> Pages: 101 | Images: 230 | CSS: 621 | JS: 909 | Docs: 8 | Emails: 24 | Headlinks: 776","timestamp":"2026-07-11 13:21:36"}
{"level":"info","message":"[Inventory Scan Progress] 📈 Scanned Page: https://www.sitemonitor.in/blog-details.php?category=security&post=7-key-web-governance-principles-for-better-website-2 | Progress: 99%","timestamp":"2026-07-11 13:21:36"}
{"level":"info","message":"   └── 📦 Assets Discovered -> Pages: 101 | Images: 230 | CSS: 621 | JS: 909 | Docs: 8 | Emails: 24 | Headlinks: 776","timestamp":"2026-07-11 13:21:36"}
{"level":"info","message":"[Inventory Scan Progress] 📈 Scanned Page: https://www.sitemonitor.in/blog-details.php?category=ai&post=digital-optimization-and-innovation-in-an-ai-disrupted-world | Progress: 99%","timestamp":"2026-07-11 13:21:36"}
{"level":"info","message":"   └── 📦 Assets Discovered -> Pages: 101 | Images: 230 | CSS: 621 | JS: 909 | Docs: 8 | Emails: 24 | Headlinks: 776","timestamp":"2026-07-11 13:21:36"}
{"level":"info","message":"[Inventory Scan Progress] 📈 Scanned Page: https://www.sitemonitor.in/blog-details.php?category=performance&post=accessibility-is-the-key-to-digital-trust-and-brand-loyalty | Progress: 99%","timestamp":"2026-07-11 13:21:36"}
{"level":"info","message":"   └── 📦 Assets Discovered -> Pages: 101 | Images: 230 | CSS: 621 | JS: 909 | Docs: 8 | Emails: 24 | Headlinks: 776","timestamp":"2026-07-11 13:21:36"}
{"level":"info","message":"[Inventory Scan Progress] 📈 Scanned Page: https://www.sitemonitor.in/blog-details.php?category=performance&post=digital-accessibility-explained-features-tools-and-benefits | Progress: 99%","timestamp":"2026-07-11 13:21:36"}
{"level":"info","message":"   └── 📦 Assets Discovered -> Pages: 101 | Images: 230 | CSS: 621 | JS: 909 | Docs: 8 | Emails: 24 | Headlinks: 776","timestamp":"2026-07-11 13:21:36"}
{"level":"info","message":"[Inventory Scan] Scanning batch of size 5. Visited total: 106","timestamp":"2026-07-11 13:21:36"}
{"level":"info","message":"[Inventory Scan Progress] 📈 Scanned Page: https://www.sitemonitor.in/blog-details.php?category=agency&post=what-to-do-if-you-receive-an-ada-web-accessibility-demand | Progress: 99%","timestamp":"2026-07-11 13:21:36"}
{"level":"info","message":"   └── 📦 Assets Discovered -> Pages: 106 | Images: 240 | CSS: 656 | JS: 954 | Docs: 8 | Emails: 24 | Headlinks: 808","timestamp":"2026-07-11 13:21:36"}
{"level":"info","message":"[Inventory Scan Progress] 📈 Scanned Page: https://www.sitemonitor.in/blog-details.php?category=agency&post=digital-accessibility-the-business-imperative-we-cant-ignore | Progress: 99%","timestamp":"2026-07-11 13:21:36"}
{"level":"info","message":"   └── 📦 Assets Discovered -> Pages: 106 | Images: 240 | CSS: 656 | JS: 954 | Docs: 8 | Emails: 24 | Headlinks: 808","timestamp":"2026-07-11 13:21:36"}
{"level":"info","message":"[Inventory Scan Progress] 📈 Scanned Page: https://www.sitemonitor.in/blog-details.php?category=engineering&post=15-practical-ways-to-improve-web-accessibility-and-user | Progress: 99%","timestamp":"2026-07-11 13:21:36"}
{"level":"info","message":"   └── 📦 Assets Discovered -> Pages: 106 | Images: 240 | CSS: 656 | JS: 954 | Docs: 8 | Emails: 24 | Headlinks: 816","timestamp":"2026-07-11 13:21:36"}
{"level":"info","message":"[Inventory Scan Progress] 📈 Scanned Page: https://www.sitemonitor.in/blog-details.php?category=engineering&post=ada-title-ii-and-web-accessibility-what-the-dojs-final-rule | Progress: 99%","timestamp":"2026-07-11 13:21:36"}
{"level":"info","message":"   └── 📦 Assets Discovered -> Pages: 106 | Images: 240 | CSS: 656 | JS: 954 | Docs: 8 | Emails: 24 | Headlinks: 816","timestamp":"2026-07-11 13:21:36"}
{"level":"info","message":"[Inventory Scan Progress] 📈 Scanned Page: https://www.sitemonitor.in/blog-details.php?category=engineering&post=how-to-build-a-web-accessibility-strategy-that-actually | Progress: 99%","timestamp":"2026-07-11 13:21:37"}
{"level":"info","message":"   └── 📦 Assets Discovered -> Pages: 106 | Images: 240 | CSS: 656 | JS: 954 | Docs: 8 | Emails: 24 | Headlinks: 816","timestamp":"2026-07-11 13:21:37"}
{"level":"info","message":"[Inventory Scan] Scanning batch of size 2. Visited total: 108","timestamp":"2026-07-11 13:21:37"}
{"level":"info","message":"[Inventory Scan Progress] 📈 Scanned Page: https://www.sitemonitor.in/blog-details.php?category=engineering&post=7-tech-tools-that-help-people-with-disabilities-access-the | Progress: 99%","timestamp":"2026-07-11 13:21:37"}
{"level":"info","message":"   └── 📦 Assets Discovered -> Pages: 108 | Images: 244 | CSS: 670 | JS: 972 | Docs: 8 | Emails: 24 | Headlinks: 832","timestamp":"2026-07-11 13:21:37"}
{"level":"info","message":"[Inventory Scan Progress] 📈 Scanned Page: https://www.sitemonitor.in/blog-details.php?category=engineering&post=website-accessibility-testing-how-to-deliver-the-best-user | Progress: 99%","timestamp":"2026-07-11 13:21:37"}
{"level":"info","message":"   └── 📦 Assets Discovered -> Pages: 108 | Images: 244 | CSS: 670 | JS: 972 | Docs: 8 | Emails: 24 | Headlinks: 832","timestamp":"2026-07-11 13:21:37"}
{"level":"info","message":"[Inventory Scan Completed] ✅ Crawl finished successfully in 19107ms!","timestamp":"2026-07-11 13:21:37"}
{"level":"info","message":"   └── 📊 Final Inventory Totals -> Pages: 108 | Images: 244 | CSS: 670 | JS: 972 | Docs: 8 | Emails: 24 | Headlinks: 832","timestamp":"2026-07-11 13:21:37"}
{"level":"info","message":"Job 5 (undefined) completed successfully.","timestamp":"2026-07-11 13:21:37"}
{"level":"info","message":"[Job repeat:c10eea93bf68cc56fd5c63b351df3d32:1783756200000] 🚀 Executing scheduled global orchestration...","timestamp":"2026-07-11 13:21:37"}
{"level":"info","message":"Orchestrator: Starting global scan orchestration... ","timestamp":"2026-07-11 13:21:37"}
{"level":"info","message":"🔗 Connecting to MASTER database: master","timestamp":"2026-07-11 13:21:37"}
{"level":"info","message":"Orchestrator: Found 2 tenants to process.","timestamp":"2026-07-11 13:21:38"}
{"level":"info","message":"📁 Switching to CLIENT database: tenant_rbi (Tenant: rbi)","timestamp":"2026-07-11 13:21:38"}
{"level":"info","message":"Orchestrator: No domains found for tenant rbi (excluding those currently scanning).","timestamp":"2026-07-11 13:21:38"}
{"level":"info","message":"📁 Switching to CLIENT database: tenant_sbi (Tenant: sbi)","timestamp":"2026-07-11 13:21:38"}
{"level":"info","message":"Orchestrator: Found 2 domains for tenant sbi. Enqueueing jobs...","timestamp":"2026-07-11 13:21:38"}
{"level":"info","message":"  [1] Enqueued: https://omunim.com/","timestamp":"2026-07-11 13:21:38"}
{"level":"info","message":"  [2] Enqueued: https://jewellmaster.com","timestamp":"2026-07-11 13:21:38"}
{"level":"info","message":"Orchestrator: Master DB connection closed.","timestamp":"2026-07-11 13:21:38"}
{"level":"info","message":"✅ Orchestrator: Finished. Total jobs enqueued: 2","timestamp":"2026-07-11 13:21:38"}
{"level":"info","message":"Job repeat:c10eea93bf68cc56fd5c63b351df3d32:1783756200000 (Orchestrator) completed successfully.","timestamp":"2026-07-11 13:21:38"}
{"level":"info","message":"[Job 7] 🔍 Starting scan for: https://omunim.com/","timestamp":"2026-07-11 13:21:38"}
{"level":"info","message":"[https://omunim.com/] Checking domain status for ID: 69fed1b9ce195e92e93ad3ad. Found: true, Deleted: false, Archived: false, Status: active","timestamp":"2026-07-11 13:21:38"}
{"level":"info","message":"🔍 [Crawl] Queue: 0 | Visited: 1 | Scanning: https://omunim.com/","timestamp":"2026-07-11 13:21:39"}
{"level":"info","message":"🔍 [Domain: omunim.com] [Page 1/4] Scanning: https://omunim.com/","timestamp":"2026-07-11 13:21:39"}
{"level":"info","message":"✅ [PageSpeed API] Score for https://jewellmaster.com/features/jewelry-inventory-management: 72","timestamp":"2026-07-11 13:21:50"}
{"level":"info","message":"📊 [Lighthouse] Results for https://jewellmaster.com/features/jewelry-inventory-management: Performance: 72, SEO: 100, Accessibility: 93","timestamp":"2026-07-11 13:21:50"}
{"level":"info","message":"🔍 [Domain: jewellmaster.com] [Page 4/10] Found 11 internal links on https://jewellmaster.com/features/jewelry-inventory-management","timestamp":"2026-07-11 13:21:50"}
{"level":"info","message":"🔍 [Crawl] Queue: 7 | Visited: 5 | Scanning: https://jewellmaster.com/features/gst-billing-invoicing","timestamp":"2026-07-11 13:21:50"}
{"level":"info","message":"🔍 [Domain: jewellmaster.com] [Page 5/10] Scanning: https://jewellmaster.com/features/gst-billing-invoicing","timestamp":"2026-07-11 13:21:50"}
{"level":"info","message":"🔍 [Scraper] HTML length: 77489 | Body length: 20116 | Total <a> tags: 67","timestamp":"2026-07-11 13:21:59"}
{"level":"info","message":"🔗 [Link Extraction] Page: https://omunim.com/ | hostNorm: omunim.com | Found 67 total links (21 internal)","timestamp":"2026-07-11 13:21:59"}
{"level":"info","message":"✅ [PageSpeed API] Score for https://omunim.com/jewellery-software: 16","timestamp":"2026-07-11 13:22:07"}
{"level":"info","message":"📊 [Lighthouse] Results for https://omunim.com/jewellery-software: Performance: 16, SEO: 92, Accessibility: 78","timestamp":"2026-07-11 13:22:07"}
{"level":"info","message":"🔍 [Domain: omunim.com] [Page 2/4] Found 21 internal links on https://omunim.com/jewellery-software","timestamp":"2026-07-11 13:22:07"}
{"level":"info","message":"🔍 [Crawl] Queue: 18 | Visited: 3 | Scanning: https://omunim.com/signin","timestamp":"2026-07-11 13:22:07"}
{"level":"info","message":"🔍 [Domain: omunim.com] [Page 3/4] Scanning: https://omunim.com/signin","timestamp":"2026-07-11 13:22:07"}
{"level":"info","message":"🚀 [PageSpeed API] Fetching metrics for https://omunim.com/...","timestamp":"2026-07-11 13:22:08"}
{"level":"info","message":"🔍 [Scraper] HTML length: 25912 | Body length: 14949 | Total <a> tags: 11","timestamp":"2026-07-11 13:22:09"}
{"level":"info","message":"🔗 [Link Extraction] Page: https://jewellmaster.com/features/gst-billing-invoicing | hostNorm: jewellmaster.com | Found 11 total links (11 internal)","timestamp":"2026-07-11 13:22:09"}
{"level":"info","message":"🚀 [PageSpeed API] Fetching metrics for https://jewellmaster.com/features/gst-billing-invoicing...","timestamp":"2026-07-11 13:22:13"}
{"level":"info","message":"🔍 [Scraper] HTML length: 58621 | Body length: 7926 | Total <a> tags: 46","timestamp":"2026-07-11 13:22:13"}
{"level":"info","message":"🔗 [Link Extraction] Page: https://omunim.com/signin | hostNorm: omunim.com | Found 46 total links (18 internal)","timestamp":"2026-07-11 13:22:13"}
{"level":"info","message":"🚀 [PageSpeed API] Fetching metrics for https://omunim.com/signin...","timestamp":"2026-07-11 13:22:20"}
{"level":"info","message":"✅ [PageSpeed API] Score for https://omunim.com/: 68","timestamp":"2026-07-11 13:22:27"}
{"level":"info","message":"📊 [Lighthouse] Results for https://omunim.com/: Performance: 68, SEO: 92, Accessibility: 76","timestamp":"2026-07-11 13:22:27"}
{"level":"info","message":"🔍 [Domain: omunim.com] [Page 1/4] Found 21 internal links on https://omunim.com/","timestamp":"2026-07-11 13:22:27"}
{"level":"info","message":"➕ [Queue] Adding: https://omunim.com/jewellery-software (targetHost: omunim.com, hostNorm: omunim.com)","timestamp":"2026-07-11 13:22:27"}
{"level":"info","message":"➕ [Queue] Adding: https://omunim.com/signin (targetHost: omunim.com, hostNorm: omunim.com)","timestamp":"2026-07-11 13:22:27"}
{"level":"info","message":"➕ [Queue] Adding: https://omunim.com/jewellery-billing-software (targetHost: omunim.com, hostNorm: omunim.com)","timestamp":"2026-07-11 13:22:27"}
{"level":"info","message":"➕ [Queue] Adding: https://omunim.com/gold-loan-software (targetHost: omunim.com, hostNorm: omunim.com)","timestamp":"2026-07-11 13:22:27"}
{"level":"info","message":"➕ [Queue] Adding: https://omunim.com/jewellery-mobile-app (targetHost: omunim.com, hostNorm: omunim.com)","timestamp":"2026-07-11 13:22:27"}
{"level":"info","message":"➕ [Queue] Adding: https://omunim.com/ecommerce (targetHost: omunim.com, hostNorm: omunim.com)","timestamp":"2026-07-11 13:22:27"}
{"level":"info","message":"➕ [Queue] Adding: https://omunim.com/jewellery-videos (targetHost: omunim.com, hostNorm: omunim.com)","timestamp":"2026-07-11 13:22:27"}
{"level":"info","message":"➕ [Queue] Adding: https://omunim.com/all-features (targetHost: omunim.com, hostNorm: omunim.com)","timestamp":"2026-07-11 13:22:27"}
{"level":"info","message":"➕ [Queue] Adding: https://omunim.com/jewellery-billing-software-free (targetHost: omunim.com, hostNorm: omunim.com)","timestamp":"2026-07-11 13:22:27"}
{"level":"info","message":"➕ [Queue] Adding: https://omunim.com/best-jewellery-software (targetHost: omunim.com, hostNorm: omunim.com)","timestamp":"2026-07-11 13:22:27"}
{"level":"info","message":"➕ [Queue] Adding: https://omunim.com/top-10-jewellery-software (targetHost: omunim.com, hostNorm: omunim.com)","timestamp":"2026-07-11 13:22:27"}
{"level":"info","message":"➕ [Queue] Adding: https://omunim.com/downloads (targetHost: omunim.com, hostNorm: omunim.com)","timestamp":"2026-07-11 13:22:27"}
{"level":"info","message":"➕ [Queue] Adding: https://omunim.com/aboutus (targetHost: omunim.com, hostNorm: omunim.com)","timestamp":"2026-07-11 13:22:27"}
{"level":"info","message":"➕ [Queue] Adding: https://omunim.com/contactus (targetHost: omunim.com, hostNorm: omunim.com)","timestamp":"2026-07-11 13:22:27"}
{"level":"info","message":"➕ [Queue] Adding: https://omunim.com/career (targetHost: omunim.com, hostNorm: omunim.com)","timestamp":"2026-07-11 13:22:27"}
{"level":"info","message":"➕ [Queue] Adding: https://omunim.com/faq (targetHost: omunim.com, hostNorm: omunim.com)","timestamp":"2026-07-11 13:22:27"}
{"level":"info","message":"➕ [Queue] Adding: https://omunim.com/feedback (targetHost: omunim.com, hostNorm: omunim.com)","timestamp":"2026-07-11 13:22:27"}
{"level":"info","message":"➕ [Queue] Adding: https://omunim.com/terms (targetHost: omunim.com, hostNorm: omunim.com)","timestamp":"2026-07-11 13:22:27"}
{"level":"info","message":"➕ [Queue] Adding: https://omunim.com/privacypolicy (targetHost: omunim.com, hostNorm: omunim.com)","timestamp":"2026-07-11 13:22:27"}
{"level":"info","message":"➕ [Queue] Adding: https://omunim.com/site-map (targetHost: omunim.com, hostNorm: omunim.com)","timestamp":"2026-07-11 13:22:27"}
{"level":"info","message":"🔍 [Crawl] Queue: 19 | Visited: 2 | Scanning: https://omunim.com/jewellery-software","timestamp":"2026-07-11 13:22:27"}
{"level":"info","message":"🔍 [Domain: omunim.com] [Page 2/4] Scanning: https://omunim.com/jewellery-software","timestamp":"2026-07-11 13:22:27"}
{"level":"info","message":"🔍 [Scraper] HTML length: 77507 | Body length: 20116 | Total <a> tags: 67","timestamp":"2026-07-11 13:22:31"}
{"level":"info","message":"🔗 [Link Extraction] Page: https://omunim.com/jewellery-software | hostNorm: omunim.com | Found 67 total links (21 internal)","timestamp":"2026-07-11 13:22:31"}
{"level":"info","message":"✅ [PageSpeed API] Score for https://jewellmaster.com/features/gst-billing-invoicing: 86","timestamp":"2026-07-11 13:22:32"}
{"level":"info","message":"📊 [Lighthouse] Results for https://jewellmaster.com/features/gst-billing-invoicing: Performance: 86, SEO: 100, Accessibility: 93","timestamp":"2026-07-11 13:22:32"}
{"level":"info","message":"🔍 [Domain: jewellmaster.com] [Page 5/10] Found 11 internal links on https://jewellmaster.com/features/gst-billing-invoicing","timestamp":"2026-07-11 13:22:32"}
{"level":"info","message":"🔍 [Crawl] Queue: 6 | Visited: 6 | Scanning: https://jewellmaster.com/features/crm-customer-management","timestamp":"2026-07-11 13:22:32"}
{"level":"info","message":"🔍 [Domain: jewellmaster.com] [Page 6/10] Scanning: https://jewellmaster.com/features/crm-customer-management","timestamp":"2026-07-11 13:22:32"}
{"level":"info","message":"✅ [PageSpeed API] Score for https://omunim.com/signin: 65","timestamp":"2026-07-11 13:22:40"}
{"level":"info","message":"📊 [Lighthouse] Results for https://omunim.com/signin: Performance: 65, SEO: 92, Accessibility: 87","timestamp":"2026-07-11 13:22:40"}
{"level":"info","message":"🔍 [Domain: omunim.com] [Page 3/4] Found 18 internal links on https://omunim.com/signin","timestamp":"2026-07-11 13:22:40"}
{"level":"info","message":"🔍 [Crawl] Queue: 17 | Visited: 4 | Scanning: https://omunim.com/jewellery-billing-software","timestamp":"2026-07-11 13:22:40"}
{"level":"info","message":"🔍 [Domain: omunim.com] [Page 4/4] Scanning: https://omunim.com/jewellery-billing-software","timestamp":"2026-07-11 13:22:40"}
{"level":"info","message":"🚀 [PageSpeed API] Fetching metrics for https://omunim.com/jewellery-software...","timestamp":"2026-07-11 13:22:43"}
{"level":"info","message":"🔍 [Scraper] HTML length: 50096 | Body length: 14709 | Total <a> tags: 50","timestamp":"2026-07-11 13:22:58"}
{"level":"info","message":"🔗 [Link Extraction] Page: https://omunim.com/jewellery-billing-software | hostNorm: omunim.com | Found 50 total links (19 internal)","timestamp":"2026-07-11 13:22:58"}
{"level":"info","message":"🚀 [PageSpeed API] Fetching metrics for https://omunim.com/jewellery-billing-software...","timestamp":"2026-07-11 13:23:05"}
{"level":"info","message":"✅ [PageSpeed API] Score for https://omunim.com/jewellery-software: 59","timestamp":"2026-07-11 13:23:11"}
{"level":"info","message":"📊 [Lighthouse] Results for https://omunim.com/jewellery-software: Performance: 59, SEO: 92, Accessibility: 78","timestamp":"2026-07-11 13:23:11"}
{"level":"info","message":"🔍 [Domain: omunim.com] [Page 2/4] Found 21 internal links on https://omunim.com/jewellery-software","timestamp":"2026-07-11 13:23:11"}
{"level":"info","message":"🔍 [Crawl] Queue: 18 | Visited: 3 | Scanning: https://omunim.com/signin","timestamp":"2026-07-11 13:23:11"}
{"level":"info","message":"🔍 [Domain: omunim.com] [Page 3/4] Scanning: https://omunim.com/signin","timestamp":"2026-07-11 13:23:11"}
{"level":"info","message":"🔍 [Scraper] HTML length: 58621 | Body length: 7926 | Total <a> tags: 46","timestamp":"2026-07-11 13:23:16"}
{"level":"info","message":"🔗 [Link Extraction] Page: https://omunim.com/signin | hostNorm: omunim.com | Found 46 total links (18 internal)","timestamp":"2026-07-11 13:23:16"}
{"level":"info","message":"🔍 [Scraper] HTML length: 25746 | Body length: 14904 | Total <a> tags: 11","timestamp":"2026-07-11 13:23:20"}
{"level":"info","message":"🔗 [Link Extraction] Page: https://jewellmaster.com/features/crm-customer-management | hostNorm: jewellmaster.com | Found 11 total links (11 internal)","timestamp":"2026-07-11 13:23:20"}
{"level":"info","message":"🚀 [PageSpeed API] Fetching metrics for https://omunim.com/signin...","timestamp":"2026-07-11 13:23:24"}
{"level":"info","message":"🚀 [PageSpeed API] Fetching metrics for https://jewellmaster.com/features/crm-customer-management...","timestamp":"2026-07-11 13:23:25"}
{"level":"info","message":"✅ [PageSpeed API] Score for https://omunim.com/jewellery-billing-software: 56","timestamp":"2026-07-11 13:23:28"}
{"level":"info","message":"📊 [Lighthouse] Results for https://omunim.com/jewellery-billing-software: Performance: 56, SEO: 92, Accessibility: 91","timestamp":"2026-07-11 13:23:28"}
{"level":"info","message":"🔍 [Domain: omunim.com] [Page 4/4] Found 19 internal links on https://omunim.com/jewellery-billing-software","timestamp":"2026-07-11 13:23:28"}
{"level":"info","message":"[https://omunim.com/] Evaluating 5 policies against 4 pages.","timestamp":"2026-07-11 13:23:28"}
{"level":"info","message":"   -> 🔍 Scan [text] | Target: \"jewellery\" (containing) | Operator: \"contains\" | Actual: [Content length: 20116] | Result: ✅ MATCH","timestamp":"2026-07-11 13:23:28"}
{"level":"info","message":"   -> 🔍 Scan [image-size] | Target: \"100\" (KB) | Operator: \"Greater than\" | Actual: [104 images] | Result: ❌ NO MATCH","timestamp":"2026-07-11 13:23:28"}
{"level":"info","message":"   -> 🔍 Scan [text] | Target: \"jewellery\" (containing) | Operator: \"contains\" | Actual: [Content length: 20116] | Result: ✅ MATCH","timestamp":"2026-07-11 13:23:28"}
{"level":"info","message":"   -> 🔍 Scan [page-title] | Target: \"jewellery\" (containing) | Operator: \"contains\" | Actual: \"Jewellery Software | Jewellery\" | Result: ✅ MATCH","timestamp":"2026-07-11 13:23:28"}
{"level":"info","message":"   -> 🔍 Scan [page-title-length] | Target: \"60\" | Operator: \"Greater than\" | Actual: 60 | Result: ❌ NO MATCH","timestamp":"2026-07-11 13:23:28"}
{"level":"info","message":"   -> 🔍 Scan [page-url] | Target: \"shop\" (containing) | Operator: \"contains\" | Actual: \"https://omunim.com/\" | Result: ❌ NO MATCH","timestamp":"2026-07-11 13:23:28"}
{"level":"info","message":"   -> 🔍 Scan [link] | Target: \"contact\" (containing) | Operator: \"contains\" | Actual: [67 links] | Result: ✅ MATCH","timestamp":"2026-07-11 13:23:28"}
{"level":"info","message":"   -> 🔍 Scan [link-text] | Target: \"buy\" (containing) | Operator: \"contains\" | Actual: [67 links] | Result: ❌ NO MATCH","timestamp":"2026-07-11 13:23:28"}
{"level":"info","message":"   -> 🔍 Scan [link-text-length] | Target: \"50\" | Operator: \"Greater than\" | Actual: [67 links] | Result: ✅ MATCH","timestamp":"2026-07-11 13:23:28"}
{"level":"info","message":"   -> 🔍 Scan [file-size] | Target: \"5\" (MB) | Operator: \"Greater than\" | Actual: 2096.7939453125 | Result: ❌ NO MATCH","timestamp":"2026-07-11 13:23:28"}
{"level":"info","message":"   -> 🔍 Scan [image-size] | Target: \"100\" (KB) | Operator: \"Greater than\" | Actual: [104 images] | Result: ❌ NO MATCH","timestamp":"2026-07-11 13:23:28"}
{"level":"info","message":"   -> 🔍 Scan [image-text] | Target: \"logo\" (containing) | Operator: \"contains\" | Actual: [104 images] | Result: ❌ NO MATCH","timestamp":"2026-07-11 13:23:28"}
{"level":"info","message":"   -> 🔍 Scan [image-text-length] | Target: \"100\" | Operator: \"Greater than\" | Actual: [104 images] | Result: ❌ NO MATCH","timestamp":"2026-07-11 13:23:28"}
{"level":"info","message":"   -> 🔍 Scan [external-link-count] | Target: \"10\" | Operator: \"Greater than\" | Actual: 18 | Result: ✅ MATCH","timestamp":"2026-07-11 13:23:28"}
{"level":"info","message":"   -> 🔍 Scan [incoming-link-count] | Target: \"5\" | Operator: \"Greater than\" | Actual: 21 | Result: ✅ MATCH","timestamp":"2026-07-11 13:23:28"}
{"level":"info","message":"   -> 🔍 Scan [heading-text] | Target: \"price\" (containing) | Operator: \"contains\" | Actual: [9 headings] | Result: ❌ NO MATCH","timestamp":"2026-07-11 13:23:28"}
{"level":"info","message":"   -> 🔍 Scan [header-text-length] | Target: \"80\" | Operator: \"Greater than\" | Actual: [9 headings] | Result: ❌ NO MATCH","timestamp":"2026-07-11 13:23:28"}
{"level":"info","message":"   -> 🔍 Scan [readability-level] | Target: \"12\" | Operator: \"Greater than\" | Actual: 13.029312766226646 | Result: ✅ MATCH","timestamp":"2026-07-11 13:23:28"}
{"level":"info","message":"   -> 🔍 Scan [meta-header] | Target: \"keyword\" (containing) | Operator: \"contains\" | Actual: [Content length: 20116] | Result: ❌ NO MATCH","timestamp":"2026-07-11 13:23:28"}
{"level":"info","message":"   -> 🔍 Scan [meta-header-length] | Target: \"160\" | Operator: \"Greater than\" | Actual: 160 | Result: ❌ NO MATCH","timestamp":"2026-07-11 13:23:28"}
{"level":"info","message":"   -> 🔍 Scan [page-html] | Target: \"<script>\" (containing) | Operator: \"contains\" | Actual: [Content length: 20116] | Result: ✅ MATCH","timestamp":"2026-07-11 13:23:28"}
{"level":"info","message":"   -> 🔍 Scan [text] | Target: \"jewellery\" (containing) | Operator: \"contains\" | Actual: [Content length: 20116] | Result: ✅ MATCH","timestamp":"2026-07-11 13:23:28"}
{"level":"info","message":"   -> 🔍 Scan [page-title] | Target: \"jewellery\" (containing) | Operator: \"contains\" | Actual: \"Jewellery Software | Jewellery\" | Result: ✅ MATCH","timestamp":"2026-07-11 13:23:28"}
{"level":"info","message":"   -> 🔍 Scan [page-title-length] | Target: \"60\" | Operator: \"Greater than\" | Actual: 60 | Result: ❌ NO MATCH","timestamp":"2026-07-11 13:23:28"}
{"level":"info","message":"   -> 🔍 Scan [page-url] | Target: \"shop\" (containing) | Operator: \"contains\" | Actual: \"https://omunim.com/\" | Result: ❌ NO MATCH","timestamp":"2026-07-11 13:23:28"}
{"level":"info","message":"   -> 🔍 Scan [link] | Target: \"contact\" (containing) | Operator: \"contains\" | Actual: [67 links] | Result: ✅ MATCH","timestamp":"2026-07-11 13:23:28"}
{"level":"info","message":"   -> 🔍 Scan [link-text] | Target: \"buy\" (containing) | Operator: \"contains\" | Actual: [67 links] | Result: ❌ NO MATCH","timestamp":"2026-07-11 13:23:28"}
{"level":"info","message":"   -> 🔍 Scan [link-text-length] | Target: \"50\" | Operator: \"Greater than\" | Actual: [67 links] | Result: ✅ MATCH","timestamp":"2026-07-11 13:23:28"}
{"level":"info","message":"   -> 🔍 Scan [file-size] | Target: \"5\" (MB) | Operator: \"Greater than\" | Actual: 2096.7939453125 | Result: ❌ NO MATCH","timestamp":"2026-07-11 13:23:28"}
{"level":"info","message":"   -> 🔍 Scan [image-size] | Target: \"100\" (KB) | Operator: \"Greater than\" | Actual: [104 images] | Result: ❌ NO MATCH","timestamp":"2026-07-11 13:23:28"}
{"level":"info","message":"   -> 🔍 Scan [image-text] | Target: \"logo\" (containing) | Operator: \"contains\" | Actual: [104 images] | Result: ❌ NO MATCH","timestamp":"2026-07-11 13:23:28"}
{"level":"info","message":"   -> 🔍 Scan [image-text-length] | Target: \"100\" | Operator: \"Greater than\" | Actual: [104 images] | Result: ❌ NO MATCH","timestamp":"2026-07-11 13:23:28"}
{"level":"info","message":"   -> 🔍 Scan [external-link-count] | Target: \"10\" | Operator: \"Greater than\" | Actual: 18 | Result: ✅ MATCH","timestamp":"2026-07-11 13:23:28"}
{"level":"info","message":"   -> 🔍 Scan [incoming-link-count] | Target: \"5\" | Operator: \"Greater than\" | Actual: 21 | Result: ✅ MATCH","timestamp":"2026-07-11 13:23:28"}
{"level":"info","message":"   -> 🔍 Scan [heading-text] | Target: \"price\" (containing) | Operator: \"contains\" | Actual: [9 headings] | Result: ❌ NO MATCH","timestamp":"2026-07-11 13:23:28"}
{"level":"info","message":"   -> 🔍 Scan [header-text-length] | Target: \"80\" | Operator: \"Greater than\" | Actual: [9 headings] | Result: ❌ NO MATCH","timestamp":"2026-07-11 13:23:28"}
{"level":"info","message":"   -> 🔍 Scan [readability-level] | Target: \"12\" | Operator: \"Greater than\" | Actual: 13.029312766226646 | Result: ✅ MATCH","timestamp":"2026-07-11 13:23:28"}
{"level":"info","message":"   -> 🔍 Scan [meta-header] | Target: \"keyword\" (containing) | Operator: \"contains\" | Actual: [Content length: 20116] | Result: ❌ NO MATCH","timestamp":"2026-07-11 13:23:28"}
{"level":"info","message":"   -> 🔍 Scan [meta-header-length] | Target: \"160\" | Operator: \"Greater than\" | Actual: 160 | Result: ❌ NO MATCH","timestamp":"2026-07-11 13:23:28"}
{"level":"info","message":"   -> 🔍 Scan [page-html] | Target: \"<script>\" (containing) | Operator: \"contains\" | Actual: [Content length: 20116] | Result: ✅ MATCH","timestamp":"2026-07-11 13:23:28"}
{"level":"info","message":"   -> 🔍 Scan [meta-header-length] | Target: \"160\" | Operator: \"Greater than\" | Actual: 160 | Result: ❌ NO MATCH","timestamp":"2026-07-11 13:23:28"}
{"level":"info","message":"   -> 🔍 Scan [text] | Target: \"jewellery\" (containing) | Operator: \"contains\" | Actual: [Content length: 20116] | Result: ✅ MATCH","timestamp":"2026-07-11 13:23:28"}
{"level":"info","message":"   -> 🔍 Scan [image-size] | Target: \"100\" (KB) | Operator: \"Greater than\" | Actual: [104 images] | Result: ❌ NO MATCH","timestamp":"2026-07-11 13:23:28"}
{"level":"info","message":"   -> 🔍 Scan [text] | Target: \"jewellery\" (containing) | Operator: \"contains\" | Actual: [Content length: 20116] | Result: ✅ MATCH","timestamp":"2026-07-11 13:23:28"}
{"level":"info","message":"   -> 🔍 Scan [page-title] | Target: \"jewellery\" (containing) | Operator: \"contains\" | Actual: \"Jewellery Software | Jewellery\" | Result: ✅ MATCH","timestamp":"2026-07-11 13:23:28"}
{"level":"info","message":"   -> 🔍 Scan [page-title-length] | Target: \"60\" | Operator: \"Greater than\" | Actual: 60 | Result: ❌ NO MATCH","timestamp":"2026-07-11 13:23:28"}
{"level":"info","message":"   -> 🔍 Scan [page-url] | Target: \"shop\" (containing) | Operator: \"contains\" | Actual: \"https://omunim.com/jewellery-software\" | Result: ❌ NO MATCH","timestamp":"2026-07-11 13:23:28"}
{"level":"info","message":"   -> 🔍 Scan [link] | Target: \"contact\" (containing) | Operator: \"contains\" | Actual: [67 links] | Result: ✅ MATCH","timestamp":"2026-07-11 13:23:28"}
{"level":"info","message":"   -> 🔍 Scan [link-text] | Target: \"buy\" (containing) | Operator: \"contains\" | Actual: [67 links] | Result: ❌ NO MATCH","timestamp":"2026-07-11 13:23:28"}
{"level":"info","message":"   -> 🔍 Scan [link-text-length] | Target: \"50\" | Operator: \"Greater than\" | Actual: [67 links] | Result: ✅ MATCH","timestamp":"2026-07-11 13:23:28"}
{"level":"info","message":"   -> 🔍 Scan [file-size] | Target: \"5\" (MB) | Operator: \"Greater than\" | Actual: 2860.26171875 | Result: ❌ NO MATCH","timestamp":"2026-07-11 13:23:28"}
{"level":"info","message":"   -> 🔍 Scan [image-size] | Target: \"100\" (KB) | Operator: \"Greater than\" | Actual: [104 images] | Result: ❌ NO MATCH","timestamp":"2026-07-11 13:23:28"}
{"level":"info","message":"   -> 🔍 Scan [image-text] | Target: \"logo\" (containing) | Operator: \"contains\" | Actual: [104 images] | Result: ❌ NO MATCH","timestamp":"2026-07-11 13:23:28"}
{"level":"info","message":"   -> 🔍 Scan [image-text-length] | Target: \"100\" | Operator: \"Greater than\" | Actual: [104 images] | Result: ❌ NO MATCH","timestamp":"2026-07-11 13:23:28"}
{"level":"info","message":"   -> 🔍 Scan [external-link-count] | Target: \"10\" | Operator: \"Greater than\" | Actual: 18 | Result: ✅ MATCH","timestamp":"2026-07-11 13:23:28"}
{"level":"info","message":"   -> 🔍 Scan [incoming-link-count] | Target: \"5\" | Operator: \"Greater than\" | Actual: 21 | Result: ✅ MATCH","timestamp":"2026-07-11 13:23:28"}
{"level":"info","message":"   -> 🔍 Scan [heading-text] | Target: \"price\" (containing) | Operator: \"contains\" | Actual: [9 headings] | Result: ❌ NO MATCH","timestamp":"2026-07-11 13:23:28"}
{"level":"info","message":"   -> 🔍 Scan [header-text-length] | Target: \"80\" | Operator: \"Greater than\" | Actual: [9 headings] | Result: ❌ NO MATCH","timestamp":"2026-07-11 13:23:28"}
{"level":"info","message":"   -> 🔍 Scan [readability-level] | Target: \"12\" | Operator: \"Greater than\" | Actual: 13.029312766226646 | Result: ✅ MATCH","timestamp":"2026-07-11 13:23:28"}
{"level":"info","message":"   -> 🔍 Scan [meta-header] | Target: \"keyword\" (containing) | Operator: \"contains\" | Actual: [Content length: 20116] | Result: ❌ NO MATCH","timestamp":"2026-07-11 13:23:28"}
{"level":"info","message":"   -> 🔍 Scan [meta-header-length] | Target: \"160\" | Operator: \"Greater than\" | Actual: 160 | Result: ❌ NO MATCH","timestamp":"2026-07-11 13:23:28"}
{"level":"info","message":"   -> 🔍 Scan [page-html] | Target: \"<script>\" (containing) | Operator: \"contains\" | Actual: [Content length: 20116] | Result: ✅ MATCH","timestamp":"2026-07-11 13:23:28"}
{"level":"info","message":"   -> 🔍 Scan [text] | Target: \"jewellery\" (containing) | Operator: \"contains\" | Actual: [Content length: 20116] | Result: ✅ MATCH","timestamp":"2026-07-11 13:23:28"}
{"level":"info","message":"   -> 🔍 Scan [page-title] | Target: \"jewellery\" (containing) | Operator: \"contains\" | Actual: \"Jewellery Software | Jewellery\" | Result: ✅ MATCH","timestamp":"2026-07-11 13:23:28"}
{"level":"info","message":"   -> 🔍 Scan [page-title-length] | Target: \"60\" | Operator: \"Greater than\" | Actual: 60 | Result: ❌ NO MATCH","timestamp":"2026-07-11 13:23:28"}
{"level":"info","message":"   -> 🔍 Scan [page-url] | Target: \"shop\" (containing) | Operator: \"contains\" | Actual: \"https://omunim.com/jewellery-software\" | Result: ❌ NO MATCH","timestamp":"2026-07-11 13:23:28"}
{"level":"info","message":"   -> 🔍 Scan [link] | Target: \"contact\" (containing) | Operator: \"contains\" | Actual: [67 links] | Result: ✅ MATCH","timestamp":"2026-07-11 13:23:28"}
{"level":"info","message":"   -> 🔍 Scan [link-text] | Target: \"buy\" (containing) | Operator: \"contains\" | Actual: [67 links] | Result: ❌ NO MATCH","timestamp":"2026-07-11 13:23:28"}
{"level":"info","message":"   -> 🔍 Scan [link-text-length] | Target: \"50\" | Operator: \"Greater than\" | Actual: [67 links] | Result: ✅ MATCH","timestamp":"2026-07-11 13:23:28"}
{"level":"info","message":"   -> 🔍 Scan [file-size] | Target: \"5\" (MB) | Operator: \"Greater than\" | Actual: 2860.26171875 | Result: ❌ NO MATCH","timestamp":"2026-07-11 13:23:28"}
{"level":"info","message":"   -> 🔍 Scan [image-size] | Target: \"100\" (KB) | Operator: \"Greater than\" | Actual: [104 images] | Result: ❌ NO MATCH","timestamp":"2026-07-11 13:23:28"}
{"level":"info","message":"   -> 🔍 Scan [image-text] | Target: \"logo\" (containing) | Operator: \"contains\" | Actual: [104 images] | Result: ❌ NO MATCH","timestamp":"2026-07-11 13:23:28"}
{"level":"info","message":"   -> 🔍 Scan [image-text-length] | Target: \"100\" | Operator: \"Greater than\" | Actual: [104 images] | Result: ❌ NO MATCH","timestamp":"2026-07-11 13:23:28"}
{"level":"info","message":"   -> 🔍 Scan [external-link-count] | Target: \"10\" | Operator: \"Greater than\" | Actual: 18 | Result: ✅ MATCH","timestamp":"2026-07-11 13:23:28"}
{"level":"info","message":"   -> 🔍 Scan [incoming-link-count] | Target: \"5\" | Operator: \"Greater than\" | Actual: 21 | Result: ✅ MATCH","timestamp":"2026-07-11 13:23:28"}
{"level":"info","message":"   -> 🔍 Scan [heading-text] | Target: \"price\" (containing) | Operator: \"contains\" | Actual: [9 headings] | Result: ❌ NO MATCH","timestamp":"2026-07-11 13:23:28"}
{"level":"info","message":"   -> 🔍 Scan [header-text-length] | Target: \"80\" | Operator: \"Greater than\" | Actual: [9 headings] | Result: ❌ NO MATCH","timestamp":"2026-07-11 13:23:28"}
{"level":"info","message":"   -> 🔍 Scan [readability-level] | Target: \"12\" | Operator: \"Greater than\" | Actual: 13.029312766226646 | Result: ✅ MATCH","timestamp":"2026-07-11 13:23:28"}
{"level":"info","message":"   -> 🔍 Scan [meta-header] | Target: \"keyword\" (containing) | Operator: \"contains\" | Actual: [Content length: 20116] | Result: ❌ NO MATCH","timestamp":"2026-07-11 13:23:28"}
{"level":"info","message":"   -> 🔍 Scan [meta-header-length] | Target: \"160\" | Operator: \"Greater than\" | Actual: 160 | Result: ❌ NO MATCH","timestamp":"2026-07-11 13:23:28"}
{"level":"info","message":"   -> 🔍 Scan [page-html] | Target: \"<script>\" (containing) | Operator: \"contains\" | Actual: [Content length: 20116] | Result: ✅ MATCH","timestamp":"2026-07-11 13:23:28"}
{"level":"info","message":"   -> 🔍 Scan [meta-header-length] | Target: \"160\" | Operator: \"Greater than\" | Actual: 160 | Result: ❌ NO MATCH","timestamp":"2026-07-11 13:23:28"}
{"level":"info","message":"   -> 🔍 Scan [text] | Target: \"jewellery\" (containing) | Operator: \"contains\" | Actual: [Content length: 7926] | Result: ✅ MATCH","timestamp":"2026-07-11 13:23:28"}
{"level":"info","message":"   -> 🔍 Scan [image-size] | Target: \"100\" (KB) | Operator: \"Greater than\" | Actual: [22 images] | Result: ✅ MATCH","timestamp":"2026-07-11 13:23:28"}
{"level":"info","message":"   -> 🔍 Scan [text] | Target: \"jewellery\" (containing) | Operator: \"contains\" | Actual: [Content length: 7926] | Result: ✅ MATCH","timestamp":"2026-07-11 13:23:28"}
{"level":"info","message":"   -> 🔍 Scan [page-title] | Target: \"jewellery\" (containing) | Operator: \"contains\" | Actual: \"Jewellery Software | Jewellery\" | Result: ✅ MATCH","timestamp":"2026-07-11 13:23:28"}
{"level":"info","message":"   -> 🔍 Scan [page-title-length] | Target: \"60\" | Operator: \"Greater than\" | Actual: 60 | Result: ❌ NO MATCH","timestamp":"2026-07-11 13:23:28"}
{"level":"info","message":"   -> 🔍 Scan [page-url] | Target: \"shop\" (containing) | Operator: \"contains\" | Actual: \"https://omunim.com/signin\" | Result: ❌ NO MATCH","timestamp":"2026-07-11 13:23:28"}
{"level":"info","message":"   -> 🔍 Scan [link] | Target: \"contact\" (containing) | Operator: \"contains\" | Actual: [46 links] | Result: ✅ MATCH","timestamp":"2026-07-11 13:23:28"}
{"level":"info","message":"   -> 🔍 Scan [link-text] | Target: \"buy\" (containing) | Operator: \"contains\" | Actual: [46 links] | Result: ❌ NO MATCH","timestamp":"2026-07-11 13:23:28"}
{"level":"info","message":"   -> 🔍 Scan [link-text-length] | Target: \"50\" | Operator: \"Greater than\" | Actual: [46 links] | Result: ❌ NO MATCH","timestamp":"2026-07-11 13:23:28"}
{"level":"info","message":"   -> 🔍 Scan [file-size] | Target: \"5\" (MB) | Operator: \"Greater than\" | Actual: 1512.212890625 | Result: ❌ NO MATCH","timestamp":"2026-07-11 13:23:28"}
{"level":"info","message":"   -> 🔍 Scan [image-size] | Target: \"100\" (KB) | Operator: \"Greater than\" | Actual: [22 images] | Result: ✅ MATCH","timestamp":"2026-07-11 13:23:28"}
{"level":"info","message":"   -> 🔍 Scan [image-text] | Target: \"logo\" (containing) | Operator: \"contains\" | Actual: [22 images] | Result: ❌ NO MATCH","timestamp":"2026-07-11 13:23:28"}
{"level":"info","message":"   -> 🔍 Scan [image-text-length] | Target: \"100\" | Operator: \"Greater than\" | Actual: [22 images] | Result: ❌ NO MATCH","timestamp":"2026-07-11 13:23:28"}
{"level":"info","message":"   -> 🔍 Scan [external-link-count] | Target: \"10\" | Operator: \"Greater than\" | Actual: 14 | Result: ✅ MATCH","timestamp":"2026-07-11 13:23:28"}
{"level":"info","message":"   -> 🔍 Scan [incoming-link-count] | Target: \"5\" | Operator: \"Greater than\" | Actual: 18 | Result: ✅ MATCH","timestamp":"2026-07-11 13:23:28"}
{"level":"info","message":"   -> 🔍 Scan [heading-text] | Target: \"price\" (containing) | Operator: \"contains\" | Actual: [2 headings] | Result: ❌ NO MATCH","timestamp":"2026-07-11 13:23:28"}
{"level":"info","message":"   -> 🔍 Scan [header-text-length] | Target: \"80\" | Operator: \"Greater than\" | Actual: [2 headings] | Result: ❌ NO MATCH","timestamp":"2026-07-11 13:23:28"}
{"level":"info","message":"   -> 🔍 Scan [readability-level] | Target: \"12\" | Operator: \"Greater than\" | Actual: 17.65724282748207 | Result: ✅ MATCH","timestamp":"2026-07-11 13:23:28"}
{"level":"info","message":"   -> 🔍 Scan [meta-header] | Target: \"keyword\" (containing) | Operator: \"contains\" | Actual: [Content length: 7926] | Result: ❌ NO MATCH","timestamp":"2026-07-11 13:23:28"}
{"level":"info","message":"   -> 🔍 Scan [meta-header-length] | Target: \"160\" | Operator: \"Greater than\" | Actual: 160 | Result: ❌ NO MATCH","timestamp":"2026-07-11 13:23:28"}
{"level":"info","message":"   -> 🔍 Scan [page-html] | Target: \"<script>\" (containing) | Operator: \"contains\" | Actual: [Content length: 7926] | Result: ✅ MATCH","timestamp":"2026-07-11 13:23:28"}
{"level":"info","message":"   -> 🔍 Scan [text] | Target: \"jewellery\" (containing) | Operator: \"contains\" | Actual: [Content length: 7926] | Result: ✅ MATCH","timestamp":"2026-07-11 13:23:28"}
{"level":"info","message":"   -> 🔍 Scan [page-title] | Target: \"jewellery\" (containing) | Operator: \"contains\" | Actual: \"Jewellery Software | Jewellery\" | Result: ✅ MATCH","timestamp":"2026-07-11 13:23:28"}
{"level":"info","message":"   -> 🔍 Scan [page-title-length] | Target: \"60\" | Operator: \"Greater than\" | Actual: 60 | Result: ❌ NO MATCH","timestamp":"2026-07-11 13:23:28"}
{"level":"info","message":"   -> 🔍 Scan [page-url] | Target: \"shop\" (containing) | Operator: \"contains\" | Actual: \"https://omunim.com/signin\" | Result: ❌ NO MATCH","timestamp":"2026-07-11 13:23:28"}
{"level":"info","message":"   -> 🔍 Scan [link] | Target: \"contact\" (containing) | Operator: \"contains\" | Actual: [46 links] | Result: ✅ MATCH","timestamp":"2026-07-11 13:23:28"}
{"level":"info","message":"   -> 🔍 Scan [link-text] | Target: \"buy\" (containing) | Operator: \"contains\" | Actual: [46 links] | Result: ❌ NO MATCH","timestamp":"2026-07-11 13:23:28"}
{"level":"info","message":"   -> 🔍 Scan [link-text-length] | Target: \"50\" | Operator: \"Greater than\" | Actual: [46 links] | Result: ❌ NO MATCH","timestamp":"2026-07-11 13:23:28"}
{"level":"info","message":"   -> 🔍 Scan [file-size] | Target: \"5\" (MB) | Operator: \"Greater than\" | Actual: 1512.212890625 | Result: ❌ NO MATCH","timestamp":"2026-07-11 13:23:28"}
{"level":"info","message":"   -> 🔍 Scan [image-size] | Target: \"100\" (KB) | Operator: \"Greater than\" | Actual: [22 images] | Result: ✅ MATCH","timestamp":"2026-07-11 13:23:28"}
{"level":"info","message":"   -> 🔍 Scan [image-text] | Target: \"logo\" (containing) | Operator: \"contains\" | Actual: [22 images] | Result: ❌ NO MATCH","timestamp":"2026-07-11 13:23:28"}
{"level":"info","message":"   -> 🔍 Scan [image-text-length] | Target: \"100\" | Operator: \"Greater than\" | Actual: [22 images] | Result: ❌ NO MATCH","timestamp":"2026-07-11 13:23:28"}
{"level":"info","message":"   -> 🔍 Scan [external-link-count] | Target: \"10\" | Operator: \"Greater than\" | Actual: 14 | Result: ✅ MATCH","timestamp":"2026-07-11 13:23:28"}
{"level":"info","message":"   -> 🔍 Scan [incoming-link-count] | Target: \"5\" | Operator: \"Greater than\" | Actual: 18 | Result: ✅ MATCH","timestamp":"2026-07-11 13:23:28"}
{"level":"info","message":"   -> 🔍 Scan [heading-text] | Target: \"price\" (containing) | Operator: \"contains\" | Actual: [2 headings] | Result: ❌ NO MATCH","timestamp":"2026-07-11 13:23:28"}
{"level":"info","message":"   -> 🔍 Scan [header-text-length] | Target: \"80\" | Operator: \"Greater than\" | Actual: [2 headings] | Result: ❌ NO MATCH","timestamp":"2026-07-11 13:23:28"}
{"level":"info","message":"   -> 🔍 Scan [readability-level] | Target: \"12\" | Operator: \"Greater than\" | Actual: 17.65724282748207 | Result: ✅ MATCH","timestamp":"2026-07-11 13:23:28"}
{"level":"info","message":"   -> 🔍 Scan [meta-header] | Target: \"keyword\" (containing) | Operator: \"contains\" | Actual: [Content length: 7926] | Result: ❌ NO MATCH","timestamp":"2026-07-11 13:23:28"}
{"level":"info","message":"   -> 🔍 Scan [meta-header-length] | Target: \"160\" | Operator: \"Greater than\" | Actual: 160 | Result: ❌ NO MATCH","timestamp":"2026-07-11 13:23:28"}
{"level":"info","message":"   -> 🔍 Scan [page-html] | Target: \"<script>\" (containing) | Operator: \"contains\" | Actual: [Content length: 7926] | Result: ✅ MATCH","timestamp":"2026-07-11 13:23:28"}
{"level":"info","message":"   -> 🔍 Scan [meta-header-length] | Target: \"160\" | Operator: \"Greater than\" | Actual: 160 | Result: ❌ NO MATCH","timestamp":"2026-07-11 13:23:28"}
{"level":"info","message":"   -> 🔍 Scan [text] | Target: \"jewellery\" (containing) | Operator: \"contains\" | Actual: [Content length: 14709] | Result: ✅ MATCH","timestamp":"2026-07-11 13:23:28"}
{"level":"info","message":"   -> 🔍 Scan [image-size] | Target: \"100\" (KB) | Operator: \"Greater than\" | Actual: [53 images] | Result: ✅ MATCH","timestamp":"2026-07-11 13:23:28"}
{"level":"info","message":"   -> 🔍 Scan [text] | Target: \"jewellery\" (containing) | Operator: \"contains\" | Actual: [Content length: 14709] | Result: ✅ MATCH","timestamp":"2026-07-11 13:23:28"}
{"level":"info","message":"   -> 🔍 Scan [page-title] | Target: \"jewellery\" (containing) | Operator: \"contains\" | Actual: \"Jewellery Billing Software | R\" | Result: ✅ MATCH","timestamp":"2026-07-11 13:23:28"}
{"level":"info","message":"   -> 🔍 Scan [page-title-length] | Target: \"60\" | Operator: \"Greater than\" | Actual: 60 | Result: ❌ NO MATCH","timestamp":"2026-07-11 13:23:28"}
{"level":"info","message":"   -> 🔍 Scan [page-url] | Target: \"shop\" (containing) | Operator: \"contains\" | Actual: \"https://omunim.com/jewellery-billing-software\" | Result: ❌ NO MATCH","timestamp":"2026-07-11 13:23:28"}
{"level":"info","message":"   -> 🔍 Scan [link] | Target: \"contact\" (containing) | Operator: \"contains\" | Actual: [50 links] | Result: ✅ MATCH","timestamp":"2026-07-11 13:23:28"}
{"level":"info","message":"   -> 🔍 Scan [link-text] | Target: \"buy\" (containing) | Operator: \"contains\" | Actual: [50 links] | Result: ❌ NO MATCH","timestamp":"2026-07-11 13:23:28"}
{"level":"info","message":"   -> 🔍 Scan [link-text-length] | Target: \"50\" | Operator: \"Greater than\" | Actual: [50 links] | Result: ❌ NO MATCH","timestamp":"2026-07-11 13:23:28"}
{"level":"info","message":"   -> 🔍 Scan [file-size] | Target: \"5\" (MB) | Operator: \"Greater than\" | Actual: 3002.990234375 | Result: ❌ NO MATCH","timestamp":"2026-07-11 13:23:28"}
{"level":"info","message":"   -> 🔍 Scan [image-size] | Target: \"100\" (KB) | Operator: \"Greater than\" | Actual: [53 images] | Result: ✅ MATCH","timestamp":"2026-07-11 13:23:28"}
{"level":"info","message":"   -> 🔍 Scan [image-text] | Target: \"logo\" (containing) | Operator: \"contains\" | Actual: [53 images] | Result: ❌ NO MATCH","timestamp":"2026-07-11 13:23:28"}
{"level":"info","message":"   -> 🔍 Scan [image-text-length] | Target: \"100\" | Operator: \"Greater than\" | Actual: [53 images] | Result: ❌ NO MATCH","timestamp":"2026-07-11 13:23:28"}
{"level":"info","message":"   -> 🔍 Scan [external-link-count] | Target: \"10\" | Operator: \"Greater than\" | Actual: 14 | Result: ✅ MATCH","timestamp":"2026-07-11 13:23:28"}
{"level":"info","message":"   -> 🔍 Scan [incoming-link-count] | Target: \"5\" | Operator: \"Greater than\" | Actual: 19 | Result: ✅ MATCH","timestamp":"2026-07-11 13:23:28"}
{"level":"info","message":"   -> 🔍 Scan [heading-text] | Target: \"price\" (containing) | Operator: \"contains\" | Actual: [21 headings] | Result: ❌ NO MATCH","timestamp":"2026-07-11 13:23:28"}
{"level":"info","message":"   -> 🔍 Scan [header-text-length] | Target: \"80\" | Operator: \"Greater than\" | Actual: [21 headings] | Result: ❌ NO MATCH","timestamp":"2026-07-11 13:23:28"}
{"level":"info","message":"   -> 🔍 Scan [readability-level] | Target: \"12\" | Operator: \"Greater than\" | Actual: 15.340077021822854 | Result: ✅ MATCH","timestamp":"2026-07-11 13:23:28"}
{"level":"info","message":"   -> 🔍 Scan [meta-header] | Target: \"keyword\" (containing) | Operator: \"contains\" | Actual: [Content length: 14709] | Result: ❌ NO MATCH","timestamp":"2026-07-11 13:23:28"}
{"level":"info","message":"   -> 🔍 Scan [meta-header-length] | Target: \"160\" | Operator: \"Greater than\" | Actual: 160 | Result: ❌ NO MATCH","timestamp":"2026-07-11 13:23:28"}
{"level":"info","message":"   -> 🔍 Scan [page-html] | Target: \"<script>\" (containing) | Operator: \"contains\" | Actual: [Content length: 14709] | Result: ✅ MATCH","timestamp":"2026-07-11 13:23:28"}
{"level":"info","message":"   -> 🔍 Scan [text] | Target: \"jewellery\" (containing) | Operator: \"contains\" | Actual: [Content length: 14709] | Result: ✅ MATCH","timestamp":"2026-07-11 13:23:28"}
{"level":"info","message":"   -> 🔍 Scan [page-title] | Target: \"jewellery\" (containing) | Operator: \"contains\" | Actual: \"Jewellery Billing Software | R\" | Result: ✅ MATCH","timestamp":"2026-07-11 13:23:28"}
{"level":"info","message":"   -> 🔍 Scan [page-title-length] | Target: \"60\" | Operator: \"Greater than\" | Actual: 60 | Result: ❌ NO MATCH","timestamp":"2026-07-11 13:23:28"}
{"level":"info","message":"   -> 🔍 Scan [page-url] | Target: \"shop\" (containing) | Operator: \"contains\" | Actual: \"https://omunim.com/jewellery-billing-software\" | Result: ❌ NO MATCH","timestamp":"2026-07-11 13:23:28"}
{"level":"info","message":"   -> 🔍 Scan [link] | Target: \"contact\" (containing) | Operator: \"contains\" | Actual: [50 links] | Result: ✅ MATCH","timestamp":"2026-07-11 13:23:28"}
{"level":"info","message":"   -> 🔍 Scan [link-text] | Target: \"buy\" (containing) | Operator: \"contains\" | Actual: [50 links] | Result: ❌ NO MATCH","timestamp":"2026-07-11 13:23:28"}
{"level":"info","message":"   -> 🔍 Scan [link-text-length] | Target: \"50\" | Operator: \"Greater than\" | Actual: [50 links] | Result: ❌ NO MATCH","timestamp":"2026-07-11 13:23:28"}
{"level":"info","message":"   -> 🔍 Scan [file-size] | Target: \"5\" (MB) | Operator: \"Greater than\" | Actual: 3002.990234375 | Result: ❌ NO MATCH","timestamp":"2026-07-11 13:23:28"}
{"level":"info","message":"   -> 🔍 Scan [image-size] | Target: \"100\" (KB) | Operator: \"Greater than\" | Actual: [53 images] | Result: ✅ MATCH","timestamp":"2026-07-11 13:23:28"}
{"level":"info","message":"   -> 🔍 Scan [image-text] | Target: \"logo\" (containing) | Operator: \"contains\" | Actual: [53 images] | Result: ❌ NO MATCH","timestamp":"2026-07-11 13:23:28"}
{"level":"info","message":"   -> 🔍 Scan [image-text-length] | Target: \"100\" | Operator: \"Greater than\" | Actual: [53 images] | Result: ❌ NO MATCH","timestamp":"2026-07-11 13:23:28"}
{"level":"info","message":"   -> 🔍 Scan [external-link-count] | Target: \"10\" | Operator: \"Greater than\" | Actual: 14 | Result: ✅ MATCH","timestamp":"2026-07-11 13:23:28"}
{"level":"info","message":"   -> 🔍 Scan [incoming-link-count] | Target: \"5\" | Operator: \"Greater than\" | Actual: 19 | Result: ✅ MATCH","timestamp":"2026-07-11 13:23:28"}
{"level":"info","message":"   -> 🔍 Scan [heading-text] | Target: \"price\" (containing) | Operator: \"contains\" | Actual: [21 headings] | Result: ❌ NO MATCH","timestamp":"2026-07-11 13:23:28"}
{"level":"info","message":"   -> 🔍 Scan [header-text-length] | Target: \"80\" | Operator: \"Greater than\" | Actual: [21 headings] | Result: ❌ NO MATCH","timestamp":"2026-07-11 13:23:28"}
{"level":"info","message":"   -> 🔍 Scan [readability-level] | Target: \"12\" | Operator: \"Greater than\" | Actual: 15.340077021822854 | Result: ✅ MATCH","timestamp":"2026-07-11 13:23:28"}
{"level":"info","message":"   -> 🔍 Scan [meta-header] | Target: \"keyword\" (containing) | Operator: \"contains\" | Actual: [Content length: 14709] | Result: ❌ NO MATCH","timestamp":"2026-07-11 13:23:28"}
{"level":"info","message":"   -> 🔍 Scan [meta-header-length] | Target: \"160\" | Operator: \"Greater than\" | Actual: 160 | Result: ❌ NO MATCH","timestamp":"2026-07-11 13:23:28"}
{"level":"info","message":"   -> 🔍 Scan [page-html] | Target: \"<script>\" (containing) | Operator: \"contains\" | Actual: [Content length: 14709] | Result: ✅ MATCH","timestamp":"2026-07-11 13:23:28"}
{"level":"info","message":"   -> 🔍 Scan [meta-header-length] | Target: \"160\" | Operator: \"Greater than\" | Actual: 160 | Result: ❌ NO MATCH","timestamp":"2026-07-11 13:23:28"}
{"level":"info","message":"✅ [https://omunim.com/] Saved 4 pages to database tenant_sbi.","timestamp":"2026-07-11 13:23:29"}
{"level":"info","message":"🚨 [https://omunim.com/] Saved 10 policy hits to database tenant_sbi.","timestamp":"2026-07-11 13:23:29"}
{"level":"info","message":"📊 [https://omunim.com/] Domain summary created in tenant_sbi. Final Score: 32","timestamp":"2026-07-11 13:23:29"}
{"level":"info","message":"📋 [omunim.com] Compiling detailed audit data snapshot for jobId: 2-1783756192149...","timestamp":"2026-07-11 13:23:29"}
{"level":"info","message":"💾 [omunim.com] Saved complete Audit details & summary snap to DB for jobId: 2-1783756192149","timestamp":"2026-07-11 13:23:29"}
{"level":"info","message":"📋 [omunim.com] QA scan saved: 4 pages, jobId 2-1783756192149","timestamp":"2026-07-11 13:23:30"}
{"level":"info","message":"♿ [omunim.com] Starting Accessibility scan for 4 pages...","timestamp":"2026-07-11 13:23:30"}
{"level":"info","message":"♿ [omunim.com] Axe-core scanned 4/4","timestamp":"2026-07-11 13:23:38"}
{"level":"info","message":"✅ [omunim.com] Accessibility scan saved: 4 pages, jobId 2-1783756192149","timestamp":"2026-07-11 13:23:39"}
{"level":"info","message":"📦 [https://omunim.com/] Enqueued Inventory scan for scanId: 6a51f68333bbcd0fe4eef06f","timestamp":"2026-07-11 13:23:39"}
{"level":"info","message":"Job 2 (https://omunim.com/) completed successfully.","timestamp":"2026-07-11 13:23:39"}
{"level":"info","message":"[Job 8] 🔍 Starting scan for: https://jewellmaster.com","timestamp":"2026-07-11 13:23:39"}
{"level":"info","message":"[https://jewellmaster.com] Checking domain status for ID: 6a086772439e555ef5630506. Found: true, Deleted: false, Archived: false, Status: active","timestamp":"2026-07-11 13:23:39"}
{"level":"info","message":"🔍 [Crawl] Queue: 0 | Visited: 1 | Scanning: https://jewellmaster.com/","timestamp":"2026-07-11 13:23:40"}
{"level":"info","message":"🔍 [Domain: jewellmaster.com] [Page 1/10] Scanning: https://jewellmaster.com/","timestamp":"2026-07-11 13:23:40"}
{"level":"info","message":"✅ [PageSpeed API] Score for https://omunim.com/signin: 64","timestamp":"2026-07-11 13:23:43"}
{"level":"info","message":"📊 [Lighthouse] Results for https://omunim.com/signin: Performance: 64, SEO: 92, Accessibility: 87","timestamp":"2026-07-11 13:23:43"}
{"level":"info","message":"🔍 [Domain: omunim.com] [Page 3/4] Found 18 internal links on https://omunim.com/signin","timestamp":"2026-07-11 13:23:43"}
{"level":"info","message":"🔍 [Crawl] Queue: 17 | Visited: 4 | Scanning: https://omunim.com/jewellery-billing-software","timestamp":"2026-07-11 13:23:43"}
{"level":"info","message":"🔍 [Domain: omunim.com] [Page 4/4] Scanning: https://omunim.com/jewellery-billing-software","timestamp":"2026-07-11 13:23:43"}
{"level":"info","message":"✅ [PageSpeed API] Score for https://jewellmaster.com/features/crm-customer-management: 82","timestamp":"2026-07-11 13:23:44"}
{"level":"info","message":"📊 [Lighthouse] Results for https://jewellmaster.com/features/crm-customer-management: Performance: 82, SEO: 100, Accessibility: 93","timestamp":"2026-07-11 13:23:44"}
{"level":"info","message":"🔍 [Domain: jewellmaster.com] [Page 6/10] Found 11 internal links on https://jewellmaster.com/features/crm-customer-management","timestamp":"2026-07-11 13:23:44"}
{"level":"info","message":"🔍 [Crawl] Queue: 5 | Visited: 7 | Scanning: https://jewellmaster.com/features/accounting-financial-management","timestamp":"2026-07-11 13:23:44"}
{"level":"info","message":"🔍 [Domain: jewellmaster.com] [Page 7/10] Scanning: https://jewellmaster.com/features/accounting-financial-management","timestamp":"2026-07-11 13:23:44"}
{"level":"info","message":"🔍 [Scraper] HTML length: 50096 | Body length: 14709 | Total <a> tags: 50","timestamp":"2026-07-11 13:23:48"}
{"level":"info","message":"🔗 [Link Extraction] Page: https://omunim.com/jewellery-billing-software | hostNorm: omunim.com | Found 50 total links (19 internal)","timestamp":"2026-07-11 13:23:48"}
{"level":"info","message":"🔍 [Scraper] HTML length: 25930 | Body length: 14998 | Total <a> tags: 11","timestamp":"2026-07-11 13:23:48"}
{"level":"info","message":"🔗 [Link Extraction] Page: https://jewellmaster.com/features/accounting-financial-management | hostNorm: jewellmaster.com | Found 11 total links (11 internal)","timestamp":"2026-07-11 13:23:48"}
{"level":"info","message":"🚀 [PageSpeed API] Fetching metrics for https://jewellmaster.com/features/accounting-financial-management...","timestamp":"2026-07-11 13:23:51"}
{"level":"info","message":"🚀 [PageSpeed API] Fetching metrics for https://omunim.com/jewellery-billing-software...","timestamp":"2026-07-11 13:23:56"}
{"level":"info","message":"✅ [PageSpeed API] Score for https://omunim.com/jewellery-billing-software: 56","timestamp":"2026-07-11 13:23:56"}
{"level":"info","message":"📊 [Lighthouse] Results for https://omunim.com/jewellery-billing-software: Performance: 56, SEO: 92, Accessibility: 91","timestamp":"2026-07-11 13:23:56"}
{"level":"info","message":"🔍 [Domain: omunim.com] [Page 4/4] Found 19 internal links on https://omunim.com/jewellery-billing-software","timestamp":"2026-07-11 13:23:57"}
{"level":"info","message":"[https://omunim.com/] Evaluating 5 policies against 4 pages.","timestamp":"2026-07-11 13:23:57"}
{"level":"info","message":"   -> 🔍 Scan [text] | Target: \"jewellery\" (containing) | Operator: \"contains\" | Actual: [Content length: 20116] | Result: ✅ MATCH","timestamp":"2026-07-11 13:23:57"}
{"level":"info","message":"   -> 🔍 Scan [image-size] | Target: \"100\" (KB) | Operator: \"Greater than\" | Actual: [104 images] | Result: ❌ NO MATCH","timestamp":"2026-07-11 13:23:57"}
{"level":"info","message":"   -> 🔍 Scan [text] | Target: \"jewellery\" (containing) | Operator: \"contains\" | Actual: [Content length: 20116] | Result: ✅ MATCH","timestamp":"2026-07-11 13:23:57"}
{"level":"info","message":"   -> 🔍 Scan [page-title] | Target: \"jewellery\" (containing) | Operator: \"contains\" | Actual: \"Jewellery Software | Jewellery\" | Result: ✅ MATCH","timestamp":"2026-07-11 13:23:57"}
{"level":"info","message":"   -> 🔍 Scan [page-title-length] | Target: \"60\" | Operator: \"Greater than\" | Actual: 60 | Result: ❌ NO MATCH","timestamp":"2026-07-11 13:23:57"}
{"level":"info","message":"   -> 🔍 Scan [page-url] | Target: \"shop\" (containing) | Operator: \"contains\" | Actual: \"https://omunim.com/\" | Result: ❌ NO MATCH","timestamp":"2026-07-11 13:23:57"}
{"level":"info","message":"   -> 🔍 Scan [link] | Target: \"contact\" (containing) | Operator: \"contains\" | Actual: [67 links] | Result: ✅ MATCH","timestamp":"2026-07-11 13:23:57"}
{"level":"info","message":"   -> 🔍 Scan [link-text] | Target: \"buy\" (containing) | Operator: \"contains\" | Actual: [67 links] | Result: ❌ NO MATCH","timestamp":"2026-07-11 13:23:57"}
{"level":"info","message":"   -> 🔍 Scan [link-text-length] | Target: \"50\" | Operator: \"Greater than\" | Actual: [67 links] | Result: ✅ MATCH","timestamp":"2026-07-11 13:23:57"}
{"level":"info","message":"   -> 🔍 Scan [file-size] | Target: \"5\" (MB) | Operator: \"Greater than\" | Actual: 2094.1650390625 | Result: ❌ NO MATCH","timestamp":"2026-07-11 13:23:57"}
{"level":"info","message":"   -> 🔍 Scan [image-size] | Target: \"100\" (KB) | Operator: \"Greater than\" | Actual: [104 images] | Result: ❌ NO MATCH","timestamp":"2026-07-11 13:23:57"}
{"level":"info","message":"   -> 🔍 Scan [image-text] | Target: \"logo\" (containing) | Operator: \"contains\" | Actual: [104 images] | Result: ❌ NO MATCH","timestamp":"2026-07-11 13:23:57"}
{"level":"info","message":"   -> 🔍 Scan [image-text-length] | Target: \"100\" | Operator: \"Greater than\" | Actual: [104 images] | Result: ❌ NO MATCH","timestamp":"2026-07-11 13:23:57"}
{"level":"info","message":"   -> 🔍 Scan [external-link-count] | Target: \"10\" | Operator: \"Greater than\" | Actual: 18 | Result: ✅ MATCH","timestamp":"2026-07-11 13:23:57"}
{"level":"info","message":"   -> 🔍 Scan [incoming-link-count] | Target: \"5\" | Operator: \"Greater than\" | Actual: 21 | Result: ✅ MATCH","timestamp":"2026-07-11 13:23:57"}
{"level":"info","message":"   -> 🔍 Scan [heading-text] | Target: \"price\" (containing) | Operator: \"contains\" | Actual: [9 headings] | Result: ❌ NO MATCH","timestamp":"2026-07-11 13:23:57"}
{"level":"info","message":"   -> 🔍 Scan [header-text-length] | Target: \"80\" | Operator: \"Greater than\" | Actual: [9 headings] | Result: ❌ NO MATCH","timestamp":"2026-07-11 13:23:57"}
{"level":"info","message":"   -> 🔍 Scan [readability-level] | Target: \"12\" | Operator: \"Greater than\" | Actual: 13.029312766226646 | Result: ✅ MATCH","timestamp":"2026-07-11 13:23:57"}
{"level":"info","message":"   -> 🔍 Scan [meta-header] | Target: \"keyword\" (containing) | Operator: \"contains\" | Actual: [Content length: 20116] | Result: ❌ NO MATCH","timestamp":"2026-07-11 13:23:57"}
{"level":"info","message":"   -> 🔍 Scan [meta-header-length] | Target: \"160\" | Operator: \"Greater than\" | Actual: 160 | Result: ❌ NO MATCH","timestamp":"2026-07-11 13:23:57"}
{"level":"info","message":"   -> 🔍 Scan [page-html] | Target: \"<script>\" (containing) | Operator: \"contains\" | Actual: [Content length: 20116] | Result: ✅ MATCH","timestamp":"2026-07-11 13:23:57"}
{"level":"info","message":"   -> 🔍 Scan [text] | Target: \"jewellery\" (containing) | Operator: \"contains\" | Actual: [Content length: 20116] | Result: ✅ MATCH","timestamp":"2026-07-11 13:23:57"}
{"level":"info","message":"   -> 🔍 Scan [page-title] | Target: \"jewellery\" (containing) | Operator: \"contains\" | Actual: \"Jewellery Software | Jewellery\" | Result: ✅ MATCH","timestamp":"2026-07-11 13:23:57"}
{"level":"info","message":"   -> 🔍 Scan [page-title-length] | Target: \"60\" | Operator: \"Greater than\" | Actual: 60 | Result: ❌ NO MATCH","timestamp":"2026-07-11 13:23:57"}
{"level":"info","message":"   -> 🔍 Scan [page-url] | Target: \"shop\" (containing) | Operator: \"contains\" | Actual: \"https://omunim.com/\" | Result: ❌ NO MATCH","timestamp":"2026-07-11 13:23:57"}
{"level":"info","message":"   -> 🔍 Scan [link] | Target: \"contact\" (containing) | Operator: \"contains\" | Actual: [67 links] | Result: ✅ MATCH","timestamp":"2026-07-11 13:23:57"}
{"level":"info","message":"   -> 🔍 Scan [link-text] | Target: \"buy\" (containing) | Operator: \"contains\" | Actual: [67 links] | Result: ❌ NO MATCH","timestamp":"2026-07-11 13:23:57"}
{"level":"info","message":"   -> 🔍 Scan [link-text-length] | Target: \"50\" | Operator: \"Greater than\" | Actual: [67 links] | Result: ✅ MATCH","timestamp":"2026-07-11 13:23:57"}
{"level":"info","message":"   -> 🔍 Scan [file-size] | Target: \"5\" (MB) | Operator: \"Greater than\" | Actual: 2094.1650390625 | Result: ❌ NO MATCH","timestamp":"2026-07-11 13:23:57"}
{"level":"info","message":"   -> 🔍 Scan [image-size] | Target: \"100\" (KB) | Operator: \"Greater than\" | Actual: [104 images] | Result: ❌ NO MATCH","timestamp":"2026-07-11 13:23:57"}
{"level":"info","message":"   -> 🔍 Scan [image-text] | Target: \"logo\" (containing) | Operator: \"contains\" | Actual: [104 images] | Result: ❌ NO MATCH","timestamp":"2026-07-11 13:23:57"}
{"level":"info","message":"   -> 🔍 Scan [image-text-length] | Target: \"100\" | Operator: \"Greater than\" | Actual: [104 images] | Result: ❌ NO MATCH","timestamp":"2026-07-11 13:23:57"}
{"level":"info","message":"   -> 🔍 Scan [external-link-count] | Target: \"10\" | Operator: \"Greater than\" | Actual: 18 | Result: ✅ MATCH","timestamp":"2026-07-11 13:23:57"}
{"level":"info","message":"   -> 🔍 Scan [incoming-link-count] | Target: \"5\" | Operator: \"Greater than\" | Actual: 21 | Result: ✅ MATCH","timestamp":"2026-07-11 13:23:57"}
{"level":"info","message":"   -> 🔍 Scan [heading-text] | Target: \"price\" (containing) | Operator: \"contains\" | Actual: [9 headings] | Result: ❌ NO MATCH","timestamp":"2026-07-11 13:23:57"}
{"level":"info","message":"   -> 🔍 Scan [header-text-length] | Target: \"80\" | Operator: \"Greater than\" | Actual: [9 headings] | Result: ❌ NO MATCH","timestamp":"2026-07-11 13:23:57"}
{"level":"info","message":"   -> 🔍 Scan [readability-level] | Target: \"12\" | Operator: \"Greater than\" | Actual: 13.029312766226646 | Result: ✅ MATCH","timestamp":"2026-07-11 13:23:57"}
{"level":"info","message":"   -> 🔍 Scan [meta-header] | Target: \"keyword\" (containing) | Operator: \"contains\" | Actual: [Content length: 20116] | Result: ❌ NO MATCH","timestamp":"2026-07-11 13:23:57"}
{"level":"info","message":"   -> 🔍 Scan [meta-header-length] | Target: \"160\" | Operator: \"Greater than\" | Actual: 160 | Result: ❌ NO MATCH","timestamp":"2026-07-11 13:23:57"}
{"level":"info","message":"   -> 🔍 Scan [page-html] | Target: \"<script>\" (containing) | Operator: \"contains\" | Actual: [Content length: 20116] | Result: ✅ MATCH","timestamp":"2026-07-11 13:23:57"}
{"level":"info","message":"   -> 🔍 Scan [meta-header-length] | Target: \"160\" | Operator: \"Greater than\" | Actual: 160 | Result: ❌ NO MATCH","timestamp":"2026-07-11 13:23:57"}
{"level":"info","message":"   -> 🔍 Scan [text] | Target: \"jewellery\" (containing) | Operator: \"contains\" | Actual: [Content length: 20116] | Result: ✅ MATCH","timestamp":"2026-07-11 13:23:57"}
{"level":"info","message":"   -> 🔍 Scan [image-size] | Target: \"100\" (KB) | Operator: \"Greater than\" | Actual: [104 images] | Result: ❌ NO MATCH","timestamp":"2026-07-11 13:23:57"}
{"level":"info","message":"   -> 🔍 Scan [text] | Target: \"jewellery\" (containing) | Operator: \"contains\" | Actual: [Content length: 20116] | Result: ✅ MATCH","timestamp":"2026-07-11 13:23:57"}
{"level":"info","message":"   -> 🔍 Scan [page-title] | Target: \"jewellery\" (containing) | Operator: \"contains\" | Actual: \"Jewellery Software | Jewellery\" | Result: ✅ MATCH","timestamp":"2026-07-11 13:23:57"}
{"level":"info","message":"   -> 🔍 Scan [page-title-length] | Target: \"60\" | Operator: \"Greater than\" | Actual: 60 | Result: ❌ NO MATCH","timestamp":"2026-07-11 13:23:57"}
{"level":"info","message":"   -> 🔍 Scan [page-url] | Target: \"shop\" (containing) | Operator: \"contains\" | Actual: \"https://omunim.com/jewellery-software\" | Result: ❌ NO MATCH","timestamp":"2026-07-11 13:23:57"}
{"level":"info","message":"   -> 🔍 Scan [link] | Target: \"contact\" (containing) | Operator: \"contains\" | Actual: [67 links] | Result: ✅ MATCH","timestamp":"2026-07-11 13:23:57"}
{"level":"info","message":"   -> 🔍 Scan [link-text] | Target: \"buy\" (containing) | Operator: \"contains\" | Actual: [67 links] | Result: ❌ NO MATCH","timestamp":"2026-07-11 13:23:57"}
{"level":"info","message":"   -> 🔍 Scan [link-text-length] | Target: \"50\" | Operator: \"Greater than\" | Actual: [67 links] | Result: ✅ MATCH","timestamp":"2026-07-11 13:23:57"}
{"level":"info","message":"   -> 🔍 Scan [file-size] | Target: \"5\" (MB) | Operator: \"Greater than\" | Actual: 2095.4501953125 | Result: ❌ NO MATCH","timestamp":"2026-07-11 13:23:57"}
{"level":"info","message":"   -> 🔍 Scan [image-size] | Target: \"100\" (KB) | Operator: \"Greater than\" | Actual: [104 images] | Result: ❌ NO MATCH","timestamp":"2026-07-11 13:23:57"}
{"level":"info","message":"   -> 🔍 Scan [image-text] | Target: \"logo\" (containing) | Operator: \"contains\" | Actual: [104 images] | Result: ❌ NO MATCH","timestamp":"2026-07-11 13:23:57"}
{"level":"info","message":"   -> 🔍 Scan [image-text-length] | Target: \"100\" | Operator: \"Greater than\" | Actual: [104 images] | Result: ❌ NO MATCH","timestamp":"2026-07-11 13:23:57"}
{"level":"info","message":"   -> 🔍 Scan [external-link-count] | Target: \"10\" | Operator: \"Greater than\" | Actual: 18 | Result: ✅ MATCH","timestamp":"2026-07-11 13:23:57"}
{"level":"info","message":"   -> 🔍 Scan [incoming-link-count] | Target: \"5\" | Operator: \"Greater than\" | Actual: 21 | Result: ✅ MATCH","timestamp":"2026-07-11 13:23:57"}
{"level":"info","message":"   -> 🔍 Scan [heading-text] | Target: \"price\" (containing) | Operator: \"contains\" | Actual: [9 headings] | Result: ❌ NO MATCH","timestamp":"2026-07-11 13:23:57"}
{"level":"info","message":"   -> 🔍 Scan [header-text-length] | Target: \"80\" | Operator: \"Greater than\" | Actual: [9 headings] | Result: ❌ NO MATCH","timestamp":"2026-07-11 13:23:57"}
{"level":"info","message":"   -> 🔍 Scan [readability-level] | Target: \"12\" | Operator: \"Greater than\" | Actual: 13.029312766226646 | Result: ✅ MATCH","timestamp":"2026-07-11 13:23:57"}
{"level":"info","message":"   -> 🔍 Scan [meta-header] | Target: \"keyword\" (containing) | Operator: \"contains\" | Actual: [Content length: 20116] | Result: ❌ NO MATCH","timestamp":"2026-07-11 13:23:57"}
{"level":"info","message":"   -> 🔍 Scan [meta-header-length] | Target: \"160\" | Operator: \"Greater than\" | Actual: 160 | Result: ❌ NO MATCH","timestamp":"2026-07-11 13:23:57"}
{"level":"info","message":"   -> 🔍 Scan [page-html] | Target: \"<script>\" (containing) | Operator: \"contains\" | Actual: [Content length: 20116] | Result: ✅ MATCH","timestamp":"2026-07-11 13:23:57"}
{"level":"info","message":"   -> 🔍 Scan [text] | Target: \"jewellery\" (containing) | Operator: \"contains\" | Actual: [Content length: 20116] | Result: ✅ MATCH","timestamp":"2026-07-11 13:23:57"}
{"level":"info","message":"   -> 🔍 Scan [page-title] | Target: \"jewellery\" (containing) | Operator: \"contains\" | Actual: \"Jewellery Software | Jewellery\" | Result: ✅ MATCH","timestamp":"2026-07-11 13:23:57"}
{"level":"info","message":"   -> 🔍 Scan [page-title-length] | Target: \"60\" | Operator: \"Greater than\" | Actual: 60 | Result: ❌ NO MATCH","timestamp":"2026-07-11 13:23:57"}
{"level":"info","message":"   -> 🔍 Scan [page-url] | Target: \"shop\" (containing) | Operator: \"contains\" | Actual: \"https://omunim.com/jewellery-software\" | Result: ❌ NO MATCH","timestamp":"2026-07-11 13:23:57"}
{"level":"info","message":"   -> 🔍 Scan [link] | Target: \"contact\" (containing) | Operator: \"contains\" | Actual: [67 links] | Result: ✅ MATCH","timestamp":"2026-07-11 13:23:57"}
{"level":"info","message":"   -> 🔍 Scan [link-text] | Target: \"buy\" (containing) | Operator: \"contains\" | Actual: [67 links] | Result: ❌ NO MATCH","timestamp":"2026-07-11 13:23:57"}
{"level":"info","message":"   -> 🔍 Scan [link-text-length] | Target: \"50\" | Operator: \"Greater than\" | Actual: [67 links] | Result: ✅ MATCH","timestamp":"2026-07-11 13:23:57"}
{"level":"info","message":"   -> 🔍 Scan [file-size] | Target: \"5\" (MB) | Operator: \"Greater than\" | Actual: 2095.4501953125 | Result: ❌ NO MATCH","timestamp":"2026-07-11 13:23:57"}
{"level":"info","message":"   -> 🔍 Scan [image-size] | Target: \"100\" (KB) | Operator: \"Greater than\" | Actual: [104 images] | Result: ❌ NO MATCH","timestamp":"2026-07-11 13:23:57"}
{"level":"info","message":"   -> 🔍 Scan [image-text] | Target: \"logo\" (containing) | Operator: \"contains\" | Actual: [104 images] | Result: ❌ NO MATCH","timestamp":"2026-07-11 13:23:57"}
{"level":"info","message":"   -> 🔍 Scan [image-text-length] | Target: \"100\" | Operator: \"Greater than\" | Actual: [104 images] | Result: ❌ NO MATCH","timestamp":"2026-07-11 13:23:57"}
{"level":"info","message":"   -> 🔍 Scan [external-link-count] | Target: \"10\" | Operator: \"Greater than\" | Actual: 18 | Result: ✅ MATCH","timestamp":"2026-07-11 13:23:57"}
{"level":"info","message":"   -> 🔍 Scan [incoming-link-count] | Target: \"5\" | Operator: \"Greater than\" | Actual: 21 | Result: ✅ MATCH","timestamp":"2026-07-11 13:23:57"}
{"level":"info","message":"   -> 🔍 Scan [heading-text] | Target: \"price\" (containing) | Operator: \"contains\" | Actual: [9 headings] | Result: ❌ NO MATCH","timestamp":"2026-07-11 13:23:57"}
{"level":"info","message":"   -> 🔍 Scan [header-text-length] | Target: \"80\" | Operator: \"Greater than\" | Actual: [9 headings] | Result: ❌ NO MATCH","timestamp":"2026-07-11 13:23:57"}
{"level":"info","message":"   -> 🔍 Scan [readability-level] | Target: \"12\" | Operator: \"Greater than\" | Actual: 13.029312766226646 | Result: ✅ MATCH","timestamp":"2026-07-11 13:23:57"}
{"level":"info","message":"   -> 🔍 Scan [meta-header] | Target: \"keyword\" (containing) | Operator: \"contains\" | Actual: [Content length: 20116] | Result: ❌ NO MATCH","timestamp":"2026-07-11 13:23:57"}
{"level":"info","message":"   -> 🔍 Scan [meta-header-length] | Target: \"160\" | Operator: \"Greater than\" | Actual: 160 | Result: ❌ NO MATCH","timestamp":"2026-07-11 13:23:57"}
{"level":"info","message":"   -> 🔍 Scan [page-html] | Target: \"<script>\" (containing) | Operator: \"contains\" | Actual: [Content length: 20116] | Result: ✅ MATCH","timestamp":"2026-07-11 13:23:57"}
{"level":"info","message":"   -> 🔍 Scan [meta-header-length] | Target: \"160\" | Operator: \"Greater than\" | Actual: 160 | Result: ❌ NO MATCH","timestamp":"2026-07-11 13:23:57"}
{"level":"info","message":"   -> 🔍 Scan [text] | Target: \"jewellery\" (containing) | Operator: \"contains\" | Actual: [Content length: 7926] | Result: ✅ MATCH","timestamp":"2026-07-11 13:23:57"}
{"level":"info","message":"   -> 🔍 Scan [image-size] | Target: \"100\" (KB) | Operator: \"Greater than\" | Actual: [22 images] | Result: ✅ MATCH","timestamp":"2026-07-11 13:23:57"}
{"level":"info","message":"   -> 🔍 Scan [text] | Target: \"jewellery\" (containing) | Operator: \"contains\" | Actual: [Content length: 7926] | Result: ✅ MATCH","timestamp":"2026-07-11 13:23:57"}
{"level":"info","message":"   -> 🔍 Scan [page-title] | Target: \"jewellery\" (containing) | Operator: \"contains\" | Actual: \"Jewellery Software | Jewellery\" | Result: ✅ MATCH","timestamp":"2026-07-11 13:23:57"}
{"level":"info","message":"   -> 🔍 Scan [page-title-length] | Target: \"60\" | Operator: \"Greater than\" | Actual: 60 | Result: ❌ NO MATCH","timestamp":"2026-07-11 13:23:57"}
{"level":"info","message":"   -> 🔍 Scan [page-url] | Target: \"shop\" (containing) | Operator: \"contains\" | Actual: \"https://omunim.com/signin\" | Result: ❌ NO MATCH","timestamp":"2026-07-11 13:23:57"}
{"level":"info","message":"   -> 🔍 Scan [link] | Target: \"contact\" (containing) | Operator: \"contains\" | Actual: [46 links] | Result: ✅ MATCH","timestamp":"2026-07-11 13:23:57"}
{"level":"info","message":"   -> 🔍 Scan [link-text] | Target: \"buy\" (containing) | Operator: \"contains\" | Actual: [46 links] | Result: ❌ NO MATCH","timestamp":"2026-07-11 13:23:57"}
{"level":"info","message":"   -> 🔍 Scan [link-text-length] | Target: \"50\" | Operator: \"Greater than\" | Actual: [46 links] | Result: ❌ NO MATCH","timestamp":"2026-07-11 13:23:57"}
{"level":"info","message":"   -> 🔍 Scan [file-size] | Target: \"5\" (MB) | Operator: \"Greater than\" | Actual: 1510.8935546875 | Result: ❌ NO MATCH","timestamp":"2026-07-11 13:23:57"}
{"level":"info","message":"   -> 🔍 Scan [image-size] | Target: \"100\" (KB) | Operator: \"Greater than\" | Actual: [22 images] | Result: ✅ MATCH","timestamp":"2026-07-11 13:23:57"}
{"level":"info","message":"   -> 🔍 Scan [image-text] | Target: \"logo\" (containing) | Operator: \"contains\" | Actual: [22 images] | Result: ❌ NO MATCH","timestamp":"2026-07-11 13:23:57"}
{"level":"info","message":"   -> 🔍 Scan [image-text-length] | Target: \"100\" | Operator: \"Greater than\" | Actual: [22 images] | Result: ❌ NO MATCH","timestamp":"2026-07-11 13:23:57"}
{"level":"info","message":"   -> 🔍 Scan [external-link-count] | Target: \"10\" | Operator: \"Greater than\" | Actual: 14 | Result: ✅ MATCH","timestamp":"2026-07-11 13:23:57"}
{"level":"info","message":"   -> 🔍 Scan [incoming-link-count] | Target: \"5\" | Operator: \"Greater than\" | Actual: 18 | Result: ✅ MATCH","timestamp":"2026-07-11 13:23:57"}
{"level":"info","message":"   -> 🔍 Scan [heading-text] | Target: \"price\" (containing) | Operator: \"contains\" | Actual: [2 headings] | Result: ❌ NO MATCH","timestamp":"2026-07-11 13:23:57"}
{"level":"info","message":"   -> 🔍 Scan [header-text-length] | Target: \"80\" | Operator: \"Greater than\" | Actual: [2 headings] | Result: ❌ NO MATCH","timestamp":"2026-07-11 13:23:57"}
{"level":"info","message":"   -> 🔍 Scan [readability-level] | Target: \"12\" | Operator: \"Greater than\" | Actual: 17.65724282748207 | Result: ✅ MATCH","timestamp":"2026-07-11 13:23:57"}
{"level":"info","message":"   -> 🔍 Scan [meta-header] | Target: \"keyword\" (containing) | Operator: \"contains\" | Actual: [Content length: 7926] | Result: ❌ NO MATCH","timestamp":"2026-07-11 13:23:57"}
{"level":"info","message":"   -> 🔍 Scan [meta-header-length] | Target: \"160\" | Operator: \"Greater than\" | Actual: 160 | Result: ❌ NO MATCH","timestamp":"2026-07-11 13:23:57"}
{"level":"info","message":"   -> 🔍 Scan [page-html] | Target: \"<script>\" (containing) | Operator: \"contains\" | Actual: [Content length: 7926] | Result: ✅ MATCH","timestamp":"2026-07-11 13:23:57"}
{"level":"info","message":"   -> 🔍 Scan [text] | Target: \"jewellery\" (containing) | Operator: \"contains\" | Actual: [Content length: 7926] | Result: ✅ MATCH","timestamp":"2026-07-11 13:23:57"}
{"level":"info","message":"   -> 🔍 Scan [page-title] | Target: \"jewellery\" (containing) | Operator: \"contains\" | Actual: \"Jewellery Software | Jewellery\" | Result: ✅ MATCH","timestamp":"2026-07-11 13:23:57"}
{"level":"info","message":"   -> 🔍 Scan [page-title-length] | Target: \"60\" | Operator: \"Greater than\" | Actual: 60 | Result: ❌ NO MATCH","timestamp":"2026-07-11 13:23:57"}
{"level":"info","message":"   -> 🔍 Scan [page-url] | Target: \"shop\" (containing) | Operator: \"contains\" | Actual: \"https://omunim.com/signin\" | Result: ❌ NO MATCH","timestamp":"2026-07-11 13:23:57"}
{"level":"info","message":"   -> 🔍 Scan [link] | Target: \"contact\" (containing) | Operator: \"contains\" | Actual: [46 links] | Result: ✅ MATCH","timestamp":"2026-07-11 13:23:57"}
{"level":"info","message":"   -> 🔍 Scan [link-text] | Target: \"buy\" (containing) | Operator: \"contains\" | Actual: [46 links] | Result: ❌ NO MATCH","timestamp":"2026-07-11 13:23:57"}
{"level":"info","message":"   -> 🔍 Scan [link-text-length] | Target: \"50\" | Operator: \"Greater than\" | Actual: [46 links] | Result: ❌ NO MATCH","timestamp":"2026-07-11 13:23:57"}
{"level":"info","message":"   -> 🔍 Scan [file-size] | Target: \"5\" (MB) | Operator: \"Greater than\" | Actual: 1510.8935546875 | Result: ❌ NO MATCH","timestamp":"2026-07-11 13:23:57"}
{"level":"info","message":"   -> 🔍 Scan [image-size] | Target: \"100\" (KB) | Operator: \"Greater than\" | Actual: [22 images] | Result: ✅ MATCH","timestamp":"2026-07-11 13:23:57"}
{"level":"info","message":"   -> 🔍 Scan [image-text] | Target: \"logo\" (containing) | Operator: \"contains\" | Actual: [22 images] | Result: ❌ NO MATCH","timestamp":"2026-07-11 13:23:57"}
{"level":"info","message":"   -> 🔍 Scan [image-text-length] | Target: \"100\" | Operator: \"Greater than\" | Actual: [22 images] | Result: ❌ NO MATCH","timestamp":"2026-07-11 13:23:57"}
{"level":"info","message":"   -> 🔍 Scan [external-link-count] | Target: \"10\" | Operator: \"Greater than\" | Actual: 14 | Result: ✅ MATCH","timestamp":"2026-07-11 13:23:57"}
{"level":"info","message":"   -> 🔍 Scan [incoming-link-count] | Target: \"5\" | Operator: \"Greater than\" | Actual: 18 | Result: ✅ MATCH","timestamp":"2026-07-11 13:23:57"}
{"level":"info","message":"   -> 🔍 Scan [heading-text] | Target: \"price\" (containing) | Operator: \"contains\" | Actual: [2 headings] | Result: ❌ NO MATCH","timestamp":"2026-07-11 13:23:57"}
{"level":"info","message":"   -> 🔍 Scan [header-text-length] | Target: \"80\" | Operator: \"Greater than\" | Actual: [2 headings] | Result: ❌ NO MATCH","timestamp":"2026-07-11 13:23:57"}
{"level":"info","message":"   -> 🔍 Scan [readability-level] | Target: \"12\" | Operator: \"Greater than\" | Actual: 17.65724282748207 | Result: ✅ MATCH","timestamp":"2026-07-11 13:23:57"}
{"level":"info","message":"   -> 🔍 Scan [meta-header] | Target: \"keyword\" (containing) | Operator: \"contains\" | Actual: [Content length: 7926] | Result: ❌ NO MATCH","timestamp":"2026-07-11 13:23:57"}
{"level":"info","message":"   -> 🔍 Scan [meta-header-length] | Target: \"160\" | Operator: \"Greater than\" | Actual: 160 | Result: ❌ NO MATCH","timestamp":"2026-07-11 13:23:57"}
{"level":"info","message":"   -> 🔍 Scan [page-html] | Target: \"<script>\" (containing) | Operator: \"contains\" | Actual: [Content length: 7926] | Result: ✅ MATCH","timestamp":"2026-07-11 13:23:57"}
{"level":"info","message":"   -> 🔍 Scan [meta-header-length] | Target: \"160\" | Operator: \"Greater than\" | Actual: 160 | Result: ❌ NO MATCH","timestamp":"2026-07-11 13:23:57"}
{"level":"info","message":"   -> 🔍 Scan [text] | Target: \"jewellery\" (containing) | Operator: \"contains\" | Actual: [Content length: 14709] | Result: ✅ MATCH","timestamp":"2026-07-11 13:23:57"}
{"level":"info","message":"   -> 🔍 Scan [image-size] | Target: \"100\" (KB) | Operator: \"Greater than\" | Actual: [53 images] | Result: ✅ MATCH","timestamp":"2026-07-11 13:23:57"}
{"level":"info","message":"   -> 🔍 Scan [text] | Target: \"jewellery\" (containing) | Operator: \"contains\" | Actual: [Content length: 14709] | Result: ✅ MATCH","timestamp":"2026-07-11 13:23:57"}
{"level":"info","message":"   -> 🔍 Scan [page-title] | Target: \"jewellery\" (containing) | Operator: \"contains\" | Actual: \"Jewellery Billing Software | R\" | Result: ✅ MATCH","timestamp":"2026-07-11 13:23:57"}
{"level":"info","message":"   -> 🔍 Scan [page-title-length] | Target: \"60\" | Operator: \"Greater than\" | Actual: 60 | Result: ❌ NO MATCH","timestamp":"2026-07-11 13:23:57"}
{"level":"info","message":"   -> 🔍 Scan [page-url] | Target: \"shop\" (containing) | Operator: \"contains\" | Actual: \"https://omunim.com/jewellery-billing-software\" | Result: ❌ NO MATCH","timestamp":"2026-07-11 13:23:57"}
{"level":"info","message":"   -> 🔍 Scan [link] | Target: \"contact\" (containing) | Operator: \"contains\" | Actual: [50 links] | Result: ✅ MATCH","timestamp":"2026-07-11 13:23:57"}
{"level":"info","message":"   -> 🔍 Scan [link-text] | Target: \"buy\" (containing) | Operator: \"contains\" | Actual: [50 links] | Result: ❌ NO MATCH","timestamp":"2026-07-11 13:23:57"}
{"level":"info","message":"   -> 🔍 Scan [link-text-length] | Target: \"50\" | Operator: \"Greater than\" | Actual: [50 links] | Result: ❌ NO MATCH","timestamp":"2026-07-11 13:23:57"}
{"level":"info","message":"   -> 🔍 Scan [file-size] | Target: \"5\" (MB) | Operator: \"Greater than\" | Actual: 3002.990234375 | Result: ❌ NO MATCH","timestamp":"2026-07-11 13:23:57"}
{"level":"info","message":"   -> 🔍 Scan [image-size] | Target: \"100\" (KB) | Operator: \"Greater than\" | Actual: [53 images] | Result: ✅ MATCH","timestamp":"2026-07-11 13:23:57"}
{"level":"info","message":"   -> 🔍 Scan [image-text] | Target: \"logo\" (containing) | Operator: \"contains\" | Actual: [53 images] | Result: ❌ NO MATCH","timestamp":"2026-07-11 13:23:57"}
{"level":"info","message":"   -> 🔍 Scan [image-text-length] | Target: \"100\" | Operator: \"Greater than\" | Actual: [53 images] | Result: ❌ NO MATCH","timestamp":"2026-07-11 13:23:57"}
{"level":"info","message":"   -> 🔍 Scan [external-link-count] | Target: \"10\" | Operator: \"Greater than\" | Actual: 14 | Result: ✅ MATCH","timestamp":"2026-07-11 13:23:57"}
{"level":"info","message":"   -> 🔍 Scan [incoming-link-count] | Target: \"5\" | Operator: \"Greater than\" | Actual: 19 | Result: ✅ MATCH","timestamp":"2026-07-11 13:23:57"}
{"level":"info","message":"   -> 🔍 Scan [heading-text] | Target: \"price\" (containing) | Operator: \"contains\" | Actual: [21 headings] | Result: ❌ NO MATCH","timestamp":"2026-07-11 13:23:57"}
{"level":"info","message":"   -> 🔍 Scan [header-text-length] | Target: \"80\" | Operator: \"Greater than\" | Actual: [21 headings] | Result: ❌ NO MATCH","timestamp":"2026-07-11 13:23:57"}
{"level":"info","message":"   -> 🔍 Scan [readability-level] | Target: \"12\" | Operator: \"Greater than\" | Actual: 15.340077021822854 | Result: ✅ MATCH","timestamp":"2026-07-11 13:23:57"}
{"level":"info","message":"   -> 🔍 Scan [meta-header] | Target: \"keyword\" (containing) | Operator: \"contains\" | Actual: [Content length: 14709] | Result: ❌ NO MATCH","timestamp":"2026-07-11 13:23:57"}
{"level":"info","message":"   -> 🔍 Scan [meta-header-length] | Target: \"160\" | Operator: \"Greater than\" | Actual: 160 | Result: ❌ NO MATCH","timestamp":"2026-07-11 13:23:57"}
{"level":"info","message":"   -> 🔍 Scan [page-html] | Target: \"<script>\" (containing) | Operator: \"contains\" | Actual: [Content length: 14709] | Result: ✅ MATCH","timestamp":"2026-07-11 13:23:57"}
{"level":"info","message":"   -> 🔍 Scan [text] | Target: \"jewellery\" (containing) | Operator: \"contains\" | Actual: [Content length: 14709] | Result: ✅ MATCH","timestamp":"2026-07-11 13:23:57"}
{"level":"info","message":"   -> 🔍 Scan [page-title] | Target: \"jewellery\" (containing) | Operator: \"contains\" | Actual: \"Jewellery Billing Software | R\" | Result: ✅ MATCH","timestamp":"2026-07-11 13:23:57"}
{"level":"info","message":"   -> 🔍 Scan [page-title-length] | Target: \"60\" | Operator: \"Greater than\" | Actual: 60 | Result: ❌ NO MATCH","timestamp":"2026-07-11 13:23:57"}
{"level":"info","message":"   -> 🔍 Scan [page-url] | Target: \"shop\" (containing) | Operator: \"contains\" | Actual: \"https://omunim.com/jewellery-billing-software\" | Result: ❌ NO MATCH","timestamp":"2026-07-11 13:23:57"}
{"level":"info","message":"   -> 🔍 Scan [link] | Target: \"contact\" (containing) | Operator: \"contains\" | Actual: [50 links] | Result: ✅ MATCH","timestamp":"2026-07-11 13:23:57"}
{"level":"info","message":"   -> 🔍 Scan [link-text] | Target: \"buy\" (containing) | Operator: \"contains\" | Actual: [50 links] | Result: ❌ NO MATCH","timestamp":"2026-07-11 13:23:57"}
{"level":"info","message":"   -> 🔍 Scan [link-text-length] | Target: \"50\" | Operator: \"Greater than\" | Actual: [50 links] | Result: ❌ NO MATCH","timestamp":"2026-07-11 13:23:57"}
{"level":"info","message":"   -> 🔍 Scan [file-size] | Target: \"5\" (MB) | Operator: \"Greater than\" | Actual: 3002.990234375 | Result: ❌ NO MATCH","timestamp":"2026-07-11 13:23:57"}
{"level":"info","message":"   -> 🔍 Scan [image-size] | Target: \"100\" (KB) | Operator: \"Greater than\" | Actual: [53 images] | Result: ✅ MATCH","timestamp":"2026-07-11 13:23:57"}
{"level":"info","message":"   -> 🔍 Scan [image-text] | Target: \"logo\" (containing) | Operator: \"contains\" | Actual: [53 images] | Result: ❌ NO MATCH","timestamp":"2026-07-11 13:23:57"}
{"level":"info","message":"   -> 🔍 Scan [image-text-length] | Target: \"100\" | Operator: \"Greater than\" | Actual: [53 images] | Result: ❌ NO MATCH","timestamp":"2026-07-11 13:23:57"}
{"level":"info","message":"   -> 🔍 Scan [external-link-count] | Target: \"10\" | Operator: \"Greater than\" | Actual: 14 | Result: ✅ MATCH","timestamp":"2026-07-11 13:23:57"}
{"level":"info","message":"   -> 🔍 Scan [incoming-link-count] | Target: \"5\" | Operator: \"Greater than\" | Actual: 19 | Result: ✅ MATCH","timestamp":"2026-07-11 13:23:57"}
{"level":"info","message":"   -> 🔍 Scan [heading-text] | Target: \"price\" (containing) | Operator: \"contains\" | Actual: [21 headings] | Result: ❌ NO MATCH","timestamp":"2026-07-11 13:23:57"}
{"level":"info","message":"   -> 🔍 Scan [header-text-length] | Target: \"80\" | Operator: \"Greater than\" | Actual: [21 headings] | Result: ❌ NO MATCH","timestamp":"2026-07-11 13:23:57"}
{"level":"info","message":"   -> 🔍 Scan [readability-level] | Target: \"12\" | Operator: \"Greater than\" | Actual: 15.340077021822854 | Result: ✅ MATCH","timestamp":"2026-07-11 13:23:57"}
{"level":"info","message":"   -> 🔍 Scan [meta-header] | Target: \"keyword\" (containing) | Operator: \"contains\" | Actual: [Content length: 14709] | Result: ❌ NO MATCH","timestamp":"2026-07-11 13:23:57"}
{"level":"info","message":"   -> 🔍 Scan [meta-header-length] | Target: \"160\" | Operator: \"Greater than\" | Actual: 160 | Result: ❌ NO MATCH","timestamp":"2026-07-11 13:23:57"}
{"level":"info","message":"   -> 🔍 Scan [page-html] | Target: \"<script>\" (containing) | Operator: \"contains\" | Actual: [Content length: 14709] | Result: ✅ MATCH","timestamp":"2026-07-11 13:23:57"}
{"level":"info","message":"   -> 🔍 Scan [meta-header-length] | Target: \"160\" | Operator: \"Greater than\" | Actual: 160 | Result: ❌ NO MATCH","timestamp":"2026-07-11 13:23:57"}
{"level":"info","message":"✅ [https://omunim.com/] Saved 4 pages to database tenant_sbi.","timestamp":"2026-07-11 13:23:57"}
{"level":"info","message":"🚨 [https://omunim.com/] Saved 10 policy hits to database tenant_sbi.","timestamp":"2026-07-11 13:23:57"}
{"level":"info","message":"📊 [https://omunim.com/] Domain summary created in tenant_sbi. Final Score: 35","timestamp":"2026-07-11 13:23:58"}
{"level":"info","message":"📋 [omunim.com] Compiling detailed audit data snapshot for jobId: 7-1783756298930...","timestamp":"2026-07-11 13:23:58"}
{"level":"info","message":"💾 [omunim.com] Saved complete Audit details & summary snap to DB for jobId: 7-1783756298930","timestamp":"2026-07-11 13:23:58"}
{"level":"info","message":"🔍 [Scraper] HTML length: 59435 | Body length: 24991 | Total <a> tags: 3","timestamp":"2026-07-11 13:23:59"}
{"level":"info","message":"🔗 [Link Extraction] Page: https://jewellmaster.com/ | hostNorm: jewellmaster.com | Found 3 total links (2 internal)","timestamp":"2026-07-11 13:23:59"}
{"level":"info","message":"📋 [omunim.com] QA scan saved: 4 pages, jobId 7-1783756298930","timestamp":"2026-07-11 13:23:59"}
{"level":"info","message":"♿ [omunim.com] Starting Accessibility scan for 4 pages...","timestamp":"2026-07-11 13:23:59"}
{"level":"info","message":"🚀 [PageSpeed API] Fetching metrics for https://jewellmaster.com/...","timestamp":"2026-07-11 13:24:01"}
{"level":"info","message":"✅ [PageSpeed API] Score for https://jewellmaster.com/features/accounting-financial-management: 88","timestamp":"2026-07-11 13:24:05"}
{"level":"info","message":"📊 [Lighthouse] Results for https://jewellmaster.com/features/accounting-financial-management: Performance: 88, SEO: 100, Accessibility: 93","timestamp":"2026-07-11 13:24:05"}
{"level":"info","message":"🔍 [Domain: jewellmaster.com] [Page 7/10] Found 11 internal links on https://jewellmaster.com/features/accounting-financial-management","timestamp":"2026-07-11 13:24:05"}
{"level":"info","message":"🔍 [Crawl] Queue: 4 | Visited: 8 | Scanning: https://jewellmaster.com/features/ai-powered-reports","timestamp":"2026-07-11 13:24:05"}
{"level":"info","message":"🔍 [Domain: jewellmaster.com] [Page 8/10] Scanning: https://jewellmaster.com/features/ai-powered-reports","timestamp":"2026-07-11 13:24:05"}
{"level":"info","message":"♿ [omunim.com] Axe-core scanned 4/4","timestamp":"2026-07-11 13:24:09"}
{"level":"info","message":"✅ [omunim.com] Accessibility scan saved: 4 pages, jobId 7-1783756298930","timestamp":"2026-07-11 13:24:11"}
{"level":"info","message":"📦 [https://omunim.com/] Enqueued Inventory scan for scanId: 6a51f6a333bbcd0fe4ef0ab7","timestamp":"2026-07-11 13:24:11"}
{"level":"info","message":"Job 7 (https://omunim.com/) completed successfully.","timestamp":"2026-07-11 13:24:11"}
{"level":"info","message":"[Job 9] 📋 Starting inventory scan for: https://omunim.com/","timestamp":"2026-07-11 13:24:11"}
{"level":"info","message":"[Inventory Scan] Starting background scan for scanId: 6a51f68333bbcd0fe4eef06f, domain: https://omunim.com/","timestamp":"2026-07-11 13:24:11"}
{"level":"info","message":"[Inventory Scan] Loaded 1 disallow rules from robots.txt","timestamp":"2026-07-11 13:24:11"}
{"level":"info","message":"[Inventory Scan] Scanning batch of size 1. Visited total: 1","timestamp":"2026-07-11 13:24:11"}
{"level":"info","message":"[Inventory Scan Progress] 📈 Scanned Page: https://omunim.com/ | Progress: 99%","timestamp":"2026-07-11 13:24:12"}
{"level":"info","message":"   └── 📦 Assets Discovered -> Pages: 1 | Images: 94 | CSS: 3 | JS: 5 | Docs: 0 | Emails: 1 | Headlinks: 11","timestamp":"2026-07-11 13:24:12"}
{"level":"info","message":"[Inventory Scan] Scanning batch of size 5. Visited total: 6","timestamp":"2026-07-11 13:24:12"}
{"level":"info","message":"[Inventory Scan Progress] 📈 Scanned Page: https://omunim.com/jewellery-billing-software | Progress: 99%","timestamp":"2026-07-11 13:24:13"}
{"level":"info","message":"   └── 📦 Assets Discovered -> Pages: 6 | Images: 361 | CSS: 34 | JS: 33 | Docs: 0 | Emails: 5 | Headlinks: 50","timestamp":"2026-07-11 13:24:13"}
{"level":"info","message":"[Inventory Scan Progress] 📈 Scanned Page: https://omunim.com/jewellery-mobile-app | Progress: 99%","timestamp":"2026-07-11 13:24:13"}
{"level":"info","message":"   └── 📦 Assets Discovered -> Pages: 6 | Images: 361 | CSS: 34 | JS: 33 | Docs: 0 | Emails: 5 | Headlinks: 50","timestamp":"2026-07-11 13:24:13"}
{"level":"info","message":"[Inventory Scan Progress] 📈 Scanned Page: https://omunim.com/gold-loan-software | Progress: 99%","timestamp":"2026-07-11 13:24:13"}
{"level":"info","message":"   └── 📦 Assets Discovered -> Pages: 6 | Images: 361 | CSS: 34 | JS: 33 | Docs: 0 | Emails: 6 | Headlinks: 61","timestamp":"2026-07-11 13:24:13"}
{"level":"info","message":"[Inventory Scan Progress] 📈 Scanned Page: https://omunim.com/signin | Progress: 99%","timestamp":"2026-07-11 13:24:13"}
{"level":"info","message":"   └── 📦 Assets Discovered -> Pages: 6 | Images: 361 | CSS: 34 | JS: 33 | Docs: 0 | Emails: 6 | Headlinks: 61","timestamp":"2026-07-11 13:24:13"}
{"level":"info","message":"[Inventory Scan Progress] 📈 Scanned Page: https://omunim.com/jewellery-software | Progress: 99%","timestamp":"2026-07-11 13:24:13"}
{"level":"info","message":"   └── 📦 Assets Discovered -> Pages: 6 | Images: 361 | CSS: 34 | JS: 33 | Docs: 0 | Emails: 6 | Headlinks: 61","timestamp":"2026-07-11 13:24:13"}
{"level":"info","message":"[Inventory Scan] Scanning batch of size 5. Visited total: 11","timestamp":"2026-07-11 13:24:13"}
{"level":"info","message":"[Inventory Scan Progress] 📈 Scanned Page: https://omunim.com/ecommerce | Progress: 99%","timestamp":"2026-07-11 13:24:14"}
{"level":"info","message":"   └── 📦 Assets Discovered -> Pages: 11 | Images: 591 | CSS: 76 | JS: 57 | Docs: 0 | Emails: 10 | Headlinks: 99","timestamp":"2026-07-11 13:24:14"}
{"level":"info","message":"[Inventory Scan Progress] 📈 Scanned Page: https://omunim.com/jewellery-billing-software-free | Progress: 99%","timestamp":"2026-07-11 13:24:14"}
{"level":"info","message":"   └── 📦 Assets Discovered -> Pages: 11 | Images: 591 | CSS: 76 | JS: 61 | Docs: 0 | Emails: 10 | Headlinks: 99","timestamp":"2026-07-11 13:24:14"}
{"level":"info","message":"[Inventory Scan Progress] 📈 Scanned Page: https://omunim.com/jewellery-videos | Progress: 99%","timestamp":"2026-07-11 13:24:14"}
{"level":"info","message":"   └── 📦 Assets Discovered -> Pages: 11 | Images: 591 | CSS: 76 | JS: 61 | Docs: 0 | Emails: 10 | Headlinks: 99","timestamp":"2026-07-11 13:24:14"}
{"level":"info","message":"[Inventory Scan Progress] 📈 Scanned Page: https://omunim.com/best-jewellery-software | Progress: 99%","timestamp":"2026-07-11 13:24:14"}
{"level":"info","message":"   └── 📦 Assets Discovered -> Pages: 11 | Images: 591 | CSS: 76 | JS: 61 | Docs: 0 | Emails: 10 | Headlinks: 99","timestamp":"2026-07-11 13:24:14"}
{"level":"info","message":"[Inventory Scan Progress] 📈 Scanned Page: https://omunim.com/all-features | Progress: 99%","timestamp":"2026-07-11 13:24:14"}
{"level":"info","message":"   └── 📦 Assets Discovered -> Pages: 11 | Images: 591 | CSS: 76 | JS: 61 | Docs: 0 | Emails: 11 | Headlinks: 108","timestamp":"2026-07-11 13:24:14"}
{"level":"info","message":"[Inventory Scan] Scanning batch of size 5. Visited total: 16","timestamp":"2026-07-11 13:24:14"}
{"level":"info","message":"[Inventory Scan Progress] 📈 Scanned Page: https://omunim.com/downloads | Progress: 99%","timestamp":"2026-07-11 13:24:15"}
{"level":"info","message":"   └── 📦 Assets Discovered -> Pages: 16 | Images: 724 | CSS: 84 | JS: 81 | Docs: 0 | Emails: 14 | Headlinks: 111","timestamp":"2026-07-11 13:24:15"}
{"level":"info","message":"[Inventory Scan Progress] 📈 Scanned Page: https://omunim.com/aboutus | Progress: 99%","timestamp":"2026-07-11 13:24:15"}
{"level":"info","message":"   └── 📦 Assets Discovered -> Pages: 16 | Images: 724 | CSS: 84 | JS: 85 | Docs: 0 | Emails: 15 | Headlinks: 111","timestamp":"2026-07-11 13:24:15"}
{"level":"info","message":"[Inventory Scan Progress] 📈 Scanned Page: https://omunim.com/contactus | Progress: 99%","timestamp":"2026-07-11 13:24:16"}
{"level":"info","message":"   └── 📦 Assets Discovered -> Pages: 16 | Images: 724 | CSS: 84 | JS: 85 | Docs: 0 | Emails: 16 | Headlinks: 121","timestamp":"2026-07-11 13:24:16"}
{"level":"info","message":"[Inventory Scan Progress] 📈 Scanned Page: https://omunim.com/top-10-jewellery-software | Progress: 99%","timestamp":"2026-07-11 13:24:16"}
{"level":"info","message":"   └── 📦 Assets Discovered -> Pages: 16 | Images: 724 | CSS: 84 | JS: 85 | Docs: 0 | Emails: 16 | Headlinks: 121","timestamp":"2026-07-11 13:24:16"}
{"level":"info","message":"[Inventory Scan Progress] 📈 Scanned Page: https://omunim.com/career | Progress: 99%","timestamp":"2026-07-11 13:24:16"}
{"level":"info","message":"   └── 📦 Assets Discovered -> Pages: 16 | Images: 724 | CSS: 84 | JS: 85 | Docs: 0 | Emails: 16 | Headlinks: 121","timestamp":"2026-07-11 13:24:16"}
{"level":"info","message":"[Inventory Scan] Scanning batch of size 5. Visited total: 21","timestamp":"2026-07-11 13:24:16"}
{"level":"info","message":"[Inventory Scan Progress] 📈 Scanned Page: https://omunim.com/faq | Progress: 99%","timestamp":"2026-07-11 13:24:17"}
{"level":"info","message":"   └── 📦 Assets Discovered -> Pages: 21 | Images: 824 | CSS: 95 | JS: 100 | Docs: 0 | Emails: 20 | Headlinks: 143","timestamp":"2026-07-11 13:24:17"}
{"level":"info","message":"[Inventory Scan Progress] 📈 Scanned Page: https://omunim.com/terms | Progress: 99%","timestamp":"2026-07-11 13:24:17"}
{"level":"info","message":"   └── 📦 Assets Discovered -> Pages: 21 | Images: 824 | CSS: 95 | JS: 104 | Docs: 0 | Emails: 20 | Headlinks: 143","timestamp":"2026-07-11 13:24:17"}
{"level":"info","message":"[Inventory Scan Progress] 📈 Scanned Page: https://omunim.com/privacypolicy | Progress: 99%","timestamp":"2026-07-11 13:24:17"}
{"level":"info","message":"   └── 📦 Assets Discovered -> Pages: 21 | Images: 824 | CSS: 95 | JS: 104 | Docs: 0 | Emails: 20 | Headlinks: 143","timestamp":"2026-07-11 13:24:17"}
{"level":"info","message":"[Inventory Scan Progress] 📈 Scanned Page: https://omunim.com/site-map | Progress: 99%","timestamp":"2026-07-11 13:24:17"}
{"level":"info","message":"   └── 📦 Assets Discovered -> Pages: 21 | Images: 824 | CSS: 95 | JS: 104 | Docs: 0 | Emails: 20 | Headlinks: 143","timestamp":"2026-07-11 13:24:17"}
{"level":"info","message":"[Inventory Scan Progress] 📈 Scanned Page: https://omunim.com/feedback | Progress: 99%","timestamp":"2026-07-11 13:24:17"}
{"level":"info","message":"   └── 📦 Assets Discovered -> Pages: 21 | Images: 824 | CSS: 95 | JS: 104 | Docs: 0 | Emails: 21 | Headlinks: 144","timestamp":"2026-07-11 13:24:17"}
{"level":"info","message":"[Inventory Scan] Scanning batch of size 2. Visited total: 23","timestamp":"2026-07-11 13:24:17"}
{"level":"info","message":"[Inventory Scan Progress] 📈 Scanned Page: https://omunim.com/jewellery_billing_software_free | Progress: 99%","timestamp":"2026-07-11 13:24:17"}
{"level":"info","message":"   └── 📦 Assets Discovered -> Pages: 23 | Images: 930 | CSS: 112 | JS: 116 | Docs: 0 | Emails: 23 | Headlinks: 154","timestamp":"2026-07-11 13:24:17"}
{"level":"info","message":"[Inventory Scan Progress] 📈 Scanned Page: https://omunim.com/rfid | Progress: 99%","timestamp":"2026-07-11 13:24:18"}
{"level":"info","message":"   └── 📦 Assets Discovered -> Pages: 23 | Images: 930 | CSS: 112 | JS: 116 | Docs: 0 | Emails: 23 | Headlinks: 163","timestamp":"2026-07-11 13:24:18"}
{"level":"info","message":"[Inventory Scan] Scanning batch of size 1. Visited total: 24","timestamp":"2026-07-11 13:24:18"}
{"level":"info","message":"[Inventory Scan Progress] 📈 Scanned Page: https://omunim.com/rfid-for-jewellery | Progress: 99%","timestamp":"2026-07-11 13:24:18"}
{"level":"info","message":"   └── 📦 Assets Discovered -> Pages: 24 | Images: 975 | CSS: 120 | JS: 120 | Docs: 0 | Emails: 24 | Headlinks: 172","timestamp":"2026-07-11 13:24:18"}
{"level":"info","message":"[Inventory Scan Completed] ✅ Crawl finished successfully in 7731ms!","timestamp":"2026-07-11 13:24:18"}
{"level":"info","message":"   └── 📊 Final Inventory Totals -> Pages: 24 | Images: 975 | CSS: 120 | JS: 120 | Docs: 0 | Emails: 24 | Headlinks: 172","timestamp":"2026-07-11 13:24:18"}
{"level":"info","message":"Job 9 (undefined) completed successfully.","timestamp":"2026-07-11 13:24:18"}
{"level":"info","message":"[Job repeat:c10eea93bf68cc56fd5c63b351df3d32:1783756320000] 🚀 Executing scheduled global orchestration...","timestamp":"2026-07-11 13:24:18"}
{"level":"info","message":"Orchestrator: Starting global scan orchestration... ","timestamp":"2026-07-11 13:24:18"}
{"level":"info","message":"🔗 Connecting to MASTER database: master","timestamp":"2026-07-11 13:24:18"}
{"level":"info","message":"Orchestrator: Found 2 tenants to process.","timestamp":"2026-07-11 13:24:19"}
{"level":"info","message":"📁 Switching to CLIENT database: tenant_rbi (Tenant: rbi)","timestamp":"2026-07-11 13:24:19"}
{"level":"info","message":"Orchestrator: No domains found for tenant rbi (excluding those currently scanning).","timestamp":"2026-07-11 13:24:19"}
{"level":"info","message":"📁 Switching to CLIENT database: tenant_sbi (Tenant: sbi)","timestamp":"2026-07-11 13:24:19"}
{"level":"info","message":"Orchestrator: Found 1 domains for tenant sbi. Enqueueing jobs...","timestamp":"2026-07-11 13:24:19"}
{"level":"info","message":"  [1] Enqueued: https://jewellmaster.com","timestamp":"2026-07-11 13:24:19"}
{"level":"info","message":"Orchestrator: Master DB connection closed.","timestamp":"2026-07-11 13:24:19"}
{"level":"info","message":"✅ Orchestrator: Finished. Total jobs enqueued: 1","timestamp":"2026-07-11 13:24:19"}
{"level":"info","message":"Job repeat:c10eea93bf68cc56fd5c63b351df3d32:1783756320000 (Orchestrator) completed successfully.","timestamp":"2026-07-11 13:24:19"}
{"level":"info","message":"[Job 10] 📋 Starting inventory scan for: https://omunim.com/","timestamp":"2026-07-11 13:24:19"}
{"level":"info","message":"[Inventory Scan] Starting background scan for scanId: 6a51f6a333bbcd0fe4ef0ab7, domain: https://omunim.com/","timestamp":"2026-07-11 13:24:19"}
{"level":"info","message":"[Inventory Scan] Loaded 1 disallow rules from robots.txt","timestamp":"2026-07-11 13:24:19"}
{"level":"info","message":"[Inventory Scan] Scanning batch of size 1. Visited total: 1","timestamp":"2026-07-11 13:24:19"}
{"level":"info","message":"[Inventory Scan Progress] 📈 Scanned Page: https://omunim.com/ | Progress: 99%","timestamp":"2026-07-11 13:24:20"}
{"level":"info","message":"   └── 📦 Assets Discovered -> Pages: 1 | Images: 94 | CSS: 3 | JS: 5 | Docs: 0 | Emails: 1 | Headlinks: 11","timestamp":"2026-07-11 13:24:20"}
{"level":"info","message":"[Inventory Scan] Scanning batch of size 5. Visited total: 6","timestamp":"2026-07-11 13:24:20"}
{"level":"info","message":"[Inventory Scan Progress] 📈 Scanned Page: https://omunim.com/gold-loan-software | Progress: 99%","timestamp":"2026-07-11 13:24:21"}
{"level":"info","message":"   └── 📦 Assets Discovered -> Pages: 6 | Images: 361 | CSS: 34 | JS: 33 | Docs: 0 | Emails: 6 | Headlinks: 50","timestamp":"2026-07-11 13:24:21"}
{"level":"info","message":"[Inventory Scan Progress] 📈 Scanned Page: https://omunim.com/jewellery-billing-software | Progress: 99%","timestamp":"2026-07-11 13:24:21"}
{"level":"info","message":"   └── 📦 Assets Discovered -> Pages: 6 | Images: 361 | CSS: 34 | JS: 33 | Docs: 0 | Emails: 6 | Headlinks: 50","timestamp":"2026-07-11 13:24:21"}
{"level":"info","message":"[Inventory Scan Progress] 📈 Scanned Page: https://omunim.com/signin | Progress: 99%","timestamp":"2026-07-11 13:24:21"}
{"level":"info","message":"   └── 📦 Assets Discovered -> Pages: 6 | Images: 361 | CSS: 34 | JS: 33 | Docs: 0 | Emails: 6 | Headlinks: 61","timestamp":"2026-07-11 13:24:21"}
{"level":"info","message":"[Inventory Scan Progress] 📈 Scanned Page: https://omunim.com/jewellery-mobile-app | Progress: 99%","timestamp":"2026-07-11 13:24:21"}
{"level":"info","message":"   └── 📦 Assets Discovered -> Pages: 6 | Images: 361 | CSS: 34 | JS: 33 | Docs: 0 | Emails: 6 | Headlinks: 61","timestamp":"2026-07-11 13:24:21"}
{"level":"info","message":"[Inventory Scan Progress] 📈 Scanned Page: https://omunim.com/jewellery-software | Progress: 99%","timestamp":"2026-07-11 13:24:21"}
{"level":"info","message":"   └── 📦 Assets Discovered -> Pages: 6 | Images: 361 | CSS: 34 | JS: 33 | Docs: 0 | Emails: 6 | Headlinks: 61","timestamp":"2026-07-11 13:24:21"}
{"level":"info","message":"[Inventory Scan] Scanning batch of size 5. Visited total: 11","timestamp":"2026-07-11 13:24:21"}
{"level":"info","message":"[Inventory Scan Progress] 📈 Scanned Page: https://omunim.com/jewellery-videos | Progress: 99%","timestamp":"2026-07-11 13:24:22"}
{"level":"info","message":"   └── 📦 Assets Discovered -> Pages: 11 | Images: 591 | CSS: 76 | JS: 61 | Docs: 0 | Emails: 10 | Headlinks: 79","timestamp":"2026-07-11 13:24:22"}
{"level":"info","message":"[Inventory Scan Progress] 📈 Scanned Page: https://omunim.com/best-jewellery-software | Progress: 99%","timestamp":"2026-07-11 13:24:22"}
{"level":"info","message":"   └── 📦 Assets Discovered -> Pages: 11 | Images: 591 | CSS: 76 | JS: 61 | Docs: 0 | Emails: 11 | Headlinks: 108","timestamp":"2026-07-11 13:24:22"}
{"level":"info","message":"[Inventory Scan Progress] 📈 Scanned Page: https://omunim.com/ecommerce | Progress: 99%","timestamp":"2026-07-11 13:24:22"}
{"level":"info","message":"   └── 📦 Assets Discovered -> Pages: 11 | Images: 591 | CSS: 76 | JS: 61 | Docs: 0 | Emails: 11 | Headlinks: 108","timestamp":"2026-07-11 13:24:22"}
{"level":"info","message":"[Inventory Scan Progress] 📈 Scanned Page: https://omunim.com/jewellery-billing-software-free | Progress: 99%","timestamp":"2026-07-11 13:24:22"}
{"level":"info","message":"   └── 📦 Assets Discovered -> Pages: 11 | Images: 591 | CSS: 76 | JS: 61 | Docs: 0 | Emails: 11 | Headlinks: 108","timestamp":"2026-07-11 13:24:22"}
{"level":"info","message":"[Inventory Scan Progress] 📈 Scanned Page: https://omunim.com/all-features | Progress: 99%","timestamp":"2026-07-11 13:24:22"}
{"level":"info","message":"   └── 📦 Assets Discovered -> Pages: 11 | Images: 591 | CSS: 76 | JS: 61 | Docs: 0 | Emails: 11 | Headlinks: 108","timestamp":"2026-07-11 13:24:22"}
{"level":"info","message":"[Inventory Scan] Scanning batch of size 5. Visited total: 16","timestamp":"2026-07-11 13:24:22"}
{"level":"info","message":"🔍 [Scraper] HTML length: 25598 | Body length: 14839 | Total <a> tags: 11","timestamp":"2026-07-11 13:24:25"}
{"level":"info","message":"🔗 [Link Extraction] Page: https://jewellmaster.com/features/ai-powered-reports | hostNorm: jewellmaster.com | Found 11 total links (11 internal)","timestamp":"2026-07-11 13:24:25"}
{"level":"info","message":"✅ [PageSpeed API] Score for https://jewellmaster.com/: 72","timestamp":"2026-07-11 13:24:25"}
{"level":"info","message":"📊 [Lighthouse] Results for https://jewellmaster.com/: Performance: 72, SEO: 92, Accessibility: 92","timestamp":"2026-07-11 13:24:25"}
{"level":"info","message":"[Inventory Scan Progress] 📈 Scanned Page: https://omunim.com/downloads | Progress: 99%","timestamp":"2026-07-11 13:24:25"}
{"level":"info","message":"   └── 📦 Assets Discovered -> Pages: 16 | Images: 724 | CSS: 84 | JS: 85 | Docs: 0 | Emails: 16 | Headlinks: 111","timestamp":"2026-07-11 13:24:25"}
{"level":"info","message":"[Inventory Scan Progress] 📈 Scanned Page: https://omunim.com/career | Progress: 99%","timestamp":"2026-07-11 13:24:25"}
{"level":"info","message":"   └── 📦 Assets Discovered -> Pages: 16 | Images: 724 | CSS: 84 | JS: 85 | Docs: 0 | Emails: 16 | Headlinks: 121","timestamp":"2026-07-11 13:24:25"}
{"level":"info","message":"🔍 [Domain: jewellmaster.com] [Page 1/10] Found 2 internal links on https://jewellmaster.com/","timestamp":"2026-07-11 13:24:25"}
{"level":"info","message":"➕ [Queue] Adding: https://jewellmaster.com/features (targetHost: jewellmaster.com, hostNorm: jewellmaster.com)","timestamp":"2026-07-11 13:24:25"}
{"level":"info","message":"➕ [Queue] Adding: https://jewellmaster.com/demo (targetHost: jewellmaster.com, hostNorm: jewellmaster.com)","timestamp":"2026-07-11 13:24:25"}
{"level":"info","message":"🔍 [Crawl] Queue: 1 | Visited: 2 | Scanning: https://jewellmaster.com/features","timestamp":"2026-07-11 13:24:25"}
{"level":"info","message":"🔍 [Domain: jewellmaster.com] [Page 2/10] Scanning: https://jewellmaster.com/features","timestamp":"2026-07-11 13:24:25"}
{"level":"info","message":"[Inventory Scan Progress] 📈 Scanned Page: https://omunim.com/top-10-jewellery-software | Progress: 99%","timestamp":"2026-07-11 13:24:25"}
{"level":"info","message":"   └── 📦 Assets Discovered -> Pages: 16 | Images: 724 | CSS: 84 | JS: 85 | Docs: 0 | Emails: 16 | Headlinks: 121","timestamp":"2026-07-11 13:24:25"}
{"level":"info","message":"[Inventory Scan Progress] 📈 Scanned Page: https://omunim.com/aboutus | Progress: 99%","timestamp":"2026-07-11 13:24:25"}
{"level":"info","message":"   └── 📦 Assets Discovered -> Pages: 16 | Images: 724 | CSS: 84 | JS: 85 | Docs: 0 | Emails: 16 | Headlinks: 121","timestamp":"2026-07-11 13:24:25"}
{"level":"info","message":"[Inventory Scan Progress] 📈 Scanned Page: https://omunim.com/contactus | Progress: 99%","timestamp":"2026-07-11 13:24:25"}
{"level":"info","message":"   └── 📦 Assets Discovered -> Pages: 16 | Images: 724 | CSS: 84 | JS: 85 | Docs: 0 | Emails: 16 | Headlinks: 121","timestamp":"2026-07-11 13:24:25"}
{"level":"info","message":"[Inventory Scan] Scanning batch of size 5. Visited total: 21","timestamp":"2026-07-11 13:24:25"}
{"level":"info","message":"[Inventory Scan Progress] 📈 Scanned Page: https://omunim.com/terms | Progress: 99%","timestamp":"2026-07-11 13:24:26"}
{"level":"info","message":"   └── 📦 Assets Discovered -> Pages: 21 | Images: 824 | CSS: 95 | JS: 104 | Docs: 0 | Emails: 19 | Headlinks: 134","timestamp":"2026-07-11 13:24:26"}
{"level":"info","message":"[Inventory Scan Progress] 📈 Scanned Page: https://omunim.com/site-map | Progress: 99%","timestamp":"2026-07-11 13:24:26"}
{"level":"info","message":"   └── 📦 Assets Discovered -> Pages: 21 | Images: 824 | CSS: 95 | JS: 104 | Docs: 0 | Emails: 21 | Headlinks: 134","timestamp":"2026-07-11 13:24:26"}
{"level":"info","message":"[Inventory Scan Progress] 📈 Scanned Page: https://omunim.com/privacypolicy | Progress: 99%","timestamp":"2026-07-11 13:24:26"}
{"level":"info","message":"   └── 📦 Assets Discovered -> Pages: 21 | Images: 824 | CSS: 95 | JS: 104 | Docs: 0 | Emails: 21 | Headlinks: 134","timestamp":"2026-07-11 13:24:26"}
{"level":"info","message":"[Inventory Scan Progress] 📈 Scanned Page: https://omunim.com/faq | Progress: 99%","timestamp":"2026-07-11 13:24:26"}
{"level":"info","message":"   └── 📦 Assets Discovered -> Pages: 21 | Images: 824 | CSS: 95 | JS: 104 | Docs: 0 | Emails: 21 | Headlinks: 144","timestamp":"2026-07-11 13:24:26"}
{"level":"info","message":"[Inventory Scan Progress] 📈 Scanned Page: https://omunim.com/feedback | Progress: 99%","timestamp":"2026-07-11 13:24:26"}
{"level":"info","message":"   └── 📦 Assets Discovered -> Pages: 21 | Images: 824 | CSS: 95 | JS: 104 | Docs: 0 | Emails: 21 | Headlinks: 144","timestamp":"2026-07-11 13:24:26"}
{"level":"info","message":"[Inventory Scan] Scanning batch of size 2. Visited total: 23","timestamp":"2026-07-11 13:24:26"}
{"level":"info","message":"[Inventory Scan Progress] 📈 Scanned Page: https://omunim.com/jewellery_billing_software_free | Progress: 99%","timestamp":"2026-07-11 13:24:27"}
{"level":"info","message":"   └── 📦 Assets Discovered -> Pages: 23 | Images: 930 | CSS: 112 | JS: 116 | Docs: 0 | Emails: 22 | Headlinks: 154","timestamp":"2026-07-11 13:24:27"}
{"level":"info","message":"[Inventory Scan Progress] 📈 Scanned Page: https://omunim.com/rfid | Progress: 99%","timestamp":"2026-07-11 13:24:27"}
{"level":"info","message":"   └── 📦 Assets Discovered -> Pages: 23 | Images: 930 | CSS: 112 | JS: 116 | Docs: 0 | Emails: 23 | Headlinks: 163","timestamp":"2026-07-11 13:24:27"}
{"level":"info","message":"[Inventory Scan] Scanning batch of size 1. Visited total: 24","timestamp":"2026-07-11 13:24:27"}
{"level":"info","message":"[Inventory Scan Progress] 📈 Scanned Page: https://omunim.com/rfid-for-jewellery | Progress: 99%","timestamp":"2026-07-11 13:24:28"}
{"level":"info","message":"   └── 📦 Assets Discovered -> Pages: 24 | Images: 975 | CSS: 120 | JS: 120 | Docs: 0 | Emails: 24 | Headlinks: 172","timestamp":"2026-07-11 13:24:28"}
{"level":"info","message":"[Inventory Scan Completed] ✅ Crawl finished successfully in 9051ms!","timestamp":"2026-07-11 13:24:28"}
{"level":"info","message":"   └── 📊 Final Inventory Totals -> Pages: 24 | Images: 975 | CSS: 120 | JS: 120 | Docs: 0 | Emails: 24 | Headlinks: 172","timestamp":"2026-07-11 13:24:28"}
{"level":"info","message":"Job 10 (undefined) completed successfully.","timestamp":"2026-07-11 13:24:28"}
{"level":"info","message":"[Job 12] 🔍 Starting scan for: https://jewellmaster.com","timestamp":"2026-07-11 13:24:28"}
{"level":"info","message":"[https://jewellmaster.com] Checking domain status for ID: 6a086772439e555ef5630506. Found: true, Deleted: false, Archived: false, Status: active","timestamp":"2026-07-11 13:24:28"}
{"level":"info","message":"🔍 [Scraper] HTML length: 27093 | Body length: 15786 | Total <a> tags: 11","timestamp":"2026-07-11 13:24:29"}
{"level":"info","message":"🔗 [Link Extraction] Page: https://jewellmaster.com/features | hostNorm: jewellmaster.com | Found 11 total links (11 internal)","timestamp":"2026-07-11 13:24:29"}
{"level":"info","message":"🚀 [PageSpeed API] Fetching metrics for https://jewellmaster.com/features/ai-powered-reports...","timestamp":"2026-07-11 13:24:29"}
{"level":"info","message":"🔍 [Crawl] Queue: 0 | Visited: 1 | Scanning: https://jewellmaster.com/","timestamp":"2026-07-11 13:24:29"}
{"level":"info","message":"🔍 [Domain: jewellmaster.com] [Page 1/10] Scanning: https://jewellmaster.com/","timestamp":"2026-07-11 13:24:29"}
{"level":"info","message":"🚀 [PageSpeed API] Fetching metrics for https://jewellmaster.com/features...","timestamp":"2026-07-11 13:24:32"}
{"level":"info","message":"✅ [PageSpeed API] Score for https://jewellmaster.com/features/ai-powered-reports: 83","timestamp":"2026-07-11 13:24:45"}
{"level":"info","message":"📊 [Lighthouse] Results for https://jewellmaster.com/features/ai-powered-reports: Performance: 83, SEO: 100, Accessibility: 93","timestamp":"2026-07-11 13:24:45"}
{"level":"info","message":"🔍 [Domain: jewellmaster.com] [Page 8/10] Found 11 internal links on https://jewellmaster.com/features/ai-powered-reports","timestamp":"2026-07-11 13:24:46"}
{"level":"info","message":"🔍 [Crawl] Queue: 3 | Visited: 9 | Scanning: https://jewellmaster.com/features/multi-branch-management","timestamp":"2026-07-11 13:24:46"}
{"level":"info","message":"🔍 [Domain: jewellmaster.com] [Page 9/10] Scanning: https://jewellmaster.com/features/multi-branch-management","timestamp":"2026-07-11 13:24:46"}
{"level":"info","message":"🔍 [Scraper] HTML length: 59435 | Body length: 24991 | Total <a> tags: 3","timestamp":"2026-07-11 13:24:49"}
{"level":"info","message":"🔗 [Link Extraction] Page: https://jewellmaster.com/ | hostNorm: jewellmaster.com | Found 3 total links (2 internal)","timestamp":"2026-07-11 13:24:49"}
{"level":"info","message":"✅ [PageSpeed API] Score for https://jewellmaster.com/features: 81","timestamp":"2026-07-11 13:24:49"}
{"level":"info","message":"📊 [Lighthouse] Results for https://jewellmaster.com/features: Performance: 81, SEO: 100, Accessibility: 93","timestamp":"2026-07-11 13:24:49"}
{"level":"info","message":"🔍 [Domain: jewellmaster.com] [Page 2/10] Found 11 internal links on https://jewellmaster.com/features","timestamp":"2026-07-11 13:24:49"}
{"level":"info","message":"➕ [Queue] Adding: https://jewellmaster.com/features/jewelry-inventory-management (targetHost: jewellmaster.com, hostNorm: jewellmaster.com)","timestamp":"2026-07-11 13:24:49"}
{"level":"info","message":"➕ [Queue] Adding: https://jewellmaster.com/features/gst-billing-invoicing (targetHost: jewellmaster.com, hostNorm: jewellmaster.com)","timestamp":"2026-07-11 13:24:49"}
{"level":"info","message":"➕ [Queue] Adding: https://jewellmaster.com/features/crm-customer-management (targetHost: jewellmaster.com, hostNorm: jewellmaster.com)","timestamp":"2026-07-11 13:24:49"}
{"level":"info","message":"➕ [Queue] Adding: https://jewellmaster.com/features/accounting-financial-management (targetHost: jewellmaster.com, hostNorm: jewellmaster.com)","timestamp":"2026-07-11 13:24:49"}
{"level":"info","message":"➕ [Queue] Adding: https://jewellmaster.com/features/ai-powered-reports (targetHost: jewellmaster.com, hostNorm: jewellmaster.com)","timestamp":"2026-07-11 13:24:49"}
{"level":"info","message":"➕ [Queue] Adding: https://jewellmaster.com/features/multi-branch-management (targetHost: jewellmaster.com, hostNorm: jewellmaster.com)","timestamp":"2026-07-11 13:24:49"}
{"level":"info","message":"➕ [Queue] Adding: https://jewellmaster.com/features/mobile-app (targetHost: jewellmaster.com, hostNorm: jewellmaster.com)","timestamp":"2026-07-11 13:24:49"}
{"level":"info","message":"➕ [Queue] Adding: https://jewellmaster.com/features/integrations (targetHost: jewellmaster.com, hostNorm: jewellmaster.com)","timestamp":"2026-07-11 13:24:49"}
{"level":"info","message":"➕ [Queue] Adding: https://jewellmaster.com/features/security-reliability (targetHost: jewellmaster.com, hostNorm: jewellmaster.com)","timestamp":"2026-07-11 13:24:49"}
{"level":"info","message":"🔍 [Crawl] Queue: 9 | Visited: 3 | Scanning: https://jewellmaster.com/demo","timestamp":"2026-07-11 13:24:49"}
{"level":"info","message":"🔍 [Domain: jewellmaster.com] [Page 3/10] Scanning: https://jewellmaster.com/demo","timestamp":"2026-07-11 13:24:49"}
{"level":"info","message":"🚀 [PageSpeed API] Fetching metrics for https://jewellmaster.com/...","timestamp":"2026-07-11 13:24:51"}
{"level":"info","message":"🔍 [Scraper] HTML length: 26483 | Body length: 13519 | Total <a> tags: 3","timestamp":"2026-07-11 13:24:53"}
{"level":"info","message":"🔗 [Link Extraction] Page: https://jewellmaster.com/demo | hostNorm: jewellmaster.com | Found 3 total links (2 internal)","timestamp":"2026-07-11 13:24:53"}
{"level":"info","message":"✅ [PageSpeed API] Score for https://jewellmaster.com/: 72","timestamp":"2026-07-11 13:24:53"}
{"level":"info","message":"📊 [Lighthouse] Results for https://jewellmaster.com/: Performance: 72, SEO: 92, Accessibility: 92","timestamp":"2026-07-11 13:24:53"}
{"level":"info","message":"🔍 [Domain: jewellmaster.com] [Page 1/10] Found 2 internal links on https://jewellmaster.com/","timestamp":"2026-07-11 13:24:53"}
{"level":"info","message":"➕ [Queue] Adding: https://jewellmaster.com/features (targetHost: jewellmaster.com, hostNorm: jewellmaster.com)","timestamp":"2026-07-11 13:24:53"}
{"level":"info","message":"➕ [Queue] Adding: https://jewellmaster.com/demo (targetHost: jewellmaster.com, hostNorm: jewellmaster.com)","timestamp":"2026-07-11 13:24:53"}
{"level":"info","message":"🔍 [Crawl] Queue: 1 | Visited: 2 | Scanning: https://jewellmaster.com/features","timestamp":"2026-07-11 13:24:53"}
{"level":"info","message":"🔍 [Domain: jewellmaster.com] [Page 2/10] Scanning: https://jewellmaster.com/features","timestamp":"2026-07-11 13:24:53"}
{"level":"info","message":"🚀 [PageSpeed API] Fetching metrics for https://jewellmaster.com/demo...","timestamp":"2026-07-11 13:24:55"}
{"level":"info","message":"🔍 [Scraper] HTML length: 27093 | Body length: 15786 | Total <a> tags: 11","timestamp":"2026-07-11 13:24:56"}
{"level":"info","message":"🔗 [Link Extraction] Page: https://jewellmaster.com/features | hostNorm: jewellmaster.com | Found 11 total links (11 internal)","timestamp":"2026-07-11 13:24:56"}
{"level":"info","message":"🚀 [PageSpeed API] Fetching metrics for https://jewellmaster.com/features...","timestamp":"2026-07-11 13:24:59"}
{"level":"info","message":"✅ [PageSpeed API] Score for https://jewellmaster.com/features: 81","timestamp":"2026-07-11 13:25:00"}
{"level":"info","message":"📊 [Lighthouse] Results for https://jewellmaster.com/features: Performance: 81, SEO: 100, Accessibility: 93","timestamp":"2026-07-11 13:25:00"}
{"level":"info","message":"🔍 [Domain: jewellmaster.com] [Page 2/10] Found 11 internal links on https://jewellmaster.com/features","timestamp":"2026-07-11 13:25:00"}
{"level":"info","message":"➕ [Queue] Adding: https://jewellmaster.com/features/jewelry-inventory-management (targetHost: jewellmaster.com, hostNorm: jewellmaster.com)","timestamp":"2026-07-11 13:25:00"}
{"level":"info","message":"➕ [Queue] Adding: https://jewellmaster.com/features/gst-billing-invoicing (targetHost: jewellmaster.com, hostNorm: jewellmaster.com)","timestamp":"2026-07-11 13:25:00"}
{"level":"info","message":"➕ [Queue] Adding: https://jewellmaster.com/features/crm-customer-management (targetHost: jewellmaster.com, hostNorm: jewellmaster.com)","timestamp":"2026-07-11 13:25:00"}
{"level":"info","message":"➕ [Queue] Adding: https://jewellmaster.com/features/accounting-financial-management (targetHost: jewellmaster.com, hostNorm: jewellmaster.com)","timestamp":"2026-07-11 13:25:00"}
{"level":"info","message":"➕ [Queue] Adding: https://jewellmaster.com/features/ai-powered-reports (targetHost: jewellmaster.com, hostNorm: jewellmaster.com)","timestamp":"2026-07-11 13:25:00"}
{"level":"info","message":"➕ [Queue] Adding: https://jewellmaster.com/features/multi-branch-management (targetHost: jewellmaster.com, hostNorm: jewellmaster.com)","timestamp":"2026-07-11 13:25:00"}
{"level":"info","message":"➕ [Queue] Adding: https://jewellmaster.com/features/mobile-app (targetHost: jewellmaster.com, hostNorm: jewellmaster.com)","timestamp":"2026-07-11 13:25:00"}
{"level":"info","message":"➕ [Queue] Adding: https://jewellmaster.com/features/integrations (targetHost: jewellmaster.com, hostNorm: jewellmaster.com)","timestamp":"2026-07-11 13:25:00"}
{"level":"info","message":"➕ [Queue] Adding: https://jewellmaster.com/features/security-reliability (targetHost: jewellmaster.com, hostNorm: jewellmaster.com)","timestamp":"2026-07-11 13:25:00"}
{"level":"info","message":"🔍 [Crawl] Queue: 9 | Visited: 3 | Scanning: https://jewellmaster.com/demo","timestamp":"2026-07-11 13:25:00"}
{"level":"info","message":"🔍 [Domain: jewellmaster.com] [Page 3/10] Scanning: https://jewellmaster.com/demo","timestamp":"2026-07-11 13:25:00"}
{"level":"info","message":"🔍 [Scraper] HTML length: 26483 | Body length: 13519 | Total <a> tags: 3","timestamp":"2026-07-11 13:25:04"}
{"level":"info","message":"🔗 [Link Extraction] Page: https://jewellmaster.com/demo | hostNorm: jewellmaster.com | Found 3 total links (2 internal)","timestamp":"2026-07-11 13:25:04"}
{"level":"info","message":"🔍 [Scraper] HTML length: 25815 | Body length: 14922 | Total <a> tags: 11","timestamp":"2026-07-11 13:25:05"}
{"level":"info","message":"🔗 [Link Extraction] Page: https://jewellmaster.com/features/multi-branch-management | hostNorm: jewellmaster.com | Found 11 total links (11 internal)","timestamp":"2026-07-11 13:25:05"}
{"level":"info","message":"🚀 [PageSpeed API] Fetching metrics for https://jewellmaster.com/demo...","timestamp":"2026-07-11 13:25:07"}
{"level":"info","message":"🚀 [PageSpeed API] Fetching metrics for https://jewellmaster.com/features/multi-branch-management...","timestamp":"2026-07-11 13:25:11"}
{"level":"info","message":"✅ [PageSpeed API] Score for https://jewellmaster.com/demo: 88","timestamp":"2026-07-11 13:25:12"}
{"level":"info","message":"📊 [Lighthouse] Results for https://jewellmaster.com/demo: Performance: 88, SEO: 92, Accessibility: 73","timestamp":"2026-07-11 13:25:12"}
{"level":"info","message":"✅ [PageSpeed API] Score for https://jewellmaster.com/demo: 88","timestamp":"2026-07-11 13:25:13"}
{"level":"info","message":"📊 [Lighthouse] Results for https://jewellmaster.com/demo: Performance: 88, SEO: 92, Accessibility: 73","timestamp":"2026-07-11 13:25:13"}
{"level":"info","message":"🔍 [Domain: jewellmaster.com] [Page 3/10] Found 2 internal links on https://jewellmaster.com/demo","timestamp":"2026-07-11 13:25:13"}
{"level":"info","message":"🔍 [Crawl] Queue: 8 | Visited: 4 | Scanning: https://jewellmaster.com/features/jewelry-inventory-management","timestamp":"2026-07-11 13:25:13"}
{"level":"info","message":"🔍 [Domain: jewellmaster.com] [Page 4/10] Scanning: https://jewellmaster.com/features/jewelry-inventory-management","timestamp":"2026-07-11 13:25:13"}
{"level":"info","message":"🔍 [Domain: jewellmaster.com] [Page 3/10] Found 2 internal links on https://jewellmaster.com/demo","timestamp":"2026-07-11 13:25:13"}
{"level":"info","message":"🔍 [Crawl] Queue: 8 | Visited: 4 | Scanning: https://jewellmaster.com/features/jewelry-inventory-management","timestamp":"2026-07-11 13:25:13"}
{"level":"info","message":"🔍 [Domain: jewellmaster.com] [Page 4/10] Scanning: https://jewellmaster.com/features/jewelry-inventory-management","timestamp":"2026-07-11 13:25:13"}
{"level":"info","message":"🔍 [Scraper] HTML length: 27352 | Body length: 15782 | Total <a> tags: 11","timestamp":"2026-07-11 13:25:17"}
{"level":"info","message":"🔗 [Link Extraction] Page: https://jewellmaster.com/features/jewelry-inventory-management | hostNorm: jewellmaster.com | Found 11 total links (11 internal)","timestamp":"2026-07-11 13:25:17"}
{"level":"info","message":"🔍 [Scraper] HTML length: 27352 | Body length: 15782 | Total <a> tags: 11","timestamp":"2026-07-11 13:25:18"}
{"level":"info","message":"🔗 [Link Extraction] Page: https://jewellmaster.com/features/jewelry-inventory-management | hostNorm: jewellmaster.com | Found 11 total links (11 internal)","timestamp":"2026-07-11 13:25:18"}
{"level":"info","message":"🚀 [PageSpeed API] Fetching metrics for https://jewellmaster.com/features/jewelry-inventory-management...","timestamp":"2026-07-11 13:25:21"}
{"level":"info","message":"🚀 [PageSpeed API] Fetching metrics for https://jewellmaster.com/features/jewelry-inventory-management...","timestamp":"2026-07-11 13:25:21"}
{"level":"info","message":"✅ [PageSpeed API] Score for https://jewellmaster.com/features/multi-branch-management: 84","timestamp":"2026-07-11 13:25:30"}
{"level":"info","message":"📊 [Lighthouse] Results for https://jewellmaster.com/features/multi-branch-management: Performance: 84, SEO: 100, Accessibility: 93","timestamp":"2026-07-11 13:25:30"}
{"level":"info","message":"🔍 [Domain: jewellmaster.com] [Page 9/10] Found 11 internal links on https://jewellmaster.com/features/multi-branch-management","timestamp":"2026-07-11 13:25:30"}
{"level":"info","message":"🔍 [Crawl] Queue: 2 | Visited: 10 | Scanning: https://jewellmaster.com/features/mobile-app","timestamp":"2026-07-11 13:25:30"}
{"level":"info","message":"🔍 [Domain: jewellmaster.com] [Page 10/10] Scanning: https://jewellmaster.com/features/mobile-app","timestamp":"2026-07-11 13:25:30"}
{"level":"info","message":"✅ [PageSpeed API] Score for https://jewellmaster.com/features/jewelry-inventory-management: 84","timestamp":"2026-07-11 13:25:42"}
{"level":"info","message":"📊 [Lighthouse] Results for https://jewellmaster.com/features/jewelry-inventory-management: Performance: 84, SEO: 100, Accessibility: 93","timestamp":"2026-07-11 13:25:42"}
{"level":"info","message":"✅ [PageSpeed API] Score for https://jewellmaster.com/features/jewelry-inventory-management: 84","timestamp":"2026-07-11 13:25:43"}
{"level":"info","message":"📊 [Lighthouse] Results for https://jewellmaster.com/features/jewelry-inventory-management: Performance: 84, SEO: 100, Accessibility: 93","timestamp":"2026-07-11 13:25:43"}
{"level":"info","message":"🔍 [Domain: jewellmaster.com] [Page 4/10] Found 11 internal links on https://jewellmaster.com/features/jewelry-inventory-management","timestamp":"2026-07-11 13:25:43"}
{"level":"info","message":"🔍 [Crawl] Queue: 7 | Visited: 5 | Scanning: https://jewellmaster.com/features/gst-billing-invoicing","timestamp":"2026-07-11 13:25:43"}
{"level":"info","message":"🔍 [Domain: jewellmaster.com] [Page 5/10] Scanning: https://jewellmaster.com/features/gst-billing-invoicing","timestamp":"2026-07-11 13:25:43"}
{"level":"info","message":"🔍 [Domain: jewellmaster.com] [Page 4/10] Found 11 internal links on https://jewellmaster.com/features/jewelry-inventory-management","timestamp":"2026-07-11 13:25:43"}
{"level":"info","message":"🔍 [Crawl] Queue: 7 | Visited: 5 | Scanning: https://jewellmaster.com/features/gst-billing-invoicing","timestamp":"2026-07-11 13:25:43"}
{"level":"info","message":"🔍 [Domain: jewellmaster.com] [Page 5/10] Scanning: https://jewellmaster.com/features/gst-billing-invoicing","timestamp":"2026-07-11 13:25:43"}
{"level":"info","message":"🔍 [Scraper] HTML length: 25912 | Body length: 14949 | Total <a> tags: 11","timestamp":"2026-07-11 13:25:46"}
{"level":"info","message":"🔗 [Link Extraction] Page: https://jewellmaster.com/features/gst-billing-invoicing | hostNorm: jewellmaster.com | Found 11 total links (11 internal)","timestamp":"2026-07-11 13:25:46"}
{"level":"info","message":"🔍 [Scraper] HTML length: 25550 | Body length: 14820 | Total <a> tags: 11","timestamp":"2026-07-11 13:25:49"}
{"level":"info","message":"🔗 [Link Extraction] Page: https://jewellmaster.com/features/mobile-app | hostNorm: jewellmaster.com | Found 11 total links (11 internal)","timestamp":"2026-07-11 13:25:49"}
{"level":"info","message":"🚀 [PageSpeed API] Fetching metrics for https://jewellmaster.com/features/gst-billing-invoicing...","timestamp":"2026-07-11 13:25:49"}
{"level":"info","message":"🚀 [PageSpeed API] Fetching metrics for https://jewellmaster.com/features/mobile-app...","timestamp":"2026-07-11 13:25:52"}
{"level":"info","message":"🔍 [Scraper] HTML length: 25912 | Body length: 14949 | Total <a> tags: 11","timestamp":"2026-07-11 13:26:01"}
{"level":"info","message":"🔗 [Link Extraction] Page: https://jewellmaster.com/features/gst-billing-invoicing | hostNorm: jewellmaster.com | Found 11 total links (11 internal)","timestamp":"2026-07-11 13:26:01"}
{"level":"info","message":"🚀 [PageSpeed API] Fetching metrics for https://jewellmaster.com/features/gst-billing-invoicing...","timestamp":"2026-07-11 13:26:05"}
{"level":"info","message":"✅ [PageSpeed API] Score for https://jewellmaster.com/features/gst-billing-invoicing: 91","timestamp":"2026-07-11 13:26:06"}
{"level":"info","message":"📊 [Lighthouse] Results for https://jewellmaster.com/features/gst-billing-invoicing: Performance: 91, SEO: 100, Accessibility: 93","timestamp":"2026-07-11 13:26:06"}
{"level":"info","message":"✅ [PageSpeed API] Score for https://jewellmaster.com/features/gst-billing-invoicing: 91","timestamp":"2026-07-11 13:26:06"}
{"level":"info","message":"📊 [Lighthouse] Results for https://jewellmaster.com/features/gst-billing-invoicing: Performance: 91, SEO: 100, Accessibility: 93","timestamp":"2026-07-11 13:26:06"}
{"level":"info","message":"🔍 [Domain: jewellmaster.com] [Page 5/10] Found 11 internal links on https://jewellmaster.com/features/gst-billing-invoicing","timestamp":"2026-07-11 13:26:06"}
{"level":"info","message":"🔍 [Crawl] Queue: 6 | Visited: 6 | Scanning: https://jewellmaster.com/features/crm-customer-management","timestamp":"2026-07-11 13:26:06"}
{"level":"info","message":"🔍 [Domain: jewellmaster.com] [Page 6/10] Scanning: https://jewellmaster.com/features/crm-customer-management","timestamp":"2026-07-11 13:26:06"}
{"level":"info","message":"🔍 [Domain: jewellmaster.com] [Page 5/10] Found 11 internal links on https://jewellmaster.com/features/gst-billing-invoicing","timestamp":"2026-07-11 13:26:06"}
{"level":"info","message":"🔍 [Crawl] Queue: 6 | Visited: 6 | Scanning: https://jewellmaster.com/features/crm-customer-management","timestamp":"2026-07-11 13:26:06"}
{"level":"info","message":"🔍 [Domain: jewellmaster.com] [Page 6/10] Scanning: https://jewellmaster.com/features/crm-customer-management","timestamp":"2026-07-11 13:26:06"}
{"level":"info","message":"✅ [PageSpeed API] Score for https://jewellmaster.com/features/mobile-app: 84","timestamp":"2026-07-11 13:26:12"}
{"level":"info","message":"📊 [Lighthouse] Results for https://jewellmaster.com/features/mobile-app: Performance: 84, SEO: 100, Accessibility: 93","timestamp":"2026-07-11 13:26:12"}
{"level":"info","message":"🔍 [Domain: jewellmaster.com] [Page 10/10] Found 11 internal links on https://jewellmaster.com/features/mobile-app","timestamp":"2026-07-11 13:26:12"}
{"level":"info","message":"[https://jewellmaster.com] Evaluating 2 policies against 10 pages.","timestamp":"2026-07-11 13:26:13"}
{"level":"info","message":"   -> 🔍 Scan [text] | Target: \"jewellery\" (containing) | Operator: \"contains\" | Actual: [Content length: 24991] | Result: ✅ MATCH","timestamp":"2026-07-11 13:26:13"}
{"level":"info","message":"   -> 🔍 Scan [page-title] | Target: \"jewellery\" (containing) | Operator: \"contains\" | Actual: \"Jewellery Software India & Wor\" | Result: ✅ MATCH","timestamp":"2026-07-11 13:26:13"}
{"level":"info","message":"   -> 🔍 Scan [page-title-length] | Target: \"60\" | Operator: \"Greater than\" | Actual: 52 | Result: ❌ NO MATCH","timestamp":"2026-07-11 13:26:13"}
{"level":"info","message":"   -> 🔍 Scan [page-url] | Target: \"shop\" (containing) | Operator: \"contains\" | Actual: \"https://jewellmaster.com/\" | Result: ❌ NO MATCH","timestamp":"2026-07-11 13:26:13"}
{"level":"info","message":"   -> 🔍 Scan [link] | Target: \"contact\" (containing) | Operator: \"contains\" | Actual: [3 links] | Result: ❌ NO MATCH","timestamp":"2026-07-11 13:26:13"}
{"level":"info","message":"   -> 🔍 Scan [link-text] | Target: \"buy\" (containing) | Operator: \"contains\" | Actual: [3 links] | Result: ❌ NO MATCH","timestamp":"2026-07-11 13:26:13"}
{"level":"info","message":"   -> 🔍 Scan [link-text-length] | Target: \"50\" | Operator: \"Greater than\" | Actual: [3 links] | Result: ❌ NO MATCH","timestamp":"2026-07-11 13:26:13"}
{"level":"info","message":"   -> 🔍 Scan [file-size] | Target: \"5\" (MB) | Operator: \"Greater than\" | Actual: 2113.431640625 | Result: ❌ NO MATCH","timestamp":"2026-07-11 13:26:13"}
{"level":"info","message":"   -> 🔍 Scan [image-size] | Target: \"100\" (KB) | Operator: \"Greater than\" | Actual: [36 images] | Result: ✅ MATCH","timestamp":"2026-07-11 13:26:13"}
{"level":"info","message":"   -> 🔍 Scan [image-text] | Target: \"logo\" (containing) | Operator: \"contains\" | Actual: [36 images] | Result: ✅ MATCH","timestamp":"2026-07-11 13:26:13"}
{"level":"info","message":"   -> 🔍 Scan [image-text-length] | Target: \"100\" | Operator: \"Greater than\" | Actual: [36 images] | Result: ❌ NO MATCH","timestamp":"2026-07-11 13:26:13"}
{"level":"info","message":"   -> 🔍 Scan [external-link-count] | Target: \"10\" | Operator: \"Greater than\" | Actual: 1 | Result: ❌ NO MATCH","timestamp":"2026-07-11 13:26:13"}
{"level":"info","message":"   -> 🔍 Scan [incoming-link-count] | Target: \"5\" | Operator: \"Greater than\" | Actual: 2 | Result: ❌ NO MATCH","timestamp":"2026-07-11 13:26:13"}
{"level":"info","message":"   -> 🔍 Scan [heading-text] | Target: \"price\" (containing) | Operator: \"contains\" | Actual: [43 headings] | Result: ❌ NO MATCH","timestamp":"2026-07-11 13:26:13"}
{"level":"info","message":"   -> 🔍 Scan [header-text-length] | Target: \"80\" | Operator: \"Greater than\" | Actual: [43 headings] | Result: ✅ MATCH","timestamp":"2026-07-11 13:26:13"}
{"level":"info","message":"   -> 🔍 Scan [readability-level] | Target: \"12\" | Operator: \"Greater than\" | Actual: 15.876346153846153 | Result: ✅ MATCH","timestamp":"2026-07-11 13:26:13"}
{"level":"info","message":"   -> 🔍 Scan [meta-header] | Target: \"keyword\" (containing) | Operator: \"contains\" | Actual: [Content length: 24991] | Result: ❌ NO MATCH","timestamp":"2026-07-11 13:26:13"}
{"level":"info","message":"   -> 🔍 Scan [meta-header-length] | Target: \"160\" | Operator: \"Greater than\" | Actual: 127 | Result: ❌ NO MATCH","timestamp":"2026-07-11 13:26:13"}
{"level":"info","message":"   -> 🔍 Scan [page-html] | Target: \"<script>\" (containing) | Operator: \"contains\" | Actual: [Content length: 24991] | Result: ✅ MATCH","timestamp":"2026-07-11 13:26:13"}
{"level":"info","message":"   -> 🔍 Scan [image-size] | Target: \"1\" (MB) | Operator: \"Greater than\" | Actual: [36 images] | Result: ❌ NO MATCH","timestamp":"2026-07-11 13:26:13"}
{"level":"info","message":"   -> 🔍 Scan [text] | Target: \"jewellery\" (containing) | Operator: \"contains\" | Actual: [Content length: 15786] | Result: ✅ MATCH","timestamp":"2026-07-11 13:26:13"}
{"level":"info","message":"   -> 🔍 Scan [page-title] | Target: \"jewellery\" (containing) | Operator: \"contains\" | Actual: \"Jewellery ERP Features & Billi\" | Result: ✅ MATCH","timestamp":"2026-07-11 13:26:13"}
{"level":"info","message":"   -> 🔍 Scan [page-title-length] | Target: \"60\" | Operator: \"Greater than\" | Actual: 48 | Result: ❌ NO MATCH","timestamp":"2026-07-11 13:26:13"}
{"level":"info","message":"   -> 🔍 Scan [page-url] | Target: \"shop\" (containing) | Operator: \"contains\" | Actual: \"https://jewellmaster.com/features\" | Result: ❌ NO MATCH","timestamp":"2026-07-11 13:26:13"}
{"level":"info","message":"   -> 🔍 Scan [link] | Target: \"contact\" (containing) | Operator: \"contains\" | Actual: [11 links] | Result: ❌ NO MATCH","timestamp":"2026-07-11 13:26:13"}
{"level":"info","message":"   -> 🔍 Scan [link-text] | Target: \"buy\" (containing) | Operator: \"contains\" | Actual: [11 links] | Result: ❌ NO MATCH","timestamp":"2026-07-11 13:26:13"}
{"level":"info","message":"   -> 🔍 Scan [link-text-length] | Target: \"50\" | Operator: \"Greater than\" | Actual: [11 links] | Result: ❌ NO MATCH","timestamp":"2026-07-11 13:26:13"}
{"level":"info","message":"   -> 🔍 Scan [file-size] | Target: \"5\" (MB) | Operator: \"Greater than\" | Actual: 435.404296875 | Result: ❌ NO MATCH","timestamp":"2026-07-11 13:26:13"}
{"level":"info","message":"   -> 🔍 Scan [image-size] | Target: \"100\" (KB) | Operator: \"Greater than\" | Actual: [1 images] | Result: ✅ MATCH","timestamp":"2026-07-11 13:26:13"}
{"level":"info","message":"   -> 🔍 Scan [image-text] | Target: \"logo\" (containing) | Operator: \"contains\" | Actual: [1 images] | Result: ❌ NO MATCH","timestamp":"2026-07-11 13:26:13"}
{"level":"info","message":"   -> 🔍 Scan [image-text-length] | Target: \"100\" | Operator: \"Greater than\" | Actual: [1 images] | Result: ❌ NO MATCH","timestamp":"2026-07-11 13:26:13"}
{"level":"info","message":"   -> 🔍 Scan [external-link-count] | Target: \"10\" | Operator: \"Greater than\" | Actual: 0 | Result: ❌ NO MATCH","timestamp":"2026-07-11 13:26:13"}
{"level":"info","message":"   -> 🔍 Scan [incoming-link-count] | Target: \"5\" | Operator: \"Greater than\" | Actual: 11 | Result: ✅ MATCH","timestamp":"2026-07-11 13:26:13"}
{"level":"info","message":"   -> 🔍 Scan [heading-text] | Target: \"price\" (containing) | Operator: \"contains\" | Actual: [3 headings] | Result: ❌ NO MATCH","timestamp":"2026-07-11 13:26:13"}
{"level":"info","message":"   -> 🔍 Scan [header-text-length] | Target: \"80\" | Operator: \"Greater than\" | Actual: [3 headings] | Result: ❌ NO MATCH","timestamp":"2026-07-11 13:26:13"}
{"level":"info","message":"   -> 🔍 Scan [readability-level] | Target: \"12\" | Operator: \"Greater than\" | Actual: 20 | Result: ✅ MATCH","timestamp":"2026-07-11 13:26:13"}
{"level":"info","message":"   -> 🔍 Scan [meta-header] | Target: \"keyword\" (containing) | Operator: \"contains\" | Actual: [Content length: 15786] | Result: ❌ NO MATCH","timestamp":"2026-07-11 13:26:13"}
{"level":"info","message":"   -> 🔍 Scan [meta-header-length] | Target: \"160\" | Operator: \"Greater than\" | Actual: 124 | Result: ❌ NO MATCH","timestamp":"2026-07-11 13:26:13"}
{"level":"info","message":"   -> 🔍 Scan [page-html] | Target: \"<script>\" (containing) | Operator: \"contains\" | Actual: [Content length: 15786] | Result: ✅ MATCH","timestamp":"2026-07-11 13:26:13"}
{"level":"info","message":"   -> 🔍 Scan [image-size] | Target: \"1\" (MB) | Operator: \"Greater than\" | Actual: [1 images] | Result: ❌ NO MATCH","timestamp":"2026-07-11 13:26:13"}
{"level":"info","message":"   -> 🔍 Scan [text] | Target: \"jewellery\" (containing) | Operator: \"contains\" | Actual: [Content length: 13519] | Result: ❌ NO MATCH","timestamp":"2026-07-11 13:26:13"}
{"level":"info","message":"   -> 🔍 Scan [page-title] | Target: \"jewellery\" (containing) | Operator: \"contains\" | Actual: \"Jewellery Software Free Demo |\" | Result: ✅ MATCH","timestamp":"2026-07-11 13:26:13"}
{"level":"info","message":"   -> 🔍 Scan [page-title-length] | Target: \"60\" | Operator: \"Greater than\" | Actual: 44 | Result: ❌ NO MATCH","timestamp":"2026-07-11 13:26:13"}
{"level":"info","message":"   -> 🔍 Scan [page-url] | Target: \"shop\" (containing) | Operator: \"contains\" | Actual: \"https://jewellmaster.com/demo\" | Result: ❌ NO MATCH","timestamp":"2026-07-11 13:26:13"}
{"level":"info","message":"   -> 🔍 Scan [link] | Target: \"contact\" (containing) | Operator: \"contains\" | Actual: [3 links] | Result: ❌ NO MATCH","timestamp":"2026-07-11 13:26:13"}
{"level":"info","message":"   -> 🔍 Scan [link-text] | Target: \"buy\" (containing) | Operator: \"contains\" | Actual: [3 links] | Result: ❌ NO MATCH","timestamp":"2026-07-11 13:26:13"}
{"level":"info","message":"   -> 🔍 Scan [link-text-length] | Target: \"50\" | Operator: \"Greater than\" | Actual: [3 links] | Result: ❌ NO MATCH","timestamp":"2026-07-11 13:26:13"}
{"level":"info","message":"   -> 🔍 Scan [file-size] | Target: \"5\" (MB) | Operator: \"Greater than\" | Actual: 448.37109375 | Result: ❌ NO MATCH","timestamp":"2026-07-11 13:26:13"}
{"level":"info","message":"   -> 🔍 Scan [image-size] | Target: \"100\" (KB) | Operator: \"Greater than\" | Actual: [1 images] | Result: ❌ NO MATCH","timestamp":"2026-07-11 13:26:13"}
{"level":"info","message":"   -> 🔍 Scan [image-text] | Target: \"logo\" (containing) | Operator: \"contains\" | Actual: [1 images] | Result: ❌ NO MATCH","timestamp":"2026-07-11 13:26:13"}
{"level":"info","message":"   -> 🔍 Scan [image-text-length] | Target: \"100\" | Operator: \"Greater than\" | Actual: [1 images] | Result: ❌ NO MATCH","timestamp":"2026-07-11 13:26:13"}
{"level":"info","message":"   -> 🔍 Scan [external-link-count] | Target: \"10\" | Operator: \"Greater than\" | Actual: 1 | Result: ❌ NO MATCH","timestamp":"2026-07-11 13:26:13"}
{"level":"info","message":"   -> 🔍 Scan [incoming-link-count] | Target: \"5\" | Operator: \"Greater than\" | Actual: 2 | Result: ❌ NO MATCH","timestamp":"2026-07-11 13:26:13"}
{"level":"info","message":"   -> 🔍 Scan [heading-text] | Target: \"price\" (containing) | Operator: \"contains\" | Actual: [9 headings] | Result: ❌ NO MATCH","timestamp":"2026-07-11 13:26:13"}
{"level":"info","message":"   -> 🔍 Scan [header-text-length] | Target: \"80\" | Operator: \"Greater than\" | Actual: [9 headings] | Result: ❌ NO MATCH","timestamp":"2026-07-11 13:26:13"}
{"level":"info","message":"   -> 🔍 Scan [readability-level] | Target: \"12\" | Operator: \"Greater than\" | Actual: 12.811351370825381 | Result: ✅ MATCH","timestamp":"2026-07-11 13:26:13"}
{"level":"info","message":"   -> 🔍 Scan [meta-header] | Target: \"keyword\" (containing) | Operator: \"contains\" | Actual: [Content length: 13519] | Result: ❌ NO MATCH","timestamp":"2026-07-11 13:26:13"}
{"level":"info","message":"   -> 🔍 Scan [meta-header-length] | Target: \"160\" | Operator: \"Greater than\" | Actual: 137 | Result: ❌ NO MATCH","timestamp":"2026-07-11 13:26:13"}
{"level":"info","message":"   -> 🔍 Scan [page-html] | Target: \"<script>\" (containing) | Operator: \"contains\" | Actual: [Content length: 13519] | Result: ❌ NO MATCH","timestamp":"2026-07-11 13:26:13"}
{"level":"info","message":"   -> 🔍 Scan [image-size] | Target: \"1\" (MB) | Operator: \"Greater than\" | Actual: [1 images] | Result: ❌ NO MATCH","timestamp":"2026-07-11 13:26:13"}
{"level":"info","message":"   -> 🔍 Scan [text] | Target: \"jewellery\" (containing) | Operator: \"contains\" | Actual: [Content length: 15782] | Result: ✅ MATCH","timestamp":"2026-07-11 13:26:13"}
{"level":"info","message":"   -> 🔍 Scan [page-title] | Target: \"jewellery\" (containing) | Operator: \"contains\" | Actual: \"Jewelry Inventory Management S\" | Result: ❌ NO MATCH","timestamp":"2026-07-11 13:26:13"}
{"level":"info","message":"   -> 🔍 Scan [page-title-length] | Target: \"60\" | Operator: \"Greater than\" | Actual: 53 | Result: ❌ NO MATCH","timestamp":"2026-07-11 13:26:13"}
{"level":"info","message":"   -> 🔍 Scan [page-url] | Target: \"shop\" (containing) | Operator: \"contains\" | Actual: \"https://jewellmaster.com/features/jewelry-inventor\" | Result: ❌ NO MATCH","timestamp":"2026-07-11 13:26:13"}
{"level":"info","message":"   -> 🔍 Scan [link] | Target: \"contact\" (containing) | Operator: \"contains\" | Actual: [11 links] | Result: ❌ NO MATCH","timestamp":"2026-07-11 13:26:13"}
{"level":"info","message":"   -> 🔍 Scan [link-text] | Target: \"buy\" (containing) | Operator: \"contains\" | Actual: [11 links] | Result: ❌ NO MATCH","timestamp":"2026-07-11 13:26:13"}
{"level":"info","message":"   -> 🔍 Scan [link-text-length] | Target: \"50\" | Operator: \"Greater than\" | Actual: [11 links] | Result: ❌ NO MATCH","timestamp":"2026-07-11 13:26:13"}
{"level":"info","message":"   -> 🔍 Scan [file-size] | Target: \"5\" (MB) | Operator: \"Greater than\" | Actual: 435.4501953125 | Result: ❌ NO MATCH","timestamp":"2026-07-11 13:26:13"}
{"level":"info","message":"   -> 🔍 Scan [image-size] | Target: \"100\" (KB) | Operator: \"Greater than\" | Actual: [1 images] | Result: ✅ MATCH","timestamp":"2026-07-11 13:26:13"}
{"level":"info","message":"   -> 🔍 Scan [image-text] | Target: \"logo\" (containing) | Operator: \"contains\" | Actual: [1 images] | Result: ❌ NO MATCH","timestamp":"2026-07-11 13:26:13"}
{"level":"info","message":"   -> 🔍 Scan [image-text-length] | Target: \"100\" | Operator: \"Greater than\" | Actual: [1 images] | Result: ❌ NO MATCH","timestamp":"2026-07-11 13:26:13"}
{"level":"info","message":"   -> 🔍 Scan [external-link-count] | Target: \"10\" | Operator: \"Greater than\" | Actual: 0 | Result: ❌ NO MATCH","timestamp":"2026-07-11 13:26:13"}
{"level":"info","message":"   -> 🔍 Scan [incoming-link-count] | Target: \"5\" | Operator: \"Greater than\" | Actual: 11 | Result: ✅ MATCH","timestamp":"2026-07-11 13:26:13"}
{"level":"info","message":"   -> 🔍 Scan [heading-text] | Target: \"price\" (containing) | Operator: \"contains\" | Actual: [3 headings] | Result: ❌ NO MATCH","timestamp":"2026-07-11 13:26:13"}
{"level":"info","message":"   -> 🔍 Scan [header-text-length] | Target: \"80\" | Operator: \"Greater than\" | Actual: [3 headings] | Result: ❌ NO MATCH","timestamp":"2026-07-11 13:26:13"}
{"level":"info","message":"   -> 🔍 Scan [readability-level] | Target: \"12\" | Operator: \"Greater than\" | Actual: 20 | Result: ✅ MATCH","timestamp":"2026-07-11 13:26:13"}
{"level":"info","message":"   -> 🔍 Scan [meta-header] | Target: \"keyword\" (containing) | Operator: \"contains\" | Actual: [Content length: 15782] | Result: ❌ NO MATCH","timestamp":"2026-07-11 13:26:13"}
{"level":"info","message":"   -> 🔍 Scan [meta-header-length] | Target: \"160\" | Operator: \"Greater than\" | Actual: 132 | Result: ❌ NO MATCH","timestamp":"2026-07-11 13:26:13"}
{"level":"info","message":"   -> 🔍 Scan [page-html] | Target: \"<script>\" (containing) | Operator: \"contains\" | Actual: [Content length: 15782] | Result: ✅ MATCH","timestamp":"2026-07-11 13:26:13"}
{"level":"info","message":"   -> 🔍 Scan [image-size] | Target: \"1\" (MB) | Operator: \"Greater than\" | Actual: [1 images] | Result: ❌ NO MATCH","timestamp":"2026-07-11 13:26:13"}
{"level":"info","message":"   -> 🔍 Scan [text] | Target: \"jewellery\" (containing) | Operator: \"contains\" | Actual: [Content length: 14949] | Result: ✅ MATCH","timestamp":"2026-07-11 13:26:13"}
{"level":"info","message":"   -> 🔍 Scan [page-title] | Target: \"jewellery\" (containing) | Operator: \"contains\" | Actual: \"GST Invoicing & Billing for Je\" | Result: ❌ NO MATCH","timestamp":"2026-07-11 13:26:13"}
{"level":"info","message":"   -> 🔍 Scan [page-title-length] | Target: \"60\" | Operator: \"Greater than\" | Actual: 53 | Result: ❌ NO MATCH","timestamp":"2026-07-11 13:26:13"}
{"level":"info","message":"   -> 🔍 Scan [page-url] | Target: \"shop\" (containing) | Operator: \"contains\" | Actual: \"https://jewellmaster.com/features/gst-billing-invo\" | Result: ❌ NO MATCH","timestamp":"2026-07-11 13:26:13"}
{"level":"info","message":"   -> 🔍 Scan [link] | Target: \"contact\" (containing) | Operator: \"contains\" | Actual: [11 links] | Result: ❌ NO MATCH","timestamp":"2026-07-11 13:26:13"}
{"level":"info","message":"   -> 🔍 Scan [link-text] | Target: \"buy\" (containing) | Operator: \"contains\" | Actual: [11 links] | Result: ❌ NO MATCH","timestamp":"2026-07-11 13:26:13"}
{"level":"info","message":"   -> 🔍 Scan [link-text-length] | Target: \"50\" | Operator: \"Greater than\" | Actual: [11 links] | Result: ❌ NO MATCH","timestamp":"2026-07-11 13:26:13"}
{"level":"info","message":"   -> 🔍 Scan [file-size] | Target: \"5\" (MB) | Operator: \"Greater than\" | Actual: 357.5068359375 | Result: ❌ NO MATCH","timestamp":"2026-07-11 13:26:13"}
{"level":"info","message":"   -> 🔍 Scan [image-size] | Target: \"100\" (KB) | Operator: \"Greater than\" | Actual: [1 images] | Result: ❌ NO MATCH","timestamp":"2026-07-11 13:26:13"}
{"level":"info","message":"   -> 🔍 Scan [image-text] | Target: \"logo\" (containing) | Operator: \"contains\" | Actual: [1 images] | Result: ❌ NO MATCH","timestamp":"2026-07-11 13:26:13"}
{"level":"info","message":"   -> 🔍 Scan [image-text-length] | Target: \"100\" | Operator: \"Greater than\" | Actual: [1 images] | Result: ❌ NO MATCH","timestamp":"2026-07-11 13:26:13"}
{"level":"info","message":"   -> 🔍 Scan [external-link-count] | Target: \"10\" | Operator: \"Greater than\" | Actual: 0 | Result: ❌ NO MATCH","timestamp":"2026-07-11 13:26:13"}
{"level":"info","message":"   -> 🔍 Scan [incoming-link-count] | Target: \"5\" | Operator: \"Greater than\" | Actual: 11 | Result: ✅ MATCH","timestamp":"2026-07-11 13:26:13"}
{"level":"info","message":"   -> 🔍 Scan [heading-text] | Target: \"price\" (containing) | Operator: \"contains\" | Actual: [3 headings] | Result: ❌ NO MATCH","timestamp":"2026-07-11 13:26:13"}
{"level":"info","message":"   -> 🔍 Scan [header-text-length] | Target: \"80\" | Operator: \"Greater than\" | Actual: [3 headings] | Result: ❌ NO MATCH","timestamp":"2026-07-11 13:26:13"}
{"level":"info","message":"   -> 🔍 Scan [readability-level] | Target: \"12\" | Operator: \"Greater than\" | Actual: 20 | Result: ✅ MATCH","timestamp":"2026-07-11 13:26:13"}
{"level":"info","message":"   -> 🔍 Scan [meta-header] | Target: \"keyword\" (containing) | Operator: \"contains\" | Actual: [Content length: 14949] | Result: ❌ NO MATCH","timestamp":"2026-07-11 13:26:13"}
{"level":"info","message":"   -> 🔍 Scan [meta-header-length] | Target: \"160\" | Operator: \"Greater than\" | Actual: 147 | Result: ❌ NO MATCH","timestamp":"2026-07-11 13:26:13"}
{"level":"info","message":"   -> 🔍 Scan [page-html] | Target: \"<script>\" (containing) | Operator: \"contains\" | Actual: [Content length: 14949] | Result: ✅ MATCH","timestamp":"2026-07-11 13:26:13"}
{"level":"info","message":"   -> 🔍 Scan [image-size] | Target: \"1\" (MB) | Operator: \"Greater than\" | Actual: [1 images] | Result: ❌ NO MATCH","timestamp":"2026-07-11 13:26:13"}
{"level":"info","message":"   -> 🔍 Scan [text] | Target: \"jewellery\" (containing) | Operator: \"contains\" | Actual: [Content length: 14904] | Result: ✅ MATCH","timestamp":"2026-07-11 13:26:13"}
{"level":"info","message":"   -> 🔍 Scan [page-title] | Target: \"jewellery\" (containing) | Operator: \"contains\" | Actual: \"Jewellery CRM & Customer Manag\" | Result: ✅ MATCH","timestamp":"2026-07-11 13:26:13"}
{"level":"info","message":"   -> 🔍 Scan [page-title-length] | Target: \"60\" | Operator: \"Greater than\" | Actual: 51 | Result: ❌ NO MATCH","timestamp":"2026-07-11 13:26:13"}
{"level":"info","message":"   -> 🔍 Scan [page-url] | Target: \"shop\" (containing) | Operator: \"contains\" | Actual: \"https://jewellmaster.com/features/crm-customer-man\" | Result: ❌ NO MATCH","timestamp":"2026-07-11 13:26:13"}
{"level":"info","message":"   -> 🔍 Scan [link] | Target: \"contact\" (containing) | Operator: \"contains\" | Actual: [11 links] | Result: ❌ NO MATCH","timestamp":"2026-07-11 13:26:13"}
{"level":"info","message":"   -> 🔍 Scan [link-text] | Target: \"buy\" (containing) | Operator: \"contains\" | Actual: [11 links] | Result: ❌ NO MATCH","timestamp":"2026-07-11 13:26:13"}
{"level":"info","message":"   -> 🔍 Scan [link-text-length] | Target: \"50\" | Operator: \"Greater than\" | Actual: [11 links] | Result: ❌ NO MATCH","timestamp":"2026-07-11 13:26:13"}
{"level":"info","message":"   -> 🔍 Scan [file-size] | Target: \"5\" (MB) | Operator: \"Greater than\" | Actual: 410.9736328125 | Result: ❌ NO MATCH","timestamp":"2026-07-11 13:26:13"}
{"level":"info","message":"   -> 🔍 Scan [image-size] | Target: \"100\" (KB) | Operator: \"Greater than\" | Actual: [1 images] | Result: ❌ NO MATCH","timestamp":"2026-07-11 13:26:13"}
{"level":"info","message":"   -> 🔍 Scan [image-text] | Target: \"logo\" (containing) | Operator: \"contains\" | Actual: [1 images] | Result: ❌ NO MATCH","timestamp":"2026-07-11 13:26:13"}
{"level":"info","message":"   -> 🔍 Scan [image-text-length] | Target: \"100\" | Operator: \"Greater than\" | Actual: [1 images] | Result: ❌ NO MATCH","timestamp":"2026-07-11 13:26:13"}
{"level":"info","message":"   -> 🔍 Scan [external-link-count] | Target: \"10\" | Operator: \"Greater than\" | Actual: 0 | Result: ❌ NO MATCH","timestamp":"2026-07-11 13:26:13"}
{"level":"info","message":"   -> 🔍 Scan [incoming-link-count] | Target: \"5\" | Operator: \"Greater than\" | Actual: 11 | Result: ✅ MATCH","timestamp":"2026-07-11 13:26:13"}
{"level":"info","message":"   -> 🔍 Scan [heading-text] | Target: \"price\" (containing) | Operator: \"contains\" | Actual: [3 headings] | Result: ❌ NO MATCH","timestamp":"2026-07-11 13:26:13"}
{"level":"info","message":"   -> 🔍 Scan [header-text-length] | Target: \"80\" | Operator: \"Greater than\" | Actual: [3 headings] | Result: ❌ NO MATCH","timestamp":"2026-07-11 13:26:13"}
{"level":"info","message":"   -> 🔍 Scan [readability-level] | Target: \"12\" | Operator: \"Greater than\" | Actual: 20 | Result: ✅ MATCH","timestamp":"2026-07-11 13:26:13"}
{"level":"info","message":"   -> 🔍 Scan [meta-header] | Target: \"keyword\" (containing) | Operator: \"contains\" | Actual: [Content length: 14904] | Result: ❌ NO MATCH","timestamp":"2026-07-11 13:26:13"}
{"level":"info","message":"   -> 🔍 Scan [meta-header-length] | Target: \"160\" | Operator: \"Greater than\" | Actual: 134 | Result: ❌ NO MATCH","timestamp":"2026-07-11 13:26:13"}
{"level":"info","message":"   -> 🔍 Scan [page-html] | Target: \"<script>\" (containing) | Operator: \"contains\" | Actual: [Content length: 14904] | Result: ✅ MATCH","timestamp":"2026-07-11 13:26:13"}
{"level":"info","message":"   -> 🔍 Scan [image-size] | Target: \"1\" (MB) | Operator: \"Greater than\" | Actual: [1 images] | Result: ❌ NO MATCH","timestamp":"2026-07-11 13:26:13"}
{"level":"info","message":"   -> 🔍 Scan [text] | Target: \"jewellery\" (containing) | Operator: \"contains\" | Actual: [Content length: 14998] | Result: ✅ MATCH","timestamp":"2026-07-11 13:26:13"}
{"level":"info","message":"   -> 🔍 Scan [page-title] | Target: \"jewellery\" (containing) | Operator: \"contains\" | Actual: \"Jewellery Accounting & Finance\" | Result: ✅ MATCH","timestamp":"2026-07-11 13:26:13"}
{"level":"info","message":"   -> 🔍 Scan [page-title-length] | Target: \"60\" | Operator: \"Greater than\" | Actual: 46 | Result: ❌ NO MATCH","timestamp":"2026-07-11 13:26:13"}
{"level":"info","message":"   -> 🔍 Scan [page-url] | Target: \"shop\" (containing) | Operator: \"contains\" | Actual: \"https://jewellmaster.com/features/accounting-finan\" | Result: ❌ NO MATCH","timestamp":"2026-07-11 13:26:13"}
{"level":"info","message":"   -> 🔍 Scan [link] | Target: \"contact\" (containing) | Operator: \"contains\" | Actual: [11 links] | Result: ❌ NO MATCH","timestamp":"2026-07-11 13:26:13"}
{"level":"info","message":"   -> 🔍 Scan [link-text] | Target: \"buy\" (containing) | Operator: \"contains\" | Actual: [11 links] | Result: ❌ NO MATCH","timestamp":"2026-07-11 13:26:13"}
{"level":"info","message":"   -> 🔍 Scan [link-text-length] | Target: \"50\" | Operator: \"Greater than\" | Actual: [11 links] | Result: ❌ NO MATCH","timestamp":"2026-07-11 13:26:13"}
{"level":"info","message":"   -> 🔍 Scan [file-size] | Target: \"5\" (MB) | Operator: \"Greater than\" | Actual: 404.03515625 | Result: ❌ NO MATCH","timestamp":"2026-07-11 13:26:13"}
{"level":"info","message":"   -> 🔍 Scan [image-size] | Target: \"100\" (KB) | Operator: \"Greater than\" | Actual: [1 images] | Result: ❌ NO MATCH","timestamp":"2026-07-11 13:26:13"}
{"level":"info","message":"   -> 🔍 Scan [image-text] | Target: \"logo\" (containing) | Operator: \"contains\" | Actual: [1 images] | Result: ❌ NO MATCH","timestamp":"2026-07-11 13:26:13"}
{"level":"info","message":"   -> 🔍 Scan [image-text-length] | Target: \"100\" | Operator: \"Greater than\" | Actual: [1 images] | Result: ❌ NO MATCH","timestamp":"2026-07-11 13:26:13"}
{"level":"info","message":"   -> 🔍 Scan [external-link-count] | Target: \"10\" | Operator: \"Greater than\" | Actual: 0 | Result: ❌ NO MATCH","timestamp":"2026-07-11 13:26:13"}
{"level":"info","message":"   -> 🔍 Scan [incoming-link-count] | Target: \"5\" | Operator: \"Greater than\" | Actual: 11 | Result: ✅ MATCH","timestamp":"2026-07-11 13:26:13"}
{"level":"info","message":"   -> 🔍 Scan [heading-text] | Target: \"price\" (containing) | Operator: \"contains\" | Actual: [3 headings] | Result: ❌ NO MATCH","timestamp":"2026-07-11 13:26:13"}
{"level":"info","message":"   -> 🔍 Scan [header-text-length] | Target: \"80\" | Operator: \"Greater than\" | Actual: [3 headings] | Result: ❌ NO MATCH","timestamp":"2026-07-11 13:26:13"}
{"level":"info","message":"   -> 🔍 Scan [readability-level] | Target: \"12\" | Operator: \"Greater than\" | Actual: 20 | Result: ✅ MATCH","timestamp":"2026-07-11 13:26:13"}
{"level":"info","message":"   -> 🔍 Scan [meta-header] | Target: \"keyword\" (containing) | Operator: \"contains\" | Actual: [Content length: 14998] | Result: ❌ NO MATCH","timestamp":"2026-07-11 13:26:13"}
{"level":"info","message":"   -> 🔍 Scan [meta-header-length] | Target: \"160\" | Operator: \"Greater than\" | Actual: 126 | Result: ❌ NO MATCH","timestamp":"2026-07-11 13:26:13"}
{"level":"info","message":"   -> 🔍 Scan [page-html] | Target: \"<script>\" (containing) | Operator: \"contains\" | Actual: [Content length: 14998] | Result: ✅ MATCH","timestamp":"2026-07-11 13:26:13"}
{"level":"info","message":"   -> 🔍 Scan [image-size] | Target: \"1\" (MB) | Operator: \"Greater than\" | Actual: [1 images] | Result: ❌ NO MATCH","timestamp":"2026-07-11 13:26:13"}
{"level":"info","message":"   -> 🔍 Scan [text] | Target: \"jewellery\" (containing) | Operator: \"contains\" | Actual: [Content length: 14839] | Result: ✅ MATCH","timestamp":"2026-07-11 13:26:13"}
{"level":"info","message":"   -> 🔍 Scan [page-title] | Target: \"jewellery\" (containing) | Operator: \"contains\" | Actual: \"AI Powered Reports for Jewelle\" | Result: ✅ MATCH","timestamp":"2026-07-11 13:26:13"}
{"level":"info","message":"   -> 🔍 Scan [page-title-length] | Target: \"60\" | Operator: \"Greater than\" | Actual: 52 | Result: ❌ NO MATCH","timestamp":"2026-07-11 13:26:13"}
{"level":"info","message":"   -> 🔍 Scan [page-url] | Target: \"shop\" (containing) | Operator: \"contains\" | Actual: \"https://jewellmaster.com/features/ai-powered-repor\" | Result: ❌ NO MATCH","timestamp":"2026-07-11 13:26:13"}
{"level":"info","message":"   -> 🔍 Scan [link] | Target: \"contact\" (containing) | Operator: \"contains\" | Actual: [11 links] | Result: ❌ NO MATCH","timestamp":"2026-07-11 13:26:13"}
{"level":"info","message":"   -> 🔍 Scan [link-text] | Target: \"buy\" (containing) | Operator: \"contains\" | Actual: [11 links] | Result: ❌ NO MATCH","timestamp":"2026-07-11 13:26:13"}
{"level":"info","message":"   -> 🔍 Scan [link-text-length] | Target: \"50\" | Operator: \"Greater than\" | Actual: [11 links] | Result: ❌ NO MATCH","timestamp":"2026-07-11 13:26:13"}
{"level":"info","message":"   -> 🔍 Scan [file-size] | Target: \"5\" (MB) | Operator: \"Greater than\" | Actual: 388.61328125 | Result: ❌ NO MATCH","timestamp":"2026-07-11 13:26:13"}
{"level":"info","message":"   -> 🔍 Scan [image-size] | Target: \"100\" (KB) | Operator: \"Greater than\" | Actual: [1 images] | Result: ❌ NO MATCH","timestamp":"2026-07-11 13:26:13"}
{"level":"info","message":"   -> 🔍 Scan [image-text] | Target: \"logo\" (containing) | Operator: \"contains\" | Actual: [1 images] | Result: ❌ NO MATCH","timestamp":"2026-07-11 13:26:13"}
{"level":"info","message":"   -> 🔍 Scan [image-text-length] | Target: \"100\" | Operator: \"Greater than\" | Actual: [1 images] | Result: ❌ NO MATCH","timestamp":"2026-07-11 13:26:13"}
{"level":"info","message":"   -> 🔍 Scan [external-link-count] | Target: \"10\" | Operator: \"Greater than\" | Actual: 0 | Result: ❌ NO MATCH","timestamp":"2026-07-11 13:26:13"}
{"level":"info","message":"   -> 🔍 Scan [incoming-link-count] | Target: \"5\" | Operator: \"Greater than\" | Actual: 11 | Result: ✅ MATCH","timestamp":"2026-07-11 13:26:13"}
{"level":"info","message":"   -> 🔍 Scan [heading-text] | Target: \"price\" (containing) | Operator: \"contains\" | Actual: [3 headings] | Result: ❌ NO MATCH","timestamp":"2026-07-11 13:26:13"}
{"level":"info","message":"   -> 🔍 Scan [header-text-length] | Target: \"80\" | Operator: \"Greater than\" | Actual: [3 headings] | Result: ❌ NO MATCH","timestamp":"2026-07-11 13:26:13"}
{"level":"info","message":"   -> 🔍 Scan [readability-level] | Target: \"12\" | Operator: \"Greater than\" | Actual: 20 | Result: ✅ MATCH","timestamp":"2026-07-11 13:26:13"}
{"level":"info","message":"   -> 🔍 Scan [meta-header] | Target: \"keyword\" (containing) | Operator: \"contains\" | Actual: [Content length: 14839] | Result: ❌ NO MATCH","timestamp":"2026-07-11 13:26:13"}
{"level":"info","message":"   -> 🔍 Scan [meta-header-length] | Target: \"160\" | Operator: \"Greater than\" | Actual: 129 | Result: ❌ NO MATCH","timestamp":"2026-07-11 13:26:13"}
{"level":"info","message":"   -> 🔍 Scan [page-html] | Target: \"<script>\" (containing) | Operator: \"contains\" | Actual: [Content length: 14839] | Result: ✅ MATCH","timestamp":"2026-07-11 13:26:13"}
{"level":"info","message":"   -> 🔍 Scan [image-size] | Target: \"1\" (MB) | Operator: \"Greater than\" | Actual: [1 images] | Result: ❌ NO MATCH","timestamp":"2026-07-11 13:26:13"}
{"level":"info","message":"   -> 🔍 Scan [text] | Target: \"jewellery\" (containing) | Operator: \"contains\" | Actual: [Content length: 14922] | Result: ✅ MATCH","timestamp":"2026-07-11 13:26:13"}
{"level":"info","message":"   -> 🔍 Scan [page-title] | Target: \"jewellery\" (containing) | Operator: \"contains\" | Actual: \"Multi Branch Jewellery ERP Sof\" | Result: ✅ MATCH","timestamp":"2026-07-11 13:26:13"}
{"level":"info","message":"   -> 🔍 Scan [page-title-length] | Target: \"60\" | Operator: \"Greater than\" | Actual: 51 | Result: ❌ NO MATCH","timestamp":"2026-07-11 13:26:13"}
{"level":"info","message":"   -> 🔍 Scan [page-url] | Target: \"shop\" (containing) | Operator: \"contains\" | Actual: \"https://jewellmaster.com/features/multi-branch-man\" | Result: ❌ NO MATCH","timestamp":"2026-07-11 13:26:13"}
{"level":"info","message":"   -> 🔍 Scan [link] | Target: \"contact\" (containing) | Operator: \"contains\" | Actual: [11 links] | Result: ❌ NO MATCH","timestamp":"2026-07-11 13:26:13"}
{"level":"info","message":"   -> 🔍 Scan [link-text] | Target: \"buy\" (containing) | Operator: \"contains\" | Actual: [11 links] | Result: ❌ NO MATCH","timestamp":"2026-07-11 13:26:13"}
{"level":"info","message":"   -> 🔍 Scan [link-text-length] | Target: \"50\" | Operator: \"Greater than\" | Actual: [11 links] | Result: ❌ NO MATCH","timestamp":"2026-07-11 13:26:13"}
{"level":"info","message":"   -> 🔍 Scan [file-size] | Target: \"5\" (MB) | Operator: \"Greater than\" | Actual: 378.1279296875 | Result: ❌ NO MATCH","timestamp":"2026-07-11 13:26:13"}
{"level":"info","message":"   -> 🔍 Scan [image-size] | Target: \"100\" (KB) | Operator: \"Greater than\" | Actual: [1 images] | Result: ❌ NO MATCH","timestamp":"2026-07-11 13:26:13"}
{"level":"info","message":"   -> 🔍 Scan [image-text] | Target: \"logo\" (containing) | Operator: \"contains\" | Actual: [1 images] | Result: ❌ NO MATCH","timestamp":"2026-07-11 13:26:13"}
{"level":"info","message":"   -> 🔍 Scan [image-text-length] | Target: \"100\" | Operator: \"Greater than\" | Actual: [1 images] | Result: ❌ NO MATCH","timestamp":"2026-07-11 13:26:13"}
{"level":"info","message":"   -> 🔍 Scan [external-link-count] | Target: \"10\" | Operator: \"Greater than\" | Actual: 0 | Result: ❌ NO MATCH","timestamp":"2026-07-11 13:26:13"}
{"level":"info","message":"   -> 🔍 Scan [incoming-link-count] | Target: \"5\" | Operator: \"Greater than\" | Actual: 11 | Result: ✅ MATCH","timestamp":"2026-07-11 13:26:13"}
{"level":"info","message":"   -> 🔍 Scan [heading-text] | Target: \"price\" (containing) | Operator: \"contains\" | Actual: [3 headings] | Result: ❌ NO MATCH","timestamp":"2026-07-11 13:26:13"}
{"level":"info","message":"   -> 🔍 Scan [header-text-length] | Target: \"80\" | Operator: \"Greater than\" | Actual: [3 headings] | Result: ❌ NO MATCH","timestamp":"2026-07-11 13:26:13"}
{"level":"info","message":"   -> 🔍 Scan [readability-level] | Target: \"12\" | Operator: \"Greater than\" | Actual: 20 | Result: ✅ MATCH","timestamp":"2026-07-11 13:26:13"}
{"level":"info","message":"   -> 🔍 Scan [meta-header] | Target: \"keyword\" (containing) | Operator: \"contains\" | Actual: [Content length: 14922] | Result: ❌ NO MATCH","timestamp":"2026-07-11 13:26:13"}
{"level":"info","message":"   -> 🔍 Scan [meta-header-length] | Target: \"160\" | Operator: \"Greater than\" | Actual: 133 | Result: ❌ NO MATCH","timestamp":"2026-07-11 13:26:13"}
{"level":"info","message":"   -> 🔍 Scan [page-html] | Target: \"<script>\" (containing) | Operator: \"contains\" | Actual: [Content length: 14922] | Result: ✅ MATCH","timestamp":"2026-07-11 13:26:13"}
{"level":"info","message":"   -> 🔍 Scan [image-size] | Target: \"1\" (MB) | Operator: \"Greater than\" | Actual: [1 images] | Result: ❌ NO MATCH","timestamp":"2026-07-11 13:26:13"}
{"level":"info","message":"   -> 🔍 Scan [text] | Target: \"jewellery\" (containing) | Operator: \"contains\" | Actual: [Content length: 14820] | Result: ✅ MATCH","timestamp":"2026-07-11 13:26:13"}
{"level":"info","message":"   -> 🔍 Scan [page-title] | Target: \"jewellery\" (containing) | Operator: \"contains\" | Actual: \"Jewellery ERP Mobile App | Jew\" | Result: ✅ MATCH","timestamp":"2026-07-11 13:26:13"}
{"level":"info","message":"   -> 🔍 Scan [page-title-length] | Target: \"60\" | Operator: \"Greater than\" | Actual: 40 | Result: ❌ NO MATCH","timestamp":"2026-07-11 13:26:13"}
{"level":"info","message":"   -> 🔍 Scan [page-url] | Target: \"shop\" (containing) | Operator: \"contains\" | Actual: \"https://jewellmaster.com/features/mobile-app\" | Result: ❌ NO MATCH","timestamp":"2026-07-11 13:26:13"}
{"level":"info","message":"   -> 🔍 Scan [link] | Target: \"contact\" (containing) | Operator: \"contains\" | Actual: [11 links] | Result: ❌ NO MATCH","timestamp":"2026-07-11 13:26:13"}
{"level":"info","message":"   -> 🔍 Scan [link-text] | Target: \"buy\" (containing) | Operator: \"contains\" | Actual: [11 links] | Result: ❌ NO MATCH","timestamp":"2026-07-11 13:26:13"}
{"level":"info","message":"   -> 🔍 Scan [link-text-length] | Target: \"50\" | Operator: \"Greater than\" | Actual: [11 links] | Result: ❌ NO MATCH","timestamp":"2026-07-11 13:26:13"}
{"level":"info","message":"   -> 🔍 Scan [file-size] | Target: \"5\" (MB) | Operator: \"Greater than\" | Actual: 398.1455078125 | Result: ❌ NO MATCH","timestamp":"2026-07-11 13:26:13"}
{"level":"info","message":"   -> 🔍 Scan [image-size] | Target: \"100\" (KB) | Operator: \"Greater than\" | Actual: [1 images] | Result: ❌ NO MATCH","timestamp":"2026-07-11 13:26:13"}
{"level":"info","message":"   -> 🔍 Scan [image-text] | Target: \"logo\" (containing) | Operator: \"contains\" | Actual: [1 images] | Result: ❌ NO MATCH","timestamp":"2026-07-11 13:26:13"}
{"level":"info","message":"   -> 🔍 Scan [image-text-length] | Target: \"100\" | Operator: \"Greater than\" | Actual: [1 images] | Result: ❌ NO MATCH","timestamp":"2026-07-11 13:26:13"}
{"level":"info","message":"   -> 🔍 Scan [external-link-count] | Target: \"10\" | Operator: \"Greater than\" | Actual: 0 | Result: ❌ NO MATCH","timestamp":"2026-07-11 13:26:13"}
{"level":"info","message":"   -> 🔍 Scan [incoming-link-count] | Target: \"5\" | Operator: \"Greater than\" | Actual: 11 | Result: ✅ MATCH","timestamp":"2026-07-11 13:26:13"}
{"level":"info","message":"   -> 🔍 Scan [heading-text] | Target: \"price\" (containing) | Operator: \"contains\" | Actual: [3 headings] | Result: ❌ NO MATCH","timestamp":"2026-07-11 13:26:13"}
{"level":"info","message":"   -> 🔍 Scan [header-text-length] | Target: \"80\" | Operator: \"Greater than\" | Actual: [3 headings] | Result: ❌ NO MATCH","timestamp":"2026-07-11 13:26:13"}
{"level":"info","message":"   -> 🔍 Scan [readability-level] | Target: \"12\" | Operator: \"Greater than\" | Actual: 20 | Result: ✅ MATCH","timestamp":"2026-07-11 13:26:13"}
{"level":"info","message":"   -> 🔍 Scan [meta-header] | Target: \"keyword\" (containing) | Operator: \"contains\" | Actual: [Content length: 14820] | Result: ❌ NO MATCH","timestamp":"2026-07-11 13:26:13"}
{"level":"info","message":"   -> 🔍 Scan [meta-header-length] | Target: \"160\" | Operator: \"Greater than\" | Actual: 140 | Result: ❌ NO MATCH","timestamp":"2026-07-11 13:26:13"}
{"level":"info","message":"   -> 🔍 Scan [page-html] | Target: \"<script>\" (containing) | Operator: \"contains\" | Actual: [Content length: 14820] | Result: ✅ MATCH","timestamp":"2026-07-11 13:26:13"}
{"level":"info","message":"   -> 🔍 Scan [image-size] | Target: \"1\" (MB) | Operator: \"Greater than\" | Actual: [1 images] | Result: ❌ NO MATCH","timestamp":"2026-07-11 13:26:13"}
{"level":"info","message":"✅ [https://jewellmaster.com] Saved 10 pages to database tenant_sbi.","timestamp":"2026-07-11 13:26:13"}
{"level":"info","message":"📊 [https://jewellmaster.com] Domain summary created in tenant_sbi. Final Score: 38","timestamp":"2026-07-11 13:26:14"}
{"level":"info","message":"📋 [jewellmaster.com] Compiling detailed audit data snapshot for jobId: 3-1783756192178...","timestamp":"2026-07-11 13:26:14"}
{"level":"info","message":"💾 [jewellmaster.com] Saved complete Audit details & summary snap to DB for jobId: 3-1783756192178","timestamp":"2026-07-11 13:26:14"}
{"level":"info","message":"📋 [jewellmaster.com] QA scan saved: 10 pages, jobId 3-1783756192178","timestamp":"2026-07-11 13:26:15"}
{"level":"info","message":"♿ [jewellmaster.com] Starting Accessibility scan for 10 pages...","timestamp":"2026-07-11 13:26:15"}
{"level":"info","message":"🔍 [Scraper] HTML length: 25746 | Body length: 14904 | Total <a> tags: 11","timestamp":"2026-07-11 13:26:27"}
{"level":"info","message":"🔗 [Link Extraction] Page: https://jewellmaster.com/features/crm-customer-management | hostNorm: jewellmaster.com | Found 11 total links (11 internal)","timestamp":"2026-07-11 13:26:27"}
{"level":"info","message":"🔍 [Scraper] HTML length: 25746 | Body length: 14904 | Total <a> tags: 11","timestamp":"2026-07-11 13:26:27"}
{"level":"info","message":"🔗 [Link Extraction] Page: https://jewellmaster.com/features/crm-customer-management | hostNorm: jewellmaster.com | Found 11 total links (11 internal)","timestamp":"2026-07-11 13:26:27"}
{"level":"info","message":"♿ [jewellmaster.com] Axe-core scanned 5/10","timestamp":"2026-07-11 13:26:31"}
{"level":"info","message":"🚀 [PageSpeed API] Fetching metrics for https://jewellmaster.com/features/crm-customer-management...","timestamp":"2026-07-11 13:26:34"}
{"level":"info","message":"🚀 [PageSpeed API] Fetching metrics for https://jewellmaster.com/features/crm-customer-management...","timestamp":"2026-07-11 13:26:34"}
{"level":"info","message":"♿ [jewellmaster.com] Axe-core scanned 10/10","timestamp":"2026-07-11 13:26:39"}
{"level":"info","message":"✅ [jewellmaster.com] Accessibility scan saved: 10 pages, jobId 3-1783756192178","timestamp":"2026-07-11 13:26:42"}
{"level":"info","message":"📦 [https://jewellmaster.com] Enqueued Inventory scan for scanId: 6a51f73a33bbcd0fe4ef35bf","timestamp":"2026-07-11 13:26:42"}
{"level":"info","message":"Job 3 (https://jewellmaster.com) completed successfully.","timestamp":"2026-07-11 13:26:42"}
{"level":"info","message":"[Job 13] 📋 Starting inventory scan for: https://jewellmaster.com","timestamp":"2026-07-11 13:26:42"}
{"level":"info","message":"[Inventory Scan] Starting background scan for scanId: 6a51f73a33bbcd0fe4ef35bf, domain: https://jewellmaster.com","timestamp":"2026-07-11 13:26:42"}
{"level":"info","message":"[Inventory Scan] Loaded 18 disallow rules from robots.txt","timestamp":"2026-07-11 13:26:43"}
{"level":"info","message":"[Inventory Scan] Scanning batch of size 1. Visited total: 1","timestamp":"2026-07-11 13:26:43"}
{"level":"info","message":"[Inventory Scan Progress] 📈 Scanned Page: https://jewellmaster.com/ | Progress: 99%","timestamp":"2026-07-11 13:26:45"}
{"level":"info","message":"   └── 📦 Assets Discovered -> Pages: 1 | Images: 31 | CSS: 2 | JS: 15 | Docs: 0 | Emails: 0 | Headlinks: 11","timestamp":"2026-07-11 13:26:45"}
{"level":"info","message":"[Inventory Scan] Scanning batch of size 2. Visited total: 3","timestamp":"2026-07-11 13:26:45"}
{"level":"info","message":"[Inventory Scan Progress] 📈 Scanned Page: https://jewellmaster.com/features | Progress: 99%","timestamp":"2026-07-11 13:26:47"}
{"level":"info","message":"   └── 📦 Assets Discovered -> Pages: 3 | Images: 33 | CSS: 8 | JS: 21 | Docs: 0 | Emails: 0 | Headlinks: 19","timestamp":"2026-07-11 13:26:47"}
{"level":"info","message":"[Inventory Scan Progress] 📈 Scanned Page: https://jewellmaster.com/demo | Progress: 99%","timestamp":"2026-07-11 13:26:48"}
{"level":"info","message":"   └── 📦 Assets Discovered -> Pages: 3 | Images: 33 | CSS: 8 | JS: 27 | Docs: 0 | Emails: 0 | Headlinks: 32","timestamp":"2026-07-11 13:26:48"}
{"level":"info","message":"[Inventory Scan] Scanning batch of size 5. Visited total: 8","timestamp":"2026-07-11 13:26:48"}
{"level":"info","message":"✅ [PageSpeed API] Score for https://jewellmaster.com/features/crm-customer-management: 84","timestamp":"2026-07-11 13:26:49"}
{"level":"info","message":"📊 [Lighthouse] Results for https://jewellmaster.com/features/crm-customer-management: Performance: 84, SEO: 100, Accessibility: 93","timestamp":"2026-07-11 13:26:49"}
{"level":"info","message":"✅ [PageSpeed API] Score for https://jewellmaster.com/features/crm-customer-management: 84","timestamp":"2026-07-11 13:26:49"}
{"level":"info","message":"📊 [Lighthouse] Results for https://jewellmaster.com/features/crm-customer-management: Performance: 84, SEO: 100, Accessibility: 93","timestamp":"2026-07-11 13:26:49"}
{"level":"info","message":"🔍 [Domain: jewellmaster.com] [Page 6/10] Found 11 internal links on https://jewellmaster.com/features/crm-customer-management","timestamp":"2026-07-11 13:26:49"}
{"level":"info","message":"🔍 [Crawl] Queue: 5 | Visited: 7 | Scanning: https://jewellmaster.com/features/accounting-financial-management","timestamp":"2026-07-11 13:26:49"}
{"level":"info","message":"🔍 [Domain: jewellmaster.com] [Page 7/10] Scanning: https://jewellmaster.com/features/accounting-financial-management","timestamp":"2026-07-11 13:26:49"}
{"level":"info","message":"🔍 [Domain: jewellmaster.com] [Page 6/10] Found 11 internal links on https://jewellmaster.com/features/crm-customer-management","timestamp":"2026-07-11 13:26:49"}
{"level":"info","message":"🔍 [Crawl] Queue: 5 | Visited: 7 | Scanning: https://jewellmaster.com/features/accounting-financial-management","timestamp":"2026-07-11 13:26:49"}
{"level":"info","message":"🔍 [Domain: jewellmaster.com] [Page 7/10] Scanning: https://jewellmaster.com/features/accounting-financial-management","timestamp":"2026-07-11 13:26:49"}
{"level":"info","message":"[Inventory Scan Progress] 📈 Scanned Page: https://jewellmaster.com/features/jewelry-inventory-management | Progress: 99%","timestamp":"2026-07-11 13:26:50"}
{"level":"info","message":"   └── 📦 Assets Discovered -> Pages: 8 | Images: 38 | CSS: 18 | JS: 57 | Docs: 0 | Emails: 0 | Headlinks: 72","timestamp":"2026-07-11 13:26:50"}
{"level":"info","message":"[Inventory Scan Progress] 📈 Scanned Page: https://jewellmaster.com/features/gst-billing-invoicing | Progress: 99%","timestamp":"2026-07-11 13:26:50"}
{"level":"info","message":"   └── 📦 Assets Discovered -> Pages: 8 | Images: 38 | CSS: 18 | JS: 57 | Docs: 0 | Emails: 0 | Headlinks: 72","timestamp":"2026-07-11 13:26:50"}
{"level":"info","message":"[Inventory Scan Progress] 📈 Scanned Page: https://jewellmaster.com/features/ai-powered-reports | Progress: 99%","timestamp":"2026-07-11 13:26:50"}
{"level":"info","message":"   └── 📦 Assets Discovered -> Pages: 8 | Images: 38 | CSS: 18 | JS: 57 | Docs: 0 | Emails: 0 | Headlinks: 72","timestamp":"2026-07-11 13:26:50"}
{"level":"info","message":"[Inventory Scan Progress] 📈 Scanned Page: https://jewellmaster.com/features/crm-customer-management | Progress: 99%","timestamp":"2026-07-11 13:26:50"}
{"level":"info","message":"   └── 📦 Assets Discovered -> Pages: 8 | Images: 38 | CSS: 18 | JS: 57 | Docs: 0 | Emails: 0 | Headlinks: 72","timestamp":"2026-07-11 13:26:50"}
{"level":"info","message":"[Inventory Scan Progress] 📈 Scanned Page: https://jewellmaster.com/features/accounting-financial-management | Progress: 99%","timestamp":"2026-07-11 13:26:50"}
{"level":"info","message":"   └── 📦 Assets Discovered -> Pages: 8 | Images: 38 | CSS: 18 | JS: 57 | Docs: 0 | Emails: 0 | Headlinks: 72","timestamp":"2026-07-11 13:26:50"}
{"level":"info","message":"[Inventory Scan] Scanning batch of size 4. Visited total: 12","timestamp":"2026-07-11 13:26:50"}
{"level":"info","message":"🔍 [Scraper] HTML length: 25930 | Body length: 14998 | Total <a> tags: 11","timestamp":"2026-07-11 13:26:53"}
{"level":"info","message":"🔗 [Link Extraction] Page: https://jewellmaster.com/features/accounting-financial-management | hostNorm: jewellmaster.com | Found 11 total links (11 internal)","timestamp":"2026-07-11 13:26:53"}
{"level":"info","message":"[Inventory Scan Progress] 📈 Scanned Page: https://jewellmaster.com/features/mobile-app | Progress: 99%","timestamp":"2026-07-11 13:26:53"}
{"level":"info","message":"   └── 📦 Assets Discovered -> Pages: 12 | Images: 42 | CSS: 26 | JS: 81 | Docs: 0 | Emails: 0 | Headlinks: 104","timestamp":"2026-07-11 13:26:53"}
{"level":"info","message":"[Inventory Scan Progress] 📈 Scanned Page: https://jewellmaster.com/features/security-reliability | Progress: 99%","timestamp":"2026-07-11 13:26:53"}
{"level":"info","message":"   └── 📦 Assets Discovered -> Pages: 12 | Images: 42 | CSS: 26 | JS: 81 | Docs: 0 | Emails: 0 | Headlinks: 104","timestamp":"2026-07-11 13:26:53"}
{"level":"info","message":"🔍 [Scraper] HTML length: 25930 | Body length: 14998 | Total <a> tags: 11","timestamp":"2026-07-11 13:26:53"}
{"level":"info","message":"🔗 [Link Extraction] Page: https://jewellmaster.com/features/accounting-financial-management | hostNorm: jewellmaster.com | Found 11 total links (11 internal)","timestamp":"2026-07-11 13:26:53"}
{"level":"info","message":"[Inventory Scan Progress] 📈 Scanned Page: https://jewellmaster.com/features/integrations | Progress: 99%","timestamp":"2026-07-11 13:26:53"}
{"level":"info","message":"   └── 📦 Assets Discovered -> Pages: 12 | Images: 42 | CSS: 26 | JS: 81 | Docs: 0 | Emails: 0 | Headlinks: 104","timestamp":"2026-07-11 13:26:53"}
{"level":"info","message":"[Inventory Scan Progress] 📈 Scanned Page: https://jewellmaster.com/features/multi-branch-management | Progress: 99%","timestamp":"2026-07-11 13:26:53"}
{"level":"info","message":"   └── 📦 Assets Discovered -> Pages: 12 | Images: 42 | CSS: 26 | JS: 81 | Docs: 0 | Emails: 0 | Headlinks: 104","timestamp":"2026-07-11 13:26:53"}
{"level":"info","message":"[Inventory Scan Completed] ✅ Crawl finished successfully in 11338ms!","timestamp":"2026-07-11 13:26:54"}
{"level":"info","message":"   └── 📊 Final Inventory Totals -> Pages: 12 | Images: 42 | CSS: 26 | JS: 81 | Docs: 0 | Emails: 0 | Headlinks: 104","timestamp":"2026-07-11 13:26:54"}
{"level":"info","message":"Job 13 (undefined) completed successfully.","timestamp":"2026-07-11 13:26:54"}
{"level":"info","message":"[Job repeat:c10eea93bf68cc56fd5c63b351df3d32:1783756500000] 🚀 Executing scheduled global orchestration...","timestamp":"2026-07-11 13:26:54"}
{"level":"info","message":"Orchestrator: Starting global scan orchestration... ","timestamp":"2026-07-11 13:26:54"}
{"level":"info","message":"🔗 Connecting to MASTER database: master","timestamp":"2026-07-11 13:26:54"}
{"level":"info","message":"Orchestrator: Found 2 tenants to process.","timestamp":"2026-07-11 13:26:55"}
{"level":"info","message":"📁 Switching to CLIENT database: tenant_rbi (Tenant: rbi)","timestamp":"2026-07-11 13:26:55"}
{"level":"info","message":"Orchestrator: No domains found for tenant rbi (excluding those currently scanning).","timestamp":"2026-07-11 13:26:55"}
{"level":"info","message":"📁 Switching to CLIENT database: tenant_sbi (Tenant: sbi)","timestamp":"2026-07-11 13:26:55"}
{"level":"info","message":"Orchestrator: No domains found for tenant sbi (excluding those currently scanning).","timestamp":"2026-07-11 13:26:55"}
{"level":"info","message":"Orchestrator: Master DB connection closed.","timestamp":"2026-07-11 13:26:55"}
{"level":"info","message":"✅ Orchestrator: Finished. Total jobs enqueued: 0","timestamp":"2026-07-11 13:26:55"}
{"level":"info","message":"Job repeat:c10eea93bf68cc56fd5c63b351df3d32:1783756500000 (Orchestrator) completed successfully.","timestamp":"2026-07-11 13:26:55"}
{"level":"info","message":"🚀 [PageSpeed API] Fetching metrics for https://jewellmaster.com/features/accounting-financial-management...","timestamp":"2026-07-11 13:26:57"}
{"level":"info","message":"🚀 [PageSpeed API] Fetching metrics for https://jewellmaster.com/features/accounting-financial-management...","timestamp":"2026-07-11 13:26:58"}
{"level":"info","message":"[Job repeat:c10eea93bf68cc56fd5c63b351df3d32:1783756620000] 🚀 Executing scheduled global orchestration...","timestamp":"2026-07-11 13:27:00"}
{"level":"info","message":"Orchestrator: Starting global scan orchestration... ","timestamp":"2026-07-11 13:27:00"}
{"level":"info","message":"🔗 Connecting to MASTER database: master","timestamp":"2026-07-11 13:27:00"}
{"level":"info","message":"Orchestrator: Found 2 tenants to process.","timestamp":"2026-07-11 13:27:01"}
{"level":"info","message":"📁 Switching to CLIENT database: tenant_rbi (Tenant: rbi)","timestamp":"2026-07-11 13:27:01"}
{"level":"info","message":"Orchestrator: No domains found for tenant rbi (excluding those currently scanning).","timestamp":"2026-07-11 13:27:01"}
{"level":"info","message":"📁 Switching to CLIENT database: tenant_sbi (Tenant: sbi)","timestamp":"2026-07-11 13:27:01"}
{"level":"info","message":"Orchestrator: No domains found for tenant sbi (excluding those currently scanning).","timestamp":"2026-07-11 13:27:01"}
{"level":"info","message":"Orchestrator: Master DB connection closed.","timestamp":"2026-07-11 13:27:01"}
{"level":"info","message":"✅ Orchestrator: Finished. Total jobs enqueued: 0","timestamp":"2026-07-11 13:27:01"}
{"level":"info","message":"Job repeat:c10eea93bf68cc56fd5c63b351df3d32:1783756620000 (Orchestrator) completed successfully.","timestamp":"2026-07-11 13:27:01"}
{"level":"info","message":"✅ [PageSpeed API] Score for https://jewellmaster.com/features/accounting-financial-management: 84","timestamp":"2026-07-11 13:27:16"}
{"level":"info","message":"📊 [Lighthouse] Results for https://jewellmaster.com/features/accounting-financial-management: Performance: 84, SEO: 100, Accessibility: 93","timestamp":"2026-07-11 13:27:16"}
{"level":"info","message":"✅ [PageSpeed API] Score for https://jewellmaster.com/features/accounting-financial-management: 84","timestamp":"2026-07-11 13:27:16"}
{"level":"info","message":"📊 [Lighthouse] Results for https://jewellmaster.com/features/accounting-financial-management: Performance: 84, SEO: 100, Accessibility: 93","timestamp":"2026-07-11 13:27:16"}
{"level":"info","message":"🔍 [Domain: jewellmaster.com] [Page 7/10] Found 11 internal links on https://jewellmaster.com/features/accounting-financial-management","timestamp":"2026-07-11 13:27:18"}
{"level":"info","message":"🔍 [Crawl] Queue: 4 | Visited: 8 | Scanning: https://jewellmaster.com/features/ai-powered-reports","timestamp":"2026-07-11 13:27:18"}
{"level":"info","message":"🔍 [Domain: jewellmaster.com] [Page 8/10] Scanning: https://jewellmaster.com/features/ai-powered-reports","timestamp":"2026-07-11 13:27:18"}
{"level":"info","message":"🔍 [Domain: jewellmaster.com] [Page 7/10] Found 11 internal links on https://jewellmaster.com/features/accounting-financial-management","timestamp":"2026-07-11 13:27:18"}
{"level":"info","message":"🔍 [Crawl] Queue: 4 | Visited: 8 | Scanning: https://jewellmaster.com/features/ai-powered-reports","timestamp":"2026-07-11 13:27:18"}
{"level":"info","message":"🔍 [Domain: jewellmaster.com] [Page 8/10] Scanning: https://jewellmaster.com/features/ai-powered-reports","timestamp":"2026-07-11 13:27:18"}
{"level":"info","message":"🔍 [Scraper] HTML length: 25598 | Body length: 14839 | Total <a> tags: 11","timestamp":"2026-07-11 13:27:37"}
{"level":"info","message":"🔗 [Link Extraction] Page: https://jewellmaster.com/features/ai-powered-reports | hostNorm: jewellmaster.com | Found 11 total links (11 internal)","timestamp":"2026-07-11 13:27:37"}
{"level":"info","message":"🔍 [Scraper] HTML length: 25598 | Body length: 14839 | Total <a> tags: 11","timestamp":"2026-07-11 13:27:45"}
{"level":"info","message":"🔗 [Link Extraction] Page: https://jewellmaster.com/features/ai-powered-reports | hostNorm: jewellmaster.com | Found 11 total links (11 internal)","timestamp":"2026-07-11 13:27:45"}
{"level":"info","message":"🚀 [PageSpeed API] Fetching metrics for https://jewellmaster.com/features/ai-powered-reports...","timestamp":"2026-07-11 13:27:48"}
{"level":"info","message":"🚀 [PageSpeed API] Fetching metrics for https://jewellmaster.com/features/ai-powered-reports...","timestamp":"2026-07-11 13:27:53"}
{"level":"info","message":"[Job repeat:c10eea93bf68cc56fd5c63b351df3d32:1783756680000] 🚀 Executing scheduled global orchestration...","timestamp":"2026-07-11 13:28:00"}
{"level":"info","message":"Orchestrator: Starting global scan orchestration... ","timestamp":"2026-07-11 13:28:00"}
{"level":"info","message":"🔗 Connecting to MASTER database: master","timestamp":"2026-07-11 13:28:00"}
{"level":"info","message":"Orchestrator: Found 2 tenants to process.","timestamp":"2026-07-11 13:28:00"}
{"level":"info","message":"📁 Switching to CLIENT database: tenant_rbi (Tenant: rbi)","timestamp":"2026-07-11 13:28:00"}
{"level":"info","message":"Orchestrator: No domains found for tenant rbi (excluding those currently scanning).","timestamp":"2026-07-11 13:28:00"}
{"level":"info","message":"📁 Switching to CLIENT database: tenant_sbi (Tenant: sbi)","timestamp":"2026-07-11 13:28:00"}
{"level":"info","message":"Orchestrator: No domains found for tenant sbi (excluding those currently scanning).","timestamp":"2026-07-11 13:28:00"}
{"level":"info","message":"Orchestrator: Master DB connection closed.","timestamp":"2026-07-11 13:28:00"}
{"level":"info","message":"✅ Orchestrator: Finished. Total jobs enqueued: 0","timestamp":"2026-07-11 13:28:00"}
{"level":"info","message":"Job repeat:c10eea93bf68cc56fd5c63b351df3d32:1783756680000 (Orchestrator) completed successfully.","timestamp":"2026-07-11 13:28:00"}
{"level":"info","message":"✅ [PageSpeed API] Score for https://jewellmaster.com/features/ai-powered-reports: 88","timestamp":"2026-07-11 13:28:03"}
{"level":"info","message":"📊 [Lighthouse] Results for https://jewellmaster.com/features/ai-powered-reports: Performance: 88, SEO: 100, Accessibility: 93","timestamp":"2026-07-11 13:28:03"}
{"level":"info","message":"✅ [PageSpeed API] Score for https://jewellmaster.com/features/ai-powered-reports: 88","timestamp":"2026-07-11 13:28:03"}
{"level":"info","message":"📊 [Lighthouse] Results for https://jewellmaster.com/features/ai-powered-reports: Performance: 88, SEO: 100, Accessibility: 93","timestamp":"2026-07-11 13:28:03"}
{"level":"info","message":"🔍 [Domain: jewellmaster.com] [Page 8/10] Found 11 internal links on https://jewellmaster.com/features/ai-powered-reports","timestamp":"2026-07-11 13:28:03"}
{"level":"info","message":"🔍 [Crawl] Queue: 3 | Visited: 9 | Scanning: https://jewellmaster.com/features/multi-branch-management","timestamp":"2026-07-11 13:28:03"}
{"level":"info","message":"🔍 [Domain: jewellmaster.com] [Page 9/10] Scanning: https://jewellmaster.com/features/multi-branch-management","timestamp":"2026-07-11 13:28:03"}
{"level":"info","message":"🔍 [Domain: jewellmaster.com] [Page 8/10] Found 11 internal links on https://jewellmaster.com/features/ai-powered-reports","timestamp":"2026-07-11 13:28:03"}
{"level":"info","message":"🔍 [Crawl] Queue: 3 | Visited: 9 | Scanning: https://jewellmaster.com/features/multi-branch-management","timestamp":"2026-07-11 13:28:03"}
{"level":"info","message":"🔍 [Domain: jewellmaster.com] [Page 9/10] Scanning: https://jewellmaster.com/features/multi-branch-management","timestamp":"2026-07-11 13:28:03"}
{"level":"info","message":"🔍 [Scraper] HTML length: 25815 | Body length: 14922 | Total <a> tags: 11","timestamp":"2026-07-11 13:28:07"}
{"level":"info","message":"🔗 [Link Extraction] Page: https://jewellmaster.com/features/multi-branch-management | hostNorm: jewellmaster.com | Found 11 total links (11 internal)","timestamp":"2026-07-11 13:28:07"}
{"level":"info","message":"🔍 [Scraper] HTML length: 25815 | Body length: 14922 | Total <a> tags: 11","timestamp":"2026-07-11 13:28:07"}
{"level":"info","message":"🔗 [Link Extraction] Page: https://jewellmaster.com/features/multi-branch-management | hostNorm: jewellmaster.com | Found 11 total links (11 internal)","timestamp":"2026-07-11 13:28:07"}
{"level":"info","message":"🚀 [PageSpeed API] Fetching metrics for https://jewellmaster.com/features/multi-branch-management...","timestamp":"2026-07-11 13:28:10"}
{"level":"info","message":"🚀 [PageSpeed API] Fetching metrics for https://jewellmaster.com/features/multi-branch-management...","timestamp":"2026-07-11 13:28:10"}
{"level":"info","message":"✅ [PageSpeed API] Score for https://jewellmaster.com/features/multi-branch-management: 86","timestamp":"2026-07-11 13:28:29"}
{"level":"info","message":"📊 [Lighthouse] Results for https://jewellmaster.com/features/multi-branch-management: Performance: 86, SEO: 100, Accessibility: 93","timestamp":"2026-07-11 13:28:29"}
{"level":"info","message":"✅ [PageSpeed API] Score for https://jewellmaster.com/features/multi-branch-management: 86","timestamp":"2026-07-11 13:28:29"}
{"level":"info","message":"📊 [Lighthouse] Results for https://jewellmaster.com/features/multi-branch-management: Performance: 86, SEO: 100, Accessibility: 93","timestamp":"2026-07-11 13:28:29"}
{"level":"info","message":"🔍 [Domain: jewellmaster.com] [Page 9/10] Found 11 internal links on https://jewellmaster.com/features/multi-branch-management","timestamp":"2026-07-11 13:28:29"}
{"level":"info","message":"🔍 [Crawl] Queue: 2 | Visited: 10 | Scanning: https://jewellmaster.com/features/mobile-app","timestamp":"2026-07-11 13:28:29"}
{"level":"info","message":"🔍 [Domain: jewellmaster.com] [Page 10/10] Scanning: https://jewellmaster.com/features/mobile-app","timestamp":"2026-07-11 13:28:29"}
{"level":"info","message":"🔍 [Domain: jewellmaster.com] [Page 9/10] Found 11 internal links on https://jewellmaster.com/features/multi-branch-management","timestamp":"2026-07-11 13:28:29"}
{"level":"info","message":"🔍 [Crawl] Queue: 2 | Visited: 10 | Scanning: https://jewellmaster.com/features/mobile-app","timestamp":"2026-07-11 13:28:29"}
{"level":"info","message":"🔍 [Domain: jewellmaster.com] [Page 10/10] Scanning: https://jewellmaster.com/features/mobile-app","timestamp":"2026-07-11 13:28:29"}
{"level":"info","message":"🔍 [Scraper] HTML length: 25550 | Body length: 14820 | Total <a> tags: 11","timestamp":"2026-07-11 13:28:49"}
{"level":"info","message":"🔗 [Link Extraction] Page: https://jewellmaster.com/features/mobile-app | hostNorm: jewellmaster.com | Found 11 total links (11 internal)","timestamp":"2026-07-11 13:28:49"}
{"level":"info","message":"🔍 [Scraper] HTML length: 25550 | Body length: 14820 | Total <a> tags: 11","timestamp":"2026-07-11 13:28:49"}
{"level":"info","message":"🔗 [Link Extraction] Page: https://jewellmaster.com/features/mobile-app | hostNorm: jewellmaster.com | Found 11 total links (11 internal)","timestamp":"2026-07-11 13:28:49"}
{"level":"info","message":"🚀 [PageSpeed API] Fetching metrics for https://jewellmaster.com/features/mobile-app...","timestamp":"2026-07-11 13:28:52"}
{"level":"info","message":"🚀 [PageSpeed API] Fetching metrics for https://jewellmaster.com/features/mobile-app...","timestamp":"2026-07-11 13:28:52"}
{"level":"info","message":"[Job repeat:c10eea93bf68cc56fd5c63b351df3d32:1783756740000] 🚀 Executing scheduled global orchestration...","timestamp":"2026-07-11 13:29:00"}
{"level":"info","message":"Orchestrator: Starting global scan orchestration... ","timestamp":"2026-07-11 13:29:00"}
{"level":"info","message":"🔗 Connecting to MASTER database: master","timestamp":"2026-07-11 13:29:00"}
{"level":"info","message":"Orchestrator: Found 2 tenants to process.","timestamp":"2026-07-11 13:29:00"}
{"level":"info","message":"📁 Switching to CLIENT database: tenant_rbi (Tenant: rbi)","timestamp":"2026-07-11 13:29:00"}
{"level":"info","message":"Orchestrator: No domains found for tenant rbi (excluding those currently scanning).","timestamp":"2026-07-11 13:29:00"}
{"level":"info","message":"📁 Switching to CLIENT database: tenant_sbi (Tenant: sbi)","timestamp":"2026-07-11 13:29:00"}
{"level":"info","message":"Orchestrator: No domains found for tenant sbi (excluding those currently scanning).","timestamp":"2026-07-11 13:29:00"}
{"level":"info","message":"Orchestrator: Master DB connection closed.","timestamp":"2026-07-11 13:29:00"}
{"level":"info","message":"✅ Orchestrator: Finished. Total jobs enqueued: 0","timestamp":"2026-07-11 13:29:00"}
{"level":"info","message":"Job repeat:c10eea93bf68cc56fd5c63b351df3d32:1783756740000 (Orchestrator) completed successfully.","timestamp":"2026-07-11 13:29:00"}
{"level":"info","message":"✅ [PageSpeed API] Score for https://jewellmaster.com/features/mobile-app: 88","timestamp":"2026-07-11 13:29:08"}
{"level":"info","message":"📊 [Lighthouse] Results for https://jewellmaster.com/features/mobile-app: Performance: 88, SEO: 100, Accessibility: 93","timestamp":"2026-07-11 13:29:08"}
{"level":"info","message":"✅ [PageSpeed API] Score for https://jewellmaster.com/features/mobile-app: 88","timestamp":"2026-07-11 13:29:08"}
{"level":"info","message":"📊 [Lighthouse] Results for https://jewellmaster.com/features/mobile-app: Performance: 88, SEO: 100, Accessibility: 93","timestamp":"2026-07-11 13:29:08"}
{"level":"info","message":"🔍 [Domain: jewellmaster.com] [Page 10/10] Found 11 internal links on https://jewellmaster.com/features/mobile-app","timestamp":"2026-07-11 13:29:08"}
{"level":"info","message":"🔍 [Domain: jewellmaster.com] [Page 10/10] Found 11 internal links on https://jewellmaster.com/features/mobile-app","timestamp":"2026-07-11 13:29:08"}
{"level":"info","message":"[https://jewellmaster.com] Evaluating 2 policies against 10 pages.","timestamp":"2026-07-11 13:29:09"}
{"level":"info","message":"   -> 🔍 Scan [text] | Target: \"jewellery\" (containing) | Operator: \"contains\" | Actual: [Content length: 24991] | Result: ✅ MATCH","timestamp":"2026-07-11 13:29:09"}
{"level":"info","message":"   -> 🔍 Scan [page-title] | Target: \"jewellery\" (containing) | Operator: \"contains\" | Actual: \"Jewellery Software India & Wor\" | Result: ✅ MATCH","timestamp":"2026-07-11 13:29:09"}
{"level":"info","message":"   -> 🔍 Scan [page-title-length] | Target: \"60\" | Operator: \"Greater than\" | Actual: 52 | Result: ❌ NO MATCH","timestamp":"2026-07-11 13:29:09"}
{"level":"info","message":"   -> 🔍 Scan [page-url] | Target: \"shop\" (containing) | Operator: \"contains\" | Actual: \"https://jewellmaster.com/\" | Result: ❌ NO MATCH","timestamp":"2026-07-11 13:29:09"}
{"level":"info","message":"   -> 🔍 Scan [link] | Target: \"contact\" (containing) | Operator: \"contains\" | Actual: [3 links] | Result: ❌ NO MATCH","timestamp":"2026-07-11 13:29:09"}
{"level":"info","message":"   -> 🔍 Scan [link-text] | Target: \"buy\" (containing) | Operator: \"contains\" | Actual: [3 links] | Result: ❌ NO MATCH","timestamp":"2026-07-11 13:29:09"}
{"level":"info","message":"   -> 🔍 Scan [link-text-length] | Target: \"50\" | Operator: \"Greater than\" | Actual: [3 links] | Result: ❌ NO MATCH","timestamp":"2026-07-11 13:29:09"}
{"level":"info","message":"   -> 🔍 Scan [file-size] | Target: \"5\" (MB) | Operator: \"Greater than\" | Actual: 2113.4482421875 | Result: ❌ NO MATCH","timestamp":"2026-07-11 13:29:09"}
{"level":"info","message":"   -> 🔍 Scan [image-size] | Target: \"100\" (KB) | Operator: \"Greater than\" | Actual: [36 images] | Result: ✅ MATCH","timestamp":"2026-07-11 13:29:09"}
{"level":"info","message":"   -> 🔍 Scan [image-text] | Target: \"logo\" (containing) | Operator: \"contains\" | Actual: [36 images] | Result: ✅ MATCH","timestamp":"2026-07-11 13:29:09"}
{"level":"info","message":"   -> 🔍 Scan [image-text-length] | Target: \"100\" | Operator: \"Greater than\" | Actual: [36 images] | Result: ❌ NO MATCH","timestamp":"2026-07-11 13:29:09"}
{"level":"info","message":"   -> 🔍 Scan [external-link-count] | Target: \"10\" | Operator: \"Greater than\" | Actual: 1 | Result: ❌ NO MATCH","timestamp":"2026-07-11 13:29:09"}
{"level":"info","message":"   -> 🔍 Scan [incoming-link-count] | Target: \"5\" | Operator: \"Greater than\" | Actual: 2 | Result: ❌ NO MATCH","timestamp":"2026-07-11 13:29:09"}
{"level":"info","message":"   -> 🔍 Scan [heading-text] | Target: \"price\" (containing) | Operator: \"contains\" | Actual: [43 headings] | Result: ❌ NO MATCH","timestamp":"2026-07-11 13:29:09"}
{"level":"info","message":"   -> 🔍 Scan [header-text-length] | Target: \"80\" | Operator: \"Greater than\" | Actual: [43 headings] | Result: ✅ MATCH","timestamp":"2026-07-11 13:29:09"}
{"level":"info","message":"   -> 🔍 Scan [readability-level] | Target: \"12\" | Operator: \"Greater than\" | Actual: 15.876346153846153 | Result: ✅ MATCH","timestamp":"2026-07-11 13:29:09"}
{"level":"info","message":"   -> 🔍 Scan [meta-header] | Target: \"keyword\" (containing) | Operator: \"contains\" | Actual: [Content length: 24991] | Result: ❌ NO MATCH","timestamp":"2026-07-11 13:29:09"}
{"level":"info","message":"   -> 🔍 Scan [meta-header-length] | Target: \"160\" | Operator: \"Greater than\" | Actual: 127 | Result: ❌ NO MATCH","timestamp":"2026-07-11 13:29:09"}
{"level":"info","message":"   -> 🔍 Scan [page-html] | Target: \"<script>\" (containing) | Operator: \"contains\" | Actual: [Content length: 24991] | Result: ✅ MATCH","timestamp":"2026-07-11 13:29:09"}
{"level":"info","message":"   -> 🔍 Scan [image-size] | Target: \"1\" (MB) | Operator: \"Greater than\" | Actual: [36 images] | Result: ❌ NO MATCH","timestamp":"2026-07-11 13:29:09"}
{"level":"info","message":"   -> 🔍 Scan [text] | Target: \"jewellery\" (containing) | Operator: \"contains\" | Actual: [Content length: 15786] | Result: ✅ MATCH","timestamp":"2026-07-11 13:29:09"}
{"level":"info","message":"   -> 🔍 Scan [page-title] | Target: \"jewellery\" (containing) | Operator: \"contains\" | Actual: \"Jewellery ERP Features & Billi\" | Result: ✅ MATCH","timestamp":"2026-07-11 13:29:09"}
{"level":"info","message":"   -> 🔍 Scan [page-title-length] | Target: \"60\" | Operator: \"Greater than\" | Actual: 48 | Result: ❌ NO MATCH","timestamp":"2026-07-11 13:29:09"}
{"level":"info","message":"   -> 🔍 Scan [page-url] | Target: \"shop\" (containing) | Operator: \"contains\" | Actual: \"https://jewellmaster.com/features\" | Result: ❌ NO MATCH","timestamp":"2026-07-11 13:29:09"}
{"level":"info","message":"   -> 🔍 Scan [link] | Target: \"contact\" (containing) | Operator: \"contains\" | Actual: [11 links] | Result: ❌ NO MATCH","timestamp":"2026-07-11 13:29:09"}
{"level":"info","message":"   -> 🔍 Scan [link-text] | Target: \"buy\" (containing) | Operator: \"contains\" | Actual: [11 links] | Result: ❌ NO MATCH","timestamp":"2026-07-11 13:29:09"}
{"level":"info","message":"   -> 🔍 Scan [link-text-length] | Target: \"50\" | Operator: \"Greater than\" | Actual: [11 links] | Result: ❌ NO MATCH","timestamp":"2026-07-11 13:29:09"}
{"level":"info","message":"   -> 🔍 Scan [file-size] | Target: \"5\" (MB) | Operator: \"Greater than\" | Actual: 435.9541015625 | Result: ❌ NO MATCH","timestamp":"2026-07-11 13:29:09"}
{"level":"info","message":"   -> 🔍 Scan [image-size] | Target: \"100\" (KB) | Operator: \"Greater than\" | Actual: [1 images] | Result: ✅ MATCH","timestamp":"2026-07-11 13:29:09"}
{"level":"info","message":"   -> 🔍 Scan [image-text] | Target: \"logo\" (containing) | Operator: \"contains\" | Actual: [1 images] | Result: ❌ NO MATCH","timestamp":"2026-07-11 13:29:09"}
{"level":"info","message":"   -> 🔍 Scan [image-text-length] | Target: \"100\" | Operator: \"Greater than\" | Actual: [1 images] | Result: ❌ NO MATCH","timestamp":"2026-07-11 13:29:09"}
{"level":"info","message":"   -> 🔍 Scan [external-link-count] | Target: \"10\" | Operator: \"Greater than\" | Actual: 0 | Result: ❌ NO MATCH","timestamp":"2026-07-11 13:29:09"}
{"level":"info","message":"   -> 🔍 Scan [incoming-link-count] | Target: \"5\" | Operator: \"Greater than\" | Actual: 11 | Result: ✅ MATCH","timestamp":"2026-07-11 13:29:09"}
{"level":"info","message":"   -> 🔍 Scan [heading-text] | Target: \"price\" (containing) | Operator: \"contains\" | Actual: [3 headings] | Result: ❌ NO MATCH","timestamp":"2026-07-11 13:29:09"}
{"level":"info","message":"   -> 🔍 Scan [header-text-length] | Target: \"80\" | Operator: \"Greater than\" | Actual: [3 headings] | Result: ❌ NO MATCH","timestamp":"2026-07-11 13:29:09"}
{"level":"info","message":"   -> 🔍 Scan [readability-level] | Target: \"12\" | Operator: \"Greater than\" | Actual: 20 | Result: ✅ MATCH","timestamp":"2026-07-11 13:29:09"}
{"level":"info","message":"   -> 🔍 Scan [meta-header] | Target: \"keyword\" (containing) | Operator: \"contains\" | Actual: [Content length: 15786] | Result: ❌ NO MATCH","timestamp":"2026-07-11 13:29:09"}
{"level":"info","message":"   -> 🔍 Scan [meta-header-length] | Target: \"160\" | Operator: \"Greater than\" | Actual: 124 | Result: ❌ NO MATCH","timestamp":"2026-07-11 13:29:09"}
{"level":"info","message":"   -> 🔍 Scan [page-html] | Target: \"<script>\" (containing) | Operator: \"contains\" | Actual: [Content length: 15786] | Result: ✅ MATCH","timestamp":"2026-07-11 13:29:09"}
{"level":"info","message":"   -> 🔍 Scan [image-size] | Target: \"1\" (MB) | Operator: \"Greater than\" | Actual: [1 images] | Result: ❌ NO MATCH","timestamp":"2026-07-11 13:29:09"}
{"level":"info","message":"   -> 🔍 Scan [text] | Target: \"jewellery\" (containing) | Operator: \"contains\" | Actual: [Content length: 13519] | Result: ❌ NO MATCH","timestamp":"2026-07-11 13:29:09"}
{"level":"info","message":"   -> 🔍 Scan [page-title] | Target: \"jewellery\" (containing) | Operator: \"contains\" | Actual: \"Jewellery Software Free Demo |\" | Result: ✅ MATCH","timestamp":"2026-07-11 13:29:09"}
{"level":"info","message":"   -> 🔍 Scan [page-title-length] | Target: \"60\" | Operator: \"Greater than\" | Actual: 44 | Result: ❌ NO MATCH","timestamp":"2026-07-11 13:29:09"}
{"level":"info","message":"   -> 🔍 Scan [page-url] | Target: \"shop\" (containing) | Operator: \"contains\" | Actual: \"https://jewellmaster.com/demo\" | Result: ❌ NO MATCH","timestamp":"2026-07-11 13:29:09"}
{"level":"info","message":"   -> 🔍 Scan [link] | Target: \"contact\" (containing) | Operator: \"contains\" | Actual: [3 links] | Result: ❌ NO MATCH","timestamp":"2026-07-11 13:29:09"}
{"level":"info","message":"   -> 🔍 Scan [link-text] | Target: \"buy\" (containing) | Operator: \"contains\" | Actual: [3 links] | Result: ❌ NO MATCH","timestamp":"2026-07-11 13:29:09"}
{"level":"info","message":"   -> 🔍 Scan [link-text-length] | Target: \"50\" | Operator: \"Greater than\" | Actual: [3 links] | Result: ❌ NO MATCH","timestamp":"2026-07-11 13:29:09"}
{"level":"info","message":"   -> 🔍 Scan [file-size] | Target: \"5\" (MB) | Operator: \"Greater than\" | Actual: 447.931640625 | Result: ❌ NO MATCH","timestamp":"2026-07-11 13:29:09"}
{"level":"info","message":"   -> 🔍 Scan [image-size] | Target: \"100\" (KB) | Operator: \"Greater than\" | Actual: [1 images] | Result: ❌ NO MATCH","timestamp":"2026-07-11 13:29:09"}
{"level":"info","message":"   -> 🔍 Scan [image-text] | Target: \"logo\" (containing) | Operator: \"contains\" | Actual: [1 images] | Result: ❌ NO MATCH","timestamp":"2026-07-11 13:29:09"}
{"level":"info","message":"   -> 🔍 Scan [image-text-length] | Target: \"100\" | Operator: \"Greater than\" | Actual: [1 images] | Result: ❌ NO MATCH","timestamp":"2026-07-11 13:29:09"}
{"level":"info","message":"   -> 🔍 Scan [external-link-count] | Target: \"10\" | Operator: \"Greater than\" | Actual: 1 | Result: ❌ NO MATCH","timestamp":"2026-07-11 13:29:09"}
{"level":"info","message":"   -> 🔍 Scan [incoming-link-count] | Target: \"5\" | Operator: \"Greater than\" | Actual: 2 | Result: ❌ NO MATCH","timestamp":"2026-07-11 13:29:09"}
{"level":"info","message":"   -> 🔍 Scan [heading-text] | Target: \"price\" (containing) | Operator: \"contains\" | Actual: [9 headings] | Result: ❌ NO MATCH","timestamp":"2026-07-11 13:29:09"}
{"level":"info","message":"   -> 🔍 Scan [header-text-length] | Target: \"80\" | Operator: \"Greater than\" | Actual: [9 headings] | Result: ❌ NO MATCH","timestamp":"2026-07-11 13:29:09"}
{"level":"info","message":"   -> 🔍 Scan [readability-level] | Target: \"12\" | Operator: \"Greater than\" | Actual: 12.811351370825381 | Result: ✅ MATCH","timestamp":"2026-07-11 13:29:09"}
{"level":"info","message":"   -> 🔍 Scan [meta-header] | Target: \"keyword\" (containing) | Operator: \"contains\" | Actual: [Content length: 13519] | Result: ❌ NO MATCH","timestamp":"2026-07-11 13:29:09"}
{"level":"info","message":"   -> 🔍 Scan [meta-header-length] | Target: \"160\" | Operator: \"Greater than\" | Actual: 137 | Result: ❌ NO MATCH","timestamp":"2026-07-11 13:29:09"}
{"level":"info","message":"   -> 🔍 Scan [page-html] | Target: \"<script>\" (containing) | Operator: \"contains\" | Actual: [Content length: 13519] | Result: ❌ NO MATCH","timestamp":"2026-07-11 13:29:09"}
{"level":"info","message":"   -> 🔍 Scan [image-size] | Target: \"1\" (MB) | Operator: \"Greater than\" | Actual: [1 images] | Result: ❌ NO MATCH","timestamp":"2026-07-11 13:29:09"}
{"level":"info","message":"   -> 🔍 Scan [text] | Target: \"jewellery\" (containing) | Operator: \"contains\" | Actual: [Content length: 15782] | Result: ✅ MATCH","timestamp":"2026-07-11 13:29:09"}
{"level":"info","message":"   -> 🔍 Scan [page-title] | Target: \"jewellery\" (containing) | Operator: \"contains\" | Actual: \"Jewelry Inventory Management S\" | Result: ❌ NO MATCH","timestamp":"2026-07-11 13:29:09"}
{"level":"info","message":"   -> 🔍 Scan [page-title-length] | Target: \"60\" | Operator: \"Greater than\" | Actual: 53 | Result: ❌ NO MATCH","timestamp":"2026-07-11 13:29:09"}
{"level":"info","message":"   -> 🔍 Scan [page-url] | Target: \"shop\" (containing) | Operator: \"contains\" | Actual: \"https://jewellmaster.com/features/jewelry-inventor\" | Result: ❌ NO MATCH","timestamp":"2026-07-11 13:29:09"}
{"level":"info","message":"   -> 🔍 Scan [link] | Target: \"contact\" (containing) | Operator: \"contains\" | Actual: [11 links] | Result: ❌ NO MATCH","timestamp":"2026-07-11 13:29:09"}
{"level":"info","message":"   -> 🔍 Scan [link-text] | Target: \"buy\" (containing) | Operator: \"contains\" | Actual: [11 links] | Result: ❌ NO MATCH","timestamp":"2026-07-11 13:29:09"}
{"level":"info","message":"   -> 🔍 Scan [link-text-length] | Target: \"50\" | Operator: \"Greater than\" | Actual: [11 links] | Result: ❌ NO MATCH","timestamp":"2026-07-11 13:29:09"}
{"level":"info","message":"   -> 🔍 Scan [file-size] | Target: \"5\" (MB) | Operator: \"Greater than\" | Actual: 435.591796875 | Result: ❌ NO MATCH","timestamp":"2026-07-11 13:29:09"}
{"level":"info","message":"   -> 🔍 Scan [image-size] | Target: \"100\" (KB) | Operator: \"Greater than\" | Actual: [1 images] | Result: ✅ MATCH","timestamp":"2026-07-11 13:29:09"}
{"level":"info","message":"   -> 🔍 Scan [image-text] | Target: \"logo\" (containing) | Operator: \"contains\" | Actual: [1 images] | Result: ❌ NO MATCH","timestamp":"2026-07-11 13:29:09"}
{"level":"info","message":"   -> 🔍 Scan [image-text-length] | Target: \"100\" | Operator: \"Greater than\" | Actual: [1 images] | Result: ❌ NO MATCH","timestamp":"2026-07-11 13:29:09"}
{"level":"info","message":"   -> 🔍 Scan [external-link-count] | Target: \"10\" | Operator: \"Greater than\" | Actual: 0 | Result: ❌ NO MATCH","timestamp":"2026-07-11 13:29:09"}
{"level":"info","message":"   -> 🔍 Scan [incoming-link-count] | Target: \"5\" | Operator: \"Greater than\" | Actual: 11 | Result: ✅ MATCH","timestamp":"2026-07-11 13:29:09"}
{"level":"info","message":"   -> 🔍 Scan [heading-text] | Target: \"price\" (containing) | Operator: \"contains\" | Actual: [3 headings] | Result: ❌ NO MATCH","timestamp":"2026-07-11 13:29:09"}
{"level":"info","message":"   -> 🔍 Scan [header-text-length] | Target: \"80\" | Operator: \"Greater than\" | Actual: [3 headings] | Result: ❌ NO MATCH","timestamp":"2026-07-11 13:29:09"}
{"level":"info","message":"   -> 🔍 Scan [readability-level] | Target: \"12\" | Operator: \"Greater than\" | Actual: 20 | Result: ✅ MATCH","timestamp":"2026-07-11 13:29:09"}
{"level":"info","message":"   -> 🔍 Scan [meta-header] | Target: \"keyword\" (containing) | Operator: \"contains\" | Actual: [Content length: 15782] | Result: ❌ NO MATCH","timestamp":"2026-07-11 13:29:09"}
{"level":"info","message":"   -> 🔍 Scan [meta-header-length] | Target: \"160\" | Operator: \"Greater than\" | Actual: 132 | Result: ❌ NO MATCH","timestamp":"2026-07-11 13:29:09"}
{"level":"info","message":"   -> 🔍 Scan [page-html] | Target: \"<script>\" (containing) | Operator: \"contains\" | Actual: [Content length: 15782] | Result: ✅ MATCH","timestamp":"2026-07-11 13:29:09"}
{"level":"info","message":"   -> 🔍 Scan [image-size] | Target: \"1\" (MB) | Operator: \"Greater than\" | Actual: [1 images] | Result: ❌ NO MATCH","timestamp":"2026-07-11 13:29:09"}
{"level":"info","message":"   -> 🔍 Scan [text] | Target: \"jewellery\" (containing) | Operator: \"contains\" | Actual: [Content length: 14949] | Result: ✅ MATCH","timestamp":"2026-07-11 13:29:09"}
{"level":"info","message":"   -> 🔍 Scan [page-title] | Target: \"jewellery\" (containing) | Operator: \"contains\" | Actual: \"GST Invoicing & Billing for Je\" | Result: ❌ NO MATCH","timestamp":"2026-07-11 13:29:09"}
{"level":"info","message":"   -> 🔍 Scan [page-title-length] | Target: \"60\" | Operator: \"Greater than\" | Actual: 53 | Result: ❌ NO MATCH","timestamp":"2026-07-11 13:29:09"}
{"level":"info","message":"   -> 🔍 Scan [page-url] | Target: \"shop\" (containing) | Operator: \"contains\" | Actual: \"https://jewellmaster.com/features/gst-billing-invo\" | Result: ❌ NO MATCH","timestamp":"2026-07-11 13:29:09"}
{"level":"info","message":"   -> 🔍 Scan [link] | Target: \"contact\" (containing) | Operator: \"contains\" | Actual: [11 links] | Result: ❌ NO MATCH","timestamp":"2026-07-11 13:29:09"}
{"level":"info","message":"   -> 🔍 Scan [link-text] | Target: \"buy\" (containing) | Operator: \"contains\" | Actual: [11 links] | Result: ❌ NO MATCH","timestamp":"2026-07-11 13:29:09"}
{"level":"info","message":"   -> 🔍 Scan [link-text-length] | Target: \"50\" | Operator: \"Greater than\" | Actual: [11 links] | Result: ❌ NO MATCH","timestamp":"2026-07-11 13:29:09"}
{"level":"info","message":"   -> 🔍 Scan [file-size] | Target: \"5\" (MB) | Operator: \"Greater than\" | Actual: 357.857421875 | Result: ❌ NO MATCH","timestamp":"2026-07-11 13:29:09"}
{"level":"info","message":"   -> 🔍 Scan [image-size] | Target: \"100\" (KB) | Operator: \"Greater than\" | Actual: [1 images] | Result: ❌ NO MATCH","timestamp":"2026-07-11 13:29:09"}
{"level":"info","message":"   -> 🔍 Scan [image-text] | Target: \"logo\" (containing) | Operator: \"contains\" | Actual: [1 images] | Result: ❌ NO MATCH","timestamp":"2026-07-11 13:29:09"}
{"level":"info","message":"   -> 🔍 Scan [image-text-length] | Target: \"100\" | Operator: \"Greater than\" | Actual: [1 images] | Result: ❌ NO MATCH","timestamp":"2026-07-11 13:29:09"}
{"level":"info","message":"   -> 🔍 Scan [external-link-count] | Target: \"10\" | Operator: \"Greater than\" | Actual: 0 | Result: ❌ NO MATCH","timestamp":"2026-07-11 13:29:09"}
{"level":"info","message":"   -> 🔍 Scan [incoming-link-count] | Target: \"5\" | Operator: \"Greater than\" | Actual: 11 | Result: ✅ MATCH","timestamp":"2026-07-11 13:29:09"}
{"level":"info","message":"   -> 🔍 Scan [heading-text] | Target: \"price\" (containing) | Operator: \"contains\" | Actual: [3 headings] | Result: ❌ NO MATCH","timestamp":"2026-07-11 13:29:09"}
{"level":"info","message":"   -> 🔍 Scan [header-text-length] | Target: \"80\" | Operator: \"Greater than\" | Actual: [3 headings] | Result: ❌ NO MATCH","timestamp":"2026-07-11 13:29:09"}
{"level":"info","message":"   -> 🔍 Scan [readability-level] | Target: \"12\" | Operator: \"Greater than\" | Actual: 20 | Result: ✅ MATCH","timestamp":"2026-07-11 13:29:09"}
{"level":"info","message":"   -> 🔍 Scan [meta-header] | Target: \"keyword\" (containing) | Operator: \"contains\" | Actual: [Content length: 14949] | Result: ❌ NO MATCH","timestamp":"2026-07-11 13:29:09"}
{"level":"info","message":"   -> 🔍 Scan [meta-header-length] | Target: \"160\" | Operator: \"Greater than\" | Actual: 147 | Result: ❌ NO MATCH","timestamp":"2026-07-11 13:29:09"}
{"level":"info","message":"   -> 🔍 Scan [page-html] | Target: \"<script>\" (containing) | Operator: \"contains\" | Actual: [Content length: 14949] | Result: ✅ MATCH","timestamp":"2026-07-11 13:29:09"}
{"level":"info","message":"   -> 🔍 Scan [image-size] | Target: \"1\" (MB) | Operator: \"Greater than\" | Actual: [1 images] | Result: ❌ NO MATCH","timestamp":"2026-07-11 13:29:09"}
{"level":"info","message":"   -> 🔍 Scan [text] | Target: \"jewellery\" (containing) | Operator: \"contains\" | Actual: [Content length: 14904] | Result: ✅ MATCH","timestamp":"2026-07-11 13:29:09"}
{"level":"info","message":"   -> 🔍 Scan [page-title] | Target: \"jewellery\" (containing) | Operator: \"contains\" | Actual: \"Jewellery CRM & Customer Manag\" | Result: ✅ MATCH","timestamp":"2026-07-11 13:29:09"}
{"level":"info","message":"   -> 🔍 Scan [page-title-length] | Target: \"60\" | Operator: \"Greater than\" | Actual: 51 | Result: ❌ NO MATCH","timestamp":"2026-07-11 13:29:09"}
{"level":"info","message":"   -> 🔍 Scan [page-url] | Target: \"shop\" (containing) | Operator: \"contains\" | Actual: \"https://jewellmaster.com/features/crm-customer-man\" | Result: ❌ NO MATCH","timestamp":"2026-07-11 13:29:09"}
{"level":"info","message":"   -> 🔍 Scan [link] | Target: \"contact\" (containing) | Operator: \"contains\" | Actual: [11 links] | Result: ❌ NO MATCH","timestamp":"2026-07-11 13:29:09"}
{"level":"info","message":"   -> 🔍 Scan [link-text] | Target: \"buy\" (containing) | Operator: \"contains\" | Actual: [11 links] | Result: ❌ NO MATCH","timestamp":"2026-07-11 13:29:09"}
{"level":"info","message":"   -> 🔍 Scan [link-text-length] | Target: \"50\" | Operator: \"Greater than\" | Actual: [11 links] | Result: ❌ NO MATCH","timestamp":"2026-07-11 13:29:09"}
{"level":"info","message":"   -> 🔍 Scan [file-size] | Target: \"5\" (MB) | Operator: \"Greater than\" | Actual: 411.306640625 | Result: ❌ NO MATCH","timestamp":"2026-07-11 13:29:09"}
{"level":"info","message":"   -> 🔍 Scan [image-size] | Target: \"100\" (KB) | Operator: \"Greater than\" | Actual: [1 images] | Result: ❌ NO MATCH","timestamp":"2026-07-11 13:29:09"}
{"level":"info","message":"   -> 🔍 Scan [image-text] | Target: \"logo\" (containing) | Operator: \"contains\" | Actual: [1 images] | Result: ❌ NO MATCH","timestamp":"2026-07-11 13:29:09"}
{"level":"info","message":"   -> 🔍 Scan [image-text-length] | Target: \"100\" | Operator: \"Greater than\" | Actual: [1 images] | Result: ❌ NO MATCH","timestamp":"2026-07-11 13:29:09"}
{"level":"info","message":"   -> 🔍 Scan [external-link-count] | Target: \"10\" | Operator: \"Greater than\" | Actual: 0 | Result: ❌ NO MATCH","timestamp":"2026-07-11 13:29:09"}
{"level":"info","message":"   -> 🔍 Scan [incoming-link-count] | Target: \"5\" | Operator: \"Greater than\" | Actual: 11 | Result: ✅ MATCH","timestamp":"2026-07-11 13:29:09"}
{"level":"info","message":"   -> 🔍 Scan [heading-text] | Target: \"price\" (containing) | Operator: \"contains\" | Actual: [3 headings] | Result: ❌ NO MATCH","timestamp":"2026-07-11 13:29:09"}
{"level":"info","message":"   -> 🔍 Scan [header-text-length] | Target: \"80\" | Operator: \"Greater than\" | Actual: [3 headings] | Result: ❌ NO MATCH","timestamp":"2026-07-11 13:29:09"}
{"level":"info","message":"   -> 🔍 Scan [readability-level] | Target: \"12\" | Operator: \"Greater than\" | Actual: 20 | Result: ✅ MATCH","timestamp":"2026-07-11 13:29:09"}
{"level":"info","message":"   -> 🔍 Scan [meta-header] | Target: \"keyword\" (containing) | Operator: \"contains\" | Actual: [Content length: 14904] | Result: ❌ NO MATCH","timestamp":"2026-07-11 13:29:09"}
{"level":"info","message":"   -> 🔍 Scan [meta-header-length] | Target: \"160\" | Operator: \"Greater than\" | Actual: 134 | Result: ❌ NO MATCH","timestamp":"2026-07-11 13:29:09"}
{"level":"info","message":"   -> 🔍 Scan [page-html] | Target: \"<script>\" (containing) | Operator: \"contains\" | Actual: [Content length: 14904] | Result: ✅ MATCH","timestamp":"2026-07-11 13:29:09"}
{"level":"info","message":"   -> 🔍 Scan [image-size] | Target: \"1\" (MB) | Operator: \"Greater than\" | Actual: [1 images] | Result: ❌ NO MATCH","timestamp":"2026-07-11 13:29:09"}
{"level":"info","message":"   -> 🔍 Scan [text] | Target: \"jewellery\" (containing) | Operator: \"contains\" | Actual: [Content length: 14998] | Result: ✅ MATCH","timestamp":"2026-07-11 13:29:09"}
{"level":"info","message":"   -> 🔍 Scan [page-title] | Target: \"jewellery\" (containing) | Operator: \"contains\" | Actual: \"Jewellery Accounting & Finance\" | Result: ✅ MATCH","timestamp":"2026-07-11 13:29:09"}
{"level":"info","message":"   -> 🔍 Scan [page-title-length] | Target: \"60\" | Operator: \"Greater than\" | Actual: 46 | Result: ❌ NO MATCH","timestamp":"2026-07-11 13:29:09"}
{"level":"info","message":"   -> 🔍 Scan [page-url] | Target: \"shop\" (containing) | Operator: \"contains\" | Actual: \"https://jewellmaster.com/features/accounting-finan\" | Result: ❌ NO MATCH","timestamp":"2026-07-11 13:29:09"}
{"level":"info","message":"   -> 🔍 Scan [link] | Target: \"contact\" (containing) | Operator: \"contains\" | Actual: [11 links] | Result: ❌ NO MATCH","timestamp":"2026-07-11 13:29:09"}
{"level":"info","message":"   -> 🔍 Scan [link-text] | Target: \"buy\" (containing) | Operator: \"contains\" | Actual: [11 links] | Result: ❌ NO MATCH","timestamp":"2026-07-11 13:29:09"}
{"level":"info","message":"   -> 🔍 Scan [link-text-length] | Target: \"50\" | Operator: \"Greater than\" | Actual: [11 links] | Result: ❌ NO MATCH","timestamp":"2026-07-11 13:29:09"}
{"level":"info","message":"   -> 🔍 Scan [file-size] | Target: \"5\" (MB) | Operator: \"Greater than\" | Actual: 404.189453125 | Result: ❌ NO MATCH","timestamp":"2026-07-11 13:29:09"}
{"level":"info","message":"   -> 🔍 Scan [image-size] | Target: \"100\" (KB) | Operator: \"Greater than\" | Actual: [1 images] | Result: ❌ NO MATCH","timestamp":"2026-07-11 13:29:09"}
{"level":"info","message":"   -> 🔍 Scan [image-text] | Target: \"logo\" (containing) | Operator: \"contains\" | Actual: [1 images] | Result: ❌ NO MATCH","timestamp":"2026-07-11 13:29:09"}
{"level":"info","message":"   -> 🔍 Scan [image-text-length] | Target: \"100\" | Operator: \"Greater than\" | Actual: [1 images] | Result: ❌ NO MATCH","timestamp":"2026-07-11 13:29:09"}
{"level":"info","message":"   -> 🔍 Scan [external-link-count] | Target: \"10\" | Operator: \"Greater than\" | Actual: 0 | Result: ❌ NO MATCH","timestamp":"2026-07-11 13:29:09"}
{"level":"info","message":"   -> 🔍 Scan [incoming-link-count] | Target: \"5\" | Operator: \"Greater than\" | Actual: 11 | Result: ✅ MATCH","timestamp":"2026-07-11 13:29:09"}
{"level":"info","message":"   -> 🔍 Scan [heading-text] | Target: \"price\" (containing) | Operator: \"contains\" | Actual: [3 headings] | Result: ❌ NO MATCH","timestamp":"2026-07-11 13:29:09"}
{"level":"info","message":"   -> 🔍 Scan [header-text-length] | Target: \"80\" | Operator: \"Greater than\" | Actual: [3 headings] | Result: ❌ NO MATCH","timestamp":"2026-07-11 13:29:09"}
{"level":"info","message":"   -> 🔍 Scan [readability-level] | Target: \"12\" | Operator: \"Greater than\" | Actual: 20 | Result: ✅ MATCH","timestamp":"2026-07-11 13:29:09"}
{"level":"info","message":"   -> 🔍 Scan [meta-header] | Target: \"keyword\" (containing) | Operator: \"contains\" | Actual: [Content length: 14998] | Result: ❌ NO MATCH","timestamp":"2026-07-11 13:29:09"}
{"level":"info","message":"   -> 🔍 Scan [meta-header-length] | Target: \"160\" | Operator: \"Greater than\" | Actual: 126 | Result: ❌ NO MATCH","timestamp":"2026-07-11 13:29:09"}
{"level":"info","message":"   -> 🔍 Scan [page-html] | Target: \"<script>\" (containing) | Operator: \"contains\" | Actual: [Content length: 14998] | Result: ✅ MATCH","timestamp":"2026-07-11 13:29:09"}
{"level":"info","message":"   -> 🔍 Scan [image-size] | Target: \"1\" (MB) | Operator: \"Greater than\" | Actual: [1 images] | Result: ❌ NO MATCH","timestamp":"2026-07-11 13:29:09"}
{"level":"info","message":"   -> 🔍 Scan [text] | Target: \"jewellery\" (containing) | Operator: \"contains\" | Actual: [Content length: 14839] | Result: ✅ MATCH","timestamp":"2026-07-11 13:29:09"}
{"level":"info","message":"   -> 🔍 Scan [page-title] | Target: \"jewellery\" (containing) | Operator: \"contains\" | Actual: \"AI Powered Reports for Jewelle\" | Result: ✅ MATCH","timestamp":"2026-07-11 13:29:09"}
{"level":"info","message":"   -> 🔍 Scan [page-title-length] | Target: \"60\" | Operator: \"Greater than\" | Actual: 52 | Result: ❌ NO MATCH","timestamp":"2026-07-11 13:29:09"}
{"level":"info","message":"   -> 🔍 Scan [page-url] | Target: \"shop\" (containing) | Operator: \"contains\" | Actual: \"https://jewellmaster.com/features/ai-powered-repor\" | Result: ❌ NO MATCH","timestamp":"2026-07-11 13:29:09"}
{"level":"info","message":"   -> 🔍 Scan [link] | Target: \"contact\" (containing) | Operator: \"contains\" | Actual: [11 links] | Result: ❌ NO MATCH","timestamp":"2026-07-11 13:29:09"}
{"level":"info","message":"   -> 🔍 Scan [link-text] | Target: \"buy\" (containing) | Operator: \"contains\" | Actual: [11 links] | Result: ❌ NO MATCH","timestamp":"2026-07-11 13:29:09"}
{"level":"info","message":"   -> 🔍 Scan [link-text-length] | Target: \"50\" | Operator: \"Greater than\" | Actual: [11 links] | Result: ❌ NO MATCH","timestamp":"2026-07-11 13:29:09"}
{"level":"info","message":"   -> 🔍 Scan [file-size] | Target: \"5\" (MB) | Operator: \"Greater than\" | Actual: 388.5869140625 | Result: ❌ NO MATCH","timestamp":"2026-07-11 13:29:09"}
{"level":"info","message":"   -> 🔍 Scan [image-size] | Target: \"100\" (KB) | Operator: \"Greater than\" | Actual: [1 images] | Result: ❌ NO MATCH","timestamp":"2026-07-11 13:29:09"}
{"level":"info","message":"   -> 🔍 Scan [image-text] | Target: \"logo\" (containing) | Operator: \"contains\" | Actual: [1 images] | Result: ❌ NO MATCH","timestamp":"2026-07-11 13:29:09"}
{"level":"info","message":"   -> 🔍 Scan [image-text-length] | Target: \"100\" | Operator: \"Greater than\" | Actual: [1 images] | Result: ❌ NO MATCH","timestamp":"2026-07-11 13:29:09"}
{"level":"info","message":"   -> 🔍 Scan [external-link-count] | Target: \"10\" | Operator: \"Greater than\" | Actual: 0 | Result: ❌ NO MATCH","timestamp":"2026-07-11 13:29:09"}
{"level":"info","message":"   -> 🔍 Scan [incoming-link-count] | Target: \"5\" | Operator: \"Greater than\" | Actual: 11 | Result: ✅ MATCH","timestamp":"2026-07-11 13:29:09"}
{"level":"info","message":"   -> 🔍 Scan [heading-text] | Target: \"price\" (containing) | Operator: \"contains\" | Actual: [3 headings] | Result: ❌ NO MATCH","timestamp":"2026-07-11 13:29:09"}
{"level":"info","message":"   -> 🔍 Scan [header-text-length] | Target: \"80\" | Operator: \"Greater than\" | Actual: [3 headings] | Result: ❌ NO MATCH","timestamp":"2026-07-11 13:29:09"}
{"level":"info","message":"   -> 🔍 Scan [readability-level] | Target: \"12\" | Operator: \"Greater than\" | Actual: 20 | Result: ✅ MATCH","timestamp":"2026-07-11 13:29:09"}
{"level":"info","message":"   -> 🔍 Scan [meta-header] | Target: \"keyword\" (containing) | Operator: \"contains\" | Actual: [Content length: 14839] | Result: ❌ NO MATCH","timestamp":"2026-07-11 13:29:09"}
{"level":"info","message":"   -> 🔍 Scan [meta-header-length] | Target: \"160\" | Operator: \"Greater than\" | Actual: 129 | Result: ❌ NO MATCH","timestamp":"2026-07-11 13:29:09"}
{"level":"info","message":"   -> 🔍 Scan [page-html] | Target: \"<script>\" (containing) | Operator: \"contains\" | Actual: [Content length: 14839] | Result: ✅ MATCH","timestamp":"2026-07-11 13:29:09"}
{"level":"info","message":"   -> 🔍 Scan [image-size] | Target: \"1\" (MB) | Operator: \"Greater than\" | Actual: [1 images] | Result: ❌ NO MATCH","timestamp":"2026-07-11 13:29:09"}
{"level":"info","message":"   -> 🔍 Scan [text] | Target: \"jewellery\" (containing) | Operator: \"contains\" | Actual: [Content length: 14922] | Result: ✅ MATCH","timestamp":"2026-07-11 13:29:09"}
{"level":"info","message":"   -> 🔍 Scan [page-title] | Target: \"jewellery\" (containing) | Operator: \"contains\" | Actual: \"Multi Branch Jewellery ERP Sof\" | Result: ✅ MATCH","timestamp":"2026-07-11 13:29:09"}
{"level":"info","message":"   -> 🔍 Scan [page-title-length] | Target: \"60\" | Operator: \"Greater than\" | Actual: 51 | Result: ❌ NO MATCH","timestamp":"2026-07-11 13:29:09"}
{"level":"info","message":"   -> 🔍 Scan [page-url] | Target: \"shop\" (containing) | Operator: \"contains\" | Actual: \"https://jewellmaster.com/features/multi-branch-man\" | Result: ❌ NO MATCH","timestamp":"2026-07-11 13:29:09"}
{"level":"info","message":"   -> 🔍 Scan [link] | Target: \"contact\" (containing) | Operator: \"contains\" | Actual: [11 links] | Result: ❌ NO MATCH","timestamp":"2026-07-11 13:29:09"}
{"level":"info","message":"   -> 🔍 Scan [link-text] | Target: \"buy\" (containing) | Operator: \"contains\" | Actual: [11 links] | Result: ❌ NO MATCH","timestamp":"2026-07-11 13:29:09"}
{"level":"info","message":"   -> 🔍 Scan [link-text-length] | Target: \"50\" | Operator: \"Greater than\" | Actual: [11 links] | Result: ❌ NO MATCH","timestamp":"2026-07-11 13:29:09"}
{"level":"info","message":"   -> 🔍 Scan [file-size] | Target: \"5\" (MB) | Operator: \"Greater than\" | Actual: 378.3310546875 | Result: ❌ NO MATCH","timestamp":"2026-07-11 13:29:09"}
{"level":"info","message":"   -> 🔍 Scan [image-size] | Target: \"100\" (KB) | Operator: \"Greater than\" | Actual: [1 images] | Result: ❌ NO MATCH","timestamp":"2026-07-11 13:29:09"}
{"level":"info","message":"   -> 🔍 Scan [image-text] | Target: \"logo\" (containing) | Operator: \"contains\" | Actual: [1 images] | Result: ❌ NO MATCH","timestamp":"2026-07-11 13:29:09"}
{"level":"info","message":"   -> 🔍 Scan [image-text-length] | Target: \"100\" | Operator: \"Greater than\" | Actual: [1 images] | Result: ❌ NO MATCH","timestamp":"2026-07-11 13:29:09"}
{"level":"info","message":"   -> 🔍 Scan [external-link-count] | Target: \"10\" | Operator: \"Greater than\" | Actual: 0 | Result: ❌ NO MATCH","timestamp":"2026-07-11 13:29:09"}
{"level":"info","message":"   -> 🔍 Scan [incoming-link-count] | Target: \"5\" | Operator: \"Greater than\" | Actual: 11 | Result: ✅ MATCH","timestamp":"2026-07-11 13:29:09"}
{"level":"info","message":"   -> 🔍 Scan [heading-text] | Target: \"price\" (containing) | Operator: \"contains\" | Actual: [3 headings] | Result: ❌ NO MATCH","timestamp":"2026-07-11 13:29:09"}
{"level":"info","message":"   -> 🔍 Scan [header-text-length] | Target: \"80\" | Operator: \"Greater than\" | Actual: [3 headings] | Result: ❌ NO MATCH","timestamp":"2026-07-11 13:29:09"}
{"level":"info","message":"   -> 🔍 Scan [readability-level] | Target: \"12\" | Operator: \"Greater than\" | Actual: 20 | Result: ✅ MATCH","timestamp":"2026-07-11 13:29:09"}
{"level":"info","message":"   -> 🔍 Scan [meta-header] | Target: \"keyword\" (containing) | Operator: \"contains\" | Actual: [Content length: 14922] | Result: ❌ NO MATCH","timestamp":"2026-07-11 13:29:09"}
{"level":"info","message":"   -> 🔍 Scan [meta-header-length] | Target: \"160\" | Operator: \"Greater than\" | Actual: 133 | Result: ❌ NO MATCH","timestamp":"2026-07-11 13:29:09"}
{"level":"info","message":"   -> 🔍 Scan [page-html] | Target: \"<script>\" (containing) | Operator: \"contains\" | Actual: [Content length: 14922] | Result: ✅ MATCH","timestamp":"2026-07-11 13:29:09"}
{"level":"info","message":"   -> 🔍 Scan [image-size] | Target: \"1\" (MB) | Operator: \"Greater than\" | Actual: [1 images] | Result: ❌ NO MATCH","timestamp":"2026-07-11 13:29:09"}
{"level":"info","message":"   -> 🔍 Scan [text] | Target: \"jewellery\" (containing) | Operator: \"contains\" | Actual: [Content length: 14820] | Result: ✅ MATCH","timestamp":"2026-07-11 13:29:09"}
{"level":"info","message":"   -> 🔍 Scan [page-title] | Target: \"jewellery\" (containing) | Operator: \"contains\" | Actual: \"Jewellery ERP Mobile App | Jew\" | Result: ✅ MATCH","timestamp":"2026-07-11 13:29:09"}
{"level":"info","message":"   -> 🔍 Scan [page-title-length] | Target: \"60\" | Operator: \"Greater than\" | Actual: 40 | Result: ❌ NO MATCH","timestamp":"2026-07-11 13:29:09"}
{"level":"info","message":"   -> 🔍 Scan [page-url] | Target: \"shop\" (containing) | Operator: \"contains\" | Actual: \"https://jewellmaster.com/features/mobile-app\" | Result: ❌ NO MATCH","timestamp":"2026-07-11 13:29:09"}
{"level":"info","message":"   -> 🔍 Scan [link] | Target: \"contact\" (containing) | Operator: \"contains\" | Actual: [11 links] | Result: ❌ NO MATCH","timestamp":"2026-07-11 13:29:09"}
{"level":"info","message":"   -> 🔍 Scan [link-text] | Target: \"buy\" (containing) | Operator: \"contains\" | Actual: [11 links] | Result: ❌ NO MATCH","timestamp":"2026-07-11 13:29:09"}
{"level":"info","message":"   -> 🔍 Scan [link-text-length] | Target: \"50\" | Operator: \"Greater than\" | Actual: [11 links] | Result: ❌ NO MATCH","timestamp":"2026-07-11 13:29:09"}
{"level":"info","message":"   -> 🔍 Scan [file-size] | Target: \"5\" (MB) | Operator: \"Greater than\" | Actual: 398.0234375 | Result: ❌ NO MATCH","timestamp":"2026-07-11 13:29:09"}
{"level":"info","message":"   -> 🔍 Scan [image-size] | Target: \"100\" (KB) | Operator: \"Greater than\" | Actual: [1 images] | Result: ❌ NO MATCH","timestamp":"2026-07-11 13:29:09"}
{"level":"info","message":"   -> 🔍 Scan [image-text] | Target: \"logo\" (containing) | Operator: \"contains\" | Actual: [1 images] | Result: ❌ NO MATCH","timestamp":"2026-07-11 13:29:09"}
{"level":"info","message":"   -> 🔍 Scan [image-text-length] | Target: \"100\" | Operator: \"Greater than\" | Actual: [1 images] | Result: ❌ NO MATCH","timestamp":"2026-07-11 13:29:09"}
{"level":"info","message":"   -> 🔍 Scan [external-link-count] | Target: \"10\" | Operator: \"Greater than\" | Actual: 0 | Result: ❌ NO MATCH","timestamp":"2026-07-11 13:29:09"}
{"level":"info","message":"   -> 🔍 Scan [incoming-link-count] | Target: \"5\" | Operator: \"Greater than\" | Actual: 11 | Result: ✅ MATCH","timestamp":"2026-07-11 13:29:09"}
{"level":"info","message":"   -> 🔍 Scan [heading-text] | Target: \"price\" (containing) | Operator: \"contains\" | Actual: [3 headings] | Result: ❌ NO MATCH","timestamp":"2026-07-11 13:29:09"}
{"level":"info","message":"   -> 🔍 Scan [header-text-length] | Target: \"80\" | Operator: \"Greater than\" | Actual: [3 headings] | Result: ❌ NO MATCH","timestamp":"2026-07-11 13:29:09"}
{"level":"info","message":"   -> 🔍 Scan [readability-level] | Target: \"12\" | Operator: \"Greater than\" | Actual: 20 | Result: ✅ MATCH","timestamp":"2026-07-11 13:29:09"}
{"level":"info","message":"   -> 🔍 Scan [meta-header] | Target: \"keyword\" (containing) | Operator: \"contains\" | Actual: [Content length: 14820] | Result: ❌ NO MATCH","timestamp":"2026-07-11 13:29:09"}
{"level":"info","message":"   -> 🔍 Scan [meta-header-length] | Target: \"160\" | Operator: \"Greater than\" | Actual: 140 | Result: ❌ NO MATCH","timestamp":"2026-07-11 13:29:09"}
{"level":"info","message":"   -> 🔍 Scan [page-html] | Target: \"<script>\" (containing) | Operator: \"contains\" | Actual: [Content length: 14820] | Result: ✅ MATCH","timestamp":"2026-07-11 13:29:09"}
{"level":"info","message":"   -> 🔍 Scan [image-size] | Target: \"1\" (MB) | Operator: \"Greater than\" | Actual: [1 images] | Result: ❌ NO MATCH","timestamp":"2026-07-11 13:29:09"}
{"level":"info","message":"[https://jewellmaster.com] Evaluating 2 policies against 10 pages.","timestamp":"2026-07-11 13:29:09"}
{"level":"info","message":"   -> 🔍 Scan [text] | Target: \"jewellery\" (containing) | Operator: \"contains\" | Actual: [Content length: 24991] | Result: ✅ MATCH","timestamp":"2026-07-11 13:29:09"}
{"level":"info","message":"   -> 🔍 Scan [page-title] | Target: \"jewellery\" (containing) | Operator: \"contains\" | Actual: \"Jewellery Software India & Wor\" | Result: ✅ MATCH","timestamp":"2026-07-11 13:29:09"}
{"level":"info","message":"   -> 🔍 Scan [page-title-length] | Target: \"60\" | Operator: \"Greater than\" | Actual: 52 | Result: ❌ NO MATCH","timestamp":"2026-07-11 13:29:09"}
{"level":"info","message":"   -> 🔍 Scan [page-url] | Target: \"shop\" (containing) | Operator: \"contains\" | Actual: \"https://jewellmaster.com/\" | Result: ❌ NO MATCH","timestamp":"2026-07-11 13:29:09"}
{"level":"info","message":"   -> 🔍 Scan [link] | Target: \"contact\" (containing) | Operator: \"contains\" | Actual: [3 links] | Result: ❌ NO MATCH","timestamp":"2026-07-11 13:29:09"}
{"level":"info","message":"   -> 🔍 Scan [link-text] | Target: \"buy\" (containing) | Operator: \"contains\" | Actual: [3 links] | Result: ❌ NO MATCH","timestamp":"2026-07-11 13:29:09"}
{"level":"info","message":"   -> 🔍 Scan [link-text-length] | Target: \"50\" | Operator: \"Greater than\" | Actual: [3 links] | Result: ❌ NO MATCH","timestamp":"2026-07-11 13:29:09"}
{"level":"info","message":"   -> 🔍 Scan [file-size] | Target: \"5\" (MB) | Operator: \"Greater than\" | Actual: 2113.4482421875 | Result: ❌ NO MATCH","timestamp":"2026-07-11 13:29:09"}
{"level":"info","message":"   -> 🔍 Scan [image-size] | Target: \"100\" (KB) | Operator: \"Greater than\" | Actual: [36 images] | Result: ✅ MATCH","timestamp":"2026-07-11 13:29:09"}
{"level":"info","message":"   -> 🔍 Scan [image-text] | Target: \"logo\" (containing) | Operator: \"contains\" | Actual: [36 images] | Result: ✅ MATCH","timestamp":"2026-07-11 13:29:09"}
{"level":"info","message":"   -> 🔍 Scan [image-text-length] | Target: \"100\" | Operator: \"Greater than\" | Actual: [36 images] | Result: ❌ NO MATCH","timestamp":"2026-07-11 13:29:09"}
{"level":"info","message":"   -> 🔍 Scan [external-link-count] | Target: \"10\" | Operator: \"Greater than\" | Actual: 1 | Result: ❌ NO MATCH","timestamp":"2026-07-11 13:29:09"}
{"level":"info","message":"   -> 🔍 Scan [incoming-link-count] | Target: \"5\" | Operator: \"Greater than\" | Actual: 2 | Result: ❌ NO MATCH","timestamp":"2026-07-11 13:29:09"}
{"level":"info","message":"   -> 🔍 Scan [heading-text] | Target: \"price\" (containing) | Operator: \"contains\" | Actual: [43 headings] | Result: ❌ NO MATCH","timestamp":"2026-07-11 13:29:09"}
{"level":"info","message":"   -> 🔍 Scan [header-text-length] | Target: \"80\" | Operator: \"Greater than\" | Actual: [43 headings] | Result: ✅ MATCH","timestamp":"2026-07-11 13:29:09"}
{"level":"info","message":"   -> 🔍 Scan [readability-level] | Target: \"12\" | Operator: \"Greater than\" | Actual: 15.876346153846153 | Result: ✅ MATCH","timestamp":"2026-07-11 13:29:09"}
{"level":"info","message":"   -> 🔍 Scan [meta-header] | Target: \"keyword\" (containing) | Operator: \"contains\" | Actual: [Content length: 24991] | Result: ❌ NO MATCH","timestamp":"2026-07-11 13:29:09"}
{"level":"info","message":"   -> 🔍 Scan [meta-header-length] | Target: \"160\" | Operator: \"Greater than\" | Actual: 127 | Result: ❌ NO MATCH","timestamp":"2026-07-11 13:29:09"}
{"level":"info","message":"   -> 🔍 Scan [page-html] | Target: \"<script>\" (containing) | Operator: \"contains\" | Actual: [Content length: 24991] | Result: ✅ MATCH","timestamp":"2026-07-11 13:29:09"}
{"level":"info","message":"   -> 🔍 Scan [image-size] | Target: \"1\" (MB) | Operator: \"Greater than\" | Actual: [36 images] | Result: ❌ NO MATCH","timestamp":"2026-07-11 13:29:09"}
{"level":"info","message":"   -> 🔍 Scan [text] | Target: \"jewellery\" (containing) | Operator: \"contains\" | Actual: [Content length: 15786] | Result: ✅ MATCH","timestamp":"2026-07-11 13:29:09"}
{"level":"info","message":"   -> 🔍 Scan [page-title] | Target: \"jewellery\" (containing) | Operator: \"contains\" | Actual: \"Jewellery ERP Features & Billi\" | Result: ✅ MATCH","timestamp":"2026-07-11 13:29:09"}
{"level":"info","message":"   -> 🔍 Scan [page-title-length] | Target: \"60\" | Operator: \"Greater than\" | Actual: 48 | Result: ❌ NO MATCH","timestamp":"2026-07-11 13:29:09"}
{"level":"info","message":"   -> 🔍 Scan [page-url] | Target: \"shop\" (containing) | Operator: \"contains\" | Actual: \"https://jewellmaster.com/features\" | Result: ❌ NO MATCH","timestamp":"2026-07-11 13:29:09"}
{"level":"info","message":"   -> 🔍 Scan [link] | Target: \"contact\" (containing) | Operator: \"contains\" | Actual: [11 links] | Result: ❌ NO MATCH","timestamp":"2026-07-11 13:29:09"}
{"level":"info","message":"   -> 🔍 Scan [link-text] | Target: \"buy\" (containing) | Operator: \"contains\" | Actual: [11 links] | Result: ❌ NO MATCH","timestamp":"2026-07-11 13:29:09"}
{"level":"info","message":"   -> 🔍 Scan [link-text-length] | Target: \"50\" | Operator: \"Greater than\" | Actual: [11 links] | Result: ❌ NO MATCH","timestamp":"2026-07-11 13:29:09"}
{"level":"info","message":"   -> 🔍 Scan [file-size] | Target: \"5\" (MB) | Operator: \"Greater than\" | Actual: 435.9541015625 | Result: ❌ NO MATCH","timestamp":"2026-07-11 13:29:09"}
{"level":"info","message":"   -> 🔍 Scan [image-size] | Target: \"100\" (KB) | Operator: \"Greater than\" | Actual: [1 images] | Result: ✅ MATCH","timestamp":"2026-07-11 13:29:09"}
{"level":"info","message":"   -> 🔍 Scan [image-text] | Target: \"logo\" (containing) | Operator: \"contains\" | Actual: [1 images] | Result: ❌ NO MATCH","timestamp":"2026-07-11 13:29:09"}
{"level":"info","message":"   -> 🔍 Scan [image-text-length] | Target: \"100\" | Operator: \"Greater than\" | Actual: [1 images] | Result: ❌ NO MATCH","timestamp":"2026-07-11 13:29:09"}
{"level":"info","message":"   -> 🔍 Scan [external-link-count] | Target: \"10\" | Operator: \"Greater than\" | Actual: 0 | Result: ❌ NO MATCH","timestamp":"2026-07-11 13:29:09"}
{"level":"info","message":"   -> 🔍 Scan [incoming-link-count] | Target: \"5\" | Operator: \"Greater than\" | Actual: 11 | Result: ✅ MATCH","timestamp":"2026-07-11 13:29:09"}
{"level":"info","message":"   -> 🔍 Scan [heading-text] | Target: \"price\" (containing) | Operator: \"contains\" | Actual: [3 headings] | Result: ❌ NO MATCH","timestamp":"2026-07-11 13:29:09"}
{"level":"info","message":"   -> 🔍 Scan [header-text-length] | Target: \"80\" | Operator: \"Greater than\" | Actual: [3 headings] | Result: ❌ NO MATCH","timestamp":"2026-07-11 13:29:09"}
{"level":"info","message":"   -> 🔍 Scan [readability-level] | Target: \"12\" | Operator: \"Greater than\" | Actual: 20 | Result: ✅ MATCH","timestamp":"2026-07-11 13:29:09"}
{"level":"info","message":"   -> 🔍 Scan [meta-header] | Target: \"keyword\" (containing) | Operator: \"contains\" | Actual: [Content length: 15786] | Result: ❌ NO MATCH","timestamp":"2026-07-11 13:29:09"}
{"level":"info","message":"   -> 🔍 Scan [meta-header-length] | Target: \"160\" | Operator: \"Greater than\" | Actual: 124 | Result: ❌ NO MATCH","timestamp":"2026-07-11 13:29:09"}
{"level":"info","message":"   -> 🔍 Scan [page-html] | Target: \"<script>\" (containing) | Operator: \"contains\" | Actual: [Content length: 15786] | Result: ✅ MATCH","timestamp":"2026-07-11 13:29:09"}
{"level":"info","message":"   -> 🔍 Scan [image-size] | Target: \"1\" (MB) | Operator: \"Greater than\" | Actual: [1 images] | Result: ❌ NO MATCH","timestamp":"2026-07-11 13:29:09"}
{"level":"info","message":"   -> 🔍 Scan [text] | Target: \"jewellery\" (containing) | Operator: \"contains\" | Actual: [Content length: 13519] | Result: ❌ NO MATCH","timestamp":"2026-07-11 13:29:09"}
{"level":"info","message":"   -> 🔍 Scan [page-title] | Target: \"jewellery\" (containing) | Operator: \"contains\" | Actual: \"Jewellery Software Free Demo |\" | Result: ✅ MATCH","timestamp":"2026-07-11 13:29:09"}
{"level":"info","message":"   -> 🔍 Scan [page-title-length] | Target: \"60\" | Operator: \"Greater than\" | Actual: 44 | Result: ❌ NO MATCH","timestamp":"2026-07-11 13:29:09"}
{"level":"info","message":"   -> 🔍 Scan [page-url] | Target: \"shop\" (containing) | Operator: \"contains\" | Actual: \"https://jewellmaster.com/demo\" | Result: ❌ NO MATCH","timestamp":"2026-07-11 13:29:09"}
{"level":"info","message":"   -> 🔍 Scan [link] | Target: \"contact\" (containing) | Operator: \"contains\" | Actual: [3 links] | Result: ❌ NO MATCH","timestamp":"2026-07-11 13:29:09"}
{"level":"info","message":"   -> 🔍 Scan [link-text] | Target: \"buy\" (containing) | Operator: \"contains\" | Actual: [3 links] | Result: ❌ NO MATCH","timestamp":"2026-07-11 13:29:09"}
{"level":"info","message":"   -> 🔍 Scan [link-text-length] | Target: \"50\" | Operator: \"Greater than\" | Actual: [3 links] | Result: ❌ NO MATCH","timestamp":"2026-07-11 13:29:09"}
{"level":"info","message":"   -> 🔍 Scan [file-size] | Target: \"5\" (MB) | Operator: \"Greater than\" | Actual: 447.931640625 | Result: ❌ NO MATCH","timestamp":"2026-07-11 13:29:09"}
{"level":"info","message":"   -> 🔍 Scan [image-size] | Target: \"100\" (KB) | Operator: \"Greater than\" | Actual: [1 images] | Result: ❌ NO MATCH","timestamp":"2026-07-11 13:29:09"}
{"level":"info","message":"   -> 🔍 Scan [image-text] | Target: \"logo\" (containing) | Operator: \"contains\" | Actual: [1 images] | Result: ❌ NO MATCH","timestamp":"2026-07-11 13:29:09"}
{"level":"info","message":"   -> 🔍 Scan [image-text-length] | Target: \"100\" | Operator: \"Greater than\" | Actual: [1 images] | Result: ❌ NO MATCH","timestamp":"2026-07-11 13:29:09"}
{"level":"info","message":"   -> 🔍 Scan [external-link-count] | Target: \"10\" | Operator: \"Greater than\" | Actual: 1 | Result: ❌ NO MATCH","timestamp":"2026-07-11 13:29:09"}
{"level":"info","message":"   -> 🔍 Scan [incoming-link-count] | Target: \"5\" | Operator: \"Greater than\" | Actual: 2 | Result: ❌ NO MATCH","timestamp":"2026-07-11 13:29:09"}
{"level":"info","message":"   -> 🔍 Scan [heading-text] | Target: \"price\" (containing) | Operator: \"contains\" | Actual: [9 headings] | Result: ❌ NO MATCH","timestamp":"2026-07-11 13:29:09"}
{"level":"info","message":"   -> 🔍 Scan [header-text-length] | Target: \"80\" | Operator: \"Greater than\" | Actual: [9 headings] | Result: ❌ NO MATCH","timestamp":"2026-07-11 13:29:09"}
{"level":"info","message":"   -> 🔍 Scan [readability-level] | Target: \"12\" | Operator: \"Greater than\" | Actual: 12.811351370825381 | Result: ✅ MATCH","timestamp":"2026-07-11 13:29:09"}
{"level":"info","message":"   -> 🔍 Scan [meta-header] | Target: \"keyword\" (containing) | Operator: \"contains\" | Actual: [Content length: 13519] | Result: ❌ NO MATCH","timestamp":"2026-07-11 13:29:09"}
{"level":"info","message":"   -> 🔍 Scan [meta-header-length] | Target: \"160\" | Operator: \"Greater than\" | Actual: 137 | Result: ❌ NO MATCH","timestamp":"2026-07-11 13:29:09"}
{"level":"info","message":"   -> 🔍 Scan [page-html] | Target: \"<script>\" (containing) | Operator: \"contains\" | Actual: [Content length: 13519] | Result: ❌ NO MATCH","timestamp":"2026-07-11 13:29:09"}
{"level":"info","message":"   -> 🔍 Scan [image-size] | Target: \"1\" (MB) | Operator: \"Greater than\" | Actual: [1 images] | Result: ❌ NO MATCH","timestamp":"2026-07-11 13:29:09"}
{"level":"info","message":"   -> 🔍 Scan [text] | Target: \"jewellery\" (containing) | Operator: \"contains\" | Actual: [Content length: 15782] | Result: ✅ MATCH","timestamp":"2026-07-11 13:29:09"}
{"level":"info","message":"   -> 🔍 Scan [page-title] | Target: \"jewellery\" (containing) | Operator: \"contains\" | Actual: \"Jewelry Inventory Management S\" | Result: ❌ NO MATCH","timestamp":"2026-07-11 13:29:09"}
{"level":"info","message":"   -> 🔍 Scan [page-title-length] | Target: \"60\" | Operator: \"Greater than\" | Actual: 53 | Result: ❌ NO MATCH","timestamp":"2026-07-11 13:29:09"}
{"level":"info","message":"   -> 🔍 Scan [page-url] | Target: \"shop\" (containing) | Operator: \"contains\" | Actual: \"https://jewellmaster.com/features/jewelry-inventor\" | Result: ❌ NO MATCH","timestamp":"2026-07-11 13:29:09"}
{"level":"info","message":"   -> 🔍 Scan [link] | Target: \"contact\" (containing) | Operator: \"contains\" | Actual: [11 links] | Result: ❌ NO MATCH","timestamp":"2026-07-11 13:29:09"}
{"level":"info","message":"   -> 🔍 Scan [link-text] | Target: \"buy\" (containing) | Operator: \"contains\" | Actual: [11 links] | Result: ❌ NO MATCH","timestamp":"2026-07-11 13:29:09"}
{"level":"info","message":"   -> 🔍 Scan [link-text-length] | Target: \"50\" | Operator: \"Greater than\" | Actual: [11 links] | Result: ❌ NO MATCH","timestamp":"2026-07-11 13:29:09"}
{"level":"info","message":"   -> 🔍 Scan [file-size] | Target: \"5\" (MB) | Operator: \"Greater than\" | Actual: 435.591796875 | Result: ❌ NO MATCH","timestamp":"2026-07-11 13:29:09"}
{"level":"info","message":"   -> 🔍 Scan [image-size] | Target: \"100\" (KB) | Operator: \"Greater than\" | Actual: [1 images] | Result: ✅ MATCH","timestamp":"2026-07-11 13:29:09"}
{"level":"info","message":"   -> 🔍 Scan [image-text] | Target: \"logo\" (containing) | Operator: \"contains\" | Actual: [1 images] | Result: ❌ NO MATCH","timestamp":"2026-07-11 13:29:09"}
{"level":"info","message":"   -> 🔍 Scan [image-text-length] | Target: \"100\" | Operator: \"Greater than\" | Actual: [1 images] | Result: ❌ NO MATCH","timestamp":"2026-07-11 13:29:09"}
{"level":"info","message":"   -> 🔍 Scan [external-link-count] | Target: \"10\" | Operator: \"Greater than\" | Actual: 0 | Result: ❌ NO MATCH","timestamp":"2026-07-11 13:29:09"}
{"level":"info","message":"   -> 🔍 Scan [incoming-link-count] | Target: \"5\" | Operator: \"Greater than\" | Actual: 11 | Result: ✅ MATCH","timestamp":"2026-07-11 13:29:09"}
{"level":"info","message":"   -> 🔍 Scan [heading-text] | Target: \"price\" (containing) | Operator: \"contains\" | Actual: [3 headings] | Result: ❌ NO MATCH","timestamp":"2026-07-11 13:29:09"}
{"level":"info","message":"   -> 🔍 Scan [header-text-length] | Target: \"80\" | Operator: \"Greater than\" | Actual: [3 headings] | Result: ❌ NO MATCH","timestamp":"2026-07-11 13:29:09"}
{"level":"info","message":"   -> 🔍 Scan [readability-level] | Target: \"12\" | Operator: \"Greater than\" | Actual: 20 | Result: ✅ MATCH","timestamp":"2026-07-11 13:29:09"}
{"level":"info","message":"   -> 🔍 Scan [meta-header] | Target: \"keyword\" (containing) | Operator: \"contains\" | Actual: [Content length: 15782] | Result: ❌ NO MATCH","timestamp":"2026-07-11 13:29:09"}
{"level":"info","message":"   -> 🔍 Scan [meta-header-length] | Target: \"160\" | Operator: \"Greater than\" | Actual: 132 | Result: ❌ NO MATCH","timestamp":"2026-07-11 13:29:09"}
{"level":"info","message":"   -> 🔍 Scan [page-html] | Target: \"<script>\" (containing) | Operator: \"contains\" | Actual: [Content length: 15782] | Result: ✅ MATCH","timestamp":"2026-07-11 13:29:09"}
{"level":"info","message":"   -> 🔍 Scan [image-size] | Target: \"1\" (MB) | Operator: \"Greater than\" | Actual: [1 images] | Result: ❌ NO MATCH","timestamp":"2026-07-11 13:29:09"}
{"level":"info","message":"   -> 🔍 Scan [text] | Target: \"jewellery\" (containing) | Operator: \"contains\" | Actual: [Content length: 14949] | Result: ✅ MATCH","timestamp":"2026-07-11 13:29:09"}
{"level":"info","message":"   -> 🔍 Scan [page-title] | Target: \"jewellery\" (containing) | Operator: \"contains\" | Actual: \"GST Invoicing & Billing for Je\" | Result: ❌ NO MATCH","timestamp":"2026-07-11 13:29:09"}
{"level":"info","message":"   -> 🔍 Scan [page-title-length] | Target: \"60\" | Operator: \"Greater than\" | Actual: 53 | Result: ❌ NO MATCH","timestamp":"2026-07-11 13:29:09"}
{"level":"info","message":"   -> 🔍 Scan [page-url] | Target: \"shop\" (containing) | Operator: \"contains\" | Actual: \"https://jewellmaster.com/features/gst-billing-invo\" | Result: ❌ NO MATCH","timestamp":"2026-07-11 13:29:09"}
{"level":"info","message":"   -> 🔍 Scan [link] | Target: \"contact\" (containing) | Operator: \"contains\" | Actual: [11 links] | Result: ❌ NO MATCH","timestamp":"2026-07-11 13:29:09"}
{"level":"info","message":"   -> 🔍 Scan [link-text] | Target: \"buy\" (containing) | Operator: \"contains\" | Actual: [11 links] | Result: ❌ NO MATCH","timestamp":"2026-07-11 13:29:09"}
{"level":"info","message":"   -> 🔍 Scan [link-text-length] | Target: \"50\" | Operator: \"Greater than\" | Actual: [11 links] | Result: ❌ NO MATCH","timestamp":"2026-07-11 13:29:09"}
{"level":"info","message":"   -> 🔍 Scan [file-size] | Target: \"5\" (MB) | Operator: \"Greater than\" | Actual: 357.857421875 | Result: ❌ NO MATCH","timestamp":"2026-07-11 13:29:09"}
{"level":"info","message":"   -> 🔍 Scan [image-size] | Target: \"100\" (KB) | Operator: \"Greater than\" | Actual: [1 images] | Result: ❌ NO MATCH","timestamp":"2026-07-11 13:29:09"}
{"level":"info","message":"   -> 🔍 Scan [image-text] | Target: \"logo\" (containing) | Operator: \"contains\" | Actual: [1 images] | Result: ❌ NO MATCH","timestamp":"2026-07-11 13:29:09"}
{"level":"info","message":"   -> 🔍 Scan [image-text-length] | Target: \"100\" | Operator: \"Greater than\" | Actual: [1 images] | Result: ❌ NO MATCH","timestamp":"2026-07-11 13:29:09"}
{"level":"info","message":"   -> 🔍 Scan [external-link-count] | Target: \"10\" | Operator: \"Greater than\" | Actual: 0 | Result: ❌ NO MATCH","timestamp":"2026-07-11 13:29:09"}
{"level":"info","message":"   -> 🔍 Scan [incoming-link-count] | Target: \"5\" | Operator: \"Greater than\" | Actual: 11 | Result: ✅ MATCH","timestamp":"2026-07-11 13:29:09"}
{"level":"info","message":"   -> 🔍 Scan [heading-text] | Target: \"price\" (containing) | Operator: \"contains\" | Actual: [3 headings] | Result: ❌ NO MATCH","timestamp":"2026-07-11 13:29:09"}
{"level":"info","message":"   -> 🔍 Scan [header-text-length] | Target: \"80\" | Operator: \"Greater than\" | Actual: [3 headings] | Result: ❌ NO MATCH","timestamp":"2026-07-11 13:29:09"}
{"level":"info","message":"   -> 🔍 Scan [readability-level] | Target: \"12\" | Operator: \"Greater than\" | Actual: 20 | Result: ✅ MATCH","timestamp":"2026-07-11 13:29:09"}
{"level":"info","message":"   -> 🔍 Scan [meta-header] | Target: \"keyword\" (containing) | Operator: \"contains\" | Actual: [Content length: 14949] | Result: ❌ NO MATCH","timestamp":"2026-07-11 13:29:09"}
{"level":"info","message":"   -> 🔍 Scan [meta-header-length] | Target: \"160\" | Operator: \"Greater than\" | Actual: 147 | Result: ❌ NO MATCH","timestamp":"2026-07-11 13:29:09"}
{"level":"info","message":"   -> 🔍 Scan [page-html] | Target: \"<script>\" (containing) | Operator: \"contains\" | Actual: [Content length: 14949] | Result: ✅ MATCH","timestamp":"2026-07-11 13:29:09"}
{"level":"info","message":"   -> 🔍 Scan [image-size] | Target: \"1\" (MB) | Operator: \"Greater than\" | Actual: [1 images] | Result: ❌ NO MATCH","timestamp":"2026-07-11 13:29:09"}
{"level":"info","message":"   -> 🔍 Scan [text] | Target: \"jewellery\" (containing) | Operator: \"contains\" | Actual: [Content length: 14904] | Result: ✅ MATCH","timestamp":"2026-07-11 13:29:09"}
{"level":"info","message":"   -> 🔍 Scan [page-title] | Target: \"jewellery\" (containing) | Operator: \"contains\" | Actual: \"Jewellery CRM & Customer Manag\" | Result: ✅ MATCH","timestamp":"2026-07-11 13:29:09"}
{"level":"info","message":"   -> 🔍 Scan [page-title-length] | Target: \"60\" | Operator: \"Greater than\" | Actual: 51 | Result: ❌ NO MATCH","timestamp":"2026-07-11 13:29:09"}
{"level":"info","message":"   -> 🔍 Scan [page-url] | Target: \"shop\" (containing) | Operator: \"contains\" | Actual: \"https://jewellmaster.com/features/crm-customer-man\" | Result: ❌ NO MATCH","timestamp":"2026-07-11 13:29:09"}
{"level":"info","message":"   -> 🔍 Scan [link] | Target: \"contact\" (containing) | Operator: \"contains\" | Actual: [11 links] | Result: ❌ NO MATCH","timestamp":"2026-07-11 13:29:09"}
{"level":"info","message":"   -> 🔍 Scan [link-text] | Target: \"buy\" (containing) | Operator: \"contains\" | Actual: [11 links] | Result: ❌ NO MATCH","timestamp":"2026-07-11 13:29:09"}
{"level":"info","message":"   -> 🔍 Scan [link-text-length] | Target: \"50\" | Operator: \"Greater than\" | Actual: [11 links] | Result: ❌ NO MATCH","timestamp":"2026-07-11 13:29:09"}
{"level":"info","message":"   -> 🔍 Scan [file-size] | Target: \"5\" (MB) | Operator: \"Greater than\" | Actual: 411.306640625 | Result: ❌ NO MATCH","timestamp":"2026-07-11 13:29:09"}
{"level":"info","message":"   -> 🔍 Scan [image-size] | Target: \"100\" (KB) | Operator: \"Greater than\" | Actual: [1 images] | Result: ❌ NO MATCH","timestamp":"2026-07-11 13:29:09"}
{"level":"info","message":"   -> 🔍 Scan [image-text] | Target: \"logo\" (containing) | Operator: \"contains\" | Actual: [1 images] | Result: ❌ NO MATCH","timestamp":"2026-07-11 13:29:09"}
{"level":"info","message":"   -> 🔍 Scan [image-text-length] | Target: \"100\" | Operator: \"Greater than\" | Actual: [1 images] | Result: ❌ NO MATCH","timestamp":"2026-07-11 13:29:09"}
{"level":"info","message":"   -> 🔍 Scan [external-link-count] | Target: \"10\" | Operator: \"Greater than\" | Actual: 0 | Result: ❌ NO MATCH","timestamp":"2026-07-11 13:29:09"}
{"level":"info","message":"   -> 🔍 Scan [incoming-link-count] | Target: \"5\" | Operator: \"Greater than\" | Actual: 11 | Result: ✅ MATCH","timestamp":"2026-07-11 13:29:09"}
{"level":"info","message":"   -> 🔍 Scan [heading-text] | Target: \"price\" (containing) | Operator: \"contains\" | Actual: [3 headings] | Result: ❌ NO MATCH","timestamp":"2026-07-11 13:29:09"}
{"level":"info","message":"   -> 🔍 Scan [header-text-length] | Target: \"80\" | Operator: \"Greater than\" | Actual: [3 headings] | Result: ❌ NO MATCH","timestamp":"2026-07-11 13:29:09"}
{"level":"info","message":"   -> 🔍 Scan [readability-level] | Target: \"12\" | Operator: \"Greater than\" | Actual: 20 | Result: ✅ MATCH","timestamp":"2026-07-11 13:29:09"}
{"level":"info","message":"   -> 🔍 Scan [meta-header] | Target: \"keyword\" (containing) | Operator: \"contains\" | Actual: [Content length: 14904] | Result: ❌ NO MATCH","timestamp":"2026-07-11 13:29:09"}
{"level":"info","message":"   -> 🔍 Scan [meta-header-length] | Target: \"160\" | Operator: \"Greater than\" | Actual: 134 | Result: ❌ NO MATCH","timestamp":"2026-07-11 13:29:09"}
{"level":"info","message":"   -> 🔍 Scan [page-html] | Target: \"<script>\" (containing) | Operator: \"contains\" | Actual: [Content length: 14904] | Result: ✅ MATCH","timestamp":"2026-07-11 13:29:09"}
{"level":"info","message":"   -> 🔍 Scan [image-size] | Target: \"1\" (MB) | Operator: \"Greater than\" | Actual: [1 images] | Result: ❌ NO MATCH","timestamp":"2026-07-11 13:29:09"}
{"level":"info","message":"   -> 🔍 Scan [text] | Target: \"jewellery\" (containing) | Operator: \"contains\" | Actual: [Content length: 14998] | Result: ✅ MATCH","timestamp":"2026-07-11 13:29:09"}
{"level":"info","message":"   -> 🔍 Scan [page-title] | Target: \"jewellery\" (containing) | Operator: \"contains\" | Actual: \"Jewellery Accounting & Finance\" | Result: ✅ MATCH","timestamp":"2026-07-11 13:29:09"}
{"level":"info","message":"   -> 🔍 Scan [page-title-length] | Target: \"60\" | Operator: \"Greater than\" | Actual: 46 | Result: ❌ NO MATCH","timestamp":"2026-07-11 13:29:09"}
{"level":"info","message":"   -> 🔍 Scan [page-url] | Target: \"shop\" (containing) | Operator: \"contains\" | Actual: \"https://jewellmaster.com/features/accounting-finan\" | Result: ❌ NO MATCH","timestamp":"2026-07-11 13:29:09"}
{"level":"info","message":"   -> 🔍 Scan [link] | Target: \"contact\" (containing) | Operator: \"contains\" | Actual: [11 links] | Result: ❌ NO MATCH","timestamp":"2026-07-11 13:29:09"}
{"level":"info","message":"   -> 🔍 Scan [link-text] | Target: \"buy\" (containing) | Operator: \"contains\" | Actual: [11 links] | Result: ❌ NO MATCH","timestamp":"2026-07-11 13:29:09"}
{"level":"info","message":"   -> 🔍 Scan [link-text-length] | Target: \"50\" | Operator: \"Greater than\" | Actual: [11 links] | Result: ❌ NO MATCH","timestamp":"2026-07-11 13:29:09"}
{"level":"info","message":"   -> 🔍 Scan [file-size] | Target: \"5\" (MB) | Operator: \"Greater than\" | Actual: 404.189453125 | Result: ❌ NO MATCH","timestamp":"2026-07-11 13:29:09"}
{"level":"info","message":"   -> 🔍 Scan [image-size] | Target: \"100\" (KB) | Operator: \"Greater than\" | Actual: [1 images] | Result: ❌ NO MATCH","timestamp":"2026-07-11 13:29:09"}
{"level":"info","message":"   -> 🔍 Scan [image-text] | Target: \"logo\" (containing) | Operator: \"contains\" | Actual: [1 images] | Result: ❌ NO MATCH","timestamp":"2026-07-11 13:29:09"}
{"level":"info","message":"   -> 🔍 Scan [image-text-length] | Target: \"100\" | Operator: \"Greater than\" | Actual: [1 images] | Result: ❌ NO MATCH","timestamp":"2026-07-11 13:29:09"}
{"level":"info","message":"   -> 🔍 Scan [external-link-count] | Target: \"10\" | Operator: \"Greater than\" | Actual: 0 | Result: ❌ NO MATCH","timestamp":"2026-07-11 13:29:09"}
{"level":"info","message":"   -> 🔍 Scan [incoming-link-count] | Target: \"5\" | Operator: \"Greater than\" | Actual: 11 | Result: ✅ MATCH","timestamp":"2026-07-11 13:29:09"}
{"level":"info","message":"   -> 🔍 Scan [heading-text] | Target: \"price\" (containing) | Operator: \"contains\" | Actual: [3 headings] | Result: ❌ NO MATCH","timestamp":"2026-07-11 13:29:09"}
{"level":"info","message":"   -> 🔍 Scan [header-text-length] | Target: \"80\" | Operator: \"Greater than\" | Actual: [3 headings] | Result: ❌ NO MATCH","timestamp":"2026-07-11 13:29:09"}
{"level":"info","message":"   -> 🔍 Scan [readability-level] | Target: \"12\" | Operator: \"Greater than\" | Actual: 20 | Result: ✅ MATCH","timestamp":"2026-07-11 13:29:09"}
{"level":"info","message":"   -> 🔍 Scan [meta-header] | Target: \"keyword\" (containing) | Operator: \"contains\" | Actual: [Content length: 14998] | Result: ❌ NO MATCH","timestamp":"2026-07-11 13:29:09"}
{"level":"info","message":"   -> 🔍 Scan [meta-header-length] | Target: \"160\" | Operator: \"Greater than\" | Actual: 126 | Result: ❌ NO MATCH","timestamp":"2026-07-11 13:29:09"}
{"level":"info","message":"   -> 🔍 Scan [page-html] | Target: \"<script>\" (containing) | Operator: \"contains\" | Actual: [Content length: 14998] | Result: ✅ MATCH","timestamp":"2026-07-11 13:29:09"}
{"level":"info","message":"   -> 🔍 Scan [image-size] | Target: \"1\" (MB) | Operator: \"Greater than\" | Actual: [1 images] | Result: ❌ NO MATCH","timestamp":"2026-07-11 13:29:09"}
{"level":"info","message":"   -> 🔍 Scan [text] | Target: \"jewellery\" (containing) | Operator: \"contains\" | Actual: [Content length: 14839] | Result: ✅ MATCH","timestamp":"2026-07-11 13:29:09"}
{"level":"info","message":"   -> 🔍 Scan [page-title] | Target: \"jewellery\" (containing) | Operator: \"contains\" | Actual: \"AI Powered Reports for Jewelle\" | Result: ✅ MATCH","timestamp":"2026-07-11 13:29:09"}
{"level":"info","message":"   -> 🔍 Scan [page-title-length] | Target: \"60\" | Operator: \"Greater than\" | Actual: 52 | Result: ❌ NO MATCH","timestamp":"2026-07-11 13:29:09"}
{"level":"info","message":"   -> 🔍 Scan [page-url] | Target: \"shop\" (containing) | Operator: \"contains\" | Actual: \"https://jewellmaster.com/features/ai-powered-repor\" | Result: ❌ NO MATCH","timestamp":"2026-07-11 13:29:09"}
{"level":"info","message":"   -> 🔍 Scan [link] | Target: \"contact\" (containing) | Operator: \"contains\" | Actual: [11 links] | Result: ❌ NO MATCH","timestamp":"2026-07-11 13:29:09"}
{"level":"info","message":"   -> 🔍 Scan [link-text] | Target: \"buy\" (containing) | Operator: \"contains\" | Actual: [11 links] | Result: ❌ NO MATCH","timestamp":"2026-07-11 13:29:09"}
{"level":"info","message":"   -> 🔍 Scan [link-text-length] | Target: \"50\" | Operator: \"Greater than\" | Actual: [11 links] | Result: ❌ NO MATCH","timestamp":"2026-07-11 13:29:09"}
{"level":"info","message":"   -> 🔍 Scan [file-size] | Target: \"5\" (MB) | Operator: \"Greater than\" | Actual: 388.5869140625 | Result: ❌ NO MATCH","timestamp":"2026-07-11 13:29:09"}
{"level":"info","message":"   -> 🔍 Scan [image-size] | Target: \"100\" (KB) | Operator: \"Greater than\" | Actual: [1 images] | Result: ❌ NO MATCH","timestamp":"2026-07-11 13:29:09"}
{"level":"info","message":"   -> 🔍 Scan [image-text] | Target: \"logo\" (containing) | Operator: \"contains\" | Actual: [1 images] | Result: ❌ NO MATCH","timestamp":"2026-07-11 13:29:09"}
{"level":"info","message":"   -> 🔍 Scan [image-text-length] | Target: \"100\" | Operator: \"Greater than\" | Actual: [1 images] | Result: ❌ NO MATCH","timestamp":"2026-07-11 13:29:09"}
{"level":"info","message":"   -> 🔍 Scan [external-link-count] | Target: \"10\" | Operator: \"Greater than\" | Actual: 0 | Result: ❌ NO MATCH","timestamp":"2026-07-11 13:29:09"}
{"level":"info","message":"   -> 🔍 Scan [incoming-link-count] | Target: \"5\" | Operator: \"Greater than\" | Actual: 11 | Result: ✅ MATCH","timestamp":"2026-07-11 13:29:09"}
{"level":"info","message":"   -> 🔍 Scan [heading-text] | Target: \"price\" (containing) | Operator: \"contains\" | Actual: [3 headings] | Result: ❌ NO MATCH","timestamp":"2026-07-11 13:29:09"}
{"level":"info","message":"   -> 🔍 Scan [header-text-length] | Target: \"80\" | Operator: \"Greater than\" | Actual: [3 headings] | Result: ❌ NO MATCH","timestamp":"2026-07-11 13:29:09"}
{"level":"info","message":"   -> 🔍 Scan [readability-level] | Target: \"12\" | Operator: \"Greater than\" | Actual: 20 | Result: ✅ MATCH","timestamp":"2026-07-11 13:29:09"}
{"level":"info","message":"   -> 🔍 Scan [meta-header] | Target: \"keyword\" (containing) | Operator: \"contains\" | Actual: [Content length: 14839] | Result: ❌ NO MATCH","timestamp":"2026-07-11 13:29:09"}
{"level":"info","message":"   -> 🔍 Scan [meta-header-length] | Target: \"160\" | Operator: \"Greater than\" | Actual: 129 | Result: ❌ NO MATCH","timestamp":"2026-07-11 13:29:09"}
{"level":"info","message":"   -> 🔍 Scan [page-html] | Target: \"<script>\" (containing) | Operator: \"contains\" | Actual: [Content length: 14839] | Result: ✅ MATCH","timestamp":"2026-07-11 13:29:09"}
{"level":"info","message":"   -> 🔍 Scan [image-size] | Target: \"1\" (MB) | Operator: \"Greater than\" | Actual: [1 images] | Result: ❌ NO MATCH","timestamp":"2026-07-11 13:29:09"}
{"level":"info","message":"   -> 🔍 Scan [text] | Target: \"jewellery\" (containing) | Operator: \"contains\" | Actual: [Content length: 14922] | Result: ✅ MATCH","timestamp":"2026-07-11 13:29:09"}
{"level":"info","message":"   -> 🔍 Scan [page-title] | Target: \"jewellery\" (containing) | Operator: \"contains\" | Actual: \"Multi Branch Jewellery ERP Sof\" | Result: ✅ MATCH","timestamp":"2026-07-11 13:29:09"}
{"level":"info","message":"   -> 🔍 Scan [page-title-length] | Target: \"60\" | Operator: \"Greater than\" | Actual: 51 | Result: ❌ NO MATCH","timestamp":"2026-07-11 13:29:09"}
{"level":"info","message":"   -> 🔍 Scan [page-url] | Target: \"shop\" (containing) | Operator: \"contains\" | Actual: \"https://jewellmaster.com/features/multi-branch-man\" | Result: ❌ NO MATCH","timestamp":"2026-07-11 13:29:09"}
{"level":"info","message":"   -> 🔍 Scan [link] | Target: \"contact\" (containing) | Operator: \"contains\" | Actual: [11 links] | Result: ❌ NO MATCH","timestamp":"2026-07-11 13:29:09"}
{"level":"info","message":"   -> 🔍 Scan [link-text] | Target: \"buy\" (containing) | Operator: \"contains\" | Actual: [11 links] | Result: ❌ NO MATCH","timestamp":"2026-07-11 13:29:09"}
{"level":"info","message":"   -> 🔍 Scan [link-text-length] | Target: \"50\" | Operator: \"Greater than\" | Actual: [11 links] | Result: ❌ NO MATCH","timestamp":"2026-07-11 13:29:09"}
{"level":"info","message":"   -> 🔍 Scan [file-size] | Target: \"5\" (MB) | Operator: \"Greater than\" | Actual: 378.3310546875 | Result: ❌ NO MATCH","timestamp":"2026-07-11 13:29:09"}
{"level":"info","message":"   -> 🔍 Scan [image-size] | Target: \"100\" (KB) | Operator: \"Greater than\" | Actual: [1 images] | Result: ❌ NO MATCH","timestamp":"2026-07-11 13:29:09"}
{"level":"info","message":"   -> 🔍 Scan [image-text] | Target: \"logo\" (containing) | Operator: \"contains\" | Actual: [1 images] | Result: ❌ NO MATCH","timestamp":"2026-07-11 13:29:09"}
{"level":"info","message":"   -> 🔍 Scan [image-text-length] | Target: \"100\" | Operator: \"Greater than\" | Actual: [1 images] | Result: ❌ NO MATCH","timestamp":"2026-07-11 13:29:09"}
{"level":"info","message":"   -> 🔍 Scan [external-link-count] | Target: \"10\" | Operator: \"Greater than\" | Actual: 0 | Result: ❌ NO MATCH","timestamp":"2026-07-11 13:29:09"}
{"level":"info","message":"   -> 🔍 Scan [incoming-link-count] | Target: \"5\" | Operator: \"Greater than\" | Actual: 11 | Result: ✅ MATCH","timestamp":"2026-07-11 13:29:09"}
{"level":"info","message":"   -> 🔍 Scan [heading-text] | Target: \"price\" (containing) | Operator: \"contains\" | Actual: [3 headings] | Result: ❌ NO MATCH","timestamp":"2026-07-11 13:29:09"}
{"level":"info","message":"   -> 🔍 Scan [header-text-length] | Target: \"80\" | Operator: \"Greater than\" | Actual: [3 headings] | Result: ❌ NO MATCH","timestamp":"2026-07-11 13:29:09"}
{"level":"info","message":"   -> 🔍 Scan [readability-level] | Target: \"12\" | Operator: \"Greater than\" | Actual: 20 | Result: ✅ MATCH","timestamp":"2026-07-11 13:29:09"}
{"level":"info","message":"   -> 🔍 Scan [meta-header] | Target: \"keyword\" (containing) | Operator: \"contains\" | Actual: [Content length: 14922] | Result: ❌ NO MATCH","timestamp":"2026-07-11 13:29:09"}
{"level":"info","message":"   -> 🔍 Scan [meta-header-length] | Target: \"160\" | Operator: \"Greater than\" | Actual: 133 | Result: ❌ NO MATCH","timestamp":"2026-07-11 13:29:09"}
{"level":"info","message":"   -> 🔍 Scan [page-html] | Target: \"<script>\" (containing) | Operator: \"contains\" | Actual: [Content length: 14922] | Result: ✅ MATCH","timestamp":"2026-07-11 13:29:09"}
{"level":"info","message":"   -> 🔍 Scan [image-size] | Target: \"1\" (MB) | Operator: \"Greater than\" | Actual: [1 images] | Result: ❌ NO MATCH","timestamp":"2026-07-11 13:29:09"}
{"level":"info","message":"   -> 🔍 Scan [text] | Target: \"jewellery\" (containing) | Operator: \"contains\" | Actual: [Content length: 14820] | Result: ✅ MATCH","timestamp":"2026-07-11 13:29:09"}
{"level":"info","message":"   -> 🔍 Scan [page-title] | Target: \"jewellery\" (containing) | Operator: \"contains\" | Actual: \"Jewellery ERP Mobile App | Jew\" | Result: ✅ MATCH","timestamp":"2026-07-11 13:29:09"}
{"level":"info","message":"   -> 🔍 Scan [page-title-length] | Target: \"60\" | Operator: \"Greater than\" | Actual: 40 | Result: ❌ NO MATCH","timestamp":"2026-07-11 13:29:09"}
{"level":"info","message":"   -> 🔍 Scan [page-url] | Target: \"shop\" (containing) | Operator: \"contains\" | Actual: \"https://jewellmaster.com/features/mobile-app\" | Result: ❌ NO MATCH","timestamp":"2026-07-11 13:29:09"}
{"level":"info","message":"   -> 🔍 Scan [link] | Target: \"contact\" (containing) | Operator: \"contains\" | Actual: [11 links] | Result: ❌ NO MATCH","timestamp":"2026-07-11 13:29:09"}
{"level":"info","message":"   -> 🔍 Scan [link-text] | Target: \"buy\" (containing) | Operator: \"contains\" | Actual: [11 links] | Result: ❌ NO MATCH","timestamp":"2026-07-11 13:29:09"}
{"level":"info","message":"   -> 🔍 Scan [link-text-length] | Target: \"50\" | Operator: \"Greater than\" | Actual: [11 links] | Result: ❌ NO MATCH","timestamp":"2026-07-11 13:29:09"}
{"level":"info","message":"   -> 🔍 Scan [file-size] | Target: \"5\" (MB) | Operator: \"Greater than\" | Actual: 398.0234375 | Result: ❌ NO MATCH","timestamp":"2026-07-11 13:29:09"}
{"level":"info","message":"   -> 🔍 Scan [image-size] | Target: \"100\" (KB) | Operator: \"Greater than\" | Actual: [1 images] | Result: ❌ NO MATCH","timestamp":"2026-07-11 13:29:09"}
{"level":"info","message":"   -> 🔍 Scan [image-text] | Target: \"logo\" (containing) | Operator: \"contains\" | Actual: [1 images] | Result: ❌ NO MATCH","timestamp":"2026-07-11 13:29:09"}
{"level":"info","message":"   -> 🔍 Scan [image-text-length] | Target: \"100\" | Operator: \"Greater than\" | Actual: [1 images] | Result: ❌ NO MATCH","timestamp":"2026-07-11 13:29:09"}
{"level":"info","message":"   -> 🔍 Scan [external-link-count] | Target: \"10\" | Operator: \"Greater than\" | Actual: 0 | Result: ❌ NO MATCH","timestamp":"2026-07-11 13:29:09"}
{"level":"info","message":"   -> 🔍 Scan [incoming-link-count] | Target: \"5\" | Operator: \"Greater than\" | Actual: 11 | Result: ✅ MATCH","timestamp":"2026-07-11 13:29:09"}
{"level":"info","message":"   -> 🔍 Scan [heading-text] | Target: \"price\" (containing) | Operator: \"contains\" | Actual: [3 headings] | Result: ❌ NO MATCH","timestamp":"2026-07-11 13:29:09"}
{"level":"info","message":"   -> 🔍 Scan [header-text-length] | Target: \"80\" | Operator: \"Greater than\" | Actual: [3 headings] | Result: ❌ NO MATCH","timestamp":"2026-07-11 13:29:09"}
{"level":"info","message":"   -> 🔍 Scan [readability-level] | Target: \"12\" | Operator: \"Greater than\" | Actual: 20 | Result: ✅ MATCH","timestamp":"2026-07-11 13:29:09"}
{"level":"info","message":"   -> 🔍 Scan [meta-header] | Target: \"keyword\" (containing) | Operator: \"contains\" | Actual: [Content length: 14820] | Result: ❌ NO MATCH","timestamp":"2026-07-11 13:29:09"}
{"level":"info","message":"   -> 🔍 Scan [meta-header-length] | Target: \"160\" | Operator: \"Greater than\" | Actual: 140 | Result: ❌ NO MATCH","timestamp":"2026-07-11 13:29:09"}
{"level":"info","message":"   -> 🔍 Scan [page-html] | Target: \"<script>\" (containing) | Operator: \"contains\" | Actual: [Content length: 14820] | Result: ✅ MATCH","timestamp":"2026-07-11 13:29:09"}
{"level":"info","message":"   -> 🔍 Scan [image-size] | Target: \"1\" (MB) | Operator: \"Greater than\" | Actual: [1 images] | Result: ❌ NO MATCH","timestamp":"2026-07-11 13:29:09"}
{"level":"info","message":"✅ [https://jewellmaster.com] Saved 10 pages to database tenant_sbi.","timestamp":"2026-07-11 13:29:09"}
{"level":"info","message":"✅ [https://jewellmaster.com] Saved 10 pages to database tenant_sbi.","timestamp":"2026-07-11 13:29:09"}
{"level":"info","message":"📊 [https://jewellmaster.com] Domain summary created in tenant_sbi. Final Score: 43","timestamp":"2026-07-11 13:29:09"}
{"level":"info","message":"📋 [jewellmaster.com] Compiling detailed audit data snapshot for jobId: 12-1783756468784...","timestamp":"2026-07-11 13:29:09"}
{"level":"info","message":"💾 [jewellmaster.com] Saved complete Audit details & summary snap to DB for jobId: 12-1783756468784","timestamp":"2026-07-11 13:29:09"}
{"level":"info","message":"📊 [https://jewellmaster.com] Domain summary created in tenant_sbi. Final Score: 43","timestamp":"2026-07-11 13:29:09"}
{"level":"info","message":"📋 [jewellmaster.com] Compiling detailed audit data snapshot for jobId: 8-1783756419899...","timestamp":"2026-07-11 13:29:09"}
{"level":"info","message":"💾 [jewellmaster.com] Saved complete Audit details & summary snap to DB for jobId: 8-1783756419899","timestamp":"2026-07-11 13:29:09"}
{"level":"info","message":"📋 [jewellmaster.com] QA scan saved: 10 pages, jobId 12-1783756468784","timestamp":"2026-07-11 13:29:10"}
{"level":"info","message":"♿ [jewellmaster.com] Starting Accessibility scan for 10 pages...","timestamp":"2026-07-11 13:29:10"}
{"level":"info","message":"📋 [jewellmaster.com] QA scan saved: 10 pages, jobId 8-1783756419899","timestamp":"2026-07-11 13:29:10"}
{"level":"info","message":"♿ [jewellmaster.com] Starting Accessibility scan for 10 pages...","timestamp":"2026-07-11 13:29:10"}
{"level":"info","message":"♿ [jewellmaster.com] Axe-core scanned 5/10","timestamp":"2026-07-11 13:29:22"}
{"level":"info","message":"♿ [jewellmaster.com] Axe-core scanned 5/10","timestamp":"2026-07-11 13:29:23"}
{"level":"info","message":"♿ [jewellmaster.com] Axe-core scanned 10/10","timestamp":"2026-07-11 13:29:29"}
{"level":"info","message":"✅ [jewellmaster.com] Accessibility scan saved: 10 pages, jobId 8-1783756419899","timestamp":"2026-07-11 13:29:31"}
{"level":"info","message":"📦 [https://jewellmaster.com] Enqueued Inventory scan for scanId: 6a51f7e333bbcd0fe4ef519f","timestamp":"2026-07-11 13:29:31"}
{"level":"info","message":"[Job 18] 📋 Starting inventory scan for: https://jewellmaster.com","timestamp":"2026-07-11 13:29:31"}
{"level":"info","message":"[Inventory Scan] Starting background scan for scanId: 6a51f7e333bbcd0fe4ef519f, domain: https://jewellmaster.com","timestamp":"2026-07-11 13:29:31"}
{"level":"info","message":"Job 8 (https://jewellmaster.com) completed successfully.","timestamp":"2026-07-11 13:29:31"}
{"level":"info","message":"[Inventory Scan] Loaded 18 disallow rules from robots.txt","timestamp":"2026-07-11 13:29:31"}
{"level":"info","message":"[Inventory Scan] Scanning batch of size 1. Visited total: 1","timestamp":"2026-07-11 13:29:31"}
{"level":"info","message":"♿ [jewellmaster.com] Axe-core scanned 10/10","timestamp":"2026-07-11 13:29:32"}
{"level":"info","message":"[Inventory Scan Progress] 📈 Scanned Page: https://jewellmaster.com/ | Progress: 99%","timestamp":"2026-07-11 13:29:32"}
{"level":"info","message":"   └── 📦 Assets Discovered -> Pages: 1 | Images: 31 | CSS: 2 | JS: 15 | Docs: 0 | Emails: 0 | Headlinks: 11","timestamp":"2026-07-11 13:29:32"}
{"level":"info","message":"[Inventory Scan] Scanning batch of size 2. Visited total: 3","timestamp":"2026-07-11 13:29:32"}
{"level":"info","message":"✅ [jewellmaster.com] Accessibility scan saved: 10 pages, jobId 12-1783756468784","timestamp":"2026-07-11 13:29:33"}
{"level":"info","message":"[Inventory Scan Progress] 📈 Scanned Page: https://jewellmaster.com/features | Progress: 99%","timestamp":"2026-07-11 13:29:33"}
{"level":"info","message":"   └── 📦 Assets Discovered -> Pages: 3 | Images: 33 | CSS: 8 | JS: 27 | Docs: 0 | Emails: 0 | Headlinks: 32","timestamp":"2026-07-11 13:29:33"}
{"level":"info","message":"📦 [https://jewellmaster.com] Enqueued Inventory scan for scanId: 6a51f7e533bbcd0fe4ef66a9","timestamp":"2026-07-11 13:29:33"}
{"level":"info","message":"[Job 19] 📋 Starting inventory scan for: https://jewellmaster.com","timestamp":"2026-07-11 13:29:33"}
{"level":"info","message":"[Inventory Scan] Starting background scan for scanId: 6a51f7e533bbcd0fe4ef66a9, domain: https://jewellmaster.com","timestamp":"2026-07-11 13:29:33"}
{"level":"info","message":"[Inventory Scan Progress] 📈 Scanned Page: https://jewellmaster.com/demo | Progress: 99%","timestamp":"2026-07-11 13:29:33"}
{"level":"info","message":"   └── 📦 Assets Discovered -> Pages: 3 | Images: 33 | CSS: 8 | JS: 27 | Docs: 0 | Emails: 0 | Headlinks: 32","timestamp":"2026-07-11 13:29:33"}
{"level":"info","message":"[Inventory Scan] Scanning batch of size 5. Visited total: 8","timestamp":"2026-07-11 13:29:33"}
{"level":"info","message":"Job 12 (https://jewellmaster.com) completed successfully.","timestamp":"2026-07-11 13:29:33"}
{"level":"info","message":"[Inventory Scan] Loaded 18 disallow rules from robots.txt","timestamp":"2026-07-11 13:29:33"}
{"level":"info","message":"[Inventory Scan] Scanning batch of size 1. Visited total: 1","timestamp":"2026-07-11 13:29:33"}
{"level":"info","message":"[Inventory Scan Progress] 📈 Scanned Page: https://jewellmaster.com/features/crm-customer-management | Progress: 99%","timestamp":"2026-07-11 13:29:34"}
{"level":"info","message":"   └── 📦 Assets Discovered -> Pages: 8 | Images: 38 | CSS: 18 | JS: 57 | Docs: 0 | Emails: 0 | Headlinks: 72","timestamp":"2026-07-11 13:29:34"}
{"level":"info","message":"[Inventory Scan Progress] 📈 Scanned Page: https://jewellmaster.com/features/jewelry-inventory-management | Progress: 99%","timestamp":"2026-07-11 13:29:34"}
{"level":"info","message":"   └── 📦 Assets Discovered -> Pages: 8 | Images: 38 | CSS: 18 | JS: 57 | Docs: 0 | Emails: 0 | Headlinks: 72","timestamp":"2026-07-11 13:29:34"}
{"level":"info","message":"[Inventory Scan Progress] 📈 Scanned Page: https://jewellmaster.com/features/ai-powered-reports | Progress: 99%","timestamp":"2026-07-11 13:29:34"}
{"level":"info","message":"   └── 📦 Assets Discovered -> Pages: 8 | Images: 38 | CSS: 18 | JS: 57 | Docs: 0 | Emails: 0 | Headlinks: 72","timestamp":"2026-07-11 13:29:34"}
{"level":"info","message":"[Inventory Scan Progress] 📈 Scanned Page: https://jewellmaster.com/features/accounting-financial-management | Progress: 99%","timestamp":"2026-07-11 13:29:34"}
{"level":"info","message":"   └── 📦 Assets Discovered -> Pages: 8 | Images: 38 | CSS: 18 | JS: 57 | Docs: 0 | Emails: 0 | Headlinks: 72","timestamp":"2026-07-11 13:29:34"}
{"level":"info","message":"[Inventory Scan Progress] 📈 Scanned Page: https://jewellmaster.com/features/gst-billing-invoicing | Progress: 99%","timestamp":"2026-07-11 13:29:34"}
{"level":"info","message":"   └── 📦 Assets Discovered -> Pages: 8 | Images: 38 | CSS: 18 | JS: 57 | Docs: 0 | Emails: 0 | Headlinks: 72","timestamp":"2026-07-11 13:29:34"}
{"level":"info","message":"[Inventory Scan] Scanning batch of size 4. Visited total: 12","timestamp":"2026-07-11 13:29:34"}
{"level":"info","message":"[Inventory Scan Progress] 📈 Scanned Page: https://jewellmaster.com/ | Progress: 99%","timestamp":"2026-07-11 13:29:34"}
{"level":"info","message":"   └── 📦 Assets Discovered -> Pages: 1 | Images: 31 | CSS: 2 | JS: 15 | Docs: 0 | Emails: 0 | Headlinks: 11","timestamp":"2026-07-11 13:29:34"}
{"level":"info","message":"[Inventory Scan] Scanning batch of size 2. Visited total: 3","timestamp":"2026-07-11 13:29:34"}
{"level":"info","message":"[Inventory Scan Progress] 📈 Scanned Page: https://jewellmaster.com/features | Progress: 99%","timestamp":"2026-07-11 13:29:35"}
{"level":"info","message":"   └── 📦 Assets Discovered -> Pages: 3 | Images: 33 | CSS: 4 | JS: 21 | Docs: 0 | Emails: 0 | Headlinks: 19","timestamp":"2026-07-11 13:29:35"}
{"level":"info","message":"[Inventory Scan Progress] 📈 Scanned Page: https://jewellmaster.com/features/mobile-app | Progress: 99%","timestamp":"2026-07-11 13:29:35"}
{"level":"info","message":"   └── 📦 Assets Discovered -> Pages: 12 | Images: 42 | CSS: 26 | JS: 81 | Docs: 0 | Emails: 0 | Headlinks: 104","timestamp":"2026-07-11 13:29:35"}
{"level":"info","message":"[Inventory Scan Progress] 📈 Scanned Page: https://jewellmaster.com/features/security-reliability | Progress: 99%","timestamp":"2026-07-11 13:29:35"}
{"level":"info","message":"   └── 📦 Assets Discovered -> Pages: 12 | Images: 42 | CSS: 26 | JS: 81 | Docs: 0 | Emails: 0 | Headlinks: 104","timestamp":"2026-07-11 13:29:35"}
{"level":"info","message":"[Inventory Scan Progress] 📈 Scanned Page: https://jewellmaster.com/features/integrations | Progress: 99%","timestamp":"2026-07-11 13:29:35"}
{"level":"info","message":"   └── 📦 Assets Discovered -> Pages: 12 | Images: 42 | CSS: 26 | JS: 81 | Docs: 0 | Emails: 0 | Headlinks: 104","timestamp":"2026-07-11 13:29:35"}
{"level":"info","message":"[Inventory Scan Progress] 📈 Scanned Page: https://jewellmaster.com/features/multi-branch-management | Progress: 99%","timestamp":"2026-07-11 13:29:35"}
{"level":"info","message":"   └── 📦 Assets Discovered -> Pages: 12 | Images: 42 | CSS: 26 | JS: 81 | Docs: 0 | Emails: 0 | Headlinks: 104","timestamp":"2026-07-11 13:29:35"}
{"level":"info","message":"[Inventory Scan Completed] ✅ Crawl finished successfully in 3968ms!","timestamp":"2026-07-11 13:29:35"}
{"level":"info","message":"   └── 📊 Final Inventory Totals -> Pages: 12 | Images: 42 | CSS: 26 | JS: 81 | Docs: 0 | Emails: 0 | Headlinks: 104","timestamp":"2026-07-11 13:29:35"}
{"level":"info","message":"Job 18 (undefined) completed successfully.","timestamp":"2026-07-11 13:29:35"}
{"level":"info","message":"[Inventory Scan Progress] 📈 Scanned Page: https://jewellmaster.com/demo | Progress: 99%","timestamp":"2026-07-11 13:29:35"}
{"level":"info","message":"   └── 📦 Assets Discovered -> Pages: 3 | Images: 33 | CSS: 8 | JS: 27 | Docs: 0 | Emails: 0 | Headlinks: 32","timestamp":"2026-07-11 13:29:35"}
{"level":"info","message":"[Inventory Scan] Scanning batch of size 5. Visited total: 8","timestamp":"2026-07-11 13:29:35"}
{"level":"info","message":"[Inventory Scan Progress] 📈 Scanned Page: https://jewellmaster.com/features/jewelry-inventory-management | Progress: 99%","timestamp":"2026-07-11 13:29:36"}
{"level":"info","message":"   └── 📦 Assets Discovered -> Pages: 8 | Images: 38 | CSS: 18 | JS: 57 | Docs: 0 | Emails: 0 | Headlinks: 72","timestamp":"2026-07-11 13:29:36"}
{"level":"info","message":"[Inventory Scan Progress] 📈 Scanned Page: https://jewellmaster.com/features/crm-customer-management | Progress: 99%","timestamp":"2026-07-11 13:29:36"}
{"level":"info","message":"   └── 📦 Assets Discovered -> Pages: 8 | Images: 38 | CSS: 18 | JS: 57 | Docs: 0 | Emails: 0 | Headlinks: 72","timestamp":"2026-07-11 13:29:36"}
{"level":"info","message":"[Inventory Scan Progress] 📈 Scanned Page: https://jewellmaster.com/features/gst-billing-invoicing | Progress: 99%","timestamp":"2026-07-11 13:29:36"}
{"level":"info","message":"   └── 📦 Assets Discovered -> Pages: 8 | Images: 38 | CSS: 18 | JS: 57 | Docs: 0 | Emails: 0 | Headlinks: 72","timestamp":"2026-07-11 13:29:36"}
{"level":"info","message":"[Inventory Scan Progress] 📈 Scanned Page: https://jewellmaster.com/features/ai-powered-reports | Progress: 99%","timestamp":"2026-07-11 13:29:36"}
{"level":"info","message":"   └── 📦 Assets Discovered -> Pages: 8 | Images: 38 | CSS: 18 | JS: 57 | Docs: 0 | Emails: 0 | Headlinks: 72","timestamp":"2026-07-11 13:29:36"}
{"level":"info","message":"[Inventory Scan Progress] 📈 Scanned Page: https://jewellmaster.com/features/accounting-financial-management | Progress: 99%","timestamp":"2026-07-11 13:29:36"}
{"level":"info","message":"   └── 📦 Assets Discovered -> Pages: 8 | Images: 38 | CSS: 18 | JS: 57 | Docs: 0 | Emails: 0 | Headlinks: 72","timestamp":"2026-07-11 13:29:36"}
{"level":"info","message":"[Inventory Scan] Scanning batch of size 4. Visited total: 12","timestamp":"2026-07-11 13:29:36"}
{"level":"info","message":"[Inventory Scan Progress] 📈 Scanned Page: https://jewellmaster.com/features/security-reliability | Progress: 99%","timestamp":"2026-07-11 13:29:36"}
{"level":"info","message":"   └── 📦 Assets Discovered -> Pages: 12 | Images: 42 | CSS: 26 | JS: 81 | Docs: 0 | Emails: 0 | Headlinks: 104","timestamp":"2026-07-11 13:29:36"}
{"level":"info","message":"[Inventory Scan Progress] 📈 Scanned Page: https://jewellmaster.com/features/integrations | Progress: 99%","timestamp":"2026-07-11 13:29:36"}
{"level":"info","message":"   └── 📦 Assets Discovered -> Pages: 12 | Images: 42 | CSS: 26 | JS: 81 | Docs: 0 | Emails: 0 | Headlinks: 104","timestamp":"2026-07-11 13:29:36"}
{"level":"info","message":"[Inventory Scan Progress] 📈 Scanned Page: https://jewellmaster.com/features/multi-branch-management | Progress: 99%","timestamp":"2026-07-11 13:29:36"}
{"level":"info","message":"   └── 📦 Assets Discovered -> Pages: 12 | Images: 42 | CSS: 26 | JS: 81 | Docs: 0 | Emails: 0 | Headlinks: 104","timestamp":"2026-07-11 13:29:36"}
{"level":"info","message":"[Inventory Scan Progress] 📈 Scanned Page: https://jewellmaster.com/features/mobile-app | Progress: 99%","timestamp":"2026-07-11 13:29:36"}
{"level":"info","message":"   └── 📦 Assets Discovered -> Pages: 12 | Images: 42 | CSS: 26 | JS: 81 | Docs: 0 | Emails: 0 | Headlinks: 104","timestamp":"2026-07-11 13:29:36"}
{"level":"info","message":"[Inventory Scan Completed] ✅ Crawl finished successfully in 2824ms!","timestamp":"2026-07-11 13:29:36"}
{"level":"info","message":"   └── 📊 Final Inventory Totals -> Pages: 12 | Images: 42 | CSS: 26 | JS: 81 | Docs: 0 | Emails: 0 | Headlinks: 104","timestamp":"2026-07-11 13:29:36"}
{"level":"info","message":"Job 19 (undefined) completed successfully.","timestamp":"2026-07-11 13:29:36"}
{"level":"info","message":"[Job repeat:c10eea93bf68cc56fd5c63b351df3d32:1783756800000] 🚀 Executing scheduled global orchestration...","timestamp":"2026-07-11 13:30:01"}
{"level":"info","message":"Orchestrator: Starting global scan orchestration... ","timestamp":"2026-07-11 13:30:01"}
{"level":"info","message":"🔗 Connecting to MASTER database: master","timestamp":"2026-07-11 13:30:01"}
{"level":"info","message":"Orchestrator: Found 2 tenants to process.","timestamp":"2026-07-11 13:30:01"}
{"level":"info","message":"📁 Switching to CLIENT database: tenant_rbi (Tenant: rbi)","timestamp":"2026-07-11 13:30:01"}
{"level":"info","message":"Orchestrator: No domains found for tenant rbi (excluding those currently scanning).","timestamp":"2026-07-11 13:30:01"}
{"level":"info","message":"📁 Switching to CLIENT database: tenant_sbi (Tenant: sbi)","timestamp":"2026-07-11 13:30:01"}
{"level":"info","message":"Orchestrator: No domains found for tenant sbi (excluding those currently scanning).","timestamp":"2026-07-11 13:30:01"}
{"level":"info","message":"Orchestrator: Master DB connection closed.","timestamp":"2026-07-11 13:30:01"}
{"level":"info","message":"✅ Orchestrator: Finished. Total jobs enqueued: 0","timestamp":"2026-07-11 13:30:01"}
{"level":"info","message":"Job repeat:c10eea93bf68cc56fd5c63b351df3d32:1783756800000 (Orchestrator) completed successfully.","timestamp":"2026-07-11 13:30:01"}
{"level":"info","message":"[Job repeat:c10eea93bf68cc56fd5c63b351df3d32:1783756860000] 🚀 Executing scheduled global orchestration...","timestamp":"2026-07-11 13:31:00"}
{"level":"info","message":"Orchestrator: Starting global scan orchestration... ","timestamp":"2026-07-11 13:31:00"}
{"level":"info","message":"🔗 Connecting to MASTER database: master","timestamp":"2026-07-11 13:31:00"}
{"level":"info","message":"Orchestrator: Found 2 tenants to process.","timestamp":"2026-07-11 13:31:00"}
{"level":"info","message":"📁 Switching to CLIENT database: tenant_rbi (Tenant: rbi)","timestamp":"2026-07-11 13:31:00"}
{"level":"info","message":"Orchestrator: No domains found for tenant rbi (excluding those currently scanning).","timestamp":"2026-07-11 13:31:00"}
{"level":"info","message":"📁 Switching to CLIENT database: tenant_sbi (Tenant: sbi)","timestamp":"2026-07-11 13:31:00"}
{"level":"info","message":"Orchestrator: No domains found for tenant sbi (excluding those currently scanning).","timestamp":"2026-07-11 13:31:00"}
{"level":"info","message":"Orchestrator: Master DB connection closed.","timestamp":"2026-07-11 13:31:00"}
{"level":"info","message":"✅ Orchestrator: Finished. Total jobs enqueued: 0","timestamp":"2026-07-11 13:31:00"}
{"level":"info","message":"Job repeat:c10eea93bf68cc56fd5c63b351df3d32:1783756860000 (Orchestrator) completed successfully.","timestamp":"2026-07-11 13:31:00"}
{"level":"info","message":"[Job repeat:c10eea93bf68cc56fd5c63b351df3d32:1783756920000] 🚀 Executing scheduled global orchestration...","timestamp":"2026-07-11 13:32:00"}
{"level":"info","message":"Orchestrator: Starting global scan orchestration... ","timestamp":"2026-07-11 13:32:00"}
{"level":"info","message":"🔗 Connecting to MASTER database: master","timestamp":"2026-07-11 13:32:00"}
{"level":"info","message":"Orchestrator: Found 2 tenants to process.","timestamp":"2026-07-11 13:32:02"}
{"level":"info","message":"📁 Switching to CLIENT database: tenant_rbi (Tenant: rbi)","timestamp":"2026-07-11 13:32:02"}
{"level":"info","message":"Orchestrator: No domains found for tenant rbi (excluding those currently scanning).","timestamp":"2026-07-11 13:32:02"}
{"level":"info","message":"📁 Switching to CLIENT database: tenant_sbi (Tenant: sbi)","timestamp":"2026-07-11 13:32:02"}
{"level":"info","message":"Orchestrator: No domains found for tenant sbi (excluding those currently scanning).","timestamp":"2026-07-11 13:32:03"}
{"level":"info","message":"Orchestrator: Master DB connection closed.","timestamp":"2026-07-11 13:32:03"}
{"level":"info","message":"✅ Orchestrator: Finished. Total jobs enqueued: 0","timestamp":"2026-07-11 13:32:03"}
{"level":"info","message":"Job repeat:c10eea93bf68cc56fd5c63b351df3d32:1783756920000 (Orchestrator) completed successfully.","timestamp":"2026-07-11 13:32:03"}
{"level":"info","message":"[Job repeat:c10eea93bf68cc56fd5c63b351df3d32:1783756980000] 🚀 Executing scheduled global orchestration...","timestamp":"2026-07-11 13:33:00"}
{"level":"info","message":"Orchestrator: Starting global scan orchestration... ","timestamp":"2026-07-11 13:33:00"}
{"level":"info","message":"🔗 Connecting to MASTER database: master","timestamp":"2026-07-11 13:33:00"}
{"level":"info","message":"Orchestrator: Found 2 tenants to process.","timestamp":"2026-07-11 13:33:03"}
{"level":"info","message":"📁 Switching to CLIENT database: tenant_rbi (Tenant: rbi)","timestamp":"2026-07-11 13:33:03"}
{"level":"info","message":"Orchestrator: No domains found for tenant rbi (excluding those currently scanning).","timestamp":"2026-07-11 13:33:03"}
{"level":"info","message":"📁 Switching to CLIENT database: tenant_sbi (Tenant: sbi)","timestamp":"2026-07-11 13:33:03"}
{"level":"info","message":"Orchestrator: No domains found for tenant sbi (excluding those currently scanning).","timestamp":"2026-07-11 13:33:03"}
{"level":"info","message":"Orchestrator: Master DB connection closed.","timestamp":"2026-07-11 13:33:03"}
{"level":"info","message":"✅ Orchestrator: Finished. Total jobs enqueued: 0","timestamp":"2026-07-11 13:33:03"}
{"level":"info","message":"Job repeat:c10eea93bf68cc56fd5c63b351df3d32:1783756980000 (Orchestrator) completed successfully.","timestamp":"2026-07-11 13:33:03"}
{"level":"info","message":"[Job repeat:c10eea93bf68cc56fd5c63b351df3d32:1783757040000] 🚀 Executing scheduled global orchestration...","timestamp":"2026-07-11 13:34:00"}
{"level":"info","message":"Orchestrator: Starting global scan orchestration... ","timestamp":"2026-07-11 13:34:00"}
{"level":"info","message":"🔗 Connecting to MASTER database: master","timestamp":"2026-07-11 13:34:00"}
{"level":"info","message":"Orchestrator: Found 2 tenants to process.","timestamp":"2026-07-11 13:34:03"}
{"level":"info","message":"📁 Switching to CLIENT database: tenant_rbi (Tenant: rbi)","timestamp":"2026-07-11 13:34:03"}
{"level":"info","message":"Orchestrator: No domains found for tenant rbi (excluding those currently scanning).","timestamp":"2026-07-11 13:34:03"}
{"level":"info","message":"📁 Switching to CLIENT database: tenant_sbi (Tenant: sbi)","timestamp":"2026-07-11 13:34:03"}
{"level":"info","message":"Orchestrator: No domains found for tenant sbi (excluding those currently scanning).","timestamp":"2026-07-11 13:34:03"}
{"level":"info","message":"Orchestrator: Master DB connection closed.","timestamp":"2026-07-11 13:34:03"}
{"level":"info","message":"✅ Orchestrator: Finished. Total jobs enqueued: 0","timestamp":"2026-07-11 13:34:03"}
{"level":"info","message":"Job repeat:c10eea93bf68cc56fd5c63b351df3d32:1783757040000 (Orchestrator) completed successfully.","timestamp":"2026-07-11 13:34:03"}
{"level":"info","message":"[Job repeat:c10eea93bf68cc56fd5c63b351df3d32:1783757100000] 🚀 Executing scheduled global orchestration...","timestamp":"2026-07-11 13:35:00"}
{"level":"info","message":"Orchestrator: Starting global scan orchestration... ","timestamp":"2026-07-11 13:35:00"}
{"level":"info","message":"🔗 Connecting to MASTER database: master","timestamp":"2026-07-11 13:35:00"}
{"level":"info","message":"Orchestrator: Found 2 tenants to process.","timestamp":"2026-07-11 13:35:01"}
{"level":"info","message":"📁 Switching to CLIENT database: tenant_rbi (Tenant: rbi)","timestamp":"2026-07-11 13:35:01"}
{"level":"info","message":"Orchestrator: No domains found for tenant rbi (excluding those currently scanning).","timestamp":"2026-07-11 13:35:01"}
{"level":"info","message":"📁 Switching to CLIENT database: tenant_sbi (Tenant: sbi)","timestamp":"2026-07-11 13:35:01"}
{"level":"info","message":"Orchestrator: No domains found for tenant sbi (excluding those currently scanning).","timestamp":"2026-07-11 13:35:01"}
{"level":"info","message":"Orchestrator: Master DB connection closed.","timestamp":"2026-07-11 13:35:01"}
{"level":"info","message":"✅ Orchestrator: Finished. Total jobs enqueued: 0","timestamp":"2026-07-11 13:35:01"}
{"level":"info","message":"Job repeat:c10eea93bf68cc56fd5c63b351df3d32:1783757100000 (Orchestrator) completed successfully.","timestamp":"2026-07-11 13:35:01"}
{"level":"info","message":"[Job repeat:c10eea93bf68cc56fd5c63b351df3d32:1783757160000] 🚀 Executing scheduled global orchestration...","timestamp":"2026-07-11 13:36:00"}
{"level":"info","message":"Orchestrator: Starting global scan orchestration... ","timestamp":"2026-07-11 13:36:00"}
{"level":"info","message":"🔗 Connecting to MASTER database: master","timestamp":"2026-07-11 13:36:00"}
{"level":"info","message":"Orchestrator: Found 2 tenants to process.","timestamp":"2026-07-11 13:36:00"}
{"level":"info","message":"📁 Switching to CLIENT database: tenant_rbi (Tenant: rbi)","timestamp":"2026-07-11 13:36:00"}
{"level":"info","message":"Orchestrator: No domains found for tenant rbi (excluding those currently scanning).","timestamp":"2026-07-11 13:36:00"}
{"level":"info","message":"📁 Switching to CLIENT database: tenant_sbi (Tenant: sbi)","timestamp":"2026-07-11 13:36:00"}
{"level":"info","message":"Orchestrator: No domains found for tenant sbi (excluding those currently scanning).","timestamp":"2026-07-11 13:36:00"}
{"level":"info","message":"Orchestrator: Master DB connection closed.","timestamp":"2026-07-11 13:36:00"}
{"level":"info","message":"✅ Orchestrator: Finished. Total jobs enqueued: 0","timestamp":"2026-07-11 13:36:00"}
{"level":"info","message":"Job repeat:c10eea93bf68cc56fd5c63b351df3d32:1783757160000 (Orchestrator) completed successfully.","timestamp":"2026-07-11 13:36:00"}
{"level":"info","message":"[Job repeat:c10eea93bf68cc56fd5c63b351df3d32:1783757220000] 🚀 Executing scheduled global orchestration...","timestamp":"2026-07-11 13:37:00"}
{"level":"info","message":"Orchestrator: Starting global scan orchestration... ","timestamp":"2026-07-11 13:37:00"}
{"level":"info","message":"🔗 Connecting to MASTER database: master","timestamp":"2026-07-11 13:37:00"}
{"level":"info","message":"Orchestrator: Found 2 tenants to process.","timestamp":"2026-07-11 13:37:00"}
{"level":"info","message":"📁 Switching to CLIENT database: tenant_rbi (Tenant: rbi)","timestamp":"2026-07-11 13:37:00"}
{"level":"info","message":"Orchestrator: No domains found for tenant rbi (excluding those currently scanning).","timestamp":"2026-07-11 13:37:00"}
{"level":"info","message":"📁 Switching to CLIENT database: tenant_sbi (Tenant: sbi)","timestamp":"2026-07-11 13:37:00"}
{"level":"info","message":"Orchestrator: No domains found for tenant sbi (excluding those currently scanning).","timestamp":"2026-07-11 13:37:00"}
{"level":"info","message":"Orchestrator: Master DB connection closed.","timestamp":"2026-07-11 13:37:00"}
{"level":"info","message":"✅ Orchestrator: Finished. Total jobs enqueued: 0","timestamp":"2026-07-11 13:37:00"}
{"level":"info","message":"Job repeat:c10eea93bf68cc56fd5c63b351df3d32:1783757220000 (Orchestrator) completed successfully.","timestamp":"2026-07-11 13:37:00"}
{"level":"info","message":"[Job repeat:c10eea93bf68cc56fd5c63b351df3d32:1783757280000] 🚀 Executing scheduled global orchestration...","timestamp":"2026-07-11 13:38:00"}
{"level":"info","message":"Orchestrator: Starting global scan orchestration... ","timestamp":"2026-07-11 13:38:00"}
{"level":"info","message":"🔗 Connecting to MASTER database: master","timestamp":"2026-07-11 13:38:00"}
{"level":"info","message":"Orchestrator: Found 2 tenants to process.","timestamp":"2026-07-11 13:38:01"}
{"level":"info","message":"📁 Switching to CLIENT database: tenant_rbi (Tenant: rbi)","timestamp":"2026-07-11 13:38:01"}
{"level":"info","message":"Orchestrator: No domains found for tenant rbi (excluding those currently scanning).","timestamp":"2026-07-11 13:38:01"}
{"level":"info","message":"📁 Switching to CLIENT database: tenant_sbi (Tenant: sbi)","timestamp":"2026-07-11 13:38:01"}
{"level":"info","message":"Orchestrator: No domains found for tenant sbi (excluding those currently scanning).","timestamp":"2026-07-11 13:38:01"}
{"level":"info","message":"Orchestrator: Master DB connection closed.","timestamp":"2026-07-11 13:38:01"}
{"level":"info","message":"✅ Orchestrator: Finished. Total jobs enqueued: 0","timestamp":"2026-07-11 13:38:01"}
{"level":"info","message":"Job repeat:c10eea93bf68cc56fd5c63b351df3d32:1783757280000 (Orchestrator) completed successfully.","timestamp":"2026-07-11 13:38:01"}
{"level":"info","message":"[Job repeat:c10eea93bf68cc56fd5c63b351df3d32:1783757340000] 🚀 Executing scheduled global orchestration...","timestamp":"2026-07-11 13:39:01"}
{"level":"info","message":"Orchestrator: Starting global scan orchestration... ","timestamp":"2026-07-11 13:39:01"}
{"level":"info","message":"🔗 Connecting to MASTER database: master","timestamp":"2026-07-11 13:39:01"}
{"level":"info","message":"Orchestrator: Found 2 tenants to process.","timestamp":"2026-07-11 13:39:01"}
{"level":"info","message":"📁 Switching to CLIENT database: tenant_rbi (Tenant: rbi)","timestamp":"2026-07-11 13:39:01"}
{"level":"info","message":"Orchestrator: No domains found for tenant rbi (excluding those currently scanning).","timestamp":"2026-07-11 13:39:01"}
{"level":"info","message":"📁 Switching to CLIENT database: tenant_sbi (Tenant: sbi)","timestamp":"2026-07-11 13:39:01"}
{"level":"info","message":"Orchestrator: No domains found for tenant sbi (excluding those currently scanning).","timestamp":"2026-07-11 13:39:01"}
{"level":"info","message":"Orchestrator: Master DB connection closed.","timestamp":"2026-07-11 13:39:01"}
{"level":"info","message":"✅ Orchestrator: Finished. Total jobs enqueued: 0","timestamp":"2026-07-11 13:39:01"}
{"level":"info","message":"Job repeat:c10eea93bf68cc56fd5c63b351df3d32:1783757340000 (Orchestrator) completed successfully.","timestamp":"2026-07-11 13:39:01"}
{"level":"info","message":"[Job repeat:c10eea93bf68cc56fd5c63b351df3d32:1783757400000] 🚀 Executing scheduled global orchestration...","timestamp":"2026-07-11 13:40:00"}
{"level":"info","message":"Orchestrator: Starting global scan orchestration... ","timestamp":"2026-07-11 13:40:00"}
{"level":"info","message":"🔗 Connecting to MASTER database: master","timestamp":"2026-07-11 13:40:00"}
{"level":"info","message":"Orchestrator: Found 2 tenants to process.","timestamp":"2026-07-11 13:40:01"}
{"level":"info","message":"📁 Switching to CLIENT database: tenant_rbi (Tenant: rbi)","timestamp":"2026-07-11 13:40:01"}
{"level":"info","message":"Orchestrator: No domains found for tenant rbi (excluding those currently scanning).","timestamp":"2026-07-11 13:40:01"}
{"level":"info","message":"📁 Switching to CLIENT database: tenant_sbi (Tenant: sbi)","timestamp":"2026-07-11 13:40:01"}
{"level":"info","message":"Orchestrator: No domains found for tenant sbi (excluding those currently scanning).","timestamp":"2026-07-11 13:40:01"}
{"level":"info","message":"Orchestrator: Master DB connection closed.","timestamp":"2026-07-11 13:40:01"}
{"level":"info","message":"✅ Orchestrator: Finished. Total jobs enqueued: 0","timestamp":"2026-07-11 13:40:01"}
{"level":"info","message":"Job repeat:c10eea93bf68cc56fd5c63b351df3d32:1783757400000 (Orchestrator) completed successfully.","timestamp":"2026-07-11 13:40:01"}
{"level":"info","message":"[Job repeat:c10eea93bf68cc56fd5c63b351df3d32:1783757460000] 🚀 Executing scheduled global orchestration...","timestamp":"2026-07-11 13:41:00"}
{"level":"info","message":"Orchestrator: Starting global scan orchestration... ","timestamp":"2026-07-11 13:41:00"}
{"level":"info","message":"🔗 Connecting to MASTER database: master","timestamp":"2026-07-11 13:41:00"}
{"level":"info","message":"Orchestrator: Found 2 tenants to process.","timestamp":"2026-07-11 13:41:01"}
{"level":"info","message":"📁 Switching to CLIENT database: tenant_rbi (Tenant: rbi)","timestamp":"2026-07-11 13:41:01"}
{"level":"info","message":"Orchestrator: No domains found for tenant rbi (excluding those currently scanning).","timestamp":"2026-07-11 13:41:01"}
{"level":"info","message":"📁 Switching to CLIENT database: tenant_sbi (Tenant: sbi)","timestamp":"2026-07-11 13:41:01"}
{"level":"info","message":"Orchestrator: No domains found for tenant sbi (excluding those currently scanning).","timestamp":"2026-07-11 13:41:01"}
{"level":"info","message":"Orchestrator: Master DB connection closed.","timestamp":"2026-07-11 13:41:01"}
{"level":"info","message":"✅ Orchestrator: Finished. Total jobs enqueued: 0","timestamp":"2026-07-11 13:41:01"}
{"level":"info","message":"Job repeat:c10eea93bf68cc56fd5c63b351df3d32:1783757460000 (Orchestrator) completed successfully.","timestamp":"2026-07-11 13:41:01"}
{"level":"info","message":"[Job repeat:c10eea93bf68cc56fd5c63b351df3d32:1783757520000] 🚀 Executing scheduled global orchestration...","timestamp":"2026-07-11 13:42:00"}
{"level":"info","message":"Orchestrator: Starting global scan orchestration... ","timestamp":"2026-07-11 13:42:00"}
{"level":"info","message":"🔗 Connecting to MASTER database: master","timestamp":"2026-07-11 13:42:00"}
{"level":"info","message":"Orchestrator: Found 2 tenants to process.","timestamp":"2026-07-11 13:42:01"}
{"level":"info","message":"📁 Switching to CLIENT database: tenant_rbi (Tenant: rbi)","timestamp":"2026-07-11 13:42:01"}
{"level":"info","message":"Orchestrator: No domains found for tenant rbi (excluding those currently scanning).","timestamp":"2026-07-11 13:42:01"}
{"level":"info","message":"📁 Switching to CLIENT database: tenant_sbi (Tenant: sbi)","timestamp":"2026-07-11 13:42:01"}
{"level":"info","message":"Orchestrator: No domains found for tenant sbi (excluding those currently scanning).","timestamp":"2026-07-11 13:42:01"}
{"level":"info","message":"Orchestrator: Master DB connection closed.","timestamp":"2026-07-11 13:42:01"}
{"level":"info","message":"✅ Orchestrator: Finished. Total jobs enqueued: 0","timestamp":"2026-07-11 13:42:01"}
{"level":"info","message":"Job repeat:c10eea93bf68cc56fd5c63b351df3d32:1783757520000 (Orchestrator) completed successfully.","timestamp":"2026-07-11 13:42:01"}
{"level":"info","message":"[Job repeat:c10eea93bf68cc56fd5c63b351df3d32:1783757580000] 🚀 Executing scheduled global orchestration...","timestamp":"2026-07-11 13:43:00"}
{"level":"info","message":"Orchestrator: Starting global scan orchestration... ","timestamp":"2026-07-11 13:43:00"}
{"level":"info","message":"🔗 Connecting to MASTER database: master","timestamp":"2026-07-11 13:43:00"}
{"level":"info","message":"Orchestrator: Found 2 tenants to process.","timestamp":"2026-07-11 13:43:01"}
{"level":"info","message":"📁 Switching to CLIENT database: tenant_rbi (Tenant: rbi)","timestamp":"2026-07-11 13:43:01"}
{"level":"info","message":"Orchestrator: No domains found for tenant rbi (excluding those currently scanning).","timestamp":"2026-07-11 13:43:01"}
{"level":"info","message":"📁 Switching to CLIENT database: tenant_sbi (Tenant: sbi)","timestamp":"2026-07-11 13:43:01"}
{"level":"info","message":"Orchestrator: No domains found for tenant sbi (excluding those currently scanning).","timestamp":"2026-07-11 13:43:01"}
{"level":"info","message":"Orchestrator: Master DB connection closed.","timestamp":"2026-07-11 13:43:01"}
{"level":"info","message":"✅ Orchestrator: Finished. Total jobs enqueued: 0","timestamp":"2026-07-11 13:43:01"}
{"level":"info","message":"Job repeat:c10eea93bf68cc56fd5c63b351df3d32:1783757580000 (Orchestrator) completed successfully.","timestamp":"2026-07-11 13:43:01"}
{"level":"info","message":"[Job repeat:c10eea93bf68cc56fd5c63b351df3d32:1783757640000] 🚀 Executing scheduled global orchestration...","timestamp":"2026-07-11 13:44:00"}
{"level":"info","message":"Orchestrator: Starting global scan orchestration... ","timestamp":"2026-07-11 13:44:00"}
{"level":"info","message":"🔗 Connecting to MASTER database: master","timestamp":"2026-07-11 13:44:00"}
{"level":"info","message":"Orchestrator: Found 2 tenants to process.","timestamp":"2026-07-11 13:44:01"}
{"level":"info","message":"📁 Switching to CLIENT database: tenant_rbi (Tenant: rbi)","timestamp":"2026-07-11 13:44:01"}
{"level":"info","message":"Orchestrator: No domains found for tenant rbi (excluding those currently scanning).","timestamp":"2026-07-11 13:44:02"}
{"level":"info","message":"📁 Switching to CLIENT database: tenant_sbi (Tenant: sbi)","timestamp":"2026-07-11 13:44:02"}
{"level":"info","message":"Orchestrator: No domains found for tenant sbi (excluding those currently scanning).","timestamp":"2026-07-11 13:44:02"}
{"level":"info","message":"Orchestrator: Master DB connection closed.","timestamp":"2026-07-11 13:44:02"}
{"level":"info","message":"✅ Orchestrator: Finished. Total jobs enqueued: 0","timestamp":"2026-07-11 13:44:02"}
{"level":"info","message":"Job repeat:c10eea93bf68cc56fd5c63b351df3d32:1783757640000 (Orchestrator) completed successfully.","timestamp":"2026-07-11 13:44:02"}
{"level":"info","message":"[Job repeat:c10eea93bf68cc56fd5c63b351df3d32:1783757700000] 🚀 Executing scheduled global orchestration...","timestamp":"2026-07-11 13:45:00"}
{"level":"info","message":"Orchestrator: Starting global scan orchestration... ","timestamp":"2026-07-11 13:45:00"}
{"level":"info","message":"🔗 Connecting to MASTER database: master","timestamp":"2026-07-11 13:45:00"}
{"level":"info","message":"Orchestrator: Found 2 tenants to process.","timestamp":"2026-07-11 13:45:00"}
{"level":"info","message":"📁 Switching to CLIENT database: tenant_rbi (Tenant: rbi)","timestamp":"2026-07-11 13:45:00"}
{"level":"info","message":"Orchestrator: No domains found for tenant rbi (excluding those currently scanning).","timestamp":"2026-07-11 13:45:01"}
{"level":"info","message":"📁 Switching to CLIENT database: tenant_sbi (Tenant: sbi)","timestamp":"2026-07-11 13:45:01"}
{"level":"info","message":"Orchestrator: No domains found for tenant sbi (excluding those currently scanning).","timestamp":"2026-07-11 13:45:01"}
{"level":"info","message":"Orchestrator: Master DB connection closed.","timestamp":"2026-07-11 13:45:01"}
{"level":"info","message":"✅ Orchestrator: Finished. Total jobs enqueued: 0","timestamp":"2026-07-11 13:45:01"}
{"level":"info","message":"Job repeat:c10eea93bf68cc56fd5c63b351df3d32:1783757700000 (Orchestrator) completed successfully.","timestamp":"2026-07-11 13:45:01"}
{"level":"info","message":"[Job repeat:c10eea93bf68cc56fd5c63b351df3d32:1783757760000] 🚀 Executing scheduled global orchestration...","timestamp":"2026-07-11 13:46:00"}
{"level":"info","message":"Orchestrator: Starting global scan orchestration... ","timestamp":"2026-07-11 13:46:00"}
{"level":"info","message":"🔗 Connecting to MASTER database: master","timestamp":"2026-07-11 13:46:00"}
{"level":"info","message":"Orchestrator: Found 2 tenants to process.","timestamp":"2026-07-11 13:46:01"}
{"level":"info","message":"📁 Switching to CLIENT database: tenant_rbi (Tenant: rbi)","timestamp":"2026-07-11 13:46:01"}
{"level":"info","message":"Orchestrator: No domains found for tenant rbi (excluding those currently scanning).","timestamp":"2026-07-11 13:46:01"}
{"level":"info","message":"📁 Switching to CLIENT database: tenant_sbi (Tenant: sbi)","timestamp":"2026-07-11 13:46:01"}
{"level":"info","message":"Orchestrator: No domains found for tenant sbi (excluding those currently scanning).","timestamp":"2026-07-11 13:46:01"}
{"level":"info","message":"Orchestrator: Master DB connection closed.","timestamp":"2026-07-11 13:46:01"}
{"level":"info","message":"✅ Orchestrator: Finished. Total jobs enqueued: 0","timestamp":"2026-07-11 13:46:01"}
{"level":"info","message":"Job repeat:c10eea93bf68cc56fd5c63b351df3d32:1783757760000 (Orchestrator) completed successfully.","timestamp":"2026-07-11 13:46:01"}
{"level":"info","message":"[Job repeat:c10eea93bf68cc56fd5c63b351df3d32:1783757820000] 🚀 Executing scheduled global orchestration...","timestamp":"2026-07-11 13:47:00"}
{"level":"info","message":"Orchestrator: Starting global scan orchestration... ","timestamp":"2026-07-11 13:47:00"}
{"level":"info","message":"🔗 Connecting to MASTER database: master","timestamp":"2026-07-11 13:47:00"}
{"level":"info","message":"Orchestrator: Found 2 tenants to process.","timestamp":"2026-07-11 13:47:01"}
{"level":"info","message":"📁 Switching to CLIENT database: tenant_rbi (Tenant: rbi)","timestamp":"2026-07-11 13:47:01"}
{"level":"info","message":"Orchestrator: No domains found for tenant rbi (excluding those currently scanning).","timestamp":"2026-07-11 13:47:01"}
{"level":"info","message":"📁 Switching to CLIENT database: tenant_sbi (Tenant: sbi)","timestamp":"2026-07-11 13:47:01"}
{"level":"info","message":"Orchestrator: No domains found for tenant sbi (excluding those currently scanning).","timestamp":"2026-07-11 13:47:01"}
{"level":"info","message":"Orchestrator: Master DB connection closed.","timestamp":"2026-07-11 13:47:01"}
{"level":"info","message":"✅ Orchestrator: Finished. Total jobs enqueued: 0","timestamp":"2026-07-11 13:47:01"}
{"level":"info","message":"Job repeat:c10eea93bf68cc56fd5c63b351df3d32:1783757820000 (Orchestrator) completed successfully.","timestamp":"2026-07-11 13:47:01"}
{"level":"info","message":"[Job repeat:c10eea93bf68cc56fd5c63b351df3d32:1783757880000] 🚀 Executing scheduled global orchestration...","timestamp":"2026-07-11 13:48:00"}
{"level":"info","message":"Orchestrator: Starting global scan orchestration... ","timestamp":"2026-07-11 13:48:00"}
{"level":"info","message":"🔗 Connecting to MASTER database: master","timestamp":"2026-07-11 13:48:00"}
{"level":"info","message":"Orchestrator: Found 2 tenants to process.","timestamp":"2026-07-11 13:48:00"}
{"level":"info","message":"📁 Switching to CLIENT database: tenant_rbi (Tenant: rbi)","timestamp":"2026-07-11 13:48:00"}
{"level":"info","message":"Orchestrator: No domains found for tenant rbi (excluding those currently scanning).","timestamp":"2026-07-11 13:48:00"}
{"level":"info","message":"📁 Switching to CLIENT database: tenant_sbi (Tenant: sbi)","timestamp":"2026-07-11 13:48:00"}
{"level":"info","message":"Orchestrator: No domains found for tenant sbi (excluding those currently scanning).","timestamp":"2026-07-11 13:48:00"}
{"level":"info","message":"Orchestrator: Master DB connection closed.","timestamp":"2026-07-11 13:48:00"}
{"level":"info","message":"✅ Orchestrator: Finished. Total jobs enqueued: 0","timestamp":"2026-07-11 13:48:00"}
{"level":"info","message":"Job repeat:c10eea93bf68cc56fd5c63b351df3d32:1783757880000 (Orchestrator) completed successfully.","timestamp":"2026-07-11 13:48:00"}
{"level":"info","message":"[Job repeat:c10eea93bf68cc56fd5c63b351df3d32:1783757940000] 🚀 Executing scheduled global orchestration...","timestamp":"2026-07-11 13:49:00"}
{"level":"info","message":"Orchestrator: Starting global scan orchestration... ","timestamp":"2026-07-11 13:49:00"}
{"level":"info","message":"🔗 Connecting to MASTER database: master","timestamp":"2026-07-11 13:49:00"}
{"level":"info","message":"Orchestrator: Found 2 tenants to process.","timestamp":"2026-07-11 13:49:01"}
{"level":"info","message":"📁 Switching to CLIENT database: tenant_rbi (Tenant: rbi)","timestamp":"2026-07-11 13:49:01"}
{"level":"info","message":"Orchestrator: No domains found for tenant rbi (excluding those currently scanning).","timestamp":"2026-07-11 13:49:01"}
{"level":"info","message":"📁 Switching to CLIENT database: tenant_sbi (Tenant: sbi)","timestamp":"2026-07-11 13:49:01"}
{"level":"info","message":"Orchestrator: No domains found for tenant sbi (excluding those currently scanning).","timestamp":"2026-07-11 13:49:01"}
{"level":"info","message":"Orchestrator: Master DB connection closed.","timestamp":"2026-07-11 13:49:01"}
{"level":"info","message":"✅ Orchestrator: Finished. Total jobs enqueued: 0","timestamp":"2026-07-11 13:49:01"}
{"level":"info","message":"Job repeat:c10eea93bf68cc56fd5c63b351df3d32:1783757940000 (Orchestrator) completed successfully.","timestamp":"2026-07-11 13:49:01"}
{"level":"info","message":"[Job repeat:c10eea93bf68cc56fd5c63b351df3d32:1783758000000] 🚀 Executing scheduled global orchestration...","timestamp":"2026-07-11 13:50:00"}
{"level":"info","message":"Orchestrator: Starting global scan orchestration... ","timestamp":"2026-07-11 13:50:00"}
{"level":"info","message":"🔗 Connecting to MASTER database: master","timestamp":"2026-07-11 13:50:00"}
{"level":"info","message":"Orchestrator: Found 2 tenants to process.","timestamp":"2026-07-11 13:50:01"}
{"level":"info","message":"📁 Switching to CLIENT database: tenant_rbi (Tenant: rbi)","timestamp":"2026-07-11 13:50:01"}
{"level":"info","message":"Orchestrator: No domains found for tenant rbi (excluding those currently scanning).","timestamp":"2026-07-11 13:50:01"}
{"level":"info","message":"📁 Switching to CLIENT database: tenant_sbi (Tenant: sbi)","timestamp":"2026-07-11 13:50:01"}
{"level":"info","message":"Orchestrator: No domains found for tenant sbi (excluding those currently scanning).","timestamp":"2026-07-11 13:50:01"}
{"level":"info","message":"Orchestrator: Master DB connection closed.","timestamp":"2026-07-11 13:50:01"}
{"level":"info","message":"✅ Orchestrator: Finished. Total jobs enqueued: 0","timestamp":"2026-07-11 13:50:01"}
{"level":"info","message":"Job repeat:c10eea93bf68cc56fd5c63b351df3d32:1783758000000 (Orchestrator) completed successfully.","timestamp":"2026-07-11 13:50:01"}
{"level":"info","message":"[Job repeat:c10eea93bf68cc56fd5c63b351df3d32:1783758060000] 🚀 Executing scheduled global orchestration...","timestamp":"2026-07-11 13:51:00"}
{"level":"info","message":"Orchestrator: Starting global scan orchestration... ","timestamp":"2026-07-11 13:51:00"}
{"level":"info","message":"🔗 Connecting to MASTER database: master","timestamp":"2026-07-11 13:51:00"}
{"level":"info","message":"Orchestrator: Found 2 tenants to process.","timestamp":"2026-07-11 13:51:00"}
{"level":"info","message":"📁 Switching to CLIENT database: tenant_rbi (Tenant: rbi)","timestamp":"2026-07-11 13:51:00"}
{"level":"info","message":"Orchestrator: No domains found for tenant rbi (excluding those currently scanning).","timestamp":"2026-07-11 13:51:00"}
{"level":"info","message":"📁 Switching to CLIENT database: tenant_sbi (Tenant: sbi)","timestamp":"2026-07-11 13:51:00"}
{"level":"info","message":"Orchestrator: No domains found for tenant sbi (excluding those currently scanning).","timestamp":"2026-07-11 13:51:00"}
{"level":"info","message":"Orchestrator: Master DB connection closed.","timestamp":"2026-07-11 13:51:00"}
{"level":"info","message":"✅ Orchestrator: Finished. Total jobs enqueued: 0","timestamp":"2026-07-11 13:51:00"}
{"level":"info","message":"Job repeat:c10eea93bf68cc56fd5c63b351df3d32:1783758060000 (Orchestrator) completed successfully.","timestamp":"2026-07-11 13:51:00"}
{"level":"info","message":"[Job repeat:c10eea93bf68cc56fd5c63b351df3d32:1783758120000] 🚀 Executing scheduled global orchestration...","timestamp":"2026-07-11 13:52:00"}
{"level":"info","message":"Orchestrator: Starting global scan orchestration... ","timestamp":"2026-07-11 13:52:00"}
{"level":"info","message":"🔗 Connecting to MASTER database: master","timestamp":"2026-07-11 13:52:00"}
{"level":"info","message":"Orchestrator: Found 2 tenants to process.","timestamp":"2026-07-11 13:52:00"}
{"level":"info","message":"📁 Switching to CLIENT database: tenant_rbi (Tenant: rbi)","timestamp":"2026-07-11 13:52:00"}
{"level":"info","message":"Orchestrator: No domains found for tenant rbi (excluding those currently scanning).","timestamp":"2026-07-11 13:52:01"}
{"level":"info","message":"📁 Switching to CLIENT database: tenant_sbi (Tenant: sbi)","timestamp":"2026-07-11 13:52:01"}
{"level":"info","message":"Orchestrator: No domains found for tenant sbi (excluding those currently scanning).","timestamp":"2026-07-11 13:52:01"}
{"level":"info","message":"Orchestrator: Master DB connection closed.","timestamp":"2026-07-11 13:52:01"}
{"level":"info","message":"✅ Orchestrator: Finished. Total jobs enqueued: 0","timestamp":"2026-07-11 13:52:01"}
{"level":"info","message":"Job repeat:c10eea93bf68cc56fd5c63b351df3d32:1783758120000 (Orchestrator) completed successfully.","timestamp":"2026-07-11 13:52:01"}
{"level":"info","message":"[Job repeat:c10eea93bf68cc56fd5c63b351df3d32:1783758180000] 🚀 Executing scheduled global orchestration...","timestamp":"2026-07-11 13:53:00"}
{"level":"info","message":"Orchestrator: Starting global scan orchestration... ","timestamp":"2026-07-11 13:53:00"}
{"level":"info","message":"🔗 Connecting to MASTER database: master","timestamp":"2026-07-11 13:53:00"}
{"level":"info","message":"Orchestrator: Found 2 tenants to process.","timestamp":"2026-07-11 13:53:01"}
{"level":"info","message":"📁 Switching to CLIENT database: tenant_rbi (Tenant: rbi)","timestamp":"2026-07-11 13:53:01"}
{"level":"info","message":"Orchestrator: No domains found for tenant rbi (excluding those currently scanning).","timestamp":"2026-07-11 13:53:01"}
{"level":"info","message":"📁 Switching to CLIENT database: tenant_sbi (Tenant: sbi)","timestamp":"2026-07-11 13:53:01"}
{"level":"info","message":"Orchestrator: No domains found for tenant sbi (excluding those currently scanning).","timestamp":"2026-07-11 13:53:01"}
{"level":"info","message":"Orchestrator: Master DB connection closed.","timestamp":"2026-07-11 13:53:01"}
{"level":"info","message":"✅ Orchestrator: Finished. Total jobs enqueued: 0","timestamp":"2026-07-11 13:53:01"}
{"level":"info","message":"Job repeat:c10eea93bf68cc56fd5c63b351df3d32:1783758180000 (Orchestrator) completed successfully.","timestamp":"2026-07-11 13:53:01"}
{"level":"info","message":"[Job repeat:c10eea93bf68cc56fd5c63b351df3d32:1783758240000] 🚀 Executing scheduled global orchestration...","timestamp":"2026-07-11 13:54:00"}
{"level":"info","message":"Orchestrator: Starting global scan orchestration... ","timestamp":"2026-07-11 13:54:00"}
{"level":"info","message":"🔗 Connecting to MASTER database: master","timestamp":"2026-07-11 13:54:00"}
{"level":"info","message":"Orchestrator: Found 2 tenants to process.","timestamp":"2026-07-11 13:54:01"}
{"level":"info","message":"📁 Switching to CLIENT database: tenant_rbi (Tenant: rbi)","timestamp":"2026-07-11 13:54:01"}
{"level":"info","message":"Orchestrator: No domains found for tenant rbi (excluding those currently scanning).","timestamp":"2026-07-11 13:54:01"}
{"level":"info","message":"📁 Switching to CLIENT database: tenant_sbi (Tenant: sbi)","timestamp":"2026-07-11 13:54:01"}
{"level":"info","message":"Orchestrator: No domains found for tenant sbi (excluding those currently scanning).","timestamp":"2026-07-11 13:54:01"}
{"level":"info","message":"Orchestrator: Master DB connection closed.","timestamp":"2026-07-11 13:54:01"}
{"level":"info","message":"✅ Orchestrator: Finished. Total jobs enqueued: 0","timestamp":"2026-07-11 13:54:01"}
{"level":"info","message":"Job repeat:c10eea93bf68cc56fd5c63b351df3d32:1783758240000 (Orchestrator) completed successfully.","timestamp":"2026-07-11 13:54:01"}
{"level":"info","message":"[Job repeat:c10eea93bf68cc56fd5c63b351df3d32:1783758300000] 🚀 Executing scheduled global orchestration...","timestamp":"2026-07-11 13:55:00"}
{"level":"info","message":"Orchestrator: Starting global scan orchestration... ","timestamp":"2026-07-11 13:55:00"}
{"level":"info","message":"🔗 Connecting to MASTER database: master","timestamp":"2026-07-11 13:55:00"}
{"level":"info","message":"Orchestrator: Found 2 tenants to process.","timestamp":"2026-07-11 13:55:00"}
{"level":"info","message":"📁 Switching to CLIENT database: tenant_rbi (Tenant: rbi)","timestamp":"2026-07-11 13:55:00"}
{"level":"info","message":"Orchestrator: No domains found for tenant rbi (excluding those currently scanning).","timestamp":"2026-07-11 13:55:00"}
{"level":"info","message":"📁 Switching to CLIENT database: tenant_sbi (Tenant: sbi)","timestamp":"2026-07-11 13:55:00"}
{"level":"info","message":"Orchestrator: No domains found for tenant sbi (excluding those currently scanning).","timestamp":"2026-07-11 13:55:00"}
{"level":"info","message":"Orchestrator: Master DB connection closed.","timestamp":"2026-07-11 13:55:00"}
{"level":"info","message":"✅ Orchestrator: Finished. Total jobs enqueued: 0","timestamp":"2026-07-11 13:55:00"}
{"level":"info","message":"Job repeat:c10eea93bf68cc56fd5c63b351df3d32:1783758300000 (Orchestrator) completed successfully.","timestamp":"2026-07-11 13:55:00"}
{"level":"info","message":"BullBoard dashboard available at http://localhost:4100/admin/queues","timestamp":"2026-07-11 13:55:19"}
{"level":"info","message":"SEO Scan Worker initialized.","timestamp":"2026-07-11 13:55:19"}
{"level":"info","message":"🧹 Queue \"seo-scan-queue\" cleared recursively.","timestamp":"2026-07-11 13:55:19"}
{"level":"info","message":"⏰ Scheduled global orchestration every 1 minutes.","timestamp":"2026-07-11 13:55:19"}
{"level":"info","message":"SEO Scanner Service running on port 4100","timestamp":"2026-07-11 13:55:19"}
{"level":"info","message":"🚀 SCAN_ON_STARTUP is enabled. Triggering global orchestration...","timestamp":"2026-07-11 13:55:19"}
{"level":"info","message":"Orchestrator: Starting global scan orchestration... [STARTUP MODE]","timestamp":"2026-07-11 13:55:19"}
{"level":"info","message":"🔗 Connecting to MASTER database: master","timestamp":"2026-07-11 13:55:19"}
{"level":"info","message":"Orchestrator: Found 2 tenants to process.","timestamp":"2026-07-11 13:55:20"}
{"level":"info","message":"📁 Switching to CLIENT database: tenant_rbi (Tenant: rbi)","timestamp":"2026-07-11 13:55:20"}
{"level":"info","message":"✅ Successfully connected to database: tenant_rbi","timestamp":"2026-07-11 13:55:20"}
{"level":"info","message":"Orchestrator: No domains found for tenant rbi (excluding those currently scanning).","timestamp":"2026-07-11 13:55:21"}
{"level":"info","message":"📁 Switching to CLIENT database: tenant_sbi (Tenant: sbi)","timestamp":"2026-07-11 13:55:21"}
{"level":"info","message":"✅ Successfully connected to database: tenant_sbi","timestamp":"2026-07-11 13:55:21"}
{"level":"info","message":"Orchestrator: No domains found for tenant sbi (excluding those currently scanning).","timestamp":"2026-07-11 13:55:21"}
{"level":"info","message":"Orchestrator: Master DB connection closed.","timestamp":"2026-07-11 13:55:21"}
{"level":"info","message":"✅ Orchestrator: Finished. Total jobs enqueued: 0","timestamp":"2026-07-11 13:55:21"}
{"level":"info","message":"✅ Initial global scan orchestration completed.","timestamp":"2026-07-11 13:55:21"}
{"level":"info","message":"BullBoard dashboard available at http://localhost:4100/admin/queues","timestamp":"2026-07-11 13:55:43"}
{"level":"info","message":"SEO Scan Worker initialized.","timestamp":"2026-07-11 13:55:43"}
{"level":"info","message":"🧹 Queue \"seo-scan-queue\" cleared recursively.","timestamp":"2026-07-11 13:55:43"}
{"level":"info","message":"⏰ Scheduled global orchestration every 1 minutes.","timestamp":"2026-07-11 13:55:43"}
{"level":"info","message":"SEO Scanner Service running on port 4100","timestamp":"2026-07-11 13:55:43"}
{"level":"info","message":"🚀 SCAN_ON_STARTUP is enabled. Triggering global orchestration...","timestamp":"2026-07-11 13:55:43"}
{"level":"info","message":"Orchestrator: Starting global scan orchestration... [STARTUP MODE]","timestamp":"2026-07-11 13:55:43"}
{"level":"info","message":"🔗 Connecting to MASTER database: master","timestamp":"2026-07-11 13:55:43"}
{"level":"info","message":"Orchestrator: Found 2 tenants to process.","timestamp":"2026-07-11 13:55:44"}
{"level":"info","message":"📁 Switching to CLIENT database: tenant_rbi (Tenant: rbi)","timestamp":"2026-07-11 13:55:44"}
{"level":"info","message":"✅ Successfully connected to database: tenant_rbi","timestamp":"2026-07-11 13:55:44"}
{"level":"info","message":"Orchestrator: No domains found for tenant rbi (excluding those currently scanning).","timestamp":"2026-07-11 13:55:45"}
{"level":"info","message":"📁 Switching to CLIENT database: tenant_sbi (Tenant: sbi)","timestamp":"2026-07-11 13:55:45"}
{"level":"info","message":"✅ Successfully connected to database: tenant_sbi","timestamp":"2026-07-11 13:55:45"}
{"level":"info","message":"Orchestrator: No domains found for tenant sbi (excluding those currently scanning).","timestamp":"2026-07-11 13:55:45"}
{"level":"info","message":"Orchestrator: Master DB connection closed.","timestamp":"2026-07-11 13:55:45"}
{"level":"info","message":"✅ Orchestrator: Finished. Total jobs enqueued: 0","timestamp":"2026-07-11 13:55:45"}
{"level":"info","message":"✅ Initial global scan orchestration completed.","timestamp":"2026-07-11 13:55:45"}
{"level":"info","message":"[Job repeat:c10eea93bf68cc56fd5c63b351df3d32:1783758360000] 🚀 Executing scheduled global orchestration...","timestamp":"2026-07-11 13:56:00"}
{"level":"info","message":"Orchestrator: Starting global scan orchestration... ","timestamp":"2026-07-11 13:56:00"}
{"level":"info","message":"🔗 Connecting to MASTER database: master","timestamp":"2026-07-11 13:56:00"}
{"level":"info","message":"Orchestrator: Found 2 tenants to process.","timestamp":"2026-07-11 13:56:01"}
{"level":"info","message":"📁 Switching to CLIENT database: tenant_rbi (Tenant: rbi)","timestamp":"2026-07-11 13:56:01"}
{"level":"info","message":"Orchestrator: No domains found for tenant rbi (excluding those currently scanning).","timestamp":"2026-07-11 13:56:02"}
{"level":"info","message":"📁 Switching to CLIENT database: tenant_sbi (Tenant: sbi)","timestamp":"2026-07-11 13:56:02"}
{"level":"info","message":"Orchestrator: No domains found for tenant sbi (excluding those currently scanning).","timestamp":"2026-07-11 13:56:02"}
{"level":"info","message":"Orchestrator: Master DB connection closed.","timestamp":"2026-07-11 13:56:02"}
{"level":"info","message":"✅ Orchestrator: Finished. Total jobs enqueued: 0","timestamp":"2026-07-11 13:56:02"}
{"level":"info","message":"Job repeat:c10eea93bf68cc56fd5c63b351df3d32:1783758360000 (Orchestrator) completed successfully.","timestamp":"2026-07-11 13:56:02"}
{"level":"info","message":"[Job repeat:c10eea93bf68cc56fd5c63b351df3d32:1783758420000] 🚀 Executing scheduled global orchestration...","timestamp":"2026-07-11 13:57:00"}
{"level":"info","message":"Orchestrator: Starting global scan orchestration... ","timestamp":"2026-07-11 13:57:00"}
{"level":"info","message":"🔗 Connecting to MASTER database: master","timestamp":"2026-07-11 13:57:00"}
{"level":"info","message":"Orchestrator: Found 2 tenants to process.","timestamp":"2026-07-11 13:57:00"}
{"level":"info","message":"📁 Switching to CLIENT database: tenant_rbi (Tenant: rbi)","timestamp":"2026-07-11 13:57:00"}
{"level":"info","message":"Orchestrator: No domains found for tenant rbi (excluding those currently scanning).","timestamp":"2026-07-11 13:57:01"}
{"level":"info","message":"📁 Switching to CLIENT database: tenant_sbi (Tenant: sbi)","timestamp":"2026-07-11 13:57:01"}
{"level":"info","message":"Orchestrator: No domains found for tenant sbi (excluding those currently scanning).","timestamp":"2026-07-11 13:57:01"}
{"level":"info","message":"Orchestrator: Master DB connection closed.","timestamp":"2026-07-11 13:57:01"}
{"level":"info","message":"✅ Orchestrator: Finished. Total jobs enqueued: 0","timestamp":"2026-07-11 13:57:01"}
{"level":"info","message":"Job repeat:c10eea93bf68cc56fd5c63b351df3d32:1783758420000 (Orchestrator) completed successfully.","timestamp":"2026-07-11 13:57:01"}
{"level":"info","message":"[Job repeat:c10eea93bf68cc56fd5c63b351df3d32:1783758480000] 🚀 Executing scheduled global orchestration...","timestamp":"2026-07-11 13:58:00"}
{"level":"info","message":"Orchestrator: Starting global scan orchestration... ","timestamp":"2026-07-11 13:58:00"}
{"level":"info","message":"🔗 Connecting to MASTER database: master","timestamp":"2026-07-11 13:58:00"}
{"level":"info","message":"Orchestrator: Found 2 tenants to process.","timestamp":"2026-07-11 13:58:01"}
{"level":"info","message":"📁 Switching to CLIENT database: tenant_rbi (Tenant: rbi)","timestamp":"2026-07-11 13:58:01"}
{"level":"info","message":"Orchestrator: No domains found for tenant rbi (excluding those currently scanning).","timestamp":"2026-07-11 13:58:01"}
{"level":"info","message":"📁 Switching to CLIENT database: tenant_sbi (Tenant: sbi)","timestamp":"2026-07-11 13:58:01"}
{"level":"info","message":"Orchestrator: No domains found for tenant sbi (excluding those currently scanning).","timestamp":"2026-07-11 13:58:01"}
{"level":"info","message":"Orchestrator: Master DB connection closed.","timestamp":"2026-07-11 13:58:01"}
{"level":"info","message":"✅ Orchestrator: Finished. Total jobs enqueued: 0","timestamp":"2026-07-11 13:58:01"}
{"level":"info","message":"Job repeat:c10eea93bf68cc56fd5c63b351df3d32:1783758480000 (Orchestrator) completed successfully.","timestamp":"2026-07-11 13:58:01"}
{"level":"info","message":"SIGINT signal received. Closing resources...","timestamp":"2026-07-11 13:58:20"}
{"level":"info","message":"BullBoard dashboard available at http://localhost:4100/admin/queues","timestamp":"2026-07-11 13:58:28"}
{"level":"info","message":"SEO Scan Worker initialized.","timestamp":"2026-07-11 13:58:28"}
{"level":"info","message":"🧹 Queue \"seo-scan-queue\" cleared recursively.","timestamp":"2026-07-11 13:58:28"}
{"level":"info","message":"⏰ Scheduled global orchestration every 1 minutes.","timestamp":"2026-07-11 13:58:28"}
{"level":"info","message":"SEO Scanner Service running on port 4100","timestamp":"2026-07-11 13:58:28"}
{"level":"info","message":"🚀 SCAN_ON_STARTUP is enabled. Triggering global orchestration...","timestamp":"2026-07-11 13:58:28"}
{"level":"info","message":"Orchestrator: Starting global scan orchestration... [STARTUP MODE]","timestamp":"2026-07-11 13:58:28"}
{"level":"info","message":"🔗 Connecting to MASTER database: master","timestamp":"2026-07-11 13:58:28"}
{"level":"info","message":"Orchestrator: Found 2 tenants to process.","timestamp":"2026-07-11 13:58:29"}
{"level":"info","message":"📁 Switching to CLIENT database: tenant_rbi (Tenant: rbi)","timestamp":"2026-07-11 13:58:29"}
{"level":"info","message":"✅ Successfully connected to database: tenant_rbi","timestamp":"2026-07-11 13:58:29"}
{"level":"info","message":"Orchestrator: No domains found for tenant rbi (excluding those currently scanning).","timestamp":"2026-07-11 13:58:30"}
{"level":"info","message":"📁 Switching to CLIENT database: tenant_sbi (Tenant: sbi)","timestamp":"2026-07-11 13:58:30"}
{"level":"info","message":"✅ Successfully connected to database: tenant_sbi","timestamp":"2026-07-11 13:58:30"}
{"level":"info","message":"Orchestrator: No domains found for tenant sbi (excluding those currently scanning).","timestamp":"2026-07-11 13:58:30"}
{"level":"info","message":"Orchestrator: Master DB connection closed.","timestamp":"2026-07-11 13:58:30"}
{"level":"info","message":"✅ Orchestrator: Finished. Total jobs enqueued: 0","timestamp":"2026-07-11 13:58:30"}
{"level":"info","message":"✅ Initial global scan orchestration completed.","timestamp":"2026-07-11 13:58:30"}
{"level":"info","message":"[Job repeat:c10eea93bf68cc56fd5c63b351df3d32:1783758540000] 🚀 Executing scheduled global orchestration...","timestamp":"2026-07-11 13:59:00"}
{"level":"info","message":"Orchestrator: Starting global scan orchestration... ","timestamp":"2026-07-11 13:59:00"}
{"level":"info","message":"🔗 Connecting to MASTER database: master","timestamp":"2026-07-11 13:59:00"}
{"level":"info","message":"Orchestrator: Found 2 tenants to process.","timestamp":"2026-07-11 13:59:00"}
{"level":"info","message":"📁 Switching to CLIENT database: tenant_rbi (Tenant: rbi)","timestamp":"2026-07-11 13:59:00"}
{"level":"info","message":"Orchestrator: No domains found for tenant rbi (excluding those currently scanning).","timestamp":"2026-07-11 13:59:00"}
{"level":"info","message":"📁 Switching to CLIENT database: tenant_sbi (Tenant: sbi)","timestamp":"2026-07-11 13:59:00"}
{"level":"info","message":"Orchestrator: No domains found for tenant sbi (excluding those currently scanning).","timestamp":"2026-07-11 13:59:00"}
{"level":"info","message":"Orchestrator: Master DB connection closed.","timestamp":"2026-07-11 13:59:00"}
{"level":"info","message":"✅ Orchestrator: Finished. Total jobs enqueued: 0","timestamp":"2026-07-11 13:59:00"}
{"level":"info","message":"Job repeat:c10eea93bf68cc56fd5c63b351df3d32:1783758540000 (Orchestrator) completed successfully.","timestamp":"2026-07-11 13:59:00"}
{"level":"info","message":"BullBoard dashboard available at http://localhost:4100/admin/queues","timestamp":"2026-07-11 13:59:07"}
{"level":"info","message":"SEO Scan Worker initialized.","timestamp":"2026-07-11 13:59:07"}
{"level":"info","message":"🧹 Queue \"seo-scan-queue\" cleared recursively.","timestamp":"2026-07-11 13:59:07"}
{"level":"info","message":"⏰ Scheduled global orchestration every 1 minutes.","timestamp":"2026-07-11 13:59:07"}
{"level":"info","message":"SEO Scanner Service running on port 4100","timestamp":"2026-07-11 13:59:07"}
{"level":"info","message":"🚀 SCAN_ON_STARTUP is enabled. Triggering global orchestration...","timestamp":"2026-07-11 13:59:07"}
{"level":"info","message":"Orchestrator: Starting global scan orchestration... [STARTUP MODE]","timestamp":"2026-07-11 13:59:07"}
{"level":"info","message":"🔗 Connecting to MASTER database: master","timestamp":"2026-07-11 13:59:07"}
{"level":"info","message":"Orchestrator: Found 2 tenants to process.","timestamp":"2026-07-11 13:59:08"}
{"level":"info","message":"📁 Switching to CLIENT database: tenant_rbi (Tenant: rbi)","timestamp":"2026-07-11 13:59:08"}
{"level":"info","message":"✅ Successfully connected to database: tenant_rbi","timestamp":"2026-07-11 13:59:09"}
{"level":"info","message":"Orchestrator: No domains found for tenant rbi (excluding those currently scanning).","timestamp":"2026-07-11 13:59:09"}
{"level":"info","message":"📁 Switching to CLIENT database: tenant_sbi (Tenant: sbi)","timestamp":"2026-07-11 13:59:09"}
{"level":"info","message":"✅ Successfully connected to database: tenant_sbi","timestamp":"2026-07-11 13:59:09"}
{"level":"info","message":"Orchestrator: No domains found for tenant sbi (excluding those currently scanning).","timestamp":"2026-07-11 13:59:09"}
{"level":"info","message":"Orchestrator: Master DB connection closed.","timestamp":"2026-07-11 13:59:09"}
{"level":"info","message":"✅ Orchestrator: Finished. Total jobs enqueued: 0","timestamp":"2026-07-11 13:59:09"}
{"level":"info","message":"✅ Initial global scan orchestration completed.","timestamp":"2026-07-11 13:59:09"}
{"level":"info","message":"[Job repeat:c10eea93bf68cc56fd5c63b351df3d32:1783758600000] 🚀 Executing scheduled global orchestration...","timestamp":"2026-07-11 14:00:01"}
{"level":"info","message":"Orchestrator: Starting global scan orchestration... ","timestamp":"2026-07-11 14:00:01"}
{"level":"info","message":"🔗 Connecting to MASTER database: master","timestamp":"2026-07-11 14:00:01"}
{"level":"info","message":"Orchestrator: Found 2 tenants to process.","timestamp":"2026-07-11 14:00:01"}
{"level":"info","message":"📁 Switching to CLIENT database: tenant_rbi (Tenant: rbi)","timestamp":"2026-07-11 14:00:01"}
{"level":"info","message":"Orchestrator: No domains found for tenant rbi (excluding those currently scanning).","timestamp":"2026-07-11 14:00:01"}
{"level":"info","message":"📁 Switching to CLIENT database: tenant_sbi (Tenant: sbi)","timestamp":"2026-07-11 14:00:01"}
{"level":"info","message":"Orchestrator: No domains found for tenant sbi (excluding those currently scanning).","timestamp":"2026-07-11 14:00:01"}
{"level":"info","message":"Orchestrator: Master DB connection closed.","timestamp":"2026-07-11 14:00:01"}
{"level":"info","message":"✅ Orchestrator: Finished. Total jobs enqueued: 0","timestamp":"2026-07-11 14:00:01"}
{"level":"info","message":"Job repeat:c10eea93bf68cc56fd5c63b351df3d32:1783758600000 (Orchestrator) completed successfully.","timestamp":"2026-07-11 14:00:01"}
{"level":"info","message":"[Job repeat:c10eea93bf68cc56fd5c63b351df3d32:1783758660000] 🚀 Executing scheduled global orchestration...","timestamp":"2026-07-11 14:01:00"}
{"level":"info","message":"Orchestrator: Starting global scan orchestration... ","timestamp":"2026-07-11 14:01:00"}
{"level":"info","message":"🔗 Connecting to MASTER database: master","timestamp":"2026-07-11 14:01:00"}
{"level":"info","message":"Orchestrator: Found 2 tenants to process.","timestamp":"2026-07-11 14:01:00"}
{"level":"info","message":"📁 Switching to CLIENT database: tenant_rbi (Tenant: rbi)","timestamp":"2026-07-11 14:01:00"}
{"level":"info","message":"Orchestrator: No domains found for tenant rbi (excluding those currently scanning).","timestamp":"2026-07-11 14:01:01"}
{"level":"info","message":"📁 Switching to CLIENT database: tenant_sbi (Tenant: sbi)","timestamp":"2026-07-11 14:01:01"}
{"level":"info","message":"Orchestrator: No domains found for tenant sbi (excluding those currently scanning).","timestamp":"2026-07-11 14:01:01"}
{"level":"info","message":"Orchestrator: Master DB connection closed.","timestamp":"2026-07-11 14:01:01"}
{"level":"info","message":"✅ Orchestrator: Finished. Total jobs enqueued: 0","timestamp":"2026-07-11 14:01:01"}
{"level":"info","message":"Job repeat:c10eea93bf68cc56fd5c63b351df3d32:1783758660000 (Orchestrator) completed successfully.","timestamp":"2026-07-11 14:01:01"}
{"level":"info","message":"[Job repeat:c10eea93bf68cc56fd5c63b351df3d32:1783758720000] 🚀 Executing scheduled global orchestration...","timestamp":"2026-07-11 14:02:00"}
{"level":"info","message":"Orchestrator: Starting global scan orchestration... ","timestamp":"2026-07-11 14:02:00"}
{"level":"info","message":"🔗 Connecting to MASTER database: master","timestamp":"2026-07-11 14:02:00"}
{"level":"info","message":"Orchestrator: Found 2 tenants to process.","timestamp":"2026-07-11 14:02:01"}
{"level":"info","message":"📁 Switching to CLIENT database: tenant_rbi (Tenant: rbi)","timestamp":"2026-07-11 14:02:01"}
{"level":"info","message":"Orchestrator: No domains found for tenant rbi (excluding those currently scanning).","timestamp":"2026-07-11 14:02:01"}
{"level":"info","message":"📁 Switching to CLIENT database: tenant_sbi (Tenant: sbi)","timestamp":"2026-07-11 14:02:01"}
{"level":"info","message":"Orchestrator: No domains found for tenant sbi (excluding those currently scanning).","timestamp":"2026-07-11 14:02:01"}
{"level":"info","message":"Orchestrator: Master DB connection closed.","timestamp":"2026-07-11 14:02:01"}
{"level":"info","message":"✅ Orchestrator: Finished. Total jobs enqueued: 0","timestamp":"2026-07-11 14:02:01"}
{"level":"info","message":"Job repeat:c10eea93bf68cc56fd5c63b351df3d32:1783758720000 (Orchestrator) completed successfully.","timestamp":"2026-07-11 14:02:01"}
{"level":"info","message":"[Job repeat:c10eea93bf68cc56fd5c63b351df3d32:1783758780000] 🚀 Executing scheduled global orchestration...","timestamp":"2026-07-11 14:03:00"}
{"level":"info","message":"Orchestrator: Starting global scan orchestration... ","timestamp":"2026-07-11 14:03:00"}
{"level":"info","message":"🔗 Connecting to MASTER database: master","timestamp":"2026-07-11 14:03:00"}
{"level":"info","message":"Orchestrator: Found 2 tenants to process.","timestamp":"2026-07-11 14:03:01"}
{"level":"info","message":"📁 Switching to CLIENT database: tenant_rbi (Tenant: rbi)","timestamp":"2026-07-11 14:03:01"}
{"level":"info","message":"Orchestrator: No domains found for tenant rbi (excluding those currently scanning).","timestamp":"2026-07-11 14:03:01"}
{"level":"info","message":"📁 Switching to CLIENT database: tenant_sbi (Tenant: sbi)","timestamp":"2026-07-11 14:03:01"}
{"level":"info","message":"Orchestrator: No domains found for tenant sbi (excluding those currently scanning).","timestamp":"2026-07-11 14:03:01"}
{"level":"info","message":"Orchestrator: Master DB connection closed.","timestamp":"2026-07-11 14:03:01"}
{"level":"info","message":"✅ Orchestrator: Finished. Total jobs enqueued: 0","timestamp":"2026-07-11 14:03:01"}
{"level":"info","message":"Job repeat:c10eea93bf68cc56fd5c63b351df3d32:1783758780000 (Orchestrator) completed successfully.","timestamp":"2026-07-11 14:03:01"}
{"level":"info","message":"[Job repeat:c10eea93bf68cc56fd5c63b351df3d32:1783758840000] 🚀 Executing scheduled global orchestration...","timestamp":"2026-07-11 14:04:00"}
{"level":"info","message":"Orchestrator: Starting global scan orchestration... ","timestamp":"2026-07-11 14:04:00"}
{"level":"info","message":"🔗 Connecting to MASTER database: master","timestamp":"2026-07-11 14:04:00"}
{"level":"info","message":"Orchestrator: Found 2 tenants to process.","timestamp":"2026-07-11 14:04:00"}
{"level":"info","message":"📁 Switching to CLIENT database: tenant_rbi (Tenant: rbi)","timestamp":"2026-07-11 14:04:00"}
{"level":"info","message":"Orchestrator: No domains found for tenant rbi (excluding those currently scanning).","timestamp":"2026-07-11 14:04:00"}
{"level":"info","message":"📁 Switching to CLIENT database: tenant_sbi (Tenant: sbi)","timestamp":"2026-07-11 14:04:00"}
{"level":"info","message":"Orchestrator: No domains found for tenant sbi (excluding those currently scanning).","timestamp":"2026-07-11 14:04:00"}
{"level":"info","message":"Orchestrator: Master DB connection closed.","timestamp":"2026-07-11 14:04:00"}
{"level":"info","message":"✅ Orchestrator: Finished. Total jobs enqueued: 0","timestamp":"2026-07-11 14:04:00"}
{"level":"info","message":"Job repeat:c10eea93bf68cc56fd5c63b351df3d32:1783758840000 (Orchestrator) completed successfully.","timestamp":"2026-07-11 14:04:00"}
{"level":"info","message":"[Job repeat:c10eea93bf68cc56fd5c63b351df3d32:1783758900000] 🚀 Executing scheduled global orchestration...","timestamp":"2026-07-11 14:05:00"}
{"level":"info","message":"Orchestrator: Starting global scan orchestration... ","timestamp":"2026-07-11 14:05:00"}
{"level":"info","message":"🔗 Connecting to MASTER database: master","timestamp":"2026-07-11 14:05:00"}
{"level":"info","message":"Orchestrator: Found 2 tenants to process.","timestamp":"2026-07-11 14:05:01"}
{"level":"info","message":"📁 Switching to CLIENT database: tenant_rbi (Tenant: rbi)","timestamp":"2026-07-11 14:05:01"}
{"level":"info","message":"Orchestrator: No domains found for tenant rbi (excluding those currently scanning).","timestamp":"2026-07-11 14:05:01"}
{"level":"info","message":"📁 Switching to CLIENT database: tenant_sbi (Tenant: sbi)","timestamp":"2026-07-11 14:05:01"}
{"level":"info","message":"Orchestrator: No domains found for tenant sbi (excluding those currently scanning).","timestamp":"2026-07-11 14:05:01"}
{"level":"info","message":"Orchestrator: Master DB connection closed.","timestamp":"2026-07-11 14:05:01"}
{"level":"info","message":"✅ Orchestrator: Finished. Total jobs enqueued: 0","timestamp":"2026-07-11 14:05:01"}
{"level":"info","message":"Job repeat:c10eea93bf68cc56fd5c63b351df3d32:1783758900000 (Orchestrator) completed successfully.","timestamp":"2026-07-11 14:05:01"}
{"level":"info","message":"[Job repeat:c10eea93bf68cc56fd5c63b351df3d32:1783758960000] 🚀 Executing scheduled global orchestration...","timestamp":"2026-07-11 14:06:00"}
{"level":"info","message":"Orchestrator: Starting global scan orchestration... ","timestamp":"2026-07-11 14:06:00"}
{"level":"info","message":"🔗 Connecting to MASTER database: master","timestamp":"2026-07-11 14:06:00"}
{"level":"info","message":"Orchestrator: Found 2 tenants to process.","timestamp":"2026-07-11 14:06:01"}
{"level":"info","message":"📁 Switching to CLIENT database: tenant_rbi (Tenant: rbi)","timestamp":"2026-07-11 14:06:01"}
{"level":"info","message":"Orchestrator: No domains found for tenant rbi (excluding those currently scanning).","timestamp":"2026-07-11 14:06:01"}
{"level":"info","message":"📁 Switching to CLIENT database: tenant_sbi (Tenant: sbi)","timestamp":"2026-07-11 14:06:01"}
{"level":"info","message":"Orchestrator: No domains found for tenant sbi (excluding those currently scanning).","timestamp":"2026-07-11 14:06:01"}
{"level":"info","message":"Orchestrator: Master DB connection closed.","timestamp":"2026-07-11 14:06:01"}
{"level":"info","message":"✅ Orchestrator: Finished. Total jobs enqueued: 0","timestamp":"2026-07-11 14:06:01"}
{"level":"info","message":"Job repeat:c10eea93bf68cc56fd5c63b351df3d32:1783758960000 (Orchestrator) completed successfully.","timestamp":"2026-07-11 14:06:01"}
{"level":"info","message":"[Job repeat:c10eea93bf68cc56fd5c63b351df3d32:1783759020000] 🚀 Executing scheduled global orchestration...","timestamp":"2026-07-11 14:07:00"}
{"level":"info","message":"Orchestrator: Starting global scan orchestration... ","timestamp":"2026-07-11 14:07:00"}
{"level":"info","message":"🔗 Connecting to MASTER database: master","timestamp":"2026-07-11 14:07:00"}
{"level":"info","message":"Orchestrator: Found 2 tenants to process.","timestamp":"2026-07-11 14:07:00"}
{"level":"info","message":"📁 Switching to CLIENT database: tenant_rbi (Tenant: rbi)","timestamp":"2026-07-11 14:07:00"}
{"level":"info","message":"Orchestrator: No domains found for tenant rbi (excluding those currently scanning).","timestamp":"2026-07-11 14:07:00"}
{"level":"info","message":"📁 Switching to CLIENT database: tenant_sbi (Tenant: sbi)","timestamp":"2026-07-11 14:07:01"}
{"level":"info","message":"Orchestrator: No domains found for tenant sbi (excluding those currently scanning).","timestamp":"2026-07-11 14:07:01"}
{"level":"info","message":"Orchestrator: Master DB connection closed.","timestamp":"2026-07-11 14:07:01"}
{"level":"info","message":"✅ Orchestrator: Finished. Total jobs enqueued: 0","timestamp":"2026-07-11 14:07:01"}
{"level":"info","message":"Job repeat:c10eea93bf68cc56fd5c63b351df3d32:1783759020000 (Orchestrator) completed successfully.","timestamp":"2026-07-11 14:07:01"}
{"level":"info","message":"[Job repeat:c10eea93bf68cc56fd5c63b351df3d32:1783759080000] 🚀 Executing scheduled global orchestration...","timestamp":"2026-07-11 14:08:00"}
{"level":"info","message":"Orchestrator: Starting global scan orchestration... ","timestamp":"2026-07-11 14:08:00"}
{"level":"info","message":"🔗 Connecting to MASTER database: master","timestamp":"2026-07-11 14:08:00"}
{"level":"info","message":"Orchestrator: Found 2 tenants to process.","timestamp":"2026-07-11 14:08:01"}
{"level":"info","message":"📁 Switching to CLIENT database: tenant_rbi (Tenant: rbi)","timestamp":"2026-07-11 14:08:01"}
{"level":"info","message":"Orchestrator: No domains found for tenant rbi (excluding those currently scanning).","timestamp":"2026-07-11 14:08:01"}
{"level":"info","message":"📁 Switching to CLIENT database: tenant_sbi (Tenant: sbi)","timestamp":"2026-07-11 14:08:01"}
{"level":"info","message":"Orchestrator: No domains found for tenant sbi (excluding those currently scanning).","timestamp":"2026-07-11 14:08:01"}
{"level":"info","message":"Orchestrator: Master DB connection closed.","timestamp":"2026-07-11 14:08:01"}
{"level":"info","message":"✅ Orchestrator: Finished. Total jobs enqueued: 0","timestamp":"2026-07-11 14:08:01"}
{"level":"info","message":"Job repeat:c10eea93bf68cc56fd5c63b351df3d32:1783759080000 (Orchestrator) completed successfully.","timestamp":"2026-07-11 14:08:01"}
{"level":"info","message":"[Job repeat:c10eea93bf68cc56fd5c63b351df3d32:1783759140000] 🚀 Executing scheduled global orchestration...","timestamp":"2026-07-11 14:09:00"}
{"level":"info","message":"Orchestrator: Starting global scan orchestration... ","timestamp":"2026-07-11 14:09:00"}
{"level":"info","message":"🔗 Connecting to MASTER database: master","timestamp":"2026-07-11 14:09:00"}
{"level":"info","message":"Orchestrator: Found 2 tenants to process.","timestamp":"2026-07-11 14:09:01"}
{"level":"info","message":"📁 Switching to CLIENT database: tenant_rbi (Tenant: rbi)","timestamp":"2026-07-11 14:09:01"}
{"level":"info","message":"Orchestrator: No domains found for tenant rbi (excluding those currently scanning).","timestamp":"2026-07-11 14:09:01"}
{"level":"info","message":"📁 Switching to CLIENT database: tenant_sbi (Tenant: sbi)","timestamp":"2026-07-11 14:09:01"}
{"level":"info","message":"Orchestrator: No domains found for tenant sbi (excluding those currently scanning).","timestamp":"2026-07-11 14:09:01"}
{"level":"info","message":"Orchestrator: Master DB connection closed.","timestamp":"2026-07-11 14:09:01"}
{"level":"info","message":"✅ Orchestrator: Finished. Total jobs enqueued: 0","timestamp":"2026-07-11 14:09:01"}
{"level":"info","message":"Job repeat:c10eea93bf68cc56fd5c63b351df3d32:1783759140000 (Orchestrator) completed successfully.","timestamp":"2026-07-11 14:09:01"}
{"level":"info","message":"[Job repeat:c10eea93bf68cc56fd5c63b351df3d32:1783759200000] 🚀 Executing scheduled global orchestration...","timestamp":"2026-07-11 14:10:00"}
{"level":"info","message":"Orchestrator: Starting global scan orchestration... ","timestamp":"2026-07-11 14:10:00"}
{"level":"info","message":"🔗 Connecting to MASTER database: master","timestamp":"2026-07-11 14:10:00"}
{"level":"info","message":"Orchestrator: Found 2 tenants to process.","timestamp":"2026-07-11 14:10:00"}
{"level":"info","message":"📁 Switching to CLIENT database: tenant_rbi (Tenant: rbi)","timestamp":"2026-07-11 14:10:00"}
{"level":"info","message":"Orchestrator: No domains found for tenant rbi (excluding those currently scanning).","timestamp":"2026-07-11 14:10:00"}
{"level":"info","message":"📁 Switching to CLIENT database: tenant_sbi (Tenant: sbi)","timestamp":"2026-07-11 14:10:00"}
{"level":"info","message":"Orchestrator: No domains found for tenant sbi (excluding those currently scanning).","timestamp":"2026-07-11 14:10:01"}
{"level":"info","message":"Orchestrator: Master DB connection closed.","timestamp":"2026-07-11 14:10:01"}
{"level":"info","message":"✅ Orchestrator: Finished. Total jobs enqueued: 0","timestamp":"2026-07-11 14:10:01"}
{"level":"info","message":"Job repeat:c10eea93bf68cc56fd5c63b351df3d32:1783759200000 (Orchestrator) completed successfully.","timestamp":"2026-07-11 14:10:01"}
{"level":"info","message":"[Job repeat:c10eea93bf68cc56fd5c63b351df3d32:1783759260000] 🚀 Executing scheduled global orchestration...","timestamp":"2026-07-11 14:11:00"}
{"level":"info","message":"Orchestrator: Starting global scan orchestration... ","timestamp":"2026-07-11 14:11:00"}
{"level":"info","message":"🔗 Connecting to MASTER database: master","timestamp":"2026-07-11 14:11:00"}
{"level":"info","message":"Orchestrator: Found 2 tenants to process.","timestamp":"2026-07-11 14:11:01"}
{"level":"info","message":"📁 Switching to CLIENT database: tenant_rbi (Tenant: rbi)","timestamp":"2026-07-11 14:11:01"}
{"level":"info","message":"Orchestrator: No domains found for tenant rbi (excluding those currently scanning).","timestamp":"2026-07-11 14:11:01"}
{"level":"info","message":"📁 Switching to CLIENT database: tenant_sbi (Tenant: sbi)","timestamp":"2026-07-11 14:11:01"}
{"level":"info","message":"Orchestrator: No domains found for tenant sbi (excluding those currently scanning).","timestamp":"2026-07-11 14:11:01"}
{"level":"info","message":"Orchestrator: Master DB connection closed.","timestamp":"2026-07-11 14:11:01"}
{"level":"info","message":"✅ Orchestrator: Finished. Total jobs enqueued: 0","timestamp":"2026-07-11 14:11:01"}
{"level":"info","message":"Job repeat:c10eea93bf68cc56fd5c63b351df3d32:1783759260000 (Orchestrator) completed successfully.","timestamp":"2026-07-11 14:11:01"}
{"level":"info","message":"[Job repeat:c10eea93bf68cc56fd5c63b351df3d32:1783759320000] 🚀 Executing scheduled global orchestration...","timestamp":"2026-07-11 14:12:00"}
{"level":"info","message":"Orchestrator: Starting global scan orchestration... ","timestamp":"2026-07-11 14:12:00"}
{"level":"info","message":"🔗 Connecting to MASTER database: master","timestamp":"2026-07-11 14:12:00"}
{"level":"info","message":"Orchestrator: Found 2 tenants to process.","timestamp":"2026-07-11 14:12:01"}
{"level":"info","message":"📁 Switching to CLIENT database: tenant_rbi (Tenant: rbi)","timestamp":"2026-07-11 14:12:01"}
{"level":"info","message":"Orchestrator: No domains found for tenant rbi (excluding those currently scanning).","timestamp":"2026-07-11 14:12:01"}
{"level":"info","message":"📁 Switching to CLIENT database: tenant_sbi (Tenant: sbi)","timestamp":"2026-07-11 14:12:01"}
{"level":"info","message":"Orchestrator: No domains found for tenant sbi (excluding those currently scanning).","timestamp":"2026-07-11 14:12:01"}
{"level":"info","message":"Orchestrator: Master DB connection closed.","timestamp":"2026-07-11 14:12:01"}
{"level":"info","message":"✅ Orchestrator: Finished. Total jobs enqueued: 0","timestamp":"2026-07-11 14:12:01"}
{"level":"info","message":"Job repeat:c10eea93bf68cc56fd5c63b351df3d32:1783759320000 (Orchestrator) completed successfully.","timestamp":"2026-07-11 14:12:01"}
{"level":"info","message":"[Job repeat:c10eea93bf68cc56fd5c63b351df3d32:1783759380000] 🚀 Executing scheduled global orchestration...","timestamp":"2026-07-11 14:13:00"}
{"level":"info","message":"Orchestrator: Starting global scan orchestration... ","timestamp":"2026-07-11 14:13:00"}
{"level":"info","message":"🔗 Connecting to MASTER database: master","timestamp":"2026-07-11 14:13:00"}
{"level":"info","message":"Orchestrator: Found 2 tenants to process.","timestamp":"2026-07-11 14:13:00"}
{"level":"info","message":"📁 Switching to CLIENT database: tenant_rbi (Tenant: rbi)","timestamp":"2026-07-11 14:13:00"}
{"level":"info","message":"Orchestrator: No domains found for tenant rbi (excluding those currently scanning).","timestamp":"2026-07-11 14:13:00"}
{"level":"info","message":"📁 Switching to CLIENT database: tenant_sbi (Tenant: sbi)","timestamp":"2026-07-11 14:13:00"}
{"level":"info","message":"Orchestrator: No domains found for tenant sbi (excluding those currently scanning).","timestamp":"2026-07-11 14:13:00"}
{"level":"info","message":"Orchestrator: Master DB connection closed.","timestamp":"2026-07-11 14:13:01"}
{"level":"info","message":"✅ Orchestrator: Finished. Total jobs enqueued: 0","timestamp":"2026-07-11 14:13:01"}
{"level":"info","message":"Job repeat:c10eea93bf68cc56fd5c63b351df3d32:1783759380000 (Orchestrator) completed successfully.","timestamp":"2026-07-11 14:13:01"}
{"level":"info","message":"[Job repeat:c10eea93bf68cc56fd5c63b351df3d32:1783759440000] 🚀 Executing scheduled global orchestration...","timestamp":"2026-07-11 14:14:00"}
{"level":"info","message":"Orchestrator: Starting global scan orchestration... ","timestamp":"2026-07-11 14:14:00"}
{"level":"info","message":"🔗 Connecting to MASTER database: master","timestamp":"2026-07-11 14:14:00"}
{"level":"info","message":"Orchestrator: Found 2 tenants to process.","timestamp":"2026-07-11 14:14:01"}
{"level":"info","message":"📁 Switching to CLIENT database: tenant_rbi (Tenant: rbi)","timestamp":"2026-07-11 14:14:01"}
{"level":"info","message":"Orchestrator: No domains found for tenant rbi (excluding those currently scanning).","timestamp":"2026-07-11 14:14:01"}
{"level":"info","message":"📁 Switching to CLIENT database: tenant_sbi (Tenant: sbi)","timestamp":"2026-07-11 14:14:01"}
{"level":"info","message":"Orchestrator: No domains found for tenant sbi (excluding those currently scanning).","timestamp":"2026-07-11 14:14:01"}
{"level":"info","message":"Orchestrator: Master DB connection closed.","timestamp":"2026-07-11 14:14:01"}
{"level":"info","message":"✅ Orchestrator: Finished. Total jobs enqueued: 0","timestamp":"2026-07-11 14:14:01"}
{"level":"info","message":"Job repeat:c10eea93bf68cc56fd5c63b351df3d32:1783759440000 (Orchestrator) completed successfully.","timestamp":"2026-07-11 14:14:01"}
{"level":"info","message":"[Job repeat:c10eea93bf68cc56fd5c63b351df3d32:1783759500000] 🚀 Executing scheduled global orchestration...","timestamp":"2026-07-11 14:15:00"}
{"level":"info","message":"Orchestrator: Starting global scan orchestration... ","timestamp":"2026-07-11 14:15:00"}
{"level":"info","message":"🔗 Connecting to MASTER database: master","timestamp":"2026-07-11 14:15:00"}
{"level":"info","message":"Orchestrator: Found 2 tenants to process.","timestamp":"2026-07-11 14:15:00"}
{"level":"info","message":"📁 Switching to CLIENT database: tenant_rbi (Tenant: rbi)","timestamp":"2026-07-11 14:15:00"}
{"level":"info","message":"Orchestrator: No domains found for tenant rbi (excluding those currently scanning).","timestamp":"2026-07-11 14:15:00"}
{"level":"info","message":"📁 Switching to CLIENT database: tenant_sbi (Tenant: sbi)","timestamp":"2026-07-11 14:15:00"}
{"level":"info","message":"Orchestrator: No domains found for tenant sbi (excluding those currently scanning).","timestamp":"2026-07-11 14:15:00"}
{"level":"info","message":"Orchestrator: Master DB connection closed.","timestamp":"2026-07-11 14:15:00"}
{"level":"info","message":"✅ Orchestrator: Finished. Total jobs enqueued: 0","timestamp":"2026-07-11 14:15:00"}
{"level":"info","message":"Job repeat:c10eea93bf68cc56fd5c63b351df3d32:1783759500000 (Orchestrator) completed successfully.","timestamp":"2026-07-11 14:15:00"}
{"level":"info","message":"[Job repeat:c10eea93bf68cc56fd5c63b351df3d32:1783759560000] 🚀 Executing scheduled global orchestration...","timestamp":"2026-07-11 14:16:00"}
{"level":"info","message":"Orchestrator: Starting global scan orchestration... ","timestamp":"2026-07-11 14:16:00"}
{"level":"info","message":"🔗 Connecting to MASTER database: master","timestamp":"2026-07-11 14:16:00"}
{"level":"info","message":"Orchestrator: Found 2 tenants to process.","timestamp":"2026-07-11 14:16:01"}
{"level":"info","message":"📁 Switching to CLIENT database: tenant_rbi (Tenant: rbi)","timestamp":"2026-07-11 14:16:01"}
{"level":"info","message":"Orchestrator: No domains found for tenant rbi (excluding those currently scanning).","timestamp":"2026-07-11 14:16:01"}
{"level":"info","message":"📁 Switching to CLIENT database: tenant_sbi (Tenant: sbi)","timestamp":"2026-07-11 14:16:01"}
{"level":"info","message":"Orchestrator: No domains found for tenant sbi (excluding those currently scanning).","timestamp":"2026-07-11 14:16:01"}
{"level":"info","message":"Orchestrator: Master DB connection closed.","timestamp":"2026-07-11 14:16:01"}
{"level":"info","message":"✅ Orchestrator: Finished. Total jobs enqueued: 0","timestamp":"2026-07-11 14:16:01"}
{"level":"info","message":"Job repeat:c10eea93bf68cc56fd5c63b351df3d32:1783759560000 (Orchestrator) completed successfully.","timestamp":"2026-07-11 14:16:01"}
{"level":"info","message":"[Job repeat:c10eea93bf68cc56fd5c63b351df3d32:1783759620000] 🚀 Executing scheduled global orchestration...","timestamp":"2026-07-11 14:17:00"}
{"level":"info","message":"Orchestrator: Starting global scan orchestration... ","timestamp":"2026-07-11 14:17:00"}
{"level":"info","message":"🔗 Connecting to MASTER database: master","timestamp":"2026-07-11 14:17:00"}
{"level":"info","message":"Orchestrator: Found 2 tenants to process.","timestamp":"2026-07-11 14:17:01"}
{"level":"info","message":"📁 Switching to CLIENT database: tenant_rbi (Tenant: rbi)","timestamp":"2026-07-11 14:17:01"}
{"level":"info","message":"Orchestrator: No domains found for tenant rbi (excluding those currently scanning).","timestamp":"2026-07-11 14:17:01"}
{"level":"info","message":"📁 Switching to CLIENT database: tenant_sbi (Tenant: sbi)","timestamp":"2026-07-11 14:17:01"}
{"level":"info","message":"Orchestrator: No domains found for tenant sbi (excluding those currently scanning).","timestamp":"2026-07-11 14:17:01"}
{"level":"info","message":"Orchestrator: Master DB connection closed.","timestamp":"2026-07-11 14:17:01"}
{"level":"info","message":"✅ Orchestrator: Finished. Total jobs enqueued: 0","timestamp":"2026-07-11 14:17:01"}
{"level":"info","message":"Job repeat:c10eea93bf68cc56fd5c63b351df3d32:1783759620000 (Orchestrator) completed successfully.","timestamp":"2026-07-11 14:17:01"}
{"level":"info","message":"[Job repeat:c10eea93bf68cc56fd5c63b351df3d32:1783759680000] 🚀 Executing scheduled global orchestration...","timestamp":"2026-07-11 14:18:00"}
{"level":"info","message":"Orchestrator: Starting global scan orchestration... ","timestamp":"2026-07-11 14:18:00"}
{"level":"info","message":"🔗 Connecting to MASTER database: master","timestamp":"2026-07-11 14:18:00"}
{"level":"info","message":"Orchestrator: Found 2 tenants to process.","timestamp":"2026-07-11 14:18:01"}
{"level":"info","message":"📁 Switching to CLIENT database: tenant_rbi (Tenant: rbi)","timestamp":"2026-07-11 14:18:01"}
{"level":"info","message":"Orchestrator: No domains found for tenant rbi (excluding those currently scanning).","timestamp":"2026-07-11 14:18:01"}
{"level":"info","message":"📁 Switching to CLIENT database: tenant_sbi (Tenant: sbi)","timestamp":"2026-07-11 14:18:01"}
{"level":"info","message":"Orchestrator: No domains found for tenant sbi (excluding those currently scanning).","timestamp":"2026-07-11 14:18:01"}
{"level":"info","message":"Orchestrator: Master DB connection closed.","timestamp":"2026-07-11 14:18:01"}
{"level":"info","message":"✅ Orchestrator: Finished. Total jobs enqueued: 0","timestamp":"2026-07-11 14:18:01"}
{"level":"info","message":"Job repeat:c10eea93bf68cc56fd5c63b351df3d32:1783759680000 (Orchestrator) completed successfully.","timestamp":"2026-07-11 14:18:01"}
{"level":"info","message":"[Job repeat:c10eea93bf68cc56fd5c63b351df3d32:1783759740000] 🚀 Executing scheduled global orchestration...","timestamp":"2026-07-11 14:19:00"}
{"level":"info","message":"Orchestrator: Starting global scan orchestration... ","timestamp":"2026-07-11 14:19:00"}
{"level":"info","message":"🔗 Connecting to MASTER database: master","timestamp":"2026-07-11 14:19:00"}
{"level":"info","message":"Orchestrator: Found 2 tenants to process.","timestamp":"2026-07-11 14:19:01"}
{"level":"info","message":"📁 Switching to CLIENT database: tenant_rbi (Tenant: rbi)","timestamp":"2026-07-11 14:19:01"}
{"level":"info","message":"Orchestrator: No domains found for tenant rbi (excluding those currently scanning).","timestamp":"2026-07-11 14:19:01"}
{"level":"info","message":"📁 Switching to CLIENT database: tenant_sbi (Tenant: sbi)","timestamp":"2026-07-11 14:19:01"}
{"level":"info","message":"Orchestrator: No domains found for tenant sbi (excluding those currently scanning).","timestamp":"2026-07-11 14:19:01"}
{"level":"info","message":"Orchestrator: Master DB connection closed.","timestamp":"2026-07-11 14:19:01"}
{"level":"info","message":"✅ Orchestrator: Finished. Total jobs enqueued: 0","timestamp":"2026-07-11 14:19:01"}
{"level":"info","message":"Job repeat:c10eea93bf68cc56fd5c63b351df3d32:1783759740000 (Orchestrator) completed successfully.","timestamp":"2026-07-11 14:19:01"}
{"level":"info","message":"[Job repeat:c10eea93bf68cc56fd5c63b351df3d32:1783759800000] 🚀 Executing scheduled global orchestration...","timestamp":"2026-07-11 14:20:00"}
{"level":"info","message":"Orchestrator: Starting global scan orchestration... ","timestamp":"2026-07-11 14:20:00"}
{"level":"info","message":"🔗 Connecting to MASTER database: master","timestamp":"2026-07-11 14:20:00"}
{"level":"info","message":"Orchestrator: Found 2 tenants to process.","timestamp":"2026-07-11 14:20:01"}
{"level":"info","message":"📁 Switching to CLIENT database: tenant_rbi (Tenant: rbi)","timestamp":"2026-07-11 14:20:01"}
{"level":"info","message":"Orchestrator: No domains found for tenant rbi (excluding those currently scanning).","timestamp":"2026-07-11 14:20:01"}
{"level":"info","message":"📁 Switching to CLIENT database: tenant_sbi (Tenant: sbi)","timestamp":"2026-07-11 14:20:01"}
{"level":"info","message":"Orchestrator: No domains found for tenant sbi (excluding those currently scanning).","timestamp":"2026-07-11 14:20:01"}
{"level":"info","message":"Orchestrator: Master DB connection closed.","timestamp":"2026-07-11 14:20:01"}
{"level":"info","message":"✅ Orchestrator: Finished. Total jobs enqueued: 0","timestamp":"2026-07-11 14:20:01"}
{"level":"info","message":"Job repeat:c10eea93bf68cc56fd5c63b351df3d32:1783759800000 (Orchestrator) completed successfully.","timestamp":"2026-07-11 14:20:01"}
{"level":"info","message":"[Job repeat:c10eea93bf68cc56fd5c63b351df3d32:1783759860000] 🚀 Executing scheduled global orchestration...","timestamp":"2026-07-11 14:21:00"}
{"level":"info","message":"Orchestrator: Starting global scan orchestration... ","timestamp":"2026-07-11 14:21:00"}
{"level":"info","message":"🔗 Connecting to MASTER database: master","timestamp":"2026-07-11 14:21:00"}
{"level":"info","message":"Orchestrator: Found 2 tenants to process.","timestamp":"2026-07-11 14:21:01"}
{"level":"info","message":"📁 Switching to CLIENT database: tenant_rbi (Tenant: rbi)","timestamp":"2026-07-11 14:21:01"}
{"level":"info","message":"Orchestrator: No domains found for tenant rbi (excluding those currently scanning).","timestamp":"2026-07-11 14:21:01"}
{"level":"info","message":"📁 Switching to CLIENT database: tenant_sbi (Tenant: sbi)","timestamp":"2026-07-11 14:21:01"}
{"level":"info","message":"Orchestrator: No domains found for tenant sbi (excluding those currently scanning).","timestamp":"2026-07-11 14:21:01"}
{"level":"info","message":"Orchestrator: Master DB connection closed.","timestamp":"2026-07-11 14:21:01"}
{"level":"info","message":"✅ Orchestrator: Finished. Total jobs enqueued: 0","timestamp":"2026-07-11 14:21:01"}
{"level":"info","message":"Job repeat:c10eea93bf68cc56fd5c63b351df3d32:1783759860000 (Orchestrator) completed successfully.","timestamp":"2026-07-11 14:21:01"}
{"level":"info","message":"[Job repeat:c10eea93bf68cc56fd5c63b351df3d32:1783759920000] 🚀 Executing scheduled global orchestration...","timestamp":"2026-07-11 14:22:00"}
{"level":"info","message":"Orchestrator: Starting global scan orchestration... ","timestamp":"2026-07-11 14:22:00"}
{"level":"info","message":"🔗 Connecting to MASTER database: master","timestamp":"2026-07-11 14:22:00"}
{"level":"info","message":"Orchestrator: Found 2 tenants to process.","timestamp":"2026-07-11 14:22:00"}
{"level":"info","message":"📁 Switching to CLIENT database: tenant_rbi (Tenant: rbi)","timestamp":"2026-07-11 14:22:00"}
{"level":"info","message":"Orchestrator: No domains found for tenant rbi (excluding those currently scanning).","timestamp":"2026-07-11 14:22:00"}
{"level":"info","message":"📁 Switching to CLIENT database: tenant_sbi (Tenant: sbi)","timestamp":"2026-07-11 14:22:00"}
{"level":"info","message":"Orchestrator: No domains found for tenant sbi (excluding those currently scanning).","timestamp":"2026-07-11 14:22:00"}
{"level":"info","message":"Orchestrator: Master DB connection closed.","timestamp":"2026-07-11 14:22:00"}
{"level":"info","message":"✅ Orchestrator: Finished. Total jobs enqueued: 0","timestamp":"2026-07-11 14:22:00"}
{"level":"info","message":"Job repeat:c10eea93bf68cc56fd5c63b351df3d32:1783759920000 (Orchestrator) completed successfully.","timestamp":"2026-07-11 14:22:00"}
{"level":"info","message":"[Job repeat:c10eea93bf68cc56fd5c63b351df3d32:1783759980000] 🚀 Executing scheduled global orchestration...","timestamp":"2026-07-11 14:23:00"}
{"level":"info","message":"Orchestrator: Starting global scan orchestration... ","timestamp":"2026-07-11 14:23:00"}
{"level":"info","message":"🔗 Connecting to MASTER database: master","timestamp":"2026-07-11 14:23:00"}
{"level":"info","message":"Orchestrator: Found 2 tenants to process.","timestamp":"2026-07-11 14:23:01"}
{"level":"info","message":"📁 Switching to CLIENT database: tenant_rbi (Tenant: rbi)","timestamp":"2026-07-11 14:23:01"}
{"level":"info","message":"Orchestrator: No domains found for tenant rbi (excluding those currently scanning).","timestamp":"2026-07-11 14:23:01"}
{"level":"info","message":"📁 Switching to CLIENT database: tenant_sbi (Tenant: sbi)","timestamp":"2026-07-11 14:23:01"}
{"level":"info","message":"Orchestrator: No domains found for tenant sbi (excluding those currently scanning).","timestamp":"2026-07-11 14:23:01"}
{"level":"info","message":"Orchestrator: Master DB connection closed.","timestamp":"2026-07-11 14:23:01"}
{"level":"info","message":"✅ Orchestrator: Finished. Total jobs enqueued: 0","timestamp":"2026-07-11 14:23:01"}
{"level":"info","message":"Job repeat:c10eea93bf68cc56fd5c63b351df3d32:1783759980000 (Orchestrator) completed successfully.","timestamp":"2026-07-11 14:23:01"}
{"level":"info","message":"[Job 26] 🔍 Starting scan for: https://jewellmaster.com","timestamp":"2026-07-11 14:23:57"}
{"level":"info","message":"[https://jewellmaster.com] Checking domain status for ID: 6a086772439e555ef5630506. Found: true, Deleted: false, Archived: false, Status: active","timestamp":"2026-07-11 14:23:57"}
{"level":"info","message":"🔍 [Crawl] Queue: 0 | Visited: 1 | Scanning: https://jewellmaster.com/","timestamp":"2026-07-11 14:23:58"}
{"level":"info","message":"🔍 [Domain: jewellmaster.com] [Page 1/10] Scanning: https://jewellmaster.com/","timestamp":"2026-07-11 14:23:58"}
{"level":"info","message":"[Job repeat:c10eea93bf68cc56fd5c63b351df3d32:1783760040000] 🚀 Executing scheduled global orchestration...","timestamp":"2026-07-11 14:24:00"}
{"level":"info","message":"Orchestrator: Starting global scan orchestration... ","timestamp":"2026-07-11 14:24:00"}
{"level":"info","message":"🔗 Connecting to MASTER database: master","timestamp":"2026-07-11 14:24:00"}
{"level":"info","message":"Orchestrator: Found 2 tenants to process.","timestamp":"2026-07-11 14:24:01"}
{"level":"info","message":"📁 Switching to CLIENT database: tenant_rbi (Tenant: rbi)","timestamp":"2026-07-11 14:24:01"}
{"level":"info","message":"Orchestrator: No domains found for tenant rbi (excluding those currently scanning).","timestamp":"2026-07-11 14:24:01"}
{"level":"info","message":"📁 Switching to CLIENT database: tenant_sbi (Tenant: sbi)","timestamp":"2026-07-11 14:24:01"}
{"level":"info","message":"Orchestrator: No domains found for tenant sbi (excluding those currently scanning).","timestamp":"2026-07-11 14:24:01"}
{"level":"info","message":"Orchestrator: Master DB connection closed.","timestamp":"2026-07-11 14:24:01"}
{"level":"info","message":"✅ Orchestrator: Finished. Total jobs enqueued: 0","timestamp":"2026-07-11 14:24:01"}
{"level":"info","message":"Job repeat:c10eea93bf68cc56fd5c63b351df3d32:1783760040000 (Orchestrator) completed successfully.","timestamp":"2026-07-11 14:24:01"}
{"level":"info","message":"🔍 [Scraper] HTML length: 59435 | Body length: 24991 | Total <a> tags: 3","timestamp":"2026-07-11 14:24:17"}
{"level":"info","message":"🔗 [Link Extraction] Page: https://jewellmaster.com/ | hostNorm: jewellmaster.com | Found 3 total links (2 internal)","timestamp":"2026-07-11 14:24:17"}
{"level":"info","message":"🚀 [PageSpeed API] Fetching metrics for https://jewellmaster.com/...","timestamp":"2026-07-11 14:24:20"}
{"level":"info","message":"✅ [PageSpeed API] Score for https://jewellmaster.com/: 76","timestamp":"2026-07-11 14:24:40"}
{"level":"info","message":"📊 [Lighthouse] Results for https://jewellmaster.com/: Performance: 76, SEO: 92, Accessibility: 92","timestamp":"2026-07-11 14:24:40"}
{"level":"info","message":"🔍 [Domain: jewellmaster.com] [Page 1/10] Found 2 internal links on https://jewellmaster.com/","timestamp":"2026-07-11 14:24:40"}
{"level":"info","message":"➕ [Queue] Adding: https://jewellmaster.com/features (targetHost: jewellmaster.com, hostNorm: jewellmaster.com)","timestamp":"2026-07-11 14:24:40"}
{"level":"info","message":"➕ [Queue] Adding: https://jewellmaster.com/demo (targetHost: jewellmaster.com, hostNorm: jewellmaster.com)","timestamp":"2026-07-11 14:24:40"}
{"level":"info","message":"🔍 [Crawl] Queue: 1 | Visited: 2 | Scanning: https://jewellmaster.com/features","timestamp":"2026-07-11 14:24:40"}
{"level":"info","message":"🔍 [Domain: jewellmaster.com] [Page 2/10] Scanning: https://jewellmaster.com/features","timestamp":"2026-07-11 14:24:40"}
{"level":"info","message":"🔍 [Scraper] HTML length: 27093 | Body length: 15786 | Total <a> tags: 11","timestamp":"2026-07-11 14:24:43"}
{"level":"info","message":"🔗 [Link Extraction] Page: https://jewellmaster.com/features | hostNorm: jewellmaster.com | Found 11 total links (11 internal)","timestamp":"2026-07-11 14:24:43"}
{"level":"info","message":"🚀 [PageSpeed API] Fetching metrics for https://jewellmaster.com/features...","timestamp":"2026-07-11 14:24:46"}
{"level":"info","message":"[Job repeat:c10eea93bf68cc56fd5c63b351df3d32:1783760100000] 🚀 Executing scheduled global orchestration...","timestamp":"2026-07-11 14:25:00"}
{"level":"info","message":"Orchestrator: Starting global scan orchestration... ","timestamp":"2026-07-11 14:25:00"}
{"level":"info","message":"🔗 Connecting to MASTER database: master","timestamp":"2026-07-11 14:25:00"}
{"level":"info","message":"Orchestrator: Found 2 tenants to process.","timestamp":"2026-07-11 14:25:01"}
{"level":"info","message":"📁 Switching to CLIENT database: tenant_rbi (Tenant: rbi)","timestamp":"2026-07-11 14:25:01"}
{"level":"info","message":"Orchestrator: No domains found for tenant rbi (excluding those currently scanning).","timestamp":"2026-07-11 14:25:01"}
{"level":"info","message":"📁 Switching to CLIENT database: tenant_sbi (Tenant: sbi)","timestamp":"2026-07-11 14:25:01"}
{"level":"info","message":"Orchestrator: No domains found for tenant sbi (excluding those currently scanning).","timestamp":"2026-07-11 14:25:01"}
{"level":"info","message":"Orchestrator: Master DB connection closed.","timestamp":"2026-07-11 14:25:01"}
{"level":"info","message":"✅ Orchestrator: Finished. Total jobs enqueued: 0","timestamp":"2026-07-11 14:25:01"}
{"level":"info","message":"Job repeat:c10eea93bf68cc56fd5c63b351df3d32:1783760100000 (Orchestrator) completed successfully.","timestamp":"2026-07-11 14:25:01"}
{"level":"info","message":"✅ [PageSpeed API] Score for https://jewellmaster.com/features: 84","timestamp":"2026-07-11 14:25:06"}
{"level":"info","message":"📊 [Lighthouse] Results for https://jewellmaster.com/features: Performance: 84, SEO: 100, Accessibility: 93","timestamp":"2026-07-11 14:25:06"}
{"level":"info","message":"🔍 [Domain: jewellmaster.com] [Page 2/10] Found 11 internal links on https://jewellmaster.com/features","timestamp":"2026-07-11 14:25:06"}
{"level":"info","message":"➕ [Queue] Adding: https://jewellmaster.com/features/jewelry-inventory-management (targetHost: jewellmaster.com, hostNorm: jewellmaster.com)","timestamp":"2026-07-11 14:25:06"}
{"level":"info","message":"➕ [Queue] Adding: https://jewellmaster.com/features/gst-billing-invoicing (targetHost: jewellmaster.com, hostNorm: jewellmaster.com)","timestamp":"2026-07-11 14:25:06"}
{"level":"info","message":"➕ [Queue] Adding: https://jewellmaster.com/features/crm-customer-management (targetHost: jewellmaster.com, hostNorm: jewellmaster.com)","timestamp":"2026-07-11 14:25:06"}
{"level":"info","message":"➕ [Queue] Adding: https://jewellmaster.com/features/accounting-financial-management (targetHost: jewellmaster.com, hostNorm: jewellmaster.com)","timestamp":"2026-07-11 14:25:06"}
{"level":"info","message":"➕ [Queue] Adding: https://jewellmaster.com/features/ai-powered-reports (targetHost: jewellmaster.com, hostNorm: jewellmaster.com)","timestamp":"2026-07-11 14:25:06"}
{"level":"info","message":"➕ [Queue] Adding: https://jewellmaster.com/features/multi-branch-management (targetHost: jewellmaster.com, hostNorm: jewellmaster.com)","timestamp":"2026-07-11 14:25:06"}
{"level":"info","message":"➕ [Queue] Adding: https://jewellmaster.com/features/mobile-app (targetHost: jewellmaster.com, hostNorm: jewellmaster.com)","timestamp":"2026-07-11 14:25:06"}
{"level":"info","message":"➕ [Queue] Adding: https://jewellmaster.com/features/integrations (targetHost: jewellmaster.com, hostNorm: jewellmaster.com)","timestamp":"2026-07-11 14:25:06"}
{"level":"info","message":"➕ [Queue] Adding: https://jewellmaster.com/features/security-reliability (targetHost: jewellmaster.com, hostNorm: jewellmaster.com)","timestamp":"2026-07-11 14:25:06"}
{"level":"info","message":"🔍 [Crawl] Queue: 9 | Visited: 3 | Scanning: https://jewellmaster.com/demo","timestamp":"2026-07-11 14:25:06"}
{"level":"info","message":"🔍 [Domain: jewellmaster.com] [Page 3/10] Scanning: https://jewellmaster.com/demo","timestamp":"2026-07-11 14:25:06"}
{"level":"info","message":"🔍 [Scraper] HTML length: 26483 | Body length: 13519 | Total <a> tags: 3","timestamp":"2026-07-11 14:25:09"}
{"level":"info","message":"🔗 [Link Extraction] Page: https://jewellmaster.com/demo | hostNorm: jewellmaster.com | Found 3 total links (2 internal)","timestamp":"2026-07-11 14:25:09"}
{"level":"info","message":"🚀 [PageSpeed API] Fetching metrics for https://jewellmaster.com/demo...","timestamp":"2026-07-11 14:25:12"}
{"level":"info","message":"✅ [PageSpeed API] Score for https://jewellmaster.com/demo: 86","timestamp":"2026-07-11 14:25:25"}
{"level":"info","message":"📊 [Lighthouse] Results for https://jewellmaster.com/demo: Performance: 86, SEO: 92, Accessibility: 73","timestamp":"2026-07-11 14:25:25"}
{"level":"info","message":"🔍 [Domain: jewellmaster.com] [Page 3/10] Found 2 internal links on https://jewellmaster.com/demo","timestamp":"2026-07-11 14:25:25"}
{"level":"info","message":"🔍 [Crawl] Queue: 8 | Visited: 4 | Scanning: https://jewellmaster.com/features/jewelry-inventory-management","timestamp":"2026-07-11 14:25:25"}
{"level":"info","message":"🔍 [Domain: jewellmaster.com] [Page 4/10] Scanning: https://jewellmaster.com/features/jewelry-inventory-management","timestamp":"2026-07-11 14:25:25"}
{"level":"info","message":"🔍 [Scraper] HTML length: 27352 | Body length: 15782 | Total <a> tags: 11","timestamp":"2026-07-11 14:25:28"}
{"level":"info","message":"🔗 [Link Extraction] Page: https://jewellmaster.com/features/jewelry-inventory-management | hostNorm: jewellmaster.com | Found 11 total links (11 internal)","timestamp":"2026-07-11 14:25:28"}
{"level":"info","message":"🚀 [PageSpeed API] Fetching metrics for https://jewellmaster.com/features/jewelry-inventory-management...","timestamp":"2026-07-11 14:25:31"}
{"level":"info","message":"✅ [PageSpeed API] Score for https://jewellmaster.com/features/jewelry-inventory-management: 83","timestamp":"2026-07-11 14:25:48"}
{"level":"info","message":"📊 [Lighthouse] Results for https://jewellmaster.com/features/jewelry-inventory-management: Performance: 83, SEO: 100, Accessibility: 93","timestamp":"2026-07-11 14:25:48"}
{"level":"info","message":"🔍 [Domain: jewellmaster.com] [Page 4/10] Found 11 internal links on https://jewellmaster.com/features/jewelry-inventory-management","timestamp":"2026-07-11 14:25:48"}
{"level":"info","message":"🔍 [Crawl] Queue: 7 | Visited: 5 | Scanning: https://jewellmaster.com/features/gst-billing-invoicing","timestamp":"2026-07-11 14:25:48"}
{"level":"info","message":"🔍 [Domain: jewellmaster.com] [Page 5/10] Scanning: https://jewellmaster.com/features/gst-billing-invoicing","timestamp":"2026-07-11 14:25:48"}
{"level":"info","message":"[Job repeat:c10eea93bf68cc56fd5c63b351df3d32:1783760160000] 🚀 Executing scheduled global orchestration...","timestamp":"2026-07-11 14:26:00"}
{"level":"info","message":"Orchestrator: Starting global scan orchestration... ","timestamp":"2026-07-11 14:26:00"}
{"level":"info","message":"🔗 Connecting to MASTER database: master","timestamp":"2026-07-11 14:26:00"}
{"level":"info","message":"Orchestrator: Found 2 tenants to process.","timestamp":"2026-07-11 14:26:00"}
{"level":"info","message":"📁 Switching to CLIENT database: tenant_rbi (Tenant: rbi)","timestamp":"2026-07-11 14:26:00"}
{"level":"info","message":"Orchestrator: No domains found for tenant rbi (excluding those currently scanning).","timestamp":"2026-07-11 14:26:00"}
{"level":"info","message":"📁 Switching to CLIENT database: tenant_sbi (Tenant: sbi)","timestamp":"2026-07-11 14:26:00"}
{"level":"info","message":"Orchestrator: No domains found for tenant sbi (excluding those currently scanning).","timestamp":"2026-07-11 14:26:00"}
{"level":"info","message":"Orchestrator: Master DB connection closed.","timestamp":"2026-07-11 14:26:00"}
{"level":"info","message":"✅ Orchestrator: Finished. Total jobs enqueued: 0","timestamp":"2026-07-11 14:26:00"}
{"level":"info","message":"Job repeat:c10eea93bf68cc56fd5c63b351df3d32:1783760160000 (Orchestrator) completed successfully.","timestamp":"2026-07-11 14:26:00"}
{"level":"info","message":"🔍 [Scraper] HTML length: 25912 | Body length: 14949 | Total <a> tags: 11","timestamp":"2026-07-11 14:26:07"}
{"level":"info","message":"🔗 [Link Extraction] Page: https://jewellmaster.com/features/gst-billing-invoicing | hostNorm: jewellmaster.com | Found 11 total links (11 internal)","timestamp":"2026-07-11 14:26:07"}
{"level":"info","message":"🚀 [PageSpeed API] Fetching metrics for https://jewellmaster.com/features/gst-billing-invoicing...","timestamp":"2026-07-11 14:26:10"}
{"level":"info","message":"✅ [PageSpeed API] Score for https://jewellmaster.com/features/gst-billing-invoicing: 88","timestamp":"2026-07-11 14:26:27"}
{"level":"info","message":"📊 [Lighthouse] Results for https://jewellmaster.com/features/gst-billing-invoicing: Performance: 88, SEO: 100, Accessibility: 93","timestamp":"2026-07-11 14:26:27"}
{"level":"info","message":"🔍 [Domain: jewellmaster.com] [Page 5/10] Found 11 internal links on https://jewellmaster.com/features/gst-billing-invoicing","timestamp":"2026-07-11 14:26:28"}
{"level":"info","message":"🔍 [Crawl] Queue: 6 | Visited: 6 | Scanning: https://jewellmaster.com/features/crm-customer-management","timestamp":"2026-07-11 14:26:28"}
{"level":"info","message":"🔍 [Domain: jewellmaster.com] [Page 6/10] Scanning: https://jewellmaster.com/features/crm-customer-management","timestamp":"2026-07-11 14:26:28"}
{"level":"info","message":"[Job repeat:c10eea93bf68cc56fd5c63b351df3d32:1783760220000] 🚀 Executing scheduled global orchestration...","timestamp":"2026-07-11 14:27:00"}
{"level":"info","message":"Orchestrator: Starting global scan orchestration... ","timestamp":"2026-07-11 14:27:00"}
{"level":"info","message":"🔗 Connecting to MASTER database: master","timestamp":"2026-07-11 14:27:00"}
{"level":"info","message":"Orchestrator: Found 2 tenants to process.","timestamp":"2026-07-11 14:27:01"}
{"level":"info","message":"📁 Switching to CLIENT database: tenant_rbi (Tenant: rbi)","timestamp":"2026-07-11 14:27:01"}
{"level":"info","message":"Orchestrator: No domains found for tenant rbi (excluding those currently scanning).","timestamp":"2026-07-11 14:27:01"}
{"level":"info","message":"📁 Switching to CLIENT database: tenant_sbi (Tenant: sbi)","timestamp":"2026-07-11 14:27:01"}
{"level":"info","message":"Orchestrator: No domains found for tenant sbi (excluding those currently scanning).","timestamp":"2026-07-11 14:27:01"}
{"level":"info","message":"Orchestrator: Master DB connection closed.","timestamp":"2026-07-11 14:27:01"}
{"level":"info","message":"✅ Orchestrator: Finished. Total jobs enqueued: 0","timestamp":"2026-07-11 14:27:01"}
{"level":"info","message":"Job repeat:c10eea93bf68cc56fd5c63b351df3d32:1783760220000 (Orchestrator) completed successfully.","timestamp":"2026-07-11 14:27:01"}
{"level":"info","message":"🔍 [Scraper] HTML length: 25746 | Body length: 14904 | Total <a> tags: 11","timestamp":"2026-07-11 14:27:16"}
{"level":"info","message":"🔗 [Link Extraction] Page: https://jewellmaster.com/features/crm-customer-management | hostNorm: jewellmaster.com | Found 11 total links (11 internal)","timestamp":"2026-07-11 14:27:16"}
{"level":"info","message":"🚀 [PageSpeed API] Fetching metrics for https://jewellmaster.com/features/crm-customer-management...","timestamp":"2026-07-11 14:27:19"}
{"level":"info","message":"✅ [PageSpeed API] Score for https://jewellmaster.com/features/crm-customer-management: 84","timestamp":"2026-07-11 14:27:37"}
{"level":"info","message":"📊 [Lighthouse] Results for https://jewellmaster.com/features/crm-customer-management: Performance: 84, SEO: 100, Accessibility: 93","timestamp":"2026-07-11 14:27:37"}
{"level":"info","message":"🔍 [Domain: jewellmaster.com] [Page 6/10] Found 11 internal links on https://jewellmaster.com/features/crm-customer-management","timestamp":"2026-07-11 14:27:37"}
{"level":"info","message":"🔍 [Crawl] Queue: 5 | Visited: 7 | Scanning: https://jewellmaster.com/features/accounting-financial-management","timestamp":"2026-07-11 14:27:37"}
{"level":"info","message":"🔍 [Domain: jewellmaster.com] [Page 7/10] Scanning: https://jewellmaster.com/features/accounting-financial-management","timestamp":"2026-07-11 14:27:37"}
{"level":"info","message":"🔍 [Scraper] HTML length: 25930 | Body length: 14998 | Total <a> tags: 11","timestamp":"2026-07-11 14:27:40"}
{"level":"info","message":"🔗 [Link Extraction] Page: https://jewellmaster.com/features/accounting-financial-management | hostNorm: jewellmaster.com | Found 11 total links (11 internal)","timestamp":"2026-07-11 14:27:40"}
{"level":"info","message":"🚀 [PageSpeed API] Fetching metrics for https://jewellmaster.com/features/accounting-financial-management...","timestamp":"2026-07-11 14:27:43"}
{"level":"info","message":"✅ [PageSpeed API] Score for https://jewellmaster.com/features/accounting-financial-management: 85","timestamp":"2026-07-11 14:27:58"}
{"level":"info","message":"📊 [Lighthouse] Results for https://jewellmaster.com/features/accounting-financial-management: Performance: 85, SEO: 100, Accessibility: 93","timestamp":"2026-07-11 14:27:58"}
{"level":"info","message":"🔍 [Domain: jewellmaster.com] [Page 7/10] Found 11 internal links on https://jewellmaster.com/features/accounting-financial-management","timestamp":"2026-07-11 14:27:58"}
{"level":"info","message":"🔍 [Crawl] Queue: 4 | Visited: 8 | Scanning: https://jewellmaster.com/features/ai-powered-reports","timestamp":"2026-07-11 14:27:58"}
{"level":"info","message":"🔍 [Domain: jewellmaster.com] [Page 8/10] Scanning: https://jewellmaster.com/features/ai-powered-reports","timestamp":"2026-07-11 14:27:58"}
{"level":"info","message":"[Job repeat:c10eea93bf68cc56fd5c63b351df3d32:1783760280000] 🚀 Executing scheduled global orchestration...","timestamp":"2026-07-11 14:28:01"}
{"level":"info","message":"Orchestrator: Starting global scan orchestration... ","timestamp":"2026-07-11 14:28:01"}
{"level":"info","message":"🔗 Connecting to MASTER database: master","timestamp":"2026-07-11 14:28:01"}
{"level":"info","message":"Orchestrator: Found 2 tenants to process.","timestamp":"2026-07-11 14:28:01"}
{"level":"info","message":"📁 Switching to CLIENT database: tenant_rbi (Tenant: rbi)","timestamp":"2026-07-11 14:28:01"}
{"level":"info","message":"Orchestrator: No domains found for tenant rbi (excluding those currently scanning).","timestamp":"2026-07-11 14:28:01"}
{"level":"info","message":"📁 Switching to CLIENT database: tenant_sbi (Tenant: sbi)","timestamp":"2026-07-11 14:28:01"}
{"level":"info","message":"Orchestrator: No domains found for tenant sbi (excluding those currently scanning).","timestamp":"2026-07-11 14:28:01"}
{"level":"info","message":"Orchestrator: Master DB connection closed.","timestamp":"2026-07-11 14:28:01"}
{"level":"info","message":"✅ Orchestrator: Finished. Total jobs enqueued: 0","timestamp":"2026-07-11 14:28:01"}
{"level":"info","message":"Job repeat:c10eea93bf68cc56fd5c63b351df3d32:1783760280000 (Orchestrator) completed successfully.","timestamp":"2026-07-11 14:28:01"}
{"level":"info","message":"🔍 [Scraper] HTML length: 25598 | Body length: 14839 | Total <a> tags: 11","timestamp":"2026-07-11 14:28:17"}
{"level":"info","message":"🔗 [Link Extraction] Page: https://jewellmaster.com/features/ai-powered-reports | hostNorm: jewellmaster.com | Found 11 total links (11 internal)","timestamp":"2026-07-11 14:28:17"}
{"level":"info","message":"🚀 [PageSpeed API] Fetching metrics for https://jewellmaster.com/features/ai-powered-reports...","timestamp":"2026-07-11 14:28:21"}
{"level":"info","message":"✅ [PageSpeed API] Score for https://jewellmaster.com/features/ai-powered-reports: 85","timestamp":"2026-07-11 14:28:38"}
{"level":"info","message":"📊 [Lighthouse] Results for https://jewellmaster.com/features/ai-powered-reports: Performance: 85, SEO: 100, Accessibility: 93","timestamp":"2026-07-11 14:28:38"}
{"level":"info","message":"🔍 [Domain: jewellmaster.com] [Page 8/10] Found 11 internal links on https://jewellmaster.com/features/ai-powered-reports","timestamp":"2026-07-11 14:28:38"}
{"level":"info","message":"🔍 [Crawl] Queue: 3 | Visited: 9 | Scanning: https://jewellmaster.com/features/multi-branch-management","timestamp":"2026-07-11 14:28:38"}
{"level":"info","message":"🔍 [Domain: jewellmaster.com] [Page 9/10] Scanning: https://jewellmaster.com/features/multi-branch-management","timestamp":"2026-07-11 14:28:38"}
{"level":"info","message":"🔍 [Scraper] HTML length: 25815 | Body length: 14922 | Total <a> tags: 11","timestamp":"2026-07-11 14:28:42"}
{"level":"info","message":"🔗 [Link Extraction] Page: https://jewellmaster.com/features/multi-branch-management | hostNorm: jewellmaster.com | Found 11 total links (11 internal)","timestamp":"2026-07-11 14:28:42"}
{"level":"info","message":"🚀 [PageSpeed API] Fetching metrics for https://jewellmaster.com/features/multi-branch-management...","timestamp":"2026-07-11 14:28:45"}
{"level":"info","message":"✅ [PageSpeed API] Score for https://jewellmaster.com/features/multi-branch-management: 87","timestamp":"2026-07-11 14:28:59"}
{"level":"info","message":"📊 [Lighthouse] Results for https://jewellmaster.com/features/multi-branch-management: Performance: 87, SEO: 100, Accessibility: 93","timestamp":"2026-07-11 14:28:59"}
{"level":"info","message":"🔍 [Domain: jewellmaster.com] [Page 9/10] Found 11 internal links on https://jewellmaster.com/features/multi-branch-management","timestamp":"2026-07-11 14:29:00"}
{"level":"info","message":"🔍 [Crawl] Queue: 2 | Visited: 10 | Scanning: https://jewellmaster.com/features/mobile-app","timestamp":"2026-07-11 14:29:00"}
{"level":"info","message":"🔍 [Domain: jewellmaster.com] [Page 10/10] Scanning: https://jewellmaster.com/features/mobile-app","timestamp":"2026-07-11 14:29:00"}
{"level":"info","message":"[Job repeat:c10eea93bf68cc56fd5c63b351df3d32:1783760340000] 🚀 Executing scheduled global orchestration...","timestamp":"2026-07-11 14:29:00"}
{"level":"info","message":"Orchestrator: Starting global scan orchestration... ","timestamp":"2026-07-11 14:29:00"}
{"level":"info","message":"🔗 Connecting to MASTER database: master","timestamp":"2026-07-11 14:29:00"}
{"level":"info","message":"Orchestrator: Found 2 tenants to process.","timestamp":"2026-07-11 14:29:01"}
{"level":"info","message":"📁 Switching to CLIENT database: tenant_rbi (Tenant: rbi)","timestamp":"2026-07-11 14:29:01"}
{"level":"info","message":"Orchestrator: No domains found for tenant rbi (excluding those currently scanning).","timestamp":"2026-07-11 14:29:01"}
{"level":"info","message":"📁 Switching to CLIENT database: tenant_sbi (Tenant: sbi)","timestamp":"2026-07-11 14:29:01"}
{"level":"info","message":"Orchestrator: No domains found for tenant sbi (excluding those currently scanning).","timestamp":"2026-07-11 14:29:01"}
{"level":"info","message":"Orchestrator: Master DB connection closed.","timestamp":"2026-07-11 14:29:01"}
{"level":"info","message":"✅ Orchestrator: Finished. Total jobs enqueued: 0","timestamp":"2026-07-11 14:29:01"}
{"level":"info","message":"Job repeat:c10eea93bf68cc56fd5c63b351df3d32:1783760340000 (Orchestrator) completed successfully.","timestamp":"2026-07-11 14:29:01"}
{"level":"info","message":"🔍 [Scraper] HTML length: 25550 | Body length: 14820 | Total <a> tags: 11","timestamp":"2026-07-11 14:29:18"}
{"level":"info","message":"🔗 [Link Extraction] Page: https://jewellmaster.com/features/mobile-app | hostNorm: jewellmaster.com | Found 11 total links (11 internal)","timestamp":"2026-07-11 14:29:18"}
{"level":"info","message":"🚀 [PageSpeed API] Fetching metrics for https://jewellmaster.com/features/mobile-app...","timestamp":"2026-07-11 14:29:21"}
{"level":"info","message":"✅ [PageSpeed API] Score for https://jewellmaster.com/features/mobile-app: 88","timestamp":"2026-07-11 14:29:39"}
{"level":"info","message":"📊 [Lighthouse] Results for https://jewellmaster.com/features/mobile-app: Performance: 88, SEO: 100, Accessibility: 93","timestamp":"2026-07-11 14:29:39"}
{"level":"info","message":"🔍 [Domain: jewellmaster.com] [Page 10/10] Found 11 internal links on https://jewellmaster.com/features/mobile-app","timestamp":"2026-07-11 14:29:39"}
{"level":"info","message":"[https://jewellmaster.com] Evaluating 2 policies against 10 pages.","timestamp":"2026-07-11 14:29:40"}
{"level":"info","message":"   -> 🔍 Scan [text] | Target: \"jewellery\" (containing) | Operator: \"contains\" | Actual: [Content length: 24991] | Result: ✅ MATCH","timestamp":"2026-07-11 14:29:40"}
{"level":"info","message":"   -> 🔍 Scan [page-title] | Target: \"jewellery\" (containing) | Operator: \"contains\" | Actual: \"Jewellery Software India & Wor\" | Result: ✅ MATCH","timestamp":"2026-07-11 14:29:40"}
{"level":"info","message":"   -> 🔍 Scan [page-title-length] | Target: \"60\" | Operator: \"Greater than\" | Actual: 52 | Result: ❌ NO MATCH","timestamp":"2026-07-11 14:29:40"}
{"level":"info","message":"   -> 🔍 Scan [page-url] | Target: \"shop\" (containing) | Operator: \"contains\" | Actual: \"https://jewellmaster.com/\" | Result: ❌ NO MATCH","timestamp":"2026-07-11 14:29:40"}
{"level":"info","message":"   -> 🔍 Scan [link] | Target: \"contact\" (containing) | Operator: \"contains\" | Actual: [3 links] | Result: ❌ NO MATCH","timestamp":"2026-07-11 14:29:40"}
{"level":"info","message":"   -> 🔍 Scan [link-text] | Target: \"buy\" (containing) | Operator: \"contains\" | Actual: [3 links] | Result: ❌ NO MATCH","timestamp":"2026-07-11 14:29:40"}
{"level":"info","message":"   -> 🔍 Scan [link-text-length] | Target: \"50\" | Operator: \"Greater than\" | Actual: [3 links] | Result: ❌ NO MATCH","timestamp":"2026-07-11 14:29:40"}
{"level":"info","message":"   -> 🔍 Scan [file-size] | Target: \"5\" (MB) | Operator: \"Greater than\" | Actual: 2113.099609375 | Result: ❌ NO MATCH","timestamp":"2026-07-11 14:29:40"}
{"level":"info","message":"   -> 🔍 Scan [image-size] | Target: \"100\" (KB) | Operator: \"Greater than\" | Actual: [36 images] | Result: ✅ MATCH","timestamp":"2026-07-11 14:29:40"}
{"level":"info","message":"   -> 🔍 Scan [image-text] | Target: \"logo\" (containing) | Operator: \"contains\" | Actual: [36 images] | Result: ✅ MATCH","timestamp":"2026-07-11 14:29:40"}
{"level":"info","message":"   -> 🔍 Scan [image-text-length] | Target: \"100\" | Operator: \"Greater than\" | Actual: [36 images] | Result: ❌ NO MATCH","timestamp":"2026-07-11 14:29:40"}
{"level":"info","message":"   -> 🔍 Scan [external-link-count] | Target: \"10\" | Operator: \"Greater than\" | Actual: 1 | Result: ❌ NO MATCH","timestamp":"2026-07-11 14:29:40"}
{"level":"info","message":"   -> 🔍 Scan [incoming-link-count] | Target: \"5\" | Operator: \"Greater than\" | Actual: 2 | Result: ❌ NO MATCH","timestamp":"2026-07-11 14:29:40"}
{"level":"info","message":"   -> 🔍 Scan [heading-text] | Target: \"price\" (containing) | Operator: \"contains\" | Actual: [43 headings] | Result: ❌ NO MATCH","timestamp":"2026-07-11 14:29:40"}
{"level":"info","message":"   -> 🔍 Scan [header-text-length] | Target: \"80\" | Operator: \"Greater than\" | Actual: [43 headings] | Result: ✅ MATCH","timestamp":"2026-07-11 14:29:40"}
{"level":"info","message":"   -> 🔍 Scan [readability-level] | Target: \"12\" | Operator: \"Greater than\" | Actual: 15.876346153846153 | Result: ✅ MATCH","timestamp":"2026-07-11 14:29:40"}
{"level":"info","message":"   -> 🔍 Scan [meta-header] | Target: \"keyword\" (containing) | Operator: \"contains\" | Actual: [Content length: 24991] | Result: ❌ NO MATCH","timestamp":"2026-07-11 14:29:40"}
{"level":"info","message":"   -> 🔍 Scan [meta-header-length] | Target: \"160\" | Operator: \"Greater than\" | Actual: 127 | Result: ❌ NO MATCH","timestamp":"2026-07-11 14:29:40"}
{"level":"info","message":"   -> 🔍 Scan [page-html] | Target: \"<script>\" (containing) | Operator: \"contains\" | Actual: [Content length: 24991] | Result: ✅ MATCH","timestamp":"2026-07-11 14:29:40"}
{"level":"info","message":"   -> 🔍 Scan [image-size] | Target: \"1\" (MB) | Operator: \"Greater than\" | Actual: [36 images] | Result: ❌ NO MATCH","timestamp":"2026-07-11 14:29:40"}
{"level":"info","message":"   -> 🔍 Scan [text] | Target: \"jewellery\" (containing) | Operator: \"contains\" | Actual: [Content length: 15786] | Result: ✅ MATCH","timestamp":"2026-07-11 14:29:40"}
{"level":"info","message":"   -> 🔍 Scan [page-title] | Target: \"jewellery\" (containing) | Operator: \"contains\" | Actual: \"Jewellery ERP Features & Billi\" | Result: ✅ MATCH","timestamp":"2026-07-11 14:29:40"}
{"level":"info","message":"   -> 🔍 Scan [page-title-length] | Target: \"60\" | Operator: \"Greater than\" | Actual: 48 | Result: ❌ NO MATCH","timestamp":"2026-07-11 14:29:40"}
{"level":"info","message":"   -> 🔍 Scan [page-url] | Target: \"shop\" (containing) | Operator: \"contains\" | Actual: \"https://jewellmaster.com/features\" | Result: ❌ NO MATCH","timestamp":"2026-07-11 14:29:40"}
{"level":"info","message":"   -> 🔍 Scan [link] | Target: \"contact\" (containing) | Operator: \"contains\" | Actual: [11 links] | Result: ❌ NO MATCH","timestamp":"2026-07-11 14:29:40"}
{"level":"info","message":"   -> 🔍 Scan [link-text] | Target: \"buy\" (containing) | Operator: \"contains\" | Actual: [11 links] | Result: ❌ NO MATCH","timestamp":"2026-07-11 14:29:40"}
{"level":"info","message":"   -> 🔍 Scan [link-text-length] | Target: \"50\" | Operator: \"Greater than\" | Actual: [11 links] | Result: ❌ NO MATCH","timestamp":"2026-07-11 14:29:40"}
{"level":"info","message":"   -> 🔍 Scan [file-size] | Target: \"5\" (MB) | Operator: \"Greater than\" | Actual: 435.6083984375 | Result: ❌ NO MATCH","timestamp":"2026-07-11 14:29:40"}
{"level":"info","message":"   -> 🔍 Scan [image-size] | Target: \"100\" (KB) | Operator: \"Greater than\" | Actual: [1 images] | Result: ✅ MATCH","timestamp":"2026-07-11 14:29:40"}
{"level":"info","message":"   -> 🔍 Scan [image-text] | Target: \"logo\" (containing) | Operator: \"contains\" | Actual: [1 images] | Result: ❌ NO MATCH","timestamp":"2026-07-11 14:29:40"}
{"level":"info","message":"   -> 🔍 Scan [image-text-length] | Target: \"100\" | Operator: \"Greater than\" | Actual: [1 images] | Result: ❌ NO MATCH","timestamp":"2026-07-11 14:29:40"}
{"level":"info","message":"   -> 🔍 Scan [external-link-count] | Target: \"10\" | Operator: \"Greater than\" | Actual: 0 | Result: ❌ NO MATCH","timestamp":"2026-07-11 14:29:40"}
{"level":"info","message":"   -> 🔍 Scan [incoming-link-count] | Target: \"5\" | Operator: \"Greater than\" | Actual: 11 | Result: ✅ MATCH","timestamp":"2026-07-11 14:29:40"}
{"level":"info","message":"   -> 🔍 Scan [heading-text] | Target: \"price\" (containing) | Operator: \"contains\" | Actual: [3 headings] | Result: ❌ NO MATCH","timestamp":"2026-07-11 14:29:40"}
{"level":"info","message":"   -> 🔍 Scan [header-text-length] | Target: \"80\" | Operator: \"Greater than\" | Actual: [3 headings] | Result: ❌ NO MATCH","timestamp":"2026-07-11 14:29:40"}
{"level":"info","message":"   -> 🔍 Scan [readability-level] | Target: \"12\" | Operator: \"Greater than\" | Actual: 20 | Result: ✅ MATCH","timestamp":"2026-07-11 14:29:40"}
{"level":"info","message":"   -> 🔍 Scan [meta-header] | Target: \"keyword\" (containing) | Operator: \"contains\" | Actual: [Content length: 15786] | Result: ❌ NO MATCH","timestamp":"2026-07-11 14:29:40"}
{"level":"info","message":"   -> 🔍 Scan [meta-header-length] | Target: \"160\" | Operator: \"Greater than\" | Actual: 124 | Result: ❌ NO MATCH","timestamp":"2026-07-11 14:29:40"}
{"level":"info","message":"   -> 🔍 Scan [page-html] | Target: \"<script>\" (containing) | Operator: \"contains\" | Actual: [Content length: 15786] | Result: ✅ MATCH","timestamp":"2026-07-11 14:29:40"}
{"level":"info","message":"   -> 🔍 Scan [image-size] | Target: \"1\" (MB) | Operator: \"Greater than\" | Actual: [1 images] | Result: ❌ NO MATCH","timestamp":"2026-07-11 14:29:40"}
{"level":"info","message":"   -> 🔍 Scan [text] | Target: \"jewellery\" (containing) | Operator: \"contains\" | Actual: [Content length: 13519] | Result: ❌ NO MATCH","timestamp":"2026-07-11 14:29:40"}
{"level":"info","message":"   -> 🔍 Scan [page-title] | Target: \"jewellery\" (containing) | Operator: \"contains\" | Actual: \"Jewellery Software Free Demo |\" | Result: ✅ MATCH","timestamp":"2026-07-11 14:29:40"}
{"level":"info","message":"   -> 🔍 Scan [page-title-length] | Target: \"60\" | Operator: \"Greater than\" | Actual: 44 | Result: ❌ NO MATCH","timestamp":"2026-07-11 14:29:40"}
{"level":"info","message":"   -> 🔍 Scan [page-url] | Target: \"shop\" (containing) | Operator: \"contains\" | Actual: \"https://jewellmaster.com/demo\" | Result: ❌ NO MATCH","timestamp":"2026-07-11 14:29:40"}
{"level":"info","message":"   -> 🔍 Scan [link] | Target: \"contact\" (containing) | Operator: \"contains\" | Actual: [3 links] | Result: ❌ NO MATCH","timestamp":"2026-07-11 14:29:40"}
{"level":"info","message":"   -> 🔍 Scan [link-text] | Target: \"buy\" (containing) | Operator: \"contains\" | Actual: [3 links] | Result: ❌ NO MATCH","timestamp":"2026-07-11 14:29:40"}
{"level":"info","message":"   -> 🔍 Scan [link-text-length] | Target: \"50\" | Operator: \"Greater than\" | Actual: [3 links] | Result: ❌ NO MATCH","timestamp":"2026-07-11 14:29:40"}
{"level":"info","message":"   -> 🔍 Scan [file-size] | Target: \"5\" (MB) | Operator: \"Greater than\" | Actual: 447.1259765625 | Result: ❌ NO MATCH","timestamp":"2026-07-11 14:29:40"}
{"level":"info","message":"   -> 🔍 Scan [image-size] | Target: \"100\" (KB) | Operator: \"Greater than\" | Actual: [1 images] | Result: ❌ NO MATCH","timestamp":"2026-07-11 14:29:40"}
{"level":"info","message":"   -> 🔍 Scan [image-text] | Target: \"logo\" (containing) | Operator: \"contains\" | Actual: [1 images] | Result: ❌ NO MATCH","timestamp":"2026-07-11 14:29:40"}
{"level":"info","message":"   -> 🔍 Scan [image-text-length] | Target: \"100\" | Operator: \"Greater than\" | Actual: [1 images] | Result: ❌ NO MATCH","timestamp":"2026-07-11 14:29:40"}
{"level":"info","message":"   -> 🔍 Scan [external-link-count] | Target: \"10\" | Operator: \"Greater than\" | Actual: 1 | Result: ❌ NO MATCH","timestamp":"2026-07-11 14:29:40"}
{"level":"info","message":"   -> 🔍 Scan [incoming-link-count] | Target: \"5\" | Operator: \"Greater than\" | Actual: 2 | Result: ❌ NO MATCH","timestamp":"2026-07-11 14:29:40"}
{"level":"info","message":"   -> 🔍 Scan [heading-text] | Target: \"price\" (containing) | Operator: \"contains\" | Actual: [9 headings] | Result: ❌ NO MATCH","timestamp":"2026-07-11 14:29:40"}
{"level":"info","message":"   -> 🔍 Scan [header-text-length] | Target: \"80\" | Operator: \"Greater than\" | Actual: [9 headings] | Result: ❌ NO MATCH","timestamp":"2026-07-11 14:29:40"}
{"level":"info","message":"   -> 🔍 Scan [readability-level] | Target: \"12\" | Operator: \"Greater than\" | Actual: 12.811351370825381 | Result: ✅ MATCH","timestamp":"2026-07-11 14:29:40"}
{"level":"info","message":"   -> 🔍 Scan [meta-header] | Target: \"keyword\" (containing) | Operator: \"contains\" | Actual: [Content length: 13519] | Result: ❌ NO MATCH","timestamp":"2026-07-11 14:29:40"}
{"level":"info","message":"   -> 🔍 Scan [meta-header-length] | Target: \"160\" | Operator: \"Greater than\" | Actual: 137 | Result: ❌ NO MATCH","timestamp":"2026-07-11 14:29:40"}
{"level":"info","message":"   -> 🔍 Scan [page-html] | Target: \"<script>\" (containing) | Operator: \"contains\" | Actual: [Content length: 13519] | Result: ❌ NO MATCH","timestamp":"2026-07-11 14:29:40"}
{"level":"info","message":"   -> 🔍 Scan [image-size] | Target: \"1\" (MB) | Operator: \"Greater than\" | Actual: [1 images] | Result: ❌ NO MATCH","timestamp":"2026-07-11 14:29:40"}
{"level":"info","message":"   -> 🔍 Scan [text] | Target: \"jewellery\" (containing) | Operator: \"contains\" | Actual: [Content length: 15782] | Result: ✅ MATCH","timestamp":"2026-07-11 14:29:40"}
{"level":"info","message":"   -> 🔍 Scan [page-title] | Target: \"jewellery\" (containing) | Operator: \"contains\" | Actual: \"Jewelry Inventory Management S\" | Result: ❌ NO MATCH","timestamp":"2026-07-11 14:29:40"}
{"level":"info","message":"   -> 🔍 Scan [page-title-length] | Target: \"60\" | Operator: \"Greater than\" | Actual: 53 | Result: ❌ NO MATCH","timestamp":"2026-07-11 14:29:40"}
{"level":"info","message":"   -> 🔍 Scan [page-url] | Target: \"shop\" (containing) | Operator: \"contains\" | Actual: \"https://jewellmaster.com/features/jewelry-inventor\" | Result: ❌ NO MATCH","timestamp":"2026-07-11 14:29:40"}
{"level":"info","message":"   -> 🔍 Scan [link] | Target: \"contact\" (containing) | Operator: \"contains\" | Actual: [11 links] | Result: ❌ NO MATCH","timestamp":"2026-07-11 14:29:40"}
{"level":"info","message":"   -> 🔍 Scan [link-text] | Target: \"buy\" (containing) | Operator: \"contains\" | Actual: [11 links] | Result: ❌ NO MATCH","timestamp":"2026-07-11 14:29:40"}
{"level":"info","message":"   -> 🔍 Scan [link-text-length] | Target: \"50\" | Operator: \"Greater than\" | Actual: [11 links] | Result: ❌ NO MATCH","timestamp":"2026-07-11 14:29:40"}
{"level":"info","message":"   -> 🔍 Scan [file-size] | Target: \"5\" (MB) | Operator: \"Greater than\" | Actual: 435.6201171875 | Result: ❌ NO MATCH","timestamp":"2026-07-11 14:29:40"}
{"level":"info","message":"   -> 🔍 Scan [image-size] | Target: \"100\" (KB) | Operator: \"Greater than\" | Actual: [1 images] | Result: ✅ MATCH","timestamp":"2026-07-11 14:29:40"}
{"level":"info","message":"   -> 🔍 Scan [image-text] | Target: \"logo\" (containing) | Operator: \"contains\" | Actual: [1 images] | Result: ❌ NO MATCH","timestamp":"2026-07-11 14:29:40"}
{"level":"info","message":"   -> 🔍 Scan [image-text-length] | Target: \"100\" | Operator: \"Greater than\" | Actual: [1 images] | Result: ❌ NO MATCH","timestamp":"2026-07-11 14:29:40"}
{"level":"info","message":"   -> 🔍 Scan [external-link-count] | Target: \"10\" | Operator: \"Greater than\" | Actual: 0 | Result: ❌ NO MATCH","timestamp":"2026-07-11 14:29:40"}
{"level":"info","message":"   -> 🔍 Scan [incoming-link-count] | Target: \"5\" | Operator: \"Greater than\" | Actual: 11 | Result: ✅ MATCH","timestamp":"2026-07-11 14:29:40"}
{"level":"info","message":"   -> 🔍 Scan [heading-text] | Target: \"price\" (containing) | Operator: \"contains\" | Actual: [3 headings] | Result: ❌ NO MATCH","timestamp":"2026-07-11 14:29:40"}
{"level":"info","message":"   -> 🔍 Scan [header-text-length] | Target: \"80\" | Operator: \"Greater than\" | Actual: [3 headings] | Result: ❌ NO MATCH","timestamp":"2026-07-11 14:29:40"}
{"level":"info","message":"   -> 🔍 Scan [readability-level] | Target: \"12\" | Operator: \"Greater than\" | Actual: 20 | Result: ✅ MATCH","timestamp":"2026-07-11 14:29:40"}
{"level":"info","message":"   -> 🔍 Scan [meta-header] | Target: \"keyword\" (containing) | Operator: \"contains\" | Actual: [Content length: 15782] | Result: ❌ NO MATCH","timestamp":"2026-07-11 14:29:40"}
{"level":"info","message":"   -> 🔍 Scan [meta-header-length] | Target: \"160\" | Operator: \"Greater than\" | Actual: 132 | Result: ❌ NO MATCH","timestamp":"2026-07-11 14:29:40"}
{"level":"info","message":"   -> 🔍 Scan [page-html] | Target: \"<script>\" (containing) | Operator: \"contains\" | Actual: [Content length: 15782] | Result: ✅ MATCH","timestamp":"2026-07-11 14:29:40"}
{"level":"info","message":"   -> 🔍 Scan [image-size] | Target: \"1\" (MB) | Operator: \"Greater than\" | Actual: [1 images] | Result: ❌ NO MATCH","timestamp":"2026-07-11 14:29:40"}
{"level":"info","message":"   -> 🔍 Scan [text] | Target: \"jewellery\" (containing) | Operator: \"contains\" | Actual: [Content length: 14949] | Result: ✅ MATCH","timestamp":"2026-07-11 14:29:40"}
{"level":"info","message":"   -> 🔍 Scan [page-title] | Target: \"jewellery\" (containing) | Operator: \"contains\" | Actual: \"GST Invoicing & Billing for Je\" | Result: ❌ NO MATCH","timestamp":"2026-07-11 14:29:40"}
{"level":"info","message":"   -> 🔍 Scan [page-title-length] | Target: \"60\" | Operator: \"Greater than\" | Actual: 53 | Result: ❌ NO MATCH","timestamp":"2026-07-11 14:29:40"}
{"level":"info","message":"   -> 🔍 Scan [page-url] | Target: \"shop\" (containing) | Operator: \"contains\" | Actual: \"https://jewellmaster.com/features/gst-billing-invo\" | Result: ❌ NO MATCH","timestamp":"2026-07-11 14:29:40"}
{"level":"info","message":"   -> 🔍 Scan [link] | Target: \"contact\" (containing) | Operator: \"contains\" | Actual: [11 links] | Result: ❌ NO MATCH","timestamp":"2026-07-11 14:29:40"}
{"level":"info","message":"   -> 🔍 Scan [link-text] | Target: \"buy\" (containing) | Operator: \"contains\" | Actual: [11 links] | Result: ❌ NO MATCH","timestamp":"2026-07-11 14:29:40"}
{"level":"info","message":"   -> 🔍 Scan [link-text-length] | Target: \"50\" | Operator: \"Greater than\" | Actual: [11 links] | Result: ❌ NO MATCH","timestamp":"2026-07-11 14:29:40"}
{"level":"info","message":"   -> 🔍 Scan [file-size] | Target: \"5\" (MB) | Operator: \"Greater than\" | Actual: 358.03515625 | Result: ❌ NO MATCH","timestamp":"2026-07-11 14:29:40"}
{"level":"info","message":"   -> 🔍 Scan [image-size] | Target: \"100\" (KB) | Operator: \"Greater than\" | Actual: [1 images] | Result: ❌ NO MATCH","timestamp":"2026-07-11 14:29:40"}
{"level":"info","message":"   -> 🔍 Scan [image-text] | Target: \"logo\" (containing) | Operator: \"contains\" | Actual: [1 images] | Result: ❌ NO MATCH","timestamp":"2026-07-11 14:29:40"}
{"level":"info","message":"   -> 🔍 Scan [image-text-length] | Target: \"100\" | Operator: \"Greater than\" | Actual: [1 images] | Result: ❌ NO MATCH","timestamp":"2026-07-11 14:29:40"}
{"level":"info","message":"   -> 🔍 Scan [external-link-count] | Target: \"10\" | Operator: \"Greater than\" | Actual: 0 | Result: ❌ NO MATCH","timestamp":"2026-07-11 14:29:40"}
{"level":"info","message":"   -> 🔍 Scan [incoming-link-count] | Target: \"5\" | Operator: \"Greater than\" | Actual: 11 | Result: ✅ MATCH","timestamp":"2026-07-11 14:29:40"}
{"level":"info","message":"   -> 🔍 Scan [heading-text] | Target: \"price\" (containing) | Operator: \"contains\" | Actual: [3 headings] | Result: ❌ NO MATCH","timestamp":"2026-07-11 14:29:40"}
{"level":"info","message":"   -> 🔍 Scan [header-text-length] | Target: \"80\" | Operator: \"Greater than\" | Actual: [3 headings] | Result: ❌ NO MATCH","timestamp":"2026-07-11 14:29:40"}
{"level":"info","message":"   -> 🔍 Scan [readability-level] | Target: \"12\" | Operator: \"Greater than\" | Actual: 20 | Result: ✅ MATCH","timestamp":"2026-07-11 14:29:40"}
{"level":"info","message":"   -> 🔍 Scan [meta-header] | Target: \"keyword\" (containing) | Operator: \"contains\" | Actual: [Content length: 14949] | Result: ❌ NO MATCH","timestamp":"2026-07-11 14:29:40"}
{"level":"info","message":"   -> 🔍 Scan [meta-header-length] | Target: \"160\" | Operator: \"Greater than\" | Actual: 147 | Result: ❌ NO MATCH","timestamp":"2026-07-11 14:29:40"}
{"level":"info","message":"   -> 🔍 Scan [page-html] | Target: \"<script>\" (containing) | Operator: \"contains\" | Actual: [Content length: 14949] | Result: ✅ MATCH","timestamp":"2026-07-11 14:29:40"}
{"level":"info","message":"   -> 🔍 Scan [image-size] | Target: \"1\" (MB) | Operator: \"Greater than\" | Actual: [1 images] | Result: ❌ NO MATCH","timestamp":"2026-07-11 14:29:40"}
{"level":"info","message":"   -> 🔍 Scan [text] | Target: \"jewellery\" (containing) | Operator: \"contains\" | Actual: [Content length: 14904] | Result: ✅ MATCH","timestamp":"2026-07-11 14:29:40"}
{"level":"info","message":"   -> 🔍 Scan [page-title] | Target: \"jewellery\" (containing) | Operator: \"contains\" | Actual: \"Jewellery CRM & Customer Manag\" | Result: ✅ MATCH","timestamp":"2026-07-11 14:29:40"}
{"level":"info","message":"   -> 🔍 Scan [page-title-length] | Target: \"60\" | Operator: \"Greater than\" | Actual: 51 | Result: ❌ NO MATCH","timestamp":"2026-07-11 14:29:40"}
{"level":"info","message":"   -> 🔍 Scan [page-url] | Target: \"shop\" (containing) | Operator: \"contains\" | Actual: \"https://jewellmaster.com/features/crm-customer-man\" | Result: ❌ NO MATCH","timestamp":"2026-07-11 14:29:40"}
{"level":"info","message":"   -> 🔍 Scan [link] | Target: \"contact\" (containing) | Operator: \"contains\" | Actual: [11 links] | Result: ❌ NO MATCH","timestamp":"2026-07-11 14:29:40"}
{"level":"info","message":"   -> 🔍 Scan [link-text] | Target: \"buy\" (containing) | Operator: \"contains\" | Actual: [11 links] | Result: ❌ NO MATCH","timestamp":"2026-07-11 14:29:40"}
{"level":"info","message":"   -> 🔍 Scan [link-text-length] | Target: \"50\" | Operator: \"Greater than\" | Actual: [11 links] | Result: ❌ NO MATCH","timestamp":"2026-07-11 14:29:40"}
{"level":"info","message":"   -> 🔍 Scan [file-size] | Target: \"5\" (MB) | Operator: \"Greater than\" | Actual: 411.33203125 | Result: ❌ NO MATCH","timestamp":"2026-07-11 14:29:40"}
{"level":"info","message":"   -> 🔍 Scan [image-size] | Target: \"100\" (KB) | Operator: \"Greater than\" | Actual: [1 images] | Result: ❌ NO MATCH","timestamp":"2026-07-11 14:29:40"}
{"level":"info","message":"   -> 🔍 Scan [image-text] | Target: \"logo\" (containing) | Operator: \"contains\" | Actual: [1 images] | Result: ❌ NO MATCH","timestamp":"2026-07-11 14:29:40"}
{"level":"info","message":"   -> 🔍 Scan [image-text-length] | Target: \"100\" | Operator: \"Greater than\" | Actual: [1 images] | Result: ❌ NO MATCH","timestamp":"2026-07-11 14:29:40"}
{"level":"info","message":"   -> 🔍 Scan [external-link-count] | Target: \"10\" | Operator: \"Greater than\" | Actual: 0 | Result: ❌ NO MATCH","timestamp":"2026-07-11 14:29:40"}
{"level":"info","message":"   -> 🔍 Scan [incoming-link-count] | Target: \"5\" | Operator: \"Greater than\" | Actual: 11 | Result: ✅ MATCH","timestamp":"2026-07-11 14:29:40"}
{"level":"info","message":"   -> 🔍 Scan [heading-text] | Target: \"price\" (containing) | Operator: \"contains\" | Actual: [3 headings] | Result: ❌ NO MATCH","timestamp":"2026-07-11 14:29:40"}
{"level":"info","message":"   -> 🔍 Scan [header-text-length] | Target: \"80\" | Operator: \"Greater than\" | Actual: [3 headings] | Result: ❌ NO MATCH","timestamp":"2026-07-11 14:29:40"}
{"level":"info","message":"   -> 🔍 Scan [readability-level] | Target: \"12\" | Operator: \"Greater than\" | Actual: 20 | Result: ✅ MATCH","timestamp":"2026-07-11 14:29:40"}
{"level":"info","message":"   -> 🔍 Scan [meta-header] | Target: \"keyword\" (containing) | Operator: \"contains\" | Actual: [Content length: 14904] | Result: ❌ NO MATCH","timestamp":"2026-07-11 14:29:40"}
{"level":"info","message":"   -> 🔍 Scan [meta-header-length] | Target: \"160\" | Operator: \"Greater than\" | Actual: 134 | Result: ❌ NO MATCH","timestamp":"2026-07-11 14:29:40"}
{"level":"info","message":"   -> 🔍 Scan [page-html] | Target: \"<script>\" (containing) | Operator: \"contains\" | Actual: [Content length: 14904] | Result: ✅ MATCH","timestamp":"2026-07-11 14:29:40"}
{"level":"info","message":"   -> 🔍 Scan [image-size] | Target: \"1\" (MB) | Operator: \"Greater than\" | Actual: [1 images] | Result: ❌ NO MATCH","timestamp":"2026-07-11 14:29:40"}
{"level":"info","message":"   -> 🔍 Scan [text] | Target: \"jewellery\" (containing) | Operator: \"contains\" | Actual: [Content length: 14998] | Result: ✅ MATCH","timestamp":"2026-07-11 14:29:40"}
{"level":"info","message":"   -> 🔍 Scan [page-title] | Target: \"jewellery\" (containing) | Operator: \"contains\" | Actual: \"Jewellery Accounting & Finance\" | Result: ✅ MATCH","timestamp":"2026-07-11 14:29:40"}
{"level":"info","message":"   -> 🔍 Scan [page-title-length] | Target: \"60\" | Operator: \"Greater than\" | Actual: 46 | Result: ❌ NO MATCH","timestamp":"2026-07-11 14:29:40"}
{"level":"info","message":"   -> 🔍 Scan [page-url] | Target: \"shop\" (containing) | Operator: \"contains\" | Actual: \"https://jewellmaster.com/features/accounting-finan\" | Result: ❌ NO MATCH","timestamp":"2026-07-11 14:29:40"}
{"level":"info","message":"   -> 🔍 Scan [link] | Target: \"contact\" (containing) | Operator: \"contains\" | Actual: [11 links] | Result: ❌ NO MATCH","timestamp":"2026-07-11 14:29:40"}
{"level":"info","message":"   -> 🔍 Scan [link-text] | Target: \"buy\" (containing) | Operator: \"contains\" | Actual: [11 links] | Result: ❌ NO MATCH","timestamp":"2026-07-11 14:29:40"}
{"level":"info","message":"   -> 🔍 Scan [link-text-length] | Target: \"50\" | Operator: \"Greater than\" | Actual: [11 links] | Result: ❌ NO MATCH","timestamp":"2026-07-11 14:29:40"}
{"level":"info","message":"   -> 🔍 Scan [file-size] | Target: \"5\" (MB) | Operator: \"Greater than\" | Actual: 404.3828125 | Result: ❌ NO MATCH","timestamp":"2026-07-11 14:29:40"}
{"level":"info","message":"   -> 🔍 Scan [image-size] | Target: \"100\" (KB) | Operator: \"Greater than\" | Actual: [1 images] | Result: ❌ NO MATCH","timestamp":"2026-07-11 14:29:40"}
{"level":"info","message":"   -> 🔍 Scan [image-text] | Target: \"logo\" (containing) | Operator: \"contains\" | Actual: [1 images] | Result: ❌ NO MATCH","timestamp":"2026-07-11 14:29:40"}
{"level":"info","message":"   -> 🔍 Scan [image-text-length] | Target: \"100\" | Operator: \"Greater than\" | Actual: [1 images] | Result: ❌ NO MATCH","timestamp":"2026-07-11 14:29:40"}
{"level":"info","message":"   -> 🔍 Scan [external-link-count] | Target: \"10\" | Operator: \"Greater than\" | Actual: 0 | Result: ❌ NO MATCH","timestamp":"2026-07-11 14:29:40"}
{"level":"info","message":"   -> 🔍 Scan [incoming-link-count] | Target: \"5\" | Operator: \"Greater than\" | Actual: 11 | Result: ✅ MATCH","timestamp":"2026-07-11 14:29:40"}
{"level":"info","message":"   -> 🔍 Scan [heading-text] | Target: \"price\" (containing) | Operator: \"contains\" | Actual: [3 headings] | Result: ❌ NO MATCH","timestamp":"2026-07-11 14:29:40"}
{"level":"info","message":"   -> 🔍 Scan [header-text-length] | Target: \"80\" | Operator: \"Greater than\" | Actual: [3 headings] | Result: ❌ NO MATCH","timestamp":"2026-07-11 14:29:40"}
{"level":"info","message":"   -> 🔍 Scan [readability-level] | Target: \"12\" | Operator: \"Greater than\" | Actual: 20 | Result: ✅ MATCH","timestamp":"2026-07-11 14:29:40"}
{"level":"info","message":"   -> 🔍 Scan [meta-header] | Target: \"keyword\" (containing) | Operator: \"contains\" | Actual: [Content length: 14998] | Result: ❌ NO MATCH","timestamp":"2026-07-11 14:29:40"}
{"level":"info","message":"   -> 🔍 Scan [meta-header-length] | Target: \"160\" | Operator: \"Greater than\" | Actual: 126 | Result: ❌ NO MATCH","timestamp":"2026-07-11 14:29:40"}
{"level":"info","message":"   -> 🔍 Scan [page-html] | Target: \"<script>\" (containing) | Operator: \"contains\" | Actual: [Content length: 14998] | Result: ✅ MATCH","timestamp":"2026-07-11 14:29:40"}
{"level":"info","message":"   -> 🔍 Scan [image-size] | Target: \"1\" (MB) | Operator: \"Greater than\" | Actual: [1 images] | Result: ❌ NO MATCH","timestamp":"2026-07-11 14:29:40"}
{"level":"info","message":"   -> 🔍 Scan [text] | Target: \"jewellery\" (containing) | Operator: \"contains\" | Actual: [Content length: 14839] | Result: ✅ MATCH","timestamp":"2026-07-11 14:29:40"}
{"level":"info","message":"   -> 🔍 Scan [page-title] | Target: \"jewellery\" (containing) | Operator: \"contains\" | Actual: \"AI Powered Reports for Jewelle\" | Result: ✅ MATCH","timestamp":"2026-07-11 14:29:40"}
{"level":"info","message":"   -> 🔍 Scan [page-title-length] | Target: \"60\" | Operator: \"Greater than\" | Actual: 52 | Result: ❌ NO MATCH","timestamp":"2026-07-11 14:29:40"}
{"level":"info","message":"   -> 🔍 Scan [page-url] | Target: \"shop\" (containing) | Operator: \"contains\" | Actual: \"https://jewellmaster.com/features/ai-powered-repor\" | Result: ❌ NO MATCH","timestamp":"2026-07-11 14:29:40"}
{"level":"info","message":"   -> 🔍 Scan [link] | Target: \"contact\" (containing) | Operator: \"contains\" | Actual: [11 links] | Result: ❌ NO MATCH","timestamp":"2026-07-11 14:29:40"}
{"level":"info","message":"   -> 🔍 Scan [link-text] | Target: \"buy\" (containing) | Operator: \"contains\" | Actual: [11 links] | Result: ❌ NO MATCH","timestamp":"2026-07-11 14:29:40"}
{"level":"info","message":"   -> 🔍 Scan [link-text-length] | Target: \"50\" | Operator: \"Greater than\" | Actual: [11 links] | Result: ❌ NO MATCH","timestamp":"2026-07-11 14:29:40"}
{"level":"info","message":"   -> 🔍 Scan [file-size] | Target: \"5\" (MB) | Operator: \"Greater than\" | Actual: 388.8125 | Result: ❌ NO MATCH","timestamp":"2026-07-11 14:29:40"}
{"level":"info","message":"   -> 🔍 Scan [image-size] | Target: \"100\" (KB) | Operator: \"Greater than\" | Actual: [1 images] | Result: ❌ NO MATCH","timestamp":"2026-07-11 14:29:40"}
{"level":"info","message":"   -> 🔍 Scan [image-text] | Target: \"logo\" (containing) | Operator: \"contains\" | Actual: [1 images] | Result: ❌ NO MATCH","timestamp":"2026-07-11 14:29:40"}
{"level":"info","message":"   -> 🔍 Scan [image-text-length] | Target: \"100\" | Operator: \"Greater than\" | Actual: [1 images] | Result: ❌ NO MATCH","timestamp":"2026-07-11 14:29:40"}
{"level":"info","message":"   -> 🔍 Scan [external-link-count] | Target: \"10\" | Operator: \"Greater than\" | Actual: 0 | Result: ❌ NO MATCH","timestamp":"2026-07-11 14:29:40"}
{"level":"info","message":"   -> 🔍 Scan [incoming-link-count] | Target: \"5\" | Operator: \"Greater than\" | Actual: 11 | Result: ✅ MATCH","timestamp":"2026-07-11 14:29:40"}
{"level":"info","message":"   -> 🔍 Scan [heading-text] | Target: \"price\" (containing) | Operator: \"contains\" | Actual: [3 headings] | Result: ❌ NO MATCH","timestamp":"2026-07-11 14:29:40"}
{"level":"info","message":"   -> 🔍 Scan [header-text-length] | Target: \"80\" | Operator: \"Greater than\" | Actual: [3 headings] | Result: ❌ NO MATCH","timestamp":"2026-07-11 14:29:40"}
{"level":"info","message":"   -> 🔍 Scan [readability-level] | Target: \"12\" | Operator: \"Greater than\" | Actual: 20 | Result: ✅ MATCH","timestamp":"2026-07-11 14:29:40"}
{"level":"info","message":"   -> 🔍 Scan [meta-header] | Target: \"keyword\" (containing) | Operator: \"contains\" | Actual: [Content length: 14839] | Result: ❌ NO MATCH","timestamp":"2026-07-11 14:29:40"}
{"level":"info","message":"   -> 🔍 Scan [meta-header-length] | Target: \"160\" | Operator: \"Greater than\" | Actual: 129 | Result: ❌ NO MATCH","timestamp":"2026-07-11 14:29:40"}
{"level":"info","message":"   -> 🔍 Scan [page-html] | Target: \"<script>\" (containing) | Operator: \"contains\" | Actual: [Content length: 14839] | Result: ✅ MATCH","timestamp":"2026-07-11 14:29:40"}
{"level":"info","message":"   -> 🔍 Scan [image-size] | Target: \"1\" (MB) | Operator: \"Greater than\" | Actual: [1 images] | Result: ❌ NO MATCH","timestamp":"2026-07-11 14:29:40"}
{"level":"info","message":"   -> 🔍 Scan [text] | Target: \"jewellery\" (containing) | Operator: \"contains\" | Actual: [Content length: 14922] | Result: ✅ MATCH","timestamp":"2026-07-11 14:29:40"}
{"level":"info","message":"   -> 🔍 Scan [page-title] | Target: \"jewellery\" (containing) | Operator: \"contains\" | Actual: \"Multi Branch Jewellery ERP Sof\" | Result: ✅ MATCH","timestamp":"2026-07-11 14:29:40"}
{"level":"info","message":"   -> 🔍 Scan [page-title-length] | Target: \"60\" | Operator: \"Greater than\" | Actual: 51 | Result: ❌ NO MATCH","timestamp":"2026-07-11 14:29:40"}
{"level":"info","message":"   -> 🔍 Scan [page-url] | Target: \"shop\" (containing) | Operator: \"contains\" | Actual: \"https://jewellmaster.com/features/multi-branch-man\" | Result: ❌ NO MATCH","timestamp":"2026-07-11 14:29:40"}
{"level":"info","message":"   -> 🔍 Scan [link] | Target: \"contact\" (containing) | Operator: \"contains\" | Actual: [11 links] | Result: ❌ NO MATCH","timestamp":"2026-07-11 14:29:40"}
{"level":"info","message":"   -> 🔍 Scan [link-text] | Target: \"buy\" (containing) | Operator: \"contains\" | Actual: [11 links] | Result: ❌ NO MATCH","timestamp":"2026-07-11 14:29:40"}
{"level":"info","message":"   -> 🔍 Scan [link-text-length] | Target: \"50\" | Operator: \"Greater than\" | Actual: [11 links] | Result: ❌ NO MATCH","timestamp":"2026-07-11 14:29:40"}
{"level":"info","message":"   -> 🔍 Scan [file-size] | Target: \"5\" (MB) | Operator: \"Greater than\" | Actual: 377.966796875 | Result: ❌ NO MATCH","timestamp":"2026-07-11 14:29:40"}
{"level":"info","message":"   -> 🔍 Scan [image-size] | Target: \"100\" (KB) | Operator: \"Greater than\" | Actual: [1 images] | Result: ❌ NO MATCH","timestamp":"2026-07-11 14:29:40"}
{"level":"info","message":"   -> 🔍 Scan [image-text] | Target: \"logo\" (containing) | Operator: \"contains\" | Actual: [1 images] | Result: ❌ NO MATCH","timestamp":"2026-07-11 14:29:40"}
{"level":"info","message":"   -> 🔍 Scan [image-text-length] | Target: \"100\" | Operator: \"Greater than\" | Actual: [1 images] | Result: ❌ NO MATCH","timestamp":"2026-07-11 14:29:40"}
{"level":"info","message":"   -> 🔍 Scan [external-link-count] | Target: \"10\" | Operator: \"Greater than\" | Actual: 0 | Result: ❌ NO MATCH","timestamp":"2026-07-11 14:29:40"}
{"level":"info","message":"   -> 🔍 Scan [incoming-link-count] | Target: \"5\" | Operator: \"Greater than\" | Actual: 11 | Result: ✅ MATCH","timestamp":"2026-07-11 14:29:40"}
{"level":"info","message":"   -> 🔍 Scan [heading-text] | Target: \"price\" (containing) | Operator: \"contains\" | Actual: [3 headings] | Result: ❌ NO MATCH","timestamp":"2026-07-11 14:29:40"}
{"level":"info","message":"   -> 🔍 Scan [header-text-length] | Target: \"80\" | Operator: \"Greater than\" | Actual: [3 headings] | Result: ❌ NO MATCH","timestamp":"2026-07-11 14:29:40"}
{"level":"info","message":"   -> 🔍 Scan [readability-level] | Target: \"12\" | Operator: \"Greater than\" | Actual: 20 | Result: ✅ MATCH","timestamp":"2026-07-11 14:29:40"}
{"level":"info","message":"   -> 🔍 Scan [meta-header] | Target: \"keyword\" (containing) | Operator: \"contains\" | Actual: [Content length: 14922] | Result: ❌ NO MATCH","timestamp":"2026-07-11 14:29:40"}
{"level":"info","message":"   -> 🔍 Scan [meta-header-length] | Target: \"160\" | Operator: \"Greater than\" | Actual: 133 | Result: ❌ NO MATCH","timestamp":"2026-07-11 14:29:40"}
{"level":"info","message":"   -> 🔍 Scan [page-html] | Target: \"<script>\" (containing) | Operator: \"contains\" | Actual: [Content length: 14922] | Result: ✅ MATCH","timestamp":"2026-07-11 14:29:40"}
{"level":"info","message":"   -> 🔍 Scan [image-size] | Target: \"1\" (MB) | Operator: \"Greater than\" | Actual: [1 images] | Result: ❌ NO MATCH","timestamp":"2026-07-11 14:29:40"}
{"level":"info","message":"   -> 🔍 Scan [text] | Target: \"jewellery\" (containing) | Operator: \"contains\" | Actual: [Content length: 14820] | Result: ✅ MATCH","timestamp":"2026-07-11 14:29:40"}
{"level":"info","message":"   -> 🔍 Scan [page-title] | Target: \"jewellery\" (containing) | Operator: \"contains\" | Actual: \"Jewellery ERP Mobile App | Jew\" | Result: ✅ MATCH","timestamp":"2026-07-11 14:29:40"}
{"level":"info","message":"   -> 🔍 Scan [page-title-length] | Target: \"60\" | Operator: \"Greater than\" | Actual: 40 | Result: ❌ NO MATCH","timestamp":"2026-07-11 14:29:40"}
{"level":"info","message":"   -> 🔍 Scan [page-url] | Target: \"shop\" (containing) | Operator: \"contains\" | Actual: \"https://jewellmaster.com/features/mobile-app\" | Result: ❌ NO MATCH","timestamp":"2026-07-11 14:29:40"}
{"level":"info","message":"   -> 🔍 Scan [link] | Target: \"contact\" (containing) | Operator: \"contains\" | Actual: [11 links] | Result: ❌ NO MATCH","timestamp":"2026-07-11 14:29:40"}
{"level":"info","message":"   -> 🔍 Scan [link-text] | Target: \"buy\" (containing) | Operator: \"contains\" | Actual: [11 links] | Result: ❌ NO MATCH","timestamp":"2026-07-11 14:29:40"}
{"level":"info","message":"   -> 🔍 Scan [link-text-length] | Target: \"50\" | Operator: \"Greater than\" | Actual: [11 links] | Result: ❌ NO MATCH","timestamp":"2026-07-11 14:29:40"}
{"level":"info","message":"   -> 🔍 Scan [file-size] | Target: \"5\" (MB) | Operator: \"Greater than\" | Actual: 398.01171875 | Result: ❌ NO MATCH","timestamp":"2026-07-11 14:29:40"}
{"level":"info","message":"   -> 🔍 Scan [image-size] | Target: \"100\" (KB) | Operator: \"Greater than\" | Actual: [1 images] | Result: ❌ NO MATCH","timestamp":"2026-07-11 14:29:40"}
{"level":"info","message":"   -> 🔍 Scan [image-text] | Target: \"logo\" (containing) | Operator: \"contains\" | Actual: [1 images] | Result: ❌ NO MATCH","timestamp":"2026-07-11 14:29:40"}
{"level":"info","message":"   -> 🔍 Scan [image-text-length] | Target: \"100\" | Operator: \"Greater than\" | Actual: [1 images] | Result: ❌ NO MATCH","timestamp":"2026-07-11 14:29:40"}
{"level":"info","message":"   -> 🔍 Scan [external-link-count] | Target: \"10\" | Operator: \"Greater than\" | Actual: 0 | Result: ❌ NO MATCH","timestamp":"2026-07-11 14:29:40"}
{"level":"info","message":"   -> 🔍 Scan [incoming-link-count] | Target: \"5\" | Operator: \"Greater than\" | Actual: 11 | Result: ✅ MATCH","timestamp":"2026-07-11 14:29:40"}
{"level":"info","message":"   -> 🔍 Scan [heading-text] | Target: \"price\" (containing) | Operator: \"contains\" | Actual: [3 headings] | Result: ❌ NO MATCH","timestamp":"2026-07-11 14:29:40"}
{"level":"info","message":"   -> 🔍 Scan [header-text-length] | Target: \"80\" | Operator: \"Greater than\" | Actual: [3 headings] | Result: ❌ NO MATCH","timestamp":"2026-07-11 14:29:40"}
{"level":"info","message":"   -> 🔍 Scan [readability-level] | Target: \"12\" | Operator: \"Greater than\" | Actual: 20 | Result: ✅ MATCH","timestamp":"2026-07-11 14:29:40"}
{"level":"info","message":"   -> 🔍 Scan [meta-header] | Target: \"keyword\" (containing) | Operator: \"contains\" | Actual: [Content length: 14820] | Result: ❌ NO MATCH","timestamp":"2026-07-11 14:29:40"}
{"level":"info","message":"   -> 🔍 Scan [meta-header-length] | Target: \"160\" | Operator: \"Greater than\" | Actual: 140 | Result: ❌ NO MATCH","timestamp":"2026-07-11 14:29:40"}
{"level":"info","message":"   -> 🔍 Scan [page-html] | Target: \"<script>\" (containing) | Operator: \"contains\" | Actual: [Content length: 14820] | Result: ✅ MATCH","timestamp":"2026-07-11 14:29:40"}
{"level":"info","message":"   -> 🔍 Scan [image-size] | Target: \"1\" (MB) | Operator: \"Greater than\" | Actual: [1 images] | Result: ❌ NO MATCH","timestamp":"2026-07-11 14:29:40"}
{"level":"info","message":"✅ [https://jewellmaster.com] Saved 10 pages to database tenant_sbi.","timestamp":"2026-07-11 14:29:40"}
{"level":"info","message":"📊 [https://jewellmaster.com] Domain summary created in tenant_sbi. Final Score: 41","timestamp":"2026-07-11 14:29:40"}
{"level":"info","message":"📋 [jewellmaster.com] Compiling detailed audit data snapshot for jobId: 26-1783760037463...","timestamp":"2026-07-11 14:29:40"}
{"level":"info","message":"💾 [jewellmaster.com] Saved complete Audit details & summary snap to DB for jobId: 26-1783760037463","timestamp":"2026-07-11 14:29:40"}
{"level":"info","message":"📋 [jewellmaster.com] QA scan saved: 10 pages, jobId 26-1783760037463","timestamp":"2026-07-11 14:29:41"}
{"level":"info","message":"♿ [jewellmaster.com] Starting Accessibility scan for 10 pages...","timestamp":"2026-07-11 14:29:41"}
{"level":"info","message":"♿ [jewellmaster.com] Axe-core scanned 5/10","timestamp":"2026-07-11 14:29:53"}
{"level":"info","message":"♿ [jewellmaster.com] Axe-core scanned 10/10","timestamp":"2026-07-11 14:29:56"}
{"level":"info","message":"✅ [jewellmaster.com] Accessibility scan saved: 10 pages, jobId 26-1783760037463","timestamp":"2026-07-11 14:29:58"}
{"level":"info","message":"📦 [https://jewellmaster.com] Enqueued Inventory scan for scanId: 6a52060e8f139aa31590d98c","timestamp":"2026-07-11 14:29:58"}
{"level":"info","message":"[Job 33] 📋 Starting inventory scan for: https://jewellmaster.com","timestamp":"2026-07-11 14:29:58"}
{"level":"info","message":"[Inventory Scan] Starting background scan for scanId: 6a52060e8f139aa31590d98c, domain: https://jewellmaster.com","timestamp":"2026-07-11 14:29:58"}
{"level":"info","message":"Job 26 (https://jewellmaster.com) completed successfully.","timestamp":"2026-07-11 14:29:58"}
{"level":"info","message":"[Inventory Scan] Loaded 18 disallow rules from robots.txt","timestamp":"2026-07-11 14:29:58"}
{"level":"info","message":"[Inventory Scan] Scanning batch of size 1. Visited total: 1","timestamp":"2026-07-11 14:29:58"}
{"level":"info","message":"[Inventory Scan Progress] 📈 Scanned Page: https://jewellmaster.com/ | Progress: 99%","timestamp":"2026-07-11 14:29:59"}
{"level":"info","message":"   └── 📦 Assets Discovered -> Pages: 1 | Images: 31 | CSS: 2 | JS: 15 | Docs: 0 | Emails: 0 | Headlinks: 11","timestamp":"2026-07-11 14:29:59"}
{"level":"info","message":"[Inventory Scan] Scanning batch of size 2. Visited total: 3","timestamp":"2026-07-11 14:29:59"}
{"level":"info","message":"[Inventory Scan Progress] 📈 Scanned Page: https://jewellmaster.com/features | Progress: 99%","timestamp":"2026-07-11 14:30:00"}
{"level":"info","message":"   └── 📦 Assets Discovered -> Pages: 3 | Images: 33 | CSS: 8 | JS: 27 | Docs: 0 | Emails: 0 | Headlinks: 19","timestamp":"2026-07-11 14:30:00"}
{"level":"info","message":"[Job repeat:c10eea93bf68cc56fd5c63b351df3d32:1783760400000] 🚀 Executing scheduled global orchestration...","timestamp":"2026-07-11 14:30:00"}
{"level":"info","message":"Orchestrator: Starting global scan orchestration... ","timestamp":"2026-07-11 14:30:00"}
{"level":"info","message":"🔗 Connecting to MASTER database: master","timestamp":"2026-07-11 14:30:00"}
{"level":"info","message":"[Inventory Scan Progress] 📈 Scanned Page: https://jewellmaster.com/demo | Progress: 99%","timestamp":"2026-07-11 14:30:00"}
{"level":"info","message":"   └── 📦 Assets Discovered -> Pages: 3 | Images: 33 | CSS: 8 | JS: 27 | Docs: 0 | Emails: 0 | Headlinks: 32","timestamp":"2026-07-11 14:30:00"}
{"level":"info","message":"[Inventory Scan] Scanning batch of size 5. Visited total: 8","timestamp":"2026-07-11 14:30:00"}
{"level":"info","message":"Orchestrator: Found 2 tenants to process.","timestamp":"2026-07-11 14:30:01"}
{"level":"info","message":"📁 Switching to CLIENT database: tenant_rbi (Tenant: rbi)","timestamp":"2026-07-11 14:30:01"}
{"level":"info","message":"Orchestrator: No domains found for tenant rbi (excluding those currently scanning).","timestamp":"2026-07-11 14:30:01"}
{"level":"info","message":"📁 Switching to CLIENT database: tenant_sbi (Tenant: sbi)","timestamp":"2026-07-11 14:30:01"}
{"level":"info","message":"[Inventory Scan Progress] 📈 Scanned Page: https://jewellmaster.com/features/crm-customer-management | Progress: 99%","timestamp":"2026-07-11 14:30:01"}
{"level":"info","message":"   └── 📦 Assets Discovered -> Pages: 8 | Images: 38 | CSS: 18 | JS: 57 | Docs: 0 | Emails: 0 | Headlinks: 56","timestamp":"2026-07-11 14:30:01"}
{"level":"info","message":"[Inventory Scan Progress] 📈 Scanned Page: https://jewellmaster.com/features/gst-billing-invoicing | Progress: 99%","timestamp":"2026-07-11 14:30:01"}
{"level":"info","message":"   └── 📦 Assets Discovered -> Pages: 8 | Images: 38 | CSS: 18 | JS: 57 | Docs: 0 | Emails: 0 | Headlinks: 64","timestamp":"2026-07-11 14:30:01"}
{"level":"info","message":"Orchestrator: No domains found for tenant sbi (excluding those currently scanning).","timestamp":"2026-07-11 14:30:01"}
{"level":"info","message":"Orchestrator: Master DB connection closed.","timestamp":"2026-07-11 14:30:01"}
{"level":"info","message":"✅ Orchestrator: Finished. Total jobs enqueued: 0","timestamp":"2026-07-11 14:30:01"}
{"level":"info","message":"Job repeat:c10eea93bf68cc56fd5c63b351df3d32:1783760400000 (Orchestrator) completed successfully.","timestamp":"2026-07-11 14:30:01"}
{"level":"info","message":"[Inventory Scan Progress] 📈 Scanned Page: https://jewellmaster.com/features/ai-powered-reports | Progress: 99%","timestamp":"2026-07-11 14:30:01"}
{"level":"info","message":"   └── 📦 Assets Discovered -> Pages: 8 | Images: 38 | CSS: 18 | JS: 57 | Docs: 0 | Emails: 0 | Headlinks: 72","timestamp":"2026-07-11 14:30:01"}
{"level":"info","message":"[Inventory Scan Progress] 📈 Scanned Page: https://jewellmaster.com/features/jewelry-inventory-management | Progress: 99%","timestamp":"2026-07-11 14:30:01"}
{"level":"info","message":"   └── 📦 Assets Discovered -> Pages: 8 | Images: 38 | CSS: 18 | JS: 57 | Docs: 0 | Emails: 0 | Headlinks: 72","timestamp":"2026-07-11 14:30:01"}
{"level":"info","message":"[Inventory Scan Progress] 📈 Scanned Page: https://jewellmaster.com/features/accounting-financial-management | Progress: 99%","timestamp":"2026-07-11 14:30:01"}
{"level":"info","message":"   └── 📦 Assets Discovered -> Pages: 8 | Images: 38 | CSS: 18 | JS: 57 | Docs: 0 | Emails: 0 | Headlinks: 72","timestamp":"2026-07-11 14:30:01"}
{"level":"info","message":"[Inventory Scan] Scanning batch of size 4. Visited total: 12","timestamp":"2026-07-11 14:30:01"}
{"level":"info","message":"[Inventory Scan Progress] 📈 Scanned Page: https://jewellmaster.com/features/mobile-app | Progress: 99%","timestamp":"2026-07-11 14:30:01"}
{"level":"info","message":"   └── 📦 Assets Discovered -> Pages: 12 | Images: 42 | CSS: 26 | JS: 81 | Docs: 0 | Emails: 0 | Headlinks: 96","timestamp":"2026-07-11 14:30:01"}
{"level":"info","message":"[Inventory Scan Progress] 📈 Scanned Page: https://jewellmaster.com/features/multi-branch-management | Progress: 99%","timestamp":"2026-07-11 14:30:01"}
{"level":"info","message":"   └── 📦 Assets Discovered -> Pages: 12 | Images: 42 | CSS: 26 | JS: 81 | Docs: 0 | Emails: 0 | Headlinks: 96","timestamp":"2026-07-11 14:30:01"}
{"level":"info","message":"[Inventory Scan Progress] 📈 Scanned Page: https://jewellmaster.com/features/integrations | Progress: 99%","timestamp":"2026-07-11 14:30:01"}
{"level":"info","message":"   └── 📦 Assets Discovered -> Pages: 12 | Images: 42 | CSS: 26 | JS: 81 | Docs: 0 | Emails: 0 | Headlinks: 96","timestamp":"2026-07-11 14:30:01"}
{"level":"info","message":"[Inventory Scan Progress] 📈 Scanned Page: https://jewellmaster.com/features/security-reliability | Progress: 99%","timestamp":"2026-07-11 14:30:02"}
{"level":"info","message":"   └── 📦 Assets Discovered -> Pages: 12 | Images: 42 | CSS: 26 | JS: 81 | Docs: 0 | Emails: 0 | Headlinks: 104","timestamp":"2026-07-11 14:30:02"}
{"level":"info","message":"[Inventory Scan Completed] ✅ Crawl finished successfully in 3605ms!","timestamp":"2026-07-11 14:30:02"}
{"level":"info","message":"   └── 📊 Final Inventory Totals -> Pages: 12 | Images: 42 | CSS: 26 | JS: 81 | Docs: 0 | Emails: 0 | Headlinks: 104","timestamp":"2026-07-11 14:30:02"}
{"level":"info","message":"Job 33 (undefined) completed successfully.","timestamp":"2026-07-11 14:30:02"}
{"level":"info","message":"[Job repeat:c10eea93bf68cc56fd5c63b351df3d32:1783760460000] 🚀 Executing scheduled global orchestration...","timestamp":"2026-07-11 14:31:00"}
{"level":"info","message":"Orchestrator: Starting global scan orchestration... ","timestamp":"2026-07-11 14:31:00"}
{"level":"info","message":"🔗 Connecting to MASTER database: master","timestamp":"2026-07-11 14:31:00"}
{"level":"info","message":"Orchestrator: Found 2 tenants to process.","timestamp":"2026-07-11 14:31:01"}
{"level":"info","message":"📁 Switching to CLIENT database: tenant_rbi (Tenant: rbi)","timestamp":"2026-07-11 14:31:01"}
{"level":"info","message":"Orchestrator: No domains found for tenant rbi (excluding those currently scanning).","timestamp":"2026-07-11 14:31:01"}
{"level":"info","message":"📁 Switching to CLIENT database: tenant_sbi (Tenant: sbi)","timestamp":"2026-07-11 14:31:01"}
{"level":"info","message":"Orchestrator: No domains found for tenant sbi (excluding those currently scanning).","timestamp":"2026-07-11 14:31:01"}
{"level":"info","message":"Orchestrator: Master DB connection closed.","timestamp":"2026-07-11 14:31:01"}
{"level":"info","message":"✅ Orchestrator: Finished. Total jobs enqueued: 0","timestamp":"2026-07-11 14:31:01"}
{"level":"info","message":"Job repeat:c10eea93bf68cc56fd5c63b351df3d32:1783760460000 (Orchestrator) completed successfully.","timestamp":"2026-07-11 14:31:01"}
{"level":"info","message":"[Job repeat:c10eea93bf68cc56fd5c63b351df3d32:1783760520000] 🚀 Executing scheduled global orchestration...","timestamp":"2026-07-11 14:32:00"}
{"level":"info","message":"Orchestrator: Starting global scan orchestration... ","timestamp":"2026-07-11 14:32:00"}
{"level":"info","message":"🔗 Connecting to MASTER database: master","timestamp":"2026-07-11 14:32:00"}
{"level":"info","message":"Orchestrator: Found 2 tenants to process.","timestamp":"2026-07-11 14:32:00"}
{"level":"info","message":"📁 Switching to CLIENT database: tenant_rbi (Tenant: rbi)","timestamp":"2026-07-11 14:32:00"}
{"level":"info","message":"Orchestrator: No domains found for tenant rbi (excluding those currently scanning).","timestamp":"2026-07-11 14:32:00"}
{"level":"info","message":"📁 Switching to CLIENT database: tenant_sbi (Tenant: sbi)","timestamp":"2026-07-11 14:32:00"}
{"level":"info","message":"Orchestrator: No domains found for tenant sbi (excluding those currently scanning).","timestamp":"2026-07-11 14:32:00"}
{"level":"info","message":"Orchestrator: Master DB connection closed.","timestamp":"2026-07-11 14:32:00"}
{"level":"info","message":"✅ Orchestrator: Finished. Total jobs enqueued: 0","timestamp":"2026-07-11 14:32:00"}
{"level":"info","message":"Job repeat:c10eea93bf68cc56fd5c63b351df3d32:1783760520000 (Orchestrator) completed successfully.","timestamp":"2026-07-11 14:32:00"}
{"level":"info","message":"[Job repeat:c10eea93bf68cc56fd5c63b351df3d32:1783760580000] 🚀 Executing scheduled global orchestration...","timestamp":"2026-07-11 14:33:00"}
{"level":"info","message":"Orchestrator: Starting global scan orchestration... ","timestamp":"2026-07-11 14:33:00"}
{"level":"info","message":"🔗 Connecting to MASTER database: master","timestamp":"2026-07-11 14:33:00"}
{"level":"info","message":"Orchestrator: Found 2 tenants to process.","timestamp":"2026-07-11 14:33:01"}
{"level":"info","message":"📁 Switching to CLIENT database: tenant_rbi (Tenant: rbi)","timestamp":"2026-07-11 14:33:01"}
{"level":"info","message":"Orchestrator: No domains found for tenant rbi (excluding those currently scanning).","timestamp":"2026-07-11 14:33:01"}
{"level":"info","message":"📁 Switching to CLIENT database: tenant_sbi (Tenant: sbi)","timestamp":"2026-07-11 14:33:01"}
{"level":"info","message":"Orchestrator: No domains found for tenant sbi (excluding those currently scanning).","timestamp":"2026-07-11 14:33:01"}
{"level":"info","message":"Orchestrator: Master DB connection closed.","timestamp":"2026-07-11 14:33:01"}
{"level":"info","message":"✅ Orchestrator: Finished. Total jobs enqueued: 0","timestamp":"2026-07-11 14:33:01"}
{"level":"info","message":"Job repeat:c10eea93bf68cc56fd5c63b351df3d32:1783760580000 (Orchestrator) completed successfully.","timestamp":"2026-07-11 14:33:01"}
{"level":"info","message":"[Job repeat:c10eea93bf68cc56fd5c63b351df3d32:1783760640000] 🚀 Executing scheduled global orchestration...","timestamp":"2026-07-11 14:34:01"}
{"level":"info","message":"Orchestrator: Starting global scan orchestration... ","timestamp":"2026-07-11 14:34:01"}
{"level":"info","message":"🔗 Connecting to MASTER database: master","timestamp":"2026-07-11 14:34:01"}
{"level":"info","message":"Orchestrator: Found 2 tenants to process.","timestamp":"2026-07-11 14:34:01"}
{"level":"info","message":"📁 Switching to CLIENT database: tenant_rbi (Tenant: rbi)","timestamp":"2026-07-11 14:34:01"}
{"level":"info","message":"Orchestrator: No domains found for tenant rbi (excluding those currently scanning).","timestamp":"2026-07-11 14:34:01"}
{"level":"info","message":"📁 Switching to CLIENT database: tenant_sbi (Tenant: sbi)","timestamp":"2026-07-11 14:34:01"}
{"level":"info","message":"Orchestrator: No domains found for tenant sbi (excluding those currently scanning).","timestamp":"2026-07-11 14:34:01"}
{"level":"info","message":"Orchestrator: Master DB connection closed.","timestamp":"2026-07-11 14:34:01"}
{"level":"info","message":"✅ Orchestrator: Finished. Total jobs enqueued: 0","timestamp":"2026-07-11 14:34:01"}
{"level":"info","message":"Job repeat:c10eea93bf68cc56fd5c63b351df3d32:1783760640000 (Orchestrator) completed successfully.","timestamp":"2026-07-11 14:34:01"}
{"level":"info","message":"[Job repeat:c10eea93bf68cc56fd5c63b351df3d32:1783760700000] 🚀 Executing scheduled global orchestration...","timestamp":"2026-07-11 14:35:00"}
{"level":"info","message":"Orchestrator: Starting global scan orchestration... ","timestamp":"2026-07-11 14:35:00"}
{"level":"info","message":"🔗 Connecting to MASTER database: master","timestamp":"2026-07-11 14:35:00"}
{"level":"info","message":"Orchestrator: Found 2 tenants to process.","timestamp":"2026-07-11 14:35:01"}
{"level":"info","message":"📁 Switching to CLIENT database: tenant_rbi (Tenant: rbi)","timestamp":"2026-07-11 14:35:01"}
{"level":"info","message":"Orchestrator: No domains found for tenant rbi (excluding those currently scanning).","timestamp":"2026-07-11 14:35:01"}
{"level":"info","message":"📁 Switching to CLIENT database: tenant_sbi (Tenant: sbi)","timestamp":"2026-07-11 14:35:01"}
{"level":"info","message":"Orchestrator: No domains found for tenant sbi (excluding those currently scanning).","timestamp":"2026-07-11 14:35:01"}
{"level":"info","message":"Orchestrator: Master DB connection closed.","timestamp":"2026-07-11 14:35:01"}
{"level":"info","message":"✅ Orchestrator: Finished. Total jobs enqueued: 0","timestamp":"2026-07-11 14:35:01"}
{"level":"info","message":"Job repeat:c10eea93bf68cc56fd5c63b351df3d32:1783760700000 (Orchestrator) completed successfully.","timestamp":"2026-07-11 14:35:01"}
{"level":"info","message":"[Job repeat:c10eea93bf68cc56fd5c63b351df3d32:1783760760000] 🚀 Executing scheduled global orchestration...","timestamp":"2026-07-11 14:36:01"}
{"level":"info","message":"Orchestrator: Starting global scan orchestration... ","timestamp":"2026-07-11 14:36:01"}
{"level":"info","message":"🔗 Connecting to MASTER database: master","timestamp":"2026-07-11 14:36:01"}
{"level":"info","message":"Orchestrator: Found 2 tenants to process.","timestamp":"2026-07-11 14:36:01"}
{"level":"info","message":"📁 Switching to CLIENT database: tenant_rbi (Tenant: rbi)","timestamp":"2026-07-11 14:36:01"}
{"level":"info","message":"Orchestrator: No domains found for tenant rbi (excluding those currently scanning).","timestamp":"2026-07-11 14:36:01"}
{"level":"info","message":"📁 Switching to CLIENT database: tenant_sbi (Tenant: sbi)","timestamp":"2026-07-11 14:36:01"}
{"level":"info","message":"Orchestrator: No domains found for tenant sbi (excluding those currently scanning).","timestamp":"2026-07-11 14:36:01"}
{"level":"info","message":"Orchestrator: Master DB connection closed.","timestamp":"2026-07-11 14:36:01"}
{"level":"info","message":"✅ Orchestrator: Finished. Total jobs enqueued: 0","timestamp":"2026-07-11 14:36:01"}
{"level":"info","message":"Job repeat:c10eea93bf68cc56fd5c63b351df3d32:1783760760000 (Orchestrator) completed successfully.","timestamp":"2026-07-11 14:36:01"}
{"level":"info","message":"[Job repeat:c10eea93bf68cc56fd5c63b351df3d32:1783760820000] 🚀 Executing scheduled global orchestration...","timestamp":"2026-07-11 14:37:00"}
{"level":"info","message":"Orchestrator: Starting global scan orchestration... ","timestamp":"2026-07-11 14:37:00"}
{"level":"info","message":"🔗 Connecting to MASTER database: master","timestamp":"2026-07-11 14:37:00"}
{"level":"info","message":"Orchestrator: Found 2 tenants to process.","timestamp":"2026-07-11 14:37:01"}
{"level":"info","message":"📁 Switching to CLIENT database: tenant_rbi (Tenant: rbi)","timestamp":"2026-07-11 14:37:01"}
{"level":"info","message":"Orchestrator: No domains found for tenant rbi (excluding those currently scanning).","timestamp":"2026-07-11 14:37:01"}
{"level":"info","message":"📁 Switching to CLIENT database: tenant_sbi (Tenant: sbi)","timestamp":"2026-07-11 14:37:01"}
{"level":"info","message":"Orchestrator: No domains found for tenant sbi (excluding those currently scanning).","timestamp":"2026-07-11 14:37:01"}
{"level":"info","message":"Orchestrator: Master DB connection closed.","timestamp":"2026-07-11 14:37:01"}
{"level":"info","message":"✅ Orchestrator: Finished. Total jobs enqueued: 0","timestamp":"2026-07-11 14:37:01"}
{"level":"info","message":"Job repeat:c10eea93bf68cc56fd5c63b351df3d32:1783760820000 (Orchestrator) completed successfully.","timestamp":"2026-07-11 14:37:01"}
{"level":"info","message":"[Job repeat:c10eea93bf68cc56fd5c63b351df3d32:1783760880000] 🚀 Executing scheduled global orchestration...","timestamp":"2026-07-11 14:38:00"}
{"level":"info","message":"Orchestrator: Starting global scan orchestration... ","timestamp":"2026-07-11 14:38:00"}
{"level":"info","message":"🔗 Connecting to MASTER database: master","timestamp":"2026-07-11 14:38:00"}
{"level":"info","message":"Orchestrator: Found 2 tenants to process.","timestamp":"2026-07-11 14:38:01"}
{"level":"info","message":"📁 Switching to CLIENT database: tenant_rbi (Tenant: rbi)","timestamp":"2026-07-11 14:38:01"}
{"level":"info","message":"Orchestrator: No domains found for tenant rbi (excluding those currently scanning).","timestamp":"2026-07-11 14:38:01"}
{"level":"info","message":"📁 Switching to CLIENT database: tenant_sbi (Tenant: sbi)","timestamp":"2026-07-11 14:38:01"}
{"level":"info","message":"Orchestrator: No domains found for tenant sbi (excluding those currently scanning).","timestamp":"2026-07-11 14:38:01"}
{"level":"info","message":"Orchestrator: Master DB connection closed.","timestamp":"2026-07-11 14:38:01"}
{"level":"info","message":"✅ Orchestrator: Finished. Total jobs enqueued: 0","timestamp":"2026-07-11 14:38:01"}
{"level":"info","message":"Job repeat:c10eea93bf68cc56fd5c63b351df3d32:1783760880000 (Orchestrator) completed successfully.","timestamp":"2026-07-11 14:38:01"}
{"level":"info","message":"[Job 43] 🔍 Starting scan for: https://jewellmaster.com","timestamp":"2026-07-11 14:38:28"}
{"level":"info","message":"[https://jewellmaster.com] Checking domain status for ID: 6a086772439e555ef5630506. Found: true, Deleted: false, Archived: false, Status: active","timestamp":"2026-07-11 14:38:28"}
{"level":"info","message":"🔍 [Crawl] Queue: 0 | Visited: 1 | Scanning: https://jewellmaster.com/","timestamp":"2026-07-11 14:38:29"}
{"level":"info","message":"🔍 [Domain: jewellmaster.com] [Page 1/10] Scanning: https://jewellmaster.com/","timestamp":"2026-07-11 14:38:29"}
{"level":"info","message":"🔍 [Scraper] HTML length: 59435 | Body length: 24991 | Total <a> tags: 3","timestamp":"2026-07-11 14:38:47"}
{"level":"info","message":"🔗 [Link Extraction] Page: https://jewellmaster.com/ | hostNorm: jewellmaster.com | Found 3 total links (2 internal)","timestamp":"2026-07-11 14:38:47"}
{"level":"info","message":"🚀 [PageSpeed API] Fetching metrics for https://jewellmaster.com/...","timestamp":"2026-07-11 14:38:50"}
{"level":"info","message":"[Job repeat:c10eea93bf68cc56fd5c63b351df3d32:1783760940000] 🚀 Executing scheduled global orchestration...","timestamp":"2026-07-11 14:39:00"}
{"level":"info","message":"Orchestrator: Starting global scan orchestration... ","timestamp":"2026-07-11 14:39:00"}
{"level":"info","message":"🔗 Connecting to MASTER database: master","timestamp":"2026-07-11 14:39:00"}
{"level":"info","message":"Orchestrator: Found 2 tenants to process.","timestamp":"2026-07-11 14:39:01"}
{"level":"info","message":"📁 Switching to CLIENT database: tenant_rbi (Tenant: rbi)","timestamp":"2026-07-11 14:39:01"}
{"level":"info","message":"Orchestrator: No domains found for tenant rbi (excluding those currently scanning).","timestamp":"2026-07-11 14:39:01"}
{"level":"info","message":"📁 Switching to CLIENT database: tenant_sbi (Tenant: sbi)","timestamp":"2026-07-11 14:39:01"}
{"level":"info","message":"Orchestrator: No domains found for tenant sbi (excluding those currently scanning).","timestamp":"2026-07-11 14:39:01"}
{"level":"info","message":"Orchestrator: Master DB connection closed.","timestamp":"2026-07-11 14:39:01"}
{"level":"info","message":"✅ Orchestrator: Finished. Total jobs enqueued: 0","timestamp":"2026-07-11 14:39:01"}
{"level":"info","message":"Job repeat:c10eea93bf68cc56fd5c63b351df3d32:1783760940000 (Orchestrator) completed successfully.","timestamp":"2026-07-11 14:39:01"}
{"level":"info","message":"✅ [PageSpeed API] Score for https://jewellmaster.com/: 71","timestamp":"2026-07-11 14:39:11"}
{"level":"info","message":"📊 [Lighthouse] Results for https://jewellmaster.com/: Performance: 71, SEO: 92, Accessibility: 92","timestamp":"2026-07-11 14:39:11"}
{"level":"info","message":"🔍 [Domain: jewellmaster.com] [Page 1/10] Found 2 internal links on https://jewellmaster.com/","timestamp":"2026-07-11 14:39:11"}
{"level":"info","message":"➕ [Queue] Adding: https://jewellmaster.com/features (targetHost: jewellmaster.com, hostNorm: jewellmaster.com)","timestamp":"2026-07-11 14:39:11"}
{"level":"info","message":"➕ [Queue] Adding: https://jewellmaster.com/demo (targetHost: jewellmaster.com, hostNorm: jewellmaster.com)","timestamp":"2026-07-11 14:39:11"}
{"level":"info","message":"🔍 [Crawl] Queue: 1 | Visited: 2 | Scanning: https://jewellmaster.com/features","timestamp":"2026-07-11 14:39:11"}
{"level":"info","message":"🔍 [Domain: jewellmaster.com] [Page 2/10] Scanning: https://jewellmaster.com/features","timestamp":"2026-07-11 14:39:11"}
{"level":"info","message":"🔍 [Scraper] HTML length: 27093 | Body length: 15786 | Total <a> tags: 11","timestamp":"2026-07-11 14:39:14"}
{"level":"info","message":"🔗 [Link Extraction] Page: https://jewellmaster.com/features | hostNorm: jewellmaster.com | Found 11 total links (11 internal)","timestamp":"2026-07-11 14:39:14"}
{"level":"info","message":"🚀 [PageSpeed API] Fetching metrics for https://jewellmaster.com/features...","timestamp":"2026-07-11 14:39:17"}
{"level":"info","message":"✅ [PageSpeed API] Score for https://jewellmaster.com/features: 83","timestamp":"2026-07-11 14:39:32"}
{"level":"info","message":"📊 [Lighthouse] Results for https://jewellmaster.com/features: Performance: 83, SEO: 100, Accessibility: 93","timestamp":"2026-07-11 14:39:32"}
{"level":"info","message":"🔍 [Domain: jewellmaster.com] [Page 2/10] Found 11 internal links on https://jewellmaster.com/features","timestamp":"2026-07-11 14:39:32"}
{"level":"info","message":"➕ [Queue] Adding: https://jewellmaster.com/features/jewelry-inventory-management (targetHost: jewellmaster.com, hostNorm: jewellmaster.com)","timestamp":"2026-07-11 14:39:32"}
{"level":"info","message":"➕ [Queue] Adding: https://jewellmaster.com/features/gst-billing-invoicing (targetHost: jewellmaster.com, hostNorm: jewellmaster.com)","timestamp":"2026-07-11 14:39:32"}
{"level":"info","message":"➕ [Queue] Adding: https://jewellmaster.com/features/crm-customer-management (targetHost: jewellmaster.com, hostNorm: jewellmaster.com)","timestamp":"2026-07-11 14:39:32"}
{"level":"info","message":"➕ [Queue] Adding: https://jewellmaster.com/features/accounting-financial-management (targetHost: jewellmaster.com, hostNorm: jewellmaster.com)","timestamp":"2026-07-11 14:39:32"}
{"level":"info","message":"➕ [Queue] Adding: https://jewellmaster.com/features/ai-powered-reports (targetHost: jewellmaster.com, hostNorm: jewellmaster.com)","timestamp":"2026-07-11 14:39:32"}
{"level":"info","message":"➕ [Queue] Adding: https://jewellmaster.com/features/multi-branch-management (targetHost: jewellmaster.com, hostNorm: jewellmaster.com)","timestamp":"2026-07-11 14:39:32"}
{"level":"info","message":"➕ [Queue] Adding: https://jewellmaster.com/features/mobile-app (targetHost: jewellmaster.com, hostNorm: jewellmaster.com)","timestamp":"2026-07-11 14:39:32"}
{"level":"info","message":"➕ [Queue] Adding: https://jewellmaster.com/features/integrations (targetHost: jewellmaster.com, hostNorm: jewellmaster.com)","timestamp":"2026-07-11 14:39:32"}
{"level":"info","message":"➕ [Queue] Adding: https://jewellmaster.com/features/security-reliability (targetHost: jewellmaster.com, hostNorm: jewellmaster.com)","timestamp":"2026-07-11 14:39:32"}
{"level":"info","message":"🔍 [Crawl] Queue: 9 | Visited: 3 | Scanning: https://jewellmaster.com/demo","timestamp":"2026-07-11 14:39:32"}
{"level":"info","message":"🔍 [Domain: jewellmaster.com] [Page 3/10] Scanning: https://jewellmaster.com/demo","timestamp":"2026-07-11 14:39:32"}
{"level":"info","message":"🔍 [Scraper] HTML length: 26483 | Body length: 13519 | Total <a> tags: 3","timestamp":"2026-07-11 14:39:36"}
{"level":"info","message":"🔗 [Link Extraction] Page: https://jewellmaster.com/demo | hostNorm: jewellmaster.com | Found 3 total links (2 internal)","timestamp":"2026-07-11 14:39:36"}
{"level":"info","message":"🚀 [PageSpeed API] Fetching metrics for https://jewellmaster.com/demo...","timestamp":"2026-07-11 14:39:38"}
{"level":"info","message":"✅ [PageSpeed API] Score for https://jewellmaster.com/demo: 82","timestamp":"2026-07-11 14:39:55"}
{"level":"info","message":"📊 [Lighthouse] Results for https://jewellmaster.com/demo: Performance: 82, SEO: 92, Accessibility: 73","timestamp":"2026-07-11 14:39:55"}
{"level":"info","message":"🔍 [Domain: jewellmaster.com] [Page 3/10] Found 2 internal links on https://jewellmaster.com/demo","timestamp":"2026-07-11 14:39:55"}
{"level":"info","message":"🔍 [Crawl] Queue: 8 | Visited: 4 | Scanning: https://jewellmaster.com/features/jewelry-inventory-management","timestamp":"2026-07-11 14:39:55"}
{"level":"info","message":"🔍 [Domain: jewellmaster.com] [Page 4/10] Scanning: https://jewellmaster.com/features/jewelry-inventory-management","timestamp":"2026-07-11 14:39:55"}
{"level":"info","message":"🔍 [Scraper] HTML length: 27352 | Body length: 15782 | Total <a> tags: 11","timestamp":"2026-07-11 14:39:58"}
{"level":"info","message":"🔗 [Link Extraction] Page: https://jewellmaster.com/features/jewelry-inventory-management | hostNorm: jewellmaster.com | Found 11 total links (11 internal)","timestamp":"2026-07-11 14:39:58"}
{"level":"info","message":"[Job repeat:c10eea93bf68cc56fd5c63b351df3d32:1783761000000] 🚀 Executing scheduled global orchestration...","timestamp":"2026-07-11 14:40:00"}
{"level":"info","message":"Orchestrator: Starting global scan orchestration... ","timestamp":"2026-07-11 14:40:00"}
{"level":"info","message":"🔗 Connecting to MASTER database: master","timestamp":"2026-07-11 14:40:00"}
{"level":"info","message":"Orchestrator: Found 2 tenants to process.","timestamp":"2026-07-11 14:40:01"}
{"level":"info","message":"📁 Switching to CLIENT database: tenant_rbi (Tenant: rbi)","timestamp":"2026-07-11 14:40:01"}
{"level":"info","message":"Orchestrator: No domains found for tenant rbi (excluding those currently scanning).","timestamp":"2026-07-11 14:40:01"}
{"level":"info","message":"📁 Switching to CLIENT database: tenant_sbi (Tenant: sbi)","timestamp":"2026-07-11 14:40:01"}
{"level":"info","message":"Orchestrator: No domains found for tenant sbi (excluding those currently scanning).","timestamp":"2026-07-11 14:40:01"}
{"level":"info","message":"Orchestrator: Master DB connection closed.","timestamp":"2026-07-11 14:40:01"}
{"level":"info","message":"✅ Orchestrator: Finished. Total jobs enqueued: 0","timestamp":"2026-07-11 14:40:01"}
{"level":"info","message":"Job repeat:c10eea93bf68cc56fd5c63b351df3d32:1783761000000 (Orchestrator) completed successfully.","timestamp":"2026-07-11 14:40:01"}
{"level":"info","message":"🚀 [PageSpeed API] Fetching metrics for https://jewellmaster.com/features/jewelry-inventory-management...","timestamp":"2026-07-11 14:40:01"}
{"level":"info","message":"✅ [PageSpeed API] Score for https://jewellmaster.com/features/jewelry-inventory-management: 87","timestamp":"2026-07-11 14:40:17"}
{"level":"info","message":"📊 [Lighthouse] Results for https://jewellmaster.com/features/jewelry-inventory-management: Performance: 87, SEO: 100, Accessibility: 93","timestamp":"2026-07-11 14:40:17"}
{"level":"info","message":"🔍 [Domain: jewellmaster.com] [Page 4/10] Found 11 internal links on https://jewellmaster.com/features/jewelry-inventory-management","timestamp":"2026-07-11 14:40:17"}
{"level":"info","message":"🔍 [Crawl] Queue: 7 | Visited: 5 | Scanning: https://jewellmaster.com/features/gst-billing-invoicing","timestamp":"2026-07-11 14:40:17"}
{"level":"info","message":"🔍 [Domain: jewellmaster.com] [Page 5/10] Scanning: https://jewellmaster.com/features/gst-billing-invoicing","timestamp":"2026-07-11 14:40:17"}
{"level":"info","message":"🔍 [Scraper] HTML length: 25912 | Body length: 14949 | Total <a> tags: 11","timestamp":"2026-07-11 14:40:35"}
{"level":"info","message":"🔗 [Link Extraction] Page: https://jewellmaster.com/features/gst-billing-invoicing | hostNorm: jewellmaster.com | Found 11 total links (11 internal)","timestamp":"2026-07-11 14:40:35"}
{"level":"info","message":"🚀 [PageSpeed API] Fetching metrics for https://jewellmaster.com/features/gst-billing-invoicing...","timestamp":"2026-07-11 14:40:40"}
{"level":"info","message":"✅ [PageSpeed API] Score for https://jewellmaster.com/features/gst-billing-invoicing: 88","timestamp":"2026-07-11 14:40:55"}
{"level":"info","message":"📊 [Lighthouse] Results for https://jewellmaster.com/features/gst-billing-invoicing: Performance: 88, SEO: 100, Accessibility: 93","timestamp":"2026-07-11 14:40:55"}
{"level":"info","message":"🔍 [Domain: jewellmaster.com] [Page 5/10] Found 11 internal links on https://jewellmaster.com/features/gst-billing-invoicing","timestamp":"2026-07-11 14:40:56"}
{"level":"info","message":"🔍 [Crawl] Queue: 6 | Visited: 6 | Scanning: https://jewellmaster.com/features/crm-customer-management","timestamp":"2026-07-11 14:40:56"}
{"level":"info","message":"🔍 [Domain: jewellmaster.com] [Page 6/10] Scanning: https://jewellmaster.com/features/crm-customer-management","timestamp":"2026-07-11 14:40:56"}
{"level":"info","message":"[Job repeat:c10eea93bf68cc56fd5c63b351df3d32:1783761060000] 🚀 Executing scheduled global orchestration...","timestamp":"2026-07-11 14:41:00"}
{"level":"info","message":"Orchestrator: Starting global scan orchestration... ","timestamp":"2026-07-11 14:41:00"}
{"level":"info","message":"🔗 Connecting to MASTER database: master","timestamp":"2026-07-11 14:41:00"}
{"level":"info","message":"Orchestrator: Found 2 tenants to process.","timestamp":"2026-07-11 14:41:00"}
{"level":"info","message":"📁 Switching to CLIENT database: tenant_rbi (Tenant: rbi)","timestamp":"2026-07-11 14:41:00"}
{"level":"info","message":"Orchestrator: No domains found for tenant rbi (excluding those currently scanning).","timestamp":"2026-07-11 14:41:00"}
{"level":"info","message":"📁 Switching to CLIENT database: tenant_sbi (Tenant: sbi)","timestamp":"2026-07-11 14:41:00"}
{"level":"info","message":"Orchestrator: No domains found for tenant sbi (excluding those currently scanning).","timestamp":"2026-07-11 14:41:00"}
{"level":"info","message":"Orchestrator: Master DB connection closed.","timestamp":"2026-07-11 14:41:00"}
{"level":"info","message":"✅ Orchestrator: Finished. Total jobs enqueued: 0","timestamp":"2026-07-11 14:41:00"}
{"level":"info","message":"Job repeat:c10eea93bf68cc56fd5c63b351df3d32:1783761060000 (Orchestrator) completed successfully.","timestamp":"2026-07-11 14:41:00"}
{"level":"info","message":"🔍 [Scraper] HTML length: 25746 | Body length: 14904 | Total <a> tags: 11","timestamp":"2026-07-11 14:41:29"}
{"level":"info","message":"🔗 [Link Extraction] Page: https://jewellmaster.com/features/crm-customer-management | hostNorm: jewellmaster.com | Found 11 total links (11 internal)","timestamp":"2026-07-11 14:41:29"}
{"level":"info","message":"🚀 [PageSpeed API] Fetching metrics for https://jewellmaster.com/features/crm-customer-management...","timestamp":"2026-07-11 14:41:32"}
{"level":"info","message":"✅ [PageSpeed API] Score for https://jewellmaster.com/features/crm-customer-management: 81","timestamp":"2026-07-11 14:41:51"}
{"level":"info","message":"📊 [Lighthouse] Results for https://jewellmaster.com/features/crm-customer-management: Performance: 81, SEO: 100, Accessibility: 93","timestamp":"2026-07-11 14:41:51"}
{"level":"info","message":"🔍 [Domain: jewellmaster.com] [Page 6/10] Found 11 internal links on https://jewellmaster.com/features/crm-customer-management","timestamp":"2026-07-11 14:41:51"}
{"level":"info","message":"🔍 [Crawl] Queue: 5 | Visited: 7 | Scanning: https://jewellmaster.com/features/accounting-financial-management","timestamp":"2026-07-11 14:41:51"}
{"level":"info","message":"🔍 [Domain: jewellmaster.com] [Page 7/10] Scanning: https://jewellmaster.com/features/accounting-financial-management","timestamp":"2026-07-11 14:41:51"}
{"level":"info","message":"🔍 [Scraper] HTML length: 25930 | Body length: 14998 | Total <a> tags: 11","timestamp":"2026-07-11 14:41:54"}
{"level":"info","message":"🔗 [Link Extraction] Page: https://jewellmaster.com/features/accounting-financial-management | hostNorm: jewellmaster.com | Found 11 total links (11 internal)","timestamp":"2026-07-11 14:41:54"}
{"level":"info","message":"🚀 [PageSpeed API] Fetching metrics for https://jewellmaster.com/features/accounting-financial-management...","timestamp":"2026-07-11 14:41:57"}
{"level":"info","message":"[Job repeat:c10eea93bf68cc56fd5c63b351df3d32:1783761120000] 🚀 Executing scheduled global orchestration...","timestamp":"2026-07-11 14:42:00"}
{"level":"info","message":"Orchestrator: Starting global scan orchestration... ","timestamp":"2026-07-11 14:42:00"}
{"level":"info","message":"🔗 Connecting to MASTER database: master","timestamp":"2026-07-11 14:42:00"}
{"level":"info","message":"Orchestrator: Found 2 tenants to process.","timestamp":"2026-07-11 14:42:01"}
{"level":"info","message":"📁 Switching to CLIENT database: tenant_rbi (Tenant: rbi)","timestamp":"2026-07-11 14:42:01"}
{"level":"info","message":"Orchestrator: No domains found for tenant rbi (excluding those currently scanning).","timestamp":"2026-07-11 14:42:01"}
{"level":"info","message":"📁 Switching to CLIENT database: tenant_sbi (Tenant: sbi)","timestamp":"2026-07-11 14:42:01"}
{"level":"info","message":"Orchestrator: No domains found for tenant sbi (excluding those currently scanning).","timestamp":"2026-07-11 14:42:01"}
{"level":"info","message":"Orchestrator: Master DB connection closed.","timestamp":"2026-07-11 14:42:01"}
{"level":"info","message":"✅ Orchestrator: Finished. Total jobs enqueued: 0","timestamp":"2026-07-11 14:42:01"}
{"level":"info","message":"Job repeat:c10eea93bf68cc56fd5c63b351df3d32:1783761120000 (Orchestrator) completed successfully.","timestamp":"2026-07-11 14:42:01"}
{"level":"info","message":"✅ [PageSpeed API] Score for https://jewellmaster.com/features/accounting-financial-management: 86","timestamp":"2026-07-11 14:42:14"}
{"level":"info","message":"📊 [Lighthouse] Results for https://jewellmaster.com/features/accounting-financial-management: Performance: 86, SEO: 100, Accessibility: 93","timestamp":"2026-07-11 14:42:14"}
{"level":"info","message":"🔍 [Domain: jewellmaster.com] [Page 7/10] Found 11 internal links on https://jewellmaster.com/features/accounting-financial-management","timestamp":"2026-07-11 14:42:14"}
{"level":"info","message":"🔍 [Crawl] Queue: 4 | Visited: 8 | Scanning: https://jewellmaster.com/features/ai-powered-reports","timestamp":"2026-07-11 14:42:14"}
{"level":"info","message":"🔍 [Domain: jewellmaster.com] [Page 8/10] Scanning: https://jewellmaster.com/features/ai-powered-reports","timestamp":"2026-07-11 14:42:14"}
{"level":"info","message":"🔍 [Scraper] HTML length: 25598 | Body length: 14839 | Total <a> tags: 11","timestamp":"2026-07-11 14:42:18"}
{"level":"info","message":"🔗 [Link Extraction] Page: https://jewellmaster.com/features/ai-powered-reports | hostNorm: jewellmaster.com | Found 11 total links (11 internal)","timestamp":"2026-07-11 14:42:18"}
{"level":"info","message":"🚀 [PageSpeed API] Fetching metrics for https://jewellmaster.com/features/ai-powered-reports...","timestamp":"2026-07-11 14:42:21"}
{"level":"info","message":"✅ [PageSpeed API] Score for https://jewellmaster.com/features/ai-powered-reports: 86","timestamp":"2026-07-11 14:42:40"}
{"level":"info","message":"📊 [Lighthouse] Results for https://jewellmaster.com/features/ai-powered-reports: Performance: 86, SEO: 100, Accessibility: 93","timestamp":"2026-07-11 14:42:40"}
{"level":"info","message":"🔍 [Domain: jewellmaster.com] [Page 8/10] Found 11 internal links on https://jewellmaster.com/features/ai-powered-reports","timestamp":"2026-07-11 14:42:40"}
{"level":"info","message":"🔍 [Crawl] Queue: 3 | Visited: 9 | Scanning: https://jewellmaster.com/features/multi-branch-management","timestamp":"2026-07-11 14:42:40"}
{"level":"info","message":"🔍 [Domain: jewellmaster.com] [Page 9/10] Scanning: https://jewellmaster.com/features/multi-branch-management","timestamp":"2026-07-11 14:42:40"}
{"level":"info","message":"🔍 [Scraper] HTML length: 25815 | Body length: 14922 | Total <a> tags: 11","timestamp":"2026-07-11 14:42:43"}
{"level":"info","message":"🔗 [Link Extraction] Page: https://jewellmaster.com/features/multi-branch-management | hostNorm: jewellmaster.com | Found 11 total links (11 internal)","timestamp":"2026-07-11 14:42:43"}
{"level":"info","message":"🚀 [PageSpeed API] Fetching metrics for https://jewellmaster.com/features/multi-branch-management...","timestamp":"2026-07-11 14:42:46"}
{"level":"info","message":"[Job repeat:c10eea93bf68cc56fd5c63b351df3d32:1783761180000] 🚀 Executing scheduled global orchestration...","timestamp":"2026-07-11 14:43:00"}
{"level":"info","message":"Orchestrator: Starting global scan orchestration... ","timestamp":"2026-07-11 14:43:00"}
{"level":"info","message":"🔗 Connecting to MASTER database: master","timestamp":"2026-07-11 14:43:00"}
{"level":"info","message":"Orchestrator: Found 2 tenants to process.","timestamp":"2026-07-11 14:43:01"}
{"level":"info","message":"📁 Switching to CLIENT database: tenant_rbi (Tenant: rbi)","timestamp":"2026-07-11 14:43:01"}
{"level":"info","message":"Orchestrator: No domains found for tenant rbi (excluding those currently scanning).","timestamp":"2026-07-11 14:43:01"}
{"level":"info","message":"📁 Switching to CLIENT database: tenant_sbi (Tenant: sbi)","timestamp":"2026-07-11 14:43:01"}
{"level":"info","message":"Orchestrator: No domains found for tenant sbi (excluding those currently scanning).","timestamp":"2026-07-11 14:43:01"}
{"level":"info","message":"Orchestrator: Master DB connection closed.","timestamp":"2026-07-11 14:43:01"}
{"level":"info","message":"✅ Orchestrator: Finished. Total jobs enqueued: 0","timestamp":"2026-07-11 14:43:01"}
{"level":"info","message":"Job repeat:c10eea93bf68cc56fd5c63b351df3d32:1783761180000 (Orchestrator) completed successfully.","timestamp":"2026-07-11 14:43:01"}
{"level":"info","message":"✅ [PageSpeed API] Score for https://jewellmaster.com/features/multi-branch-management: 88","timestamp":"2026-07-11 14:43:03"}
{"level":"info","message":"📊 [Lighthouse] Results for https://jewellmaster.com/features/multi-branch-management: Performance: 88, SEO: 100, Accessibility: 93","timestamp":"2026-07-11 14:43:03"}
{"level":"info","message":"🔍 [Domain: jewellmaster.com] [Page 9/10] Found 11 internal links on https://jewellmaster.com/features/multi-branch-management","timestamp":"2026-07-11 14:43:04"}
{"level":"info","message":"🔍 [Crawl] Queue: 2 | Visited: 10 | Scanning: https://jewellmaster.com/features/mobile-app","timestamp":"2026-07-11 14:43:04"}
{"level":"info","message":"🔍 [Domain: jewellmaster.com] [Page 10/10] Scanning: https://jewellmaster.com/features/mobile-app","timestamp":"2026-07-11 14:43:04"}
{"level":"info","message":"🔍 [Scraper] HTML length: 25550 | Body length: 14820 | Total <a> tags: 11","timestamp":"2026-07-11 14:43:22"}
{"level":"info","message":"🔗 [Link Extraction] Page: https://jewellmaster.com/features/mobile-app | hostNorm: jewellmaster.com | Found 11 total links (11 internal)","timestamp":"2026-07-11 14:43:22"}
{"level":"info","message":"🚀 [PageSpeed API] Fetching metrics for https://jewellmaster.com/features/mobile-app...","timestamp":"2026-07-11 14:43:25"}
{"level":"info","message":"✅ [PageSpeed API] Score for https://jewellmaster.com/features/mobile-app: 87","timestamp":"2026-07-11 14:43:44"}
{"level":"info","message":"📊 [Lighthouse] Results for https://jewellmaster.com/features/mobile-app: Performance: 87, SEO: 100, Accessibility: 93","timestamp":"2026-07-11 14:43:44"}
{"level":"info","message":"🔍 [Domain: jewellmaster.com] [Page 10/10] Found 11 internal links on https://jewellmaster.com/features/mobile-app","timestamp":"2026-07-11 14:43:44"}
{"level":"info","message":"[https://jewellmaster.com] Evaluating 2 policies against 10 pages.","timestamp":"2026-07-11 14:43:44"}
{"level":"info","message":"   -> 🔍 Scan [text] | Target: \"jewellery\" (containing) | Operator: \"contains\" | Actual: [Content length: 24991] | Result: ✅ MATCH","timestamp":"2026-07-11 14:43:44"}
{"level":"info","message":"   -> 🔍 Scan [page-title] | Target: \"jewellery\" (containing) | Operator: \"contains\" | Actual: \"Jewellery Software India & Wor\" | Result: ✅ MATCH","timestamp":"2026-07-11 14:43:44"}
{"level":"info","message":"   -> 🔍 Scan [page-title-length] | Target: \"60\" | Operator: \"Greater than\" | Actual: 52 | Result: ❌ NO MATCH","timestamp":"2026-07-11 14:43:44"}
{"level":"info","message":"   -> 🔍 Scan [page-url] | Target: \"shop\" (containing) | Operator: \"contains\" | Actual: \"https://jewellmaster.com/\" | Result: ❌ NO MATCH","timestamp":"2026-07-11 14:43:44"}
{"level":"info","message":"   -> 🔍 Scan [link] | Target: \"contact\" (containing) | Operator: \"contains\" | Actual: [3 links] | Result: ❌ NO MATCH","timestamp":"2026-07-11 14:43:44"}
{"level":"info","message":"   -> 🔍 Scan [link-text] | Target: \"buy\" (containing) | Operator: \"contains\" | Actual: [3 links] | Result: ❌ NO MATCH","timestamp":"2026-07-11 14:43:44"}
{"level":"info","message":"   -> 🔍 Scan [link-text-length] | Target: \"50\" | Operator: \"Greater than\" | Actual: [3 links] | Result: ❌ NO MATCH","timestamp":"2026-07-11 14:43:44"}
{"level":"info","message":"   -> 🔍 Scan [file-size] | Target: \"5\" (MB) | Operator: \"Greater than\" | Actual: 2113.67578125 | Result: ❌ NO MATCH","timestamp":"2026-07-11 14:43:44"}
{"level":"info","message":"   -> 🔍 Scan [image-size] | Target: \"100\" (KB) | Operator: \"Greater than\" | Actual: [36 images] | Result: ✅ MATCH","timestamp":"2026-07-11 14:43:44"}
{"level":"info","message":"   -> 🔍 Scan [image-text] | Target: \"logo\" (containing) | Operator: \"contains\" | Actual: [36 images] | Result: ✅ MATCH","timestamp":"2026-07-11 14:43:44"}
{"level":"info","message":"   -> 🔍 Scan [image-text-length] | Target: \"100\" | Operator: \"Greater than\" | Actual: [36 images] | Result: ❌ NO MATCH","timestamp":"2026-07-11 14:43:44"}
{"level":"info","message":"   -> 🔍 Scan [external-link-count] | Target: \"10\" | Operator: \"Greater than\" | Actual: 1 | Result: ❌ NO MATCH","timestamp":"2026-07-11 14:43:44"}
{"level":"info","message":"   -> 🔍 Scan [incoming-link-count] | Target: \"5\" | Operator: \"Greater than\" | Actual: 2 | Result: ❌ NO MATCH","timestamp":"2026-07-11 14:43:44"}
{"level":"info","message":"   -> 🔍 Scan [heading-text] | Target: \"price\" (containing) | Operator: \"contains\" | Actual: [43 headings] | Result: ❌ NO MATCH","timestamp":"2026-07-11 14:43:44"}
{"level":"info","message":"   -> 🔍 Scan [header-text-length] | Target: \"80\" | Operator: \"Greater than\" | Actual: [43 headings] | Result: ✅ MATCH","timestamp":"2026-07-11 14:43:44"}
{"level":"info","message":"   -> 🔍 Scan [readability-level] | Target: \"12\" | Operator: \"Greater than\" | Actual: 15.876346153846153 | Result: ✅ MATCH","timestamp":"2026-07-11 14:43:44"}
{"level":"info","message":"   -> 🔍 Scan [meta-header] | Target: \"keyword\" (containing) | Operator: \"contains\" | Actual: [Content length: 24991] | Result: ❌ NO MATCH","timestamp":"2026-07-11 14:43:44"}
{"level":"info","message":"   -> 🔍 Scan [meta-header-length] | Target: \"160\" | Operator: \"Greater than\" | Actual: 127 | Result: ❌ NO MATCH","timestamp":"2026-07-11 14:43:44"}
{"level":"info","message":"   -> 🔍 Scan [page-html] | Target: \"<script>\" (containing) | Operator: \"contains\" | Actual: [Content length: 24991] | Result: ✅ MATCH","timestamp":"2026-07-11 14:43:44"}
{"level":"info","message":"   -> 🔍 Scan [image-size] | Target: \"1\" (MB) | Operator: \"Greater than\" | Actual: [36 images] | Result: ❌ NO MATCH","timestamp":"2026-07-11 14:43:44"}
{"level":"info","message":"   -> 🔍 Scan [text] | Target: \"jewellery\" (containing) | Operator: \"contains\" | Actual: [Content length: 15786] | Result: ✅ MATCH","timestamp":"2026-07-11 14:43:44"}
{"level":"info","message":"   -> 🔍 Scan [page-title] | Target: \"jewellery\" (containing) | Operator: \"contains\" | Actual: \"Jewellery ERP Features & Billi\" | Result: ✅ MATCH","timestamp":"2026-07-11 14:43:44"}
{"level":"info","message":"   -> 🔍 Scan [page-title-length] | Target: \"60\" | Operator: \"Greater than\" | Actual: 48 | Result: ❌ NO MATCH","timestamp":"2026-07-11 14:43:44"}
{"level":"info","message":"   -> 🔍 Scan [page-url] | Target: \"shop\" (containing) | Operator: \"contains\" | Actual: \"https://jewellmaster.com/features\" | Result: ❌ NO MATCH","timestamp":"2026-07-11 14:43:44"}
{"level":"info","message":"   -> 🔍 Scan [link] | Target: \"contact\" (containing) | Operator: \"contains\" | Actual: [11 links] | Result: ❌ NO MATCH","timestamp":"2026-07-11 14:43:44"}
{"level":"info","message":"   -> 🔍 Scan [link-text] | Target: \"buy\" (containing) | Operator: \"contains\" | Actual: [11 links] | Result: ❌ NO MATCH","timestamp":"2026-07-11 14:43:44"}
{"level":"info","message":"   -> 🔍 Scan [link-text-length] | Target: \"50\" | Operator: \"Greater than\" | Actual: [11 links] | Result: ❌ NO MATCH","timestamp":"2026-07-11 14:43:44"}
{"level":"info","message":"   -> 🔍 Scan [file-size] | Target: \"5\" (MB) | Operator: \"Greater than\" | Actual: 435.7333984375 | Result: ❌ NO MATCH","timestamp":"2026-07-11 14:43:44"}
{"level":"info","message":"   -> 🔍 Scan [image-size] | Target: \"100\" (KB) | Operator: \"Greater than\" | Actual: [1 images] | Result: ✅ MATCH","timestamp":"2026-07-11 14:43:44"}
{"level":"info","message":"   -> 🔍 Scan [image-text] | Target: \"logo\" (containing) | Operator: \"contains\" | Actual: [1 images] | Result: ❌ NO MATCH","timestamp":"2026-07-11 14:43:44"}
{"level":"info","message":"   -> 🔍 Scan [image-text-length] | Target: \"100\" | Operator: \"Greater than\" | Actual: [1 images] | Result: ❌ NO MATCH","timestamp":"2026-07-11 14:43:44"}
{"level":"info","message":"   -> 🔍 Scan [external-link-count] | Target: \"10\" | Operator: \"Greater than\" | Actual: 0 | Result: ❌ NO MATCH","timestamp":"2026-07-11 14:43:44"}
{"level":"info","message":"   -> 🔍 Scan [incoming-link-count] | Target: \"5\" | Operator: \"Greater than\" | Actual: 11 | Result: ✅ MATCH","timestamp":"2026-07-11 14:43:44"}
{"level":"info","message":"   -> 🔍 Scan [heading-text] | Target: \"price\" (containing) | Operator: \"contains\" | Actual: [3 headings] | Result: ❌ NO MATCH","timestamp":"2026-07-11 14:43:44"}
{"level":"info","message":"   -> 🔍 Scan [header-text-length] | Target: \"80\" | Operator: \"Greater than\" | Actual: [3 headings] | Result: ❌ NO MATCH","timestamp":"2026-07-11 14:43:44"}
{"level":"info","message":"   -> 🔍 Scan [readability-level] | Target: \"12\" | Operator: \"Greater than\" | Actual: 20 | Result: ✅ MATCH","timestamp":"2026-07-11 14:43:44"}
{"level":"info","message":"   -> 🔍 Scan [meta-header] | Target: \"keyword\" (containing) | Operator: \"contains\" | Actual: [Content length: 15786] | Result: ❌ NO MATCH","timestamp":"2026-07-11 14:43:44"}
{"level":"info","message":"   -> 🔍 Scan [meta-header-length] | Target: \"160\" | Operator: \"Greater than\" | Actual: 124 | Result: ❌ NO MATCH","timestamp":"2026-07-11 14:43:44"}
{"level":"info","message":"   -> 🔍 Scan [page-html] | Target: \"<script>\" (containing) | Operator: \"contains\" | Actual: [Content length: 15786] | Result: ✅ MATCH","timestamp":"2026-07-11 14:43:44"}
{"level":"info","message":"   -> 🔍 Scan [image-size] | Target: \"1\" (MB) | Operator: \"Greater than\" | Actual: [1 images] | Result: ❌ NO MATCH","timestamp":"2026-07-11 14:43:44"}
{"level":"info","message":"   -> 🔍 Scan [text] | Target: \"jewellery\" (containing) | Operator: \"contains\" | Actual: [Content length: 13519] | Result: ❌ NO MATCH","timestamp":"2026-07-11 14:43:44"}
{"level":"info","message":"   -> 🔍 Scan [page-title] | Target: \"jewellery\" (containing) | Operator: \"contains\" | Actual: \"Jewellery Software Free Demo |\" | Result: ✅ MATCH","timestamp":"2026-07-11 14:43:44"}
{"level":"info","message":"   -> 🔍 Scan [page-title-length] | Target: \"60\" | Operator: \"Greater than\" | Actual: 44 | Result: ❌ NO MATCH","timestamp":"2026-07-11 14:43:44"}
{"level":"info","message":"   -> 🔍 Scan [page-url] | Target: \"shop\" (containing) | Operator: \"contains\" | Actual: \"https://jewellmaster.com/demo\" | Result: ❌ NO MATCH","timestamp":"2026-07-11 14:43:44"}
{"level":"info","message":"   -> 🔍 Scan [link] | Target: \"contact\" (containing) | Operator: \"contains\" | Actual: [3 links] | Result: ❌ NO MATCH","timestamp":"2026-07-11 14:43:44"}
{"level":"info","message":"   -> 🔍 Scan [link-text] | Target: \"buy\" (containing) | Operator: \"contains\" | Actual: [3 links] | Result: ❌ NO MATCH","timestamp":"2026-07-11 14:43:44"}
{"level":"info","message":"   -> 🔍 Scan [link-text-length] | Target: \"50\" | Operator: \"Greater than\" | Actual: [3 links] | Result: ❌ NO MATCH","timestamp":"2026-07-11 14:43:44"}
{"level":"info","message":"   -> 🔍 Scan [file-size] | Target: \"5\" (MB) | Operator: \"Greater than\" | Actual: 447.2265625 | Result: ❌ NO MATCH","timestamp":"2026-07-11 14:43:44"}
{"level":"info","message":"   -> 🔍 Scan [image-size] | Target: \"100\" (KB) | Operator: \"Greater than\" | Actual: [1 images] | Result: ❌ NO MATCH","timestamp":"2026-07-11 14:43:44"}
{"level":"info","message":"   -> 🔍 Scan [image-text] | Target: \"logo\" (containing) | Operator: \"contains\" | Actual: [1 images] | Result: ❌ NO MATCH","timestamp":"2026-07-11 14:43:44"}
{"level":"info","message":"   -> 🔍 Scan [image-text-length] | Target: \"100\" | Operator: \"Greater than\" | Actual: [1 images] | Result: ❌ NO MATCH","timestamp":"2026-07-11 14:43:44"}
{"level":"info","message":"   -> 🔍 Scan [external-link-count] | Target: \"10\" | Operator: \"Greater than\" | Actual: 1 | Result: ❌ NO MATCH","timestamp":"2026-07-11 14:43:44"}
{"level":"info","message":"   -> 🔍 Scan [incoming-link-count] | Target: \"5\" | Operator: \"Greater than\" | Actual: 2 | Result: ❌ NO MATCH","timestamp":"2026-07-11 14:43:44"}
{"level":"info","message":"   -> 🔍 Scan [heading-text] | Target: \"price\" (containing) | Operator: \"contains\" | Actual: [9 headings] | Result: ❌ NO MATCH","timestamp":"2026-07-11 14:43:44"}
{"level":"info","message":"   -> 🔍 Scan [header-text-length] | Target: \"80\" | Operator: \"Greater than\" | Actual: [9 headings] | Result: ❌ NO MATCH","timestamp":"2026-07-11 14:43:44"}
{"level":"info","message":"   -> 🔍 Scan [readability-level] | Target: \"12\" | Operator: \"Greater than\" | Actual: 12.811351370825381 | Result: ✅ MATCH","timestamp":"2026-07-11 14:43:44"}
{"level":"info","message":"   -> 🔍 Scan [meta-header] | Target: \"keyword\" (containing) | Operator: \"contains\" | Actual: [Content length: 13519] | Result: ❌ NO MATCH","timestamp":"2026-07-11 14:43:44"}
{"level":"info","message":"   -> 🔍 Scan [meta-header-length] | Target: \"160\" | Operator: \"Greater than\" | Actual: 137 | Result: ❌ NO MATCH","timestamp":"2026-07-11 14:43:44"}
{"level":"info","message":"   -> 🔍 Scan [page-html] | Target: \"<script>\" (containing) | Operator: \"contains\" | Actual: [Content length: 13519] | Result: ❌ NO MATCH","timestamp":"2026-07-11 14:43:44"}
{"level":"info","message":"   -> 🔍 Scan [image-size] | Target: \"1\" (MB) | Operator: \"Greater than\" | Actual: [1 images] | Result: ❌ NO MATCH","timestamp":"2026-07-11 14:43:44"}
{"level":"info","message":"   -> 🔍 Scan [text] | Target: \"jewellery\" (containing) | Operator: \"contains\" | Actual: [Content length: 15782] | Result: ✅ MATCH","timestamp":"2026-07-11 14:43:44"}
{"level":"info","message":"   -> 🔍 Scan [page-title] | Target: \"jewellery\" (containing) | Operator: \"contains\" | Actual: \"Jewelry Inventory Management S\" | Result: ❌ NO MATCH","timestamp":"2026-07-11 14:43:44"}
{"level":"info","message":"   -> 🔍 Scan [page-title-length] | Target: \"60\" | Operator: \"Greater than\" | Actual: 53 | Result: ❌ NO MATCH","timestamp":"2026-07-11 14:43:44"}
{"level":"info","message":"   -> 🔍 Scan [page-url] | Target: \"shop\" (containing) | Operator: \"contains\" | Actual: \"https://jewellmaster.com/features/jewelry-inventor\" | Result: ❌ NO MATCH","timestamp":"2026-07-11 14:43:44"}
{"level":"info","message":"   -> 🔍 Scan [link] | Target: \"contact\" (containing) | Operator: \"contains\" | Actual: [11 links] | Result: ❌ NO MATCH","timestamp":"2026-07-11 14:43:44"}
{"level":"info","message":"   -> 🔍 Scan [link-text] | Target: \"buy\" (containing) | Operator: \"contains\" | Actual: [11 links] | Result: ❌ NO MATCH","timestamp":"2026-07-11 14:43:44"}
{"level":"info","message":"   -> 🔍 Scan [link-text-length] | Target: \"50\" | Operator: \"Greater than\" | Actual: [11 links] | Result: ❌ NO MATCH","timestamp":"2026-07-11 14:43:44"}
{"level":"info","message":"   -> 🔍 Scan [file-size] | Target: \"5\" (MB) | Operator: \"Greater than\" | Actual: 435.2548828125 | Result: ❌ NO MATCH","timestamp":"2026-07-11 14:43:44"}
{"level":"info","message":"   -> 🔍 Scan [image-size] | Target: \"100\" (KB) | Operator: \"Greater than\" | Actual: [1 images] | Result: ✅ MATCH","timestamp":"2026-07-11 14:43:44"}
{"level":"info","message":"   -> 🔍 Scan [image-text] | Target: \"logo\" (containing) | Operator: \"contains\" | Actual: [1 images] | Result: ❌ NO MATCH","timestamp":"2026-07-11 14:43:44"}
{"level":"info","message":"   -> 🔍 Scan [image-text-length] | Target: \"100\" | Operator: \"Greater than\" | Actual: [1 images] | Result: ❌ NO MATCH","timestamp":"2026-07-11 14:43:44"}
{"level":"info","message":"   -> 🔍 Scan [external-link-count] | Target: \"10\" | Operator: \"Greater than\" | Actual: 0 | Result: ❌ NO MATCH","timestamp":"2026-07-11 14:43:44"}
{"level":"info","message":"   -> 🔍 Scan [incoming-link-count] | Target: \"5\" | Operator: \"Greater than\" | Actual: 11 | Result: ✅ MATCH","timestamp":"2026-07-11 14:43:44"}
{"level":"info","message":"   -> 🔍 Scan [heading-text] | Target: \"price\" (containing) | Operator: \"contains\" | Actual: [3 headings] | Result: ❌ NO MATCH","timestamp":"2026-07-11 14:43:44"}
{"level":"info","message":"   -> 🔍 Scan [header-text-length] | Target: \"80\" | Operator: \"Greater than\" | Actual: [3 headings] | Result: ❌ NO MATCH","timestamp":"2026-07-11 14:43:44"}
{"level":"info","message":"   -> 🔍 Scan [readability-level] | Target: \"12\" | Operator: \"Greater than\" | Actual: 20 | Result: ✅ MATCH","timestamp":"2026-07-11 14:43:44"}
{"level":"info","message":"   -> 🔍 Scan [meta-header] | Target: \"keyword\" (containing) | Operator: \"contains\" | Actual: [Content length: 15782] | Result: ❌ NO MATCH","timestamp":"2026-07-11 14:43:44"}
{"level":"info","message":"   -> 🔍 Scan [meta-header-length] | Target: \"160\" | Operator: \"Greater than\" | Actual: 132 | Result: ❌ NO MATCH","timestamp":"2026-07-11 14:43:44"}
{"level":"info","message":"   -> 🔍 Scan [page-html] | Target: \"<script>\" (containing) | Operator: \"contains\" | Actual: [Content length: 15782] | Result: ✅ MATCH","timestamp":"2026-07-11 14:43:44"}
{"level":"info","message":"   -> 🔍 Scan [image-size] | Target: \"1\" (MB) | Operator: \"Greater than\" | Actual: [1 images] | Result: ❌ NO MATCH","timestamp":"2026-07-11 14:43:44"}
{"level":"info","message":"   -> 🔍 Scan [text] | Target: \"jewellery\" (containing) | Operator: \"contains\" | Actual: [Content length: 14949] | Result: ✅ MATCH","timestamp":"2026-07-11 14:43:44"}
{"level":"info","message":"   -> 🔍 Scan [page-title] | Target: \"jewellery\" (containing) | Operator: \"contains\" | Actual: \"GST Invoicing & Billing for Je\" | Result: ❌ NO MATCH","timestamp":"2026-07-11 14:43:44"}
{"level":"info","message":"   -> 🔍 Scan [page-title-length] | Target: \"60\" | Operator: \"Greater than\" | Actual: 53 | Result: ❌ NO MATCH","timestamp":"2026-07-11 14:43:44"}
{"level":"info","message":"   -> 🔍 Scan [page-url] | Target: \"shop\" (containing) | Operator: \"contains\" | Actual: \"https://jewellmaster.com/features/gst-billing-invo\" | Result: ❌ NO MATCH","timestamp":"2026-07-11 14:43:44"}
{"level":"info","message":"   -> 🔍 Scan [link] | Target: \"contact\" (containing) | Operator: \"contains\" | Actual: [11 links] | Result: ❌ NO MATCH","timestamp":"2026-07-11 14:43:44"}
{"level":"info","message":"   -> 🔍 Scan [link-text] | Target: \"buy\" (containing) | Operator: \"contains\" | Actual: [11 links] | Result: ❌ NO MATCH","timestamp":"2026-07-11 14:43:44"}
{"level":"info","message":"   -> 🔍 Scan [link-text-length] | Target: \"50\" | Operator: \"Greater than\" | Actual: [11 links] | Result: ❌ NO MATCH","timestamp":"2026-07-11 14:43:44"}
{"level":"info","message":"   -> 🔍 Scan [file-size] | Target: \"5\" (MB) | Operator: \"Greater than\" | Actual: 358.048828125 | Result: ❌ NO MATCH","timestamp":"2026-07-11 14:43:44"}
{"level":"info","message":"   -> 🔍 Scan [image-size] | Target: \"100\" (KB) | Operator: \"Greater than\" | Actual: [1 images] | Result: ❌ NO MATCH","timestamp":"2026-07-11 14:43:44"}
{"level":"info","message":"   -> 🔍 Scan [image-text] | Target: \"logo\" (containing) | Operator: \"contains\" | Actual: [1 images] | Result: ❌ NO MATCH","timestamp":"2026-07-11 14:43:44"}
{"level":"info","message":"   -> 🔍 Scan [image-text-length] | Target: \"100\" | Operator: \"Greater than\" | Actual: [1 images] | Result: ❌ NO MATCH","timestamp":"2026-07-11 14:43:44"}
{"level":"info","message":"   -> 🔍 Scan [external-link-count] | Target: \"10\" | Operator: \"Greater than\" | Actual: 0 | Result: ❌ NO MATCH","timestamp":"2026-07-11 14:43:44"}
{"level":"info","message":"   -> 🔍 Scan [incoming-link-count] | Target: \"5\" | Operator: \"Greater than\" | Actual: 11 | Result: ✅ MATCH","timestamp":"2026-07-11 14:43:44"}
{"level":"info","message":"   -> 🔍 Scan [heading-text] | Target: \"price\" (containing) | Operator: \"contains\" | Actual: [3 headings] | Result: ❌ NO MATCH","timestamp":"2026-07-11 14:43:44"}
{"level":"info","message":"   -> 🔍 Scan [header-text-length] | Target: \"80\" | Operator: \"Greater than\" | Actual: [3 headings] | Result: ❌ NO MATCH","timestamp":"2026-07-11 14:43:44"}
{"level":"info","message":"   -> 🔍 Scan [readability-level] | Target: \"12\" | Operator: \"Greater than\" | Actual: 20 | Result: ✅ MATCH","timestamp":"2026-07-11 14:43:44"}
{"level":"info","message":"   -> 🔍 Scan [meta-header] | Target: \"keyword\" (containing) | Operator: \"contains\" | Actual: [Content length: 14949] | Result: ❌ NO MATCH","timestamp":"2026-07-11 14:43:44"}
{"level":"info","message":"   -> 🔍 Scan [meta-header-length] | Target: \"160\" | Operator: \"Greater than\" | Actual: 147 | Result: ❌ NO MATCH","timestamp":"2026-07-11 14:43:44"}
{"level":"info","message":"   -> 🔍 Scan [page-html] | Target: \"<script>\" (containing) | Operator: \"contains\" | Actual: [Content length: 14949] | Result: ✅ MATCH","timestamp":"2026-07-11 14:43:44"}
{"level":"info","message":"   -> 🔍 Scan [image-size] | Target: \"1\" (MB) | Operator: \"Greater than\" | Actual: [1 images] | Result: ❌ NO MATCH","timestamp":"2026-07-11 14:43:44"}
{"level":"info","message":"   -> 🔍 Scan [text] | Target: \"jewellery\" (containing) | Operator: \"contains\" | Actual: [Content length: 14904] | Result: ✅ MATCH","timestamp":"2026-07-11 14:43:44"}
{"level":"info","message":"   -> 🔍 Scan [page-title] | Target: \"jewellery\" (containing) | Operator: \"contains\" | Actual: \"Jewellery CRM & Customer Manag\" | Result: ✅ MATCH","timestamp":"2026-07-11 14:43:44"}
{"level":"info","message":"   -> 🔍 Scan [page-title-length] | Target: \"60\" | Operator: \"Greater than\" | Actual: 51 | Result: ❌ NO MATCH","timestamp":"2026-07-11 14:43:44"}
{"level":"info","message":"   -> 🔍 Scan [page-url] | Target: \"shop\" (containing) | Operator: \"contains\" | Actual: \"https://jewellmaster.com/features/crm-customer-man\" | Result: ❌ NO MATCH","timestamp":"2026-07-11 14:43:44"}
{"level":"info","message":"   -> 🔍 Scan [link] | Target: \"contact\" (containing) | Operator: \"contains\" | Actual: [11 links] | Result: ❌ NO MATCH","timestamp":"2026-07-11 14:43:44"}
{"level":"info","message":"   -> 🔍 Scan [link-text] | Target: \"buy\" (containing) | Operator: \"contains\" | Actual: [11 links] | Result: ❌ NO MATCH","timestamp":"2026-07-11 14:43:44"}
{"level":"info","message":"   -> 🔍 Scan [link-text-length] | Target: \"50\" | Operator: \"Greater than\" | Actual: [11 links] | Result: ❌ NO MATCH","timestamp":"2026-07-11 14:43:44"}
{"level":"info","message":"   -> 🔍 Scan [file-size] | Target: \"5\" (MB) | Operator: \"Greater than\" | Actual: 411.0107421875 | Result: ❌ NO MATCH","timestamp":"2026-07-11 14:43:44"}
{"level":"info","message":"   -> 🔍 Scan [image-size] | Target: \"100\" (KB) | Operator: \"Greater than\" | Actual: [1 images] | Result: ❌ NO MATCH","timestamp":"2026-07-11 14:43:44"}
{"level":"info","message":"   -> 🔍 Scan [image-text] | Target: \"logo\" (containing) | Operator: \"contains\" | Actual: [1 images] | Result: ❌ NO MATCH","timestamp":"2026-07-11 14:43:44"}
{"level":"info","message":"   -> 🔍 Scan [image-text-length] | Target: \"100\" | Operator: \"Greater than\" | Actual: [1 images] | Result: ❌ NO MATCH","timestamp":"2026-07-11 14:43:44"}
{"level":"info","message":"   -> 🔍 Scan [external-link-count] | Target: \"10\" | Operator: \"Greater than\" | Actual: 0 | Result: ❌ NO MATCH","timestamp":"2026-07-11 14:43:44"}
{"level":"info","message":"   -> 🔍 Scan [incoming-link-count] | Target: \"5\" | Operator: \"Greater than\" | Actual: 11 | Result: ✅ MATCH","timestamp":"2026-07-11 14:43:44"}
{"level":"info","message":"   -> 🔍 Scan [heading-text] | Target: \"price\" (containing) | Operator: \"contains\" | Actual: [3 headings] | Result: ❌ NO MATCH","timestamp":"2026-07-11 14:43:44"}
{"level":"info","message":"   -> 🔍 Scan [header-text-length] | Target: \"80\" | Operator: \"Greater than\" | Actual: [3 headings] | Result: ❌ NO MATCH","timestamp":"2026-07-11 14:43:44"}
{"level":"info","message":"   -> 🔍 Scan [readability-level] | Target: \"12\" | Operator: \"Greater than\" | Actual: 20 | Result: ✅ MATCH","timestamp":"2026-07-11 14:43:44"}
{"level":"info","message":"   -> 🔍 Scan [meta-header] | Target: \"keyword\" (containing) | Operator: \"contains\" | Actual: [Content length: 14904] | Result: ❌ NO MATCH","timestamp":"2026-07-11 14:43:44"}
{"level":"info","message":"   -> 🔍 Scan [meta-header-length] | Target: \"160\" | Operator: \"Greater than\" | Actual: 134 | Result: ❌ NO MATCH","timestamp":"2026-07-11 14:43:44"}
{"level":"info","message":"   -> 🔍 Scan [page-html] | Target: \"<script>\" (containing) | Operator: \"contains\" | Actual: [Content length: 14904] | Result: ✅ MATCH","timestamp":"2026-07-11 14:43:44"}
{"level":"info","message":"   -> 🔍 Scan [image-size] | Target: \"1\" (MB) | Operator: \"Greater than\" | Actual: [1 images] | Result: ❌ NO MATCH","timestamp":"2026-07-11 14:43:44"}
{"level":"info","message":"   -> 🔍 Scan [text] | Target: \"jewellery\" (containing) | Operator: \"contains\" | Actual: [Content length: 14998] | Result: ✅ MATCH","timestamp":"2026-07-11 14:43:44"}
{"level":"info","message":"   -> 🔍 Scan [page-title] | Target: \"jewellery\" (containing) | Operator: \"contains\" | Actual: \"Jewellery Accounting & Finance\" | Result: ✅ MATCH","timestamp":"2026-07-11 14:43:44"}
{"level":"info","message":"   -> 🔍 Scan [page-title-length] | Target: \"60\" | Operator: \"Greater than\" | Actual: 46 | Result: ❌ NO MATCH","timestamp":"2026-07-11 14:43:44"}
{"level":"info","message":"   -> 🔍 Scan [page-url] | Target: \"shop\" (containing) | Operator: \"contains\" | Actual: \"https://jewellmaster.com/features/accounting-finan\" | Result: ❌ NO MATCH","timestamp":"2026-07-11 14:43:44"}
{"level":"info","message":"   -> 🔍 Scan [link] | Target: \"contact\" (containing) | Operator: \"contains\" | Actual: [11 links] | Result: ❌ NO MATCH","timestamp":"2026-07-11 14:43:44"}
{"level":"info","message":"   -> 🔍 Scan [link-text] | Target: \"buy\" (containing) | Operator: \"contains\" | Actual: [11 links] | Result: ❌ NO MATCH","timestamp":"2026-07-11 14:43:44"}
{"level":"info","message":"   -> 🔍 Scan [link-text-length] | Target: \"50\" | Operator: \"Greater than\" | Actual: [11 links] | Result: ❌ NO MATCH","timestamp":"2026-07-11 14:43:44"}
{"level":"info","message":"   -> 🔍 Scan [file-size] | Target: \"5\" (MB) | Operator: \"Greater than\" | Actual: 403.859375 | Result: ❌ NO MATCH","timestamp":"2026-07-11 14:43:44"}
{"level":"info","message":"   -> 🔍 Scan [image-size] | Target: \"100\" (KB) | Operator: \"Greater than\" | Actual: [1 images] | Result: ❌ NO MATCH","timestamp":"2026-07-11 14:43:44"}
{"level":"info","message":"   -> 🔍 Scan [image-text] | Target: \"logo\" (containing) | Operator: \"contains\" | Actual: [1 images] | Result: ❌ NO MATCH","timestamp":"2026-07-11 14:43:44"}
{"level":"info","message":"   -> 🔍 Scan [image-text-length] | Target: \"100\" | Operator: \"Greater than\" | Actual: [1 images] | Result: ❌ NO MATCH","timestamp":"2026-07-11 14:43:44"}
{"level":"info","message":"   -> 🔍 Scan [external-link-count] | Target: \"10\" | Operator: \"Greater than\" | Actual: 0 | Result: ❌ NO MATCH","timestamp":"2026-07-11 14:43:44"}
{"level":"info","message":"   -> 🔍 Scan [incoming-link-count] | Target: \"5\" | Operator: \"Greater than\" | Actual: 11 | Result: ✅ MATCH","timestamp":"2026-07-11 14:43:44"}
{"level":"info","message":"   -> 🔍 Scan [heading-text] | Target: \"price\" (containing) | Operator: \"contains\" | Actual: [3 headings] | Result: ❌ NO MATCH","timestamp":"2026-07-11 14:43:44"}
{"level":"info","message":"   -> 🔍 Scan [header-text-length] | Target: \"80\" | Operator: \"Greater than\" | Actual: [3 headings] | Result: ❌ NO MATCH","timestamp":"2026-07-11 14:43:44"}
{"level":"info","message":"   -> 🔍 Scan [readability-level] | Target: \"12\" | Operator: \"Greater than\" | Actual: 20 | Result: ✅ MATCH","timestamp":"2026-07-11 14:43:44"}
{"level":"info","message":"   -> 🔍 Scan [meta-header] | Target: \"keyword\" (containing) | Operator: \"contains\" | Actual: [Content length: 14998] | Result: ❌ NO MATCH","timestamp":"2026-07-11 14:43:44"}
{"level":"info","message":"   -> 🔍 Scan [meta-header-length] | Target: \"160\" | Operator: \"Greater than\" | Actual: 126 | Result: ❌ NO MATCH","timestamp":"2026-07-11 14:43:44"}
{"level":"info","message":"   -> 🔍 Scan [page-html] | Target: \"<script>\" (containing) | Operator: \"contains\" | Actual: [Content length: 14998] | Result: ✅ MATCH","timestamp":"2026-07-11 14:43:44"}
{"level":"info","message":"   -> 🔍 Scan [image-size] | Target: \"1\" (MB) | Operator: \"Greater than\" | Actual: [1 images] | Result: ❌ NO MATCH","timestamp":"2026-07-11 14:43:44"}
{"level":"info","message":"   -> 🔍 Scan [text] | Target: \"jewellery\" (containing) | Operator: \"contains\" | Actual: [Content length: 14839] | Result: ✅ MATCH","timestamp":"2026-07-11 14:43:44"}
{"level":"info","message":"   -> 🔍 Scan [page-title] | Target: \"jewellery\" (containing) | Operator: \"contains\" | Actual: \"AI Powered Reports for Jewelle\" | Result: ✅ MATCH","timestamp":"2026-07-11 14:43:44"}
{"level":"info","message":"   -> 🔍 Scan [page-title-length] | Target: \"60\" | Operator: \"Greater than\" | Actual: 52 | Result: ❌ NO MATCH","timestamp":"2026-07-11 14:43:44"}
{"level":"info","message":"   -> 🔍 Scan [page-url] | Target: \"shop\" (containing) | Operator: \"contains\" | Actual: \"https://jewellmaster.com/features/ai-powered-repor\" | Result: ❌ NO MATCH","timestamp":"2026-07-11 14:43:44"}
{"level":"info","message":"   -> 🔍 Scan [link] | Target: \"contact\" (containing) | Operator: \"contains\" | Actual: [11 links] | Result: ❌ NO MATCH","timestamp":"2026-07-11 14:43:44"}
{"level":"info","message":"   -> 🔍 Scan [link-text] | Target: \"buy\" (containing) | Operator: \"contains\" | Actual: [11 links] | Result: ❌ NO MATCH","timestamp":"2026-07-11 14:43:44"}
{"level":"info","message":"   -> 🔍 Scan [link-text-length] | Target: \"50\" | Operator: \"Greater than\" | Actual: [11 links] | Result: ❌ NO MATCH","timestamp":"2026-07-11 14:43:44"}
{"level":"info","message":"   -> 🔍 Scan [file-size] | Target: \"5\" (MB) | Operator: \"Greater than\" | Actual: 388.9609375 | Result: ❌ NO MATCH","timestamp":"2026-07-11 14:43:44"}
{"level":"info","message":"   -> 🔍 Scan [image-size] | Target: \"100\" (KB) | Operator: \"Greater than\" | Actual: [1 images] | Result: ❌ NO MATCH","timestamp":"2026-07-11 14:43:44"}
{"level":"info","message":"   -> 🔍 Scan [image-text] | Target: \"logo\" (containing) | Operator: \"contains\" | Actual: [1 images] | Result: ❌ NO MATCH","timestamp":"2026-07-11 14:43:44"}
{"level":"info","message":"   -> 🔍 Scan [image-text-length] | Target: \"100\" | Operator: \"Greater than\" | Actual: [1 images] | Result: ❌ NO MATCH","timestamp":"2026-07-11 14:43:44"}
{"level":"info","message":"   -> 🔍 Scan [external-link-count] | Target: \"10\" | Operator: \"Greater than\" | Actual: 0 | Result: ❌ NO MATCH","timestamp":"2026-07-11 14:43:44"}
{"level":"info","message":"   -> 🔍 Scan [incoming-link-count] | Target: \"5\" | Operator: \"Greater than\" | Actual: 11 | Result: ✅ MATCH","timestamp":"2026-07-11 14:43:44"}
{"level":"info","message":"   -> 🔍 Scan [heading-text] | Target: \"price\" (containing) | Operator: \"contains\" | Actual: [3 headings] | Result: ❌ NO MATCH","timestamp":"2026-07-11 14:43:44"}
{"level":"info","message":"   -> 🔍 Scan [header-text-length] | Target: \"80\" | Operator: \"Greater than\" | Actual: [3 headings] | Result: ❌ NO MATCH","timestamp":"2026-07-11 14:43:44"}
{"level":"info","message":"   -> 🔍 Scan [readability-level] | Target: \"12\" | Operator: \"Greater than\" | Actual: 20 | Result: ✅ MATCH","timestamp":"2026-07-11 14:43:44"}
{"level":"info","message":"   -> 🔍 Scan [meta-header] | Target: \"keyword\" (containing) | Operator: \"contains\" | Actual: [Content length: 14839] | Result: ❌ NO MATCH","timestamp":"2026-07-11 14:43:44"}
{"level":"info","message":"   -> 🔍 Scan [meta-header-length] | Target: \"160\" | Operator: \"Greater than\" | Actual: 129 | Result: ❌ NO MATCH","timestamp":"2026-07-11 14:43:44"}
{"level":"info","message":"   -> 🔍 Scan [page-html] | Target: \"<script>\" (containing) | Operator: \"contains\" | Actual: [Content length: 14839] | Result: ✅ MATCH","timestamp":"2026-07-11 14:43:44"}
{"level":"info","message":"   -> 🔍 Scan [image-size] | Target: \"1\" (MB) | Operator: \"Greater than\" | Actual: [1 images] | Result: ❌ NO MATCH","timestamp":"2026-07-11 14:43:44"}
{"level":"info","message":"   -> 🔍 Scan [text] | Target: \"jewellery\" (containing) | Operator: \"contains\" | Actual: [Content length: 14922] | Result: ✅ MATCH","timestamp":"2026-07-11 14:43:44"}
{"level":"info","message":"   -> 🔍 Scan [page-title] | Target: \"jewellery\" (containing) | Operator: \"contains\" | Actual: \"Multi Branch Jewellery ERP Sof\" | Result: ✅ MATCH","timestamp":"2026-07-11 14:43:44"}
{"level":"info","message":"   -> 🔍 Scan [page-title-length] | Target: \"60\" | Operator: \"Greater than\" | Actual: 51 | Result: ❌ NO MATCH","timestamp":"2026-07-11 14:43:44"}
{"level":"info","message":"   -> 🔍 Scan [page-url] | Target: \"shop\" (containing) | Operator: \"contains\" | Actual: \"https://jewellmaster.com/features/multi-branch-man\" | Result: ❌ NO MATCH","timestamp":"2026-07-11 14:43:44"}
{"level":"info","message":"   -> 🔍 Scan [link] | Target: \"contact\" (containing) | Operator: \"contains\" | Actual: [11 links] | Result: ❌ NO MATCH","timestamp":"2026-07-11 14:43:44"}
{"level":"info","message":"   -> 🔍 Scan [link-text] | Target: \"buy\" (containing) | Operator: \"contains\" | Actual: [11 links] | Result: ❌ NO MATCH","timestamp":"2026-07-11 14:43:44"}
{"level":"info","message":"   -> 🔍 Scan [link-text-length] | Target: \"50\" | Operator: \"Greater than\" | Actual: [11 links] | Result: ❌ NO MATCH","timestamp":"2026-07-11 14:43:44"}
{"level":"info","message":"   -> 🔍 Scan [file-size] | Target: \"5\" (MB) | Operator: \"Greater than\" | Actual: 378.306640625 | Result: ❌ NO MATCH","timestamp":"2026-07-11 14:43:44"}
{"level":"info","message":"   -> 🔍 Scan [image-size] | Target: \"100\" (KB) | Operator: \"Greater than\" | Actual: [1 images] | Result: ❌ NO MATCH","timestamp":"2026-07-11 14:43:44"}
{"level":"info","message":"   -> 🔍 Scan [image-text] | Target: \"logo\" (containing) | Operator: \"contains\" | Actual: [1 images] | Result: ❌ NO MATCH","timestamp":"2026-07-11 14:43:44"}
{"level":"info","message":"   -> 🔍 Scan [image-text-length] | Target: \"100\" | Operator: \"Greater than\" | Actual: [1 images] | Result: ❌ NO MATCH","timestamp":"2026-07-11 14:43:44"}
{"level":"info","message":"   -> 🔍 Scan [external-link-count] | Target: \"10\" | Operator: \"Greater than\" | Actual: 0 | Result: ❌ NO MATCH","timestamp":"2026-07-11 14:43:44"}
{"level":"info","message":"   -> 🔍 Scan [incoming-link-count] | Target: \"5\" | Operator: \"Greater than\" | Actual: 11 | Result: ✅ MATCH","timestamp":"2026-07-11 14:43:44"}
{"level":"info","message":"   -> 🔍 Scan [heading-text] | Target: \"price\" (containing) | Operator: \"contains\" | Actual: [3 headings] | Result: ❌ NO MATCH","timestamp":"2026-07-11 14:43:44"}
{"level":"info","message":"   -> 🔍 Scan [header-text-length] | Target: \"80\" | Operator: \"Greater than\" | Actual: [3 headings] | Result: ❌ NO MATCH","timestamp":"2026-07-11 14:43:44"}
{"level":"info","message":"   -> 🔍 Scan [readability-level] | Target: \"12\" | Operator: \"Greater than\" | Actual: 20 | Result: ✅ MATCH","timestamp":"2026-07-11 14:43:44"}
{"level":"info","message":"   -> 🔍 Scan [meta-header] | Target: \"keyword\" (containing) | Operator: \"contains\" | Actual: [Content length: 14922] | Result: ❌ NO MATCH","timestamp":"2026-07-11 14:43:44"}
{"level":"info","message":"   -> 🔍 Scan [meta-header-length] | Target: \"160\" | Operator: \"Greater than\" | Actual: 133 | Result: ❌ NO MATCH","timestamp":"2026-07-11 14:43:44"}
{"level":"info","message":"   -> 🔍 Scan [page-html] | Target: \"<script>\" (containing) | Operator: \"contains\" | Actual: [Content length: 14922] | Result: ✅ MATCH","timestamp":"2026-07-11 14:43:44"}
{"level":"info","message":"   -> 🔍 Scan [image-size] | Target: \"1\" (MB) | Operator: \"Greater than\" | Actual: [1 images] | Result: ❌ NO MATCH","timestamp":"2026-07-11 14:43:44"}
{"level":"info","message":"   -> 🔍 Scan [text] | Target: \"jewellery\" (containing) | Operator: \"contains\" | Actual: [Content length: 14820] | Result: ✅ MATCH","timestamp":"2026-07-11 14:43:44"}
{"level":"info","message":"   -> 🔍 Scan [page-title] | Target: \"jewellery\" (containing) | Operator: \"contains\" | Actual: \"Jewellery ERP Mobile App | Jew\" | Result: ✅ MATCH","timestamp":"2026-07-11 14:43:44"}
{"level":"info","message":"   -> 🔍 Scan [page-title-length] | Target: \"60\" | Operator: \"Greater than\" | Actual: 40 | Result: ❌ NO MATCH","timestamp":"2026-07-11 14:43:44"}
{"level":"info","message":"   -> 🔍 Scan [page-url] | Target: \"shop\" (containing) | Operator: \"contains\" | Actual: \"https://jewellmaster.com/features/mobile-app\" | Result: ❌ NO MATCH","timestamp":"2026-07-11 14:43:44"}
{"level":"info","message":"   -> 🔍 Scan [link] | Target: \"contact\" (containing) | Operator: \"contains\" | Actual: [11 links] | Result: ❌ NO MATCH","timestamp":"2026-07-11 14:43:44"}
{"level":"info","message":"   -> 🔍 Scan [link-text] | Target: \"buy\" (containing) | Operator: \"contains\" | Actual: [11 links] | Result: ❌ NO MATCH","timestamp":"2026-07-11 14:43:44"}
{"level":"info","message":"   -> 🔍 Scan [link-text-length] | Target: \"50\" | Operator: \"Greater than\" | Actual: [11 links] | Result: ❌ NO MATCH","timestamp":"2026-07-11 14:43:44"}
{"level":"info","message":"   -> 🔍 Scan [file-size] | Target: \"5\" (MB) | Operator: \"Greater than\" | Actual: 397.841796875 | Result: ❌ NO MATCH","timestamp":"2026-07-11 14:43:44"}
{"level":"info","message":"   -> 🔍 Scan [image-size] | Target: \"100\" (KB) | Operator: \"Greater than\" | Actual: [1 images] | Result: ❌ NO MATCH","timestamp":"2026-07-11 14:43:44"}
{"level":"info","message":"   -> 🔍 Scan [image-text] | Target: \"logo\" (containing) | Operator: \"contains\" | Actual: [1 images] | Result: ❌ NO MATCH","timestamp":"2026-07-11 14:43:44"}
{"level":"info","message":"   -> 🔍 Scan [image-text-length] | Target: \"100\" | Operator: \"Greater than\" | Actual: [1 images] | Result: ❌ NO MATCH","timestamp":"2026-07-11 14:43:44"}
{"level":"info","message":"   -> 🔍 Scan [external-link-count] | Target: \"10\" | Operator: \"Greater than\" | Actual: 0 | Result: ❌ NO MATCH","timestamp":"2026-07-11 14:43:44"}
{"level":"info","message":"   -> 🔍 Scan [incoming-link-count] | Target: \"5\" | Operator: \"Greater than\" | Actual: 11 | Result: ✅ MATCH","timestamp":"2026-07-11 14:43:44"}
{"level":"info","message":"   -> 🔍 Scan [heading-text] | Target: \"price\" (containing) | Operator: \"contains\" | Actual: [3 headings] | Result: ❌ NO MATCH","timestamp":"2026-07-11 14:43:44"}
{"level":"info","message":"   -> 🔍 Scan [header-text-length] | Target: \"80\" | Operator: \"Greater than\" | Actual: [3 headings] | Result: ❌ NO MATCH","timestamp":"2026-07-11 14:43:44"}
{"level":"info","message":"   -> 🔍 Scan [readability-level] | Target: \"12\" | Operator: \"Greater than\" | Actual: 20 | Result: ✅ MATCH","timestamp":"2026-07-11 14:43:44"}
{"level":"info","message":"   -> 🔍 Scan [meta-header] | Target: \"keyword\" (containing) | Operator: \"contains\" | Actual: [Content length: 14820] | Result: ❌ NO MATCH","timestamp":"2026-07-11 14:43:44"}
{"level":"info","message":"   -> 🔍 Scan [meta-header-length] | Target: \"160\" | Operator: \"Greater than\" | Actual: 140 | Result: ❌ NO MATCH","timestamp":"2026-07-11 14:43:44"}
{"level":"info","message":"   -> 🔍 Scan [page-html] | Target: \"<script>\" (containing) | Operator: \"contains\" | Actual: [Content length: 14820] | Result: ✅ MATCH","timestamp":"2026-07-11 14:43:44"}
{"level":"info","message":"   -> 🔍 Scan [image-size] | Target: \"1\" (MB) | Operator: \"Greater than\" | Actual: [1 images] | Result: ❌ NO MATCH","timestamp":"2026-07-11 14:43:44"}
{"level":"info","message":"✅ [https://jewellmaster.com] Saved 10 pages to database tenant_sbi.","timestamp":"2026-07-11 14:43:45"}
{"level":"info","message":"📊 [https://jewellmaster.com] Domain summary created in tenant_sbi. Final Score: 40","timestamp":"2026-07-11 14:43:45"}
{"level":"info","message":"📋 [jewellmaster.com] Compiling detailed audit data snapshot for jobId: 43-1783760908438...","timestamp":"2026-07-11 14:43:45"}
{"level":"info","message":"💾 [jewellmaster.com] Saved complete Audit details & summary snap to DB for jobId: 43-1783760908438","timestamp":"2026-07-11 14:43:45"}
{"level":"info","message":"📋 [jewellmaster.com] QA scan saved: 10 pages, jobId 43-1783760908438","timestamp":"2026-07-11 14:43:45"}
{"level":"info","message":"♿ [jewellmaster.com] Starting Accessibility scan for 10 pages...","timestamp":"2026-07-11 14:43:45"}
{"level":"info","message":"♿ [jewellmaster.com] Axe-core scanned 5/10","timestamp":"2026-07-11 14:43:51"}
{"level":"info","message":"♿ [jewellmaster.com] Axe-core scanned 10/10","timestamp":"2026-07-11 14:43:54"}
{"level":"info","message":"✅ [jewellmaster.com] Accessibility scan saved: 10 pages, jobId 43-1783760908438","timestamp":"2026-07-11 14:43:56"}
{"level":"info","message":"📦 [https://jewellmaster.com] Enqueued Inventory scan for scanId: 6a5209548f139aa31590f36d","timestamp":"2026-07-11 14:43:56"}
{"level":"info","message":"[Job 49] 📋 Starting inventory scan for: https://jewellmaster.com","timestamp":"2026-07-11 14:43:56"}
{"level":"info","message":"[Inventory Scan] Starting background scan for scanId: 6a5209548f139aa31590f36d, domain: https://jewellmaster.com","timestamp":"2026-07-11 14:43:56"}
{"level":"info","message":"Job 43 (https://jewellmaster.com) completed successfully.","timestamp":"2026-07-11 14:43:56"}
{"level":"info","message":"[Inventory Scan] Loaded 18 disallow rules from robots.txt","timestamp":"2026-07-11 14:43:56"}
{"level":"info","message":"[Inventory Scan] Scanning batch of size 1. Visited total: 1","timestamp":"2026-07-11 14:43:56"}
{"level":"info","message":"[Inventory Scan Progress] 📈 Scanned Page: https://jewellmaster.com/ | Progress: 99%","timestamp":"2026-07-11 14:43:57"}
{"level":"info","message":"   └── 📦 Assets Discovered -> Pages: 1 | Images: 31 | CSS: 2 | JS: 15 | Docs: 0 | Emails: 0 | Headlinks: 11","timestamp":"2026-07-11 14:43:57"}
{"level":"info","message":"[Inventory Scan] Scanning batch of size 2. Visited total: 3","timestamp":"2026-07-11 14:43:57"}
{"level":"info","message":"[Inventory Scan Progress] 📈 Scanned Page: https://jewellmaster.com/features | Progress: 99%","timestamp":"2026-07-11 14:43:58"}
{"level":"info","message":"   └── 📦 Assets Discovered -> Pages: 3 | Images: 33 | CSS: 8 | JS: 27 | Docs: 0 | Emails: 0 | Headlinks: 19","timestamp":"2026-07-11 14:43:58"}
{"level":"info","message":"[Inventory Scan Progress] 📈 Scanned Page: https://jewellmaster.com/demo | Progress: 99%","timestamp":"2026-07-11 14:43:58"}
{"level":"info","message":"   └── 📦 Assets Discovered -> Pages: 3 | Images: 33 | CSS: 8 | JS: 27 | Docs: 0 | Emails: 0 | Headlinks: 32","timestamp":"2026-07-11 14:43:58"}
{"level":"info","message":"[Inventory Scan] Scanning batch of size 5. Visited total: 8","timestamp":"2026-07-11 14:43:58"}
{"level":"info","message":"[Inventory Scan Progress] 📈 Scanned Page: https://jewellmaster.com/features/crm-customer-management | Progress: 99%","timestamp":"2026-07-11 14:43:59"}
{"level":"info","message":"   └── 📦 Assets Discovered -> Pages: 8 | Images: 38 | CSS: 18 | JS: 57 | Docs: 0 | Emails: 0 | Headlinks: 72","timestamp":"2026-07-11 14:43:59"}
{"level":"info","message":"[Inventory Scan Progress] 📈 Scanned Page: https://jewellmaster.com/features/gst-billing-invoicing | Progress: 99%","timestamp":"2026-07-11 14:43:59"}
{"level":"info","message":"   └── 📦 Assets Discovered -> Pages: 8 | Images: 38 | CSS: 18 | JS: 57 | Docs: 0 | Emails: 0 | Headlinks: 72","timestamp":"2026-07-11 14:43:59"}
{"level":"info","message":"[Inventory Scan Progress] 📈 Scanned Page: https://jewellmaster.com/features/jewelry-inventory-management | Progress: 99%","timestamp":"2026-07-11 14:43:59"}
{"level":"info","message":"   └── 📦 Assets Discovered -> Pages: 8 | Images: 38 | CSS: 18 | JS: 57 | Docs: 0 | Emails: 0 | Headlinks: 72","timestamp":"2026-07-11 14:43:59"}
{"level":"info","message":"[Inventory Scan Progress] 📈 Scanned Page: https://jewellmaster.com/features/accounting-financial-management | Progress: 99%","timestamp":"2026-07-11 14:43:59"}
{"level":"info","message":"   └── 📦 Assets Discovered -> Pages: 8 | Images: 38 | CSS: 18 | JS: 57 | Docs: 0 | Emails: 0 | Headlinks: 72","timestamp":"2026-07-11 14:43:59"}
{"level":"info","message":"[Inventory Scan Progress] 📈 Scanned Page: https://jewellmaster.com/features/ai-powered-reports | Progress: 99%","timestamp":"2026-07-11 14:43:59"}
{"level":"info","message":"   └── 📦 Assets Discovered -> Pages: 8 | Images: 38 | CSS: 18 | JS: 57 | Docs: 0 | Emails: 0 | Headlinks: 72","timestamp":"2026-07-11 14:43:59"}
{"level":"info","message":"[Inventory Scan] Scanning batch of size 4. Visited total: 12","timestamp":"2026-07-11 14:43:59"}
{"level":"info","message":"[Inventory Scan Progress] 📈 Scanned Page: https://jewellmaster.com/features/mobile-app | Progress: 99%","timestamp":"2026-07-11 14:43:59"}
{"level":"info","message":"   └── 📦 Assets Discovered -> Pages: 12 | Images: 42 | CSS: 26 | JS: 81 | Docs: 0 | Emails: 0 | Headlinks: 104","timestamp":"2026-07-11 14:43:59"}
{"level":"info","message":"[Inventory Scan Progress] 📈 Scanned Page: https://jewellmaster.com/features/multi-branch-management | Progress: 99%","timestamp":"2026-07-11 14:43:59"}
{"level":"info","message":"   └── 📦 Assets Discovered -> Pages: 12 | Images: 42 | CSS: 26 | JS: 81 | Docs: 0 | Emails: 0 | Headlinks: 104","timestamp":"2026-07-11 14:43:59"}
{"level":"info","message":"[Inventory Scan Progress] 📈 Scanned Page: https://jewellmaster.com/features/security-reliability | Progress: 99%","timestamp":"2026-07-11 14:43:59"}
{"level":"info","message":"   └── 📦 Assets Discovered -> Pages: 12 | Images: 42 | CSS: 26 | JS: 81 | Docs: 0 | Emails: 0 | Headlinks: 104","timestamp":"2026-07-11 14:43:59"}
{"level":"info","message":"[Inventory Scan Progress] 📈 Scanned Page: https://jewellmaster.com/features/integrations | Progress: 99%","timestamp":"2026-07-11 14:43:59"}
{"level":"info","message":"   └── 📦 Assets Discovered -> Pages: 12 | Images: 42 | CSS: 26 | JS: 81 | Docs: 0 | Emails: 0 | Headlinks: 104","timestamp":"2026-07-11 14:43:59"}
{"level":"info","message":"[Inventory Scan Completed] ✅ Crawl finished successfully in 2957ms!","timestamp":"2026-07-11 14:43:59"}
{"level":"info","message":"   └── 📊 Final Inventory Totals -> Pages: 12 | Images: 42 | CSS: 26 | JS: 81 | Docs: 0 | Emails: 0 | Headlinks: 104","timestamp":"2026-07-11 14:43:59"}
{"level":"info","message":"Job 49 (undefined) completed successfully.","timestamp":"2026-07-11 14:43:59"}
{"level":"info","message":"[Job repeat:c10eea93bf68cc56fd5c63b351df3d32:1783761240000] 🚀 Executing scheduled global orchestration...","timestamp":"2026-07-11 14:44:00"}
{"level":"info","message":"Orchestrator: Starting global scan orchestration... ","timestamp":"2026-07-11 14:44:00"}
{"level":"info","message":"🔗 Connecting to MASTER database: master","timestamp":"2026-07-11 14:44:00"}
{"level":"info","message":"Orchestrator: Found 2 tenants to process.","timestamp":"2026-07-11 14:44:01"}
{"level":"info","message":"📁 Switching to CLIENT database: tenant_rbi (Tenant: rbi)","timestamp":"2026-07-11 14:44:01"}
{"level":"info","message":"Orchestrator: No domains found for tenant rbi (excluding those currently scanning).","timestamp":"2026-07-11 14:44:01"}
{"level":"info","message":"📁 Switching to CLIENT database: tenant_sbi (Tenant: sbi)","timestamp":"2026-07-11 14:44:01"}
{"level":"info","message":"Orchestrator: No domains found for tenant sbi (excluding those currently scanning).","timestamp":"2026-07-11 14:44:01"}
{"level":"info","message":"Orchestrator: Master DB connection closed.","timestamp":"2026-07-11 14:44:01"}
{"level":"info","message":"✅ Orchestrator: Finished. Total jobs enqueued: 0","timestamp":"2026-07-11 14:44:01"}
{"level":"info","message":"Job repeat:c10eea93bf68cc56fd5c63b351df3d32:1783761240000 (Orchestrator) completed successfully.","timestamp":"2026-07-11 14:44:01"}
{"level":"info","message":"[Job repeat:c10eea93bf68cc56fd5c63b351df3d32:1783761300000] 🚀 Executing scheduled global orchestration...","timestamp":"2026-07-11 14:45:00"}
{"level":"info","message":"Orchestrator: Starting global scan orchestration... ","timestamp":"2026-07-11 14:45:00"}
{"level":"info","message":"🔗 Connecting to MASTER database: master","timestamp":"2026-07-11 14:45:00"}
{"level":"info","message":"Orchestrator: Found 2 tenants to process.","timestamp":"2026-07-11 14:45:00"}
{"level":"info","message":"📁 Switching to CLIENT database: tenant_rbi (Tenant: rbi)","timestamp":"2026-07-11 14:45:00"}
{"level":"info","message":"Orchestrator: No domains found for tenant rbi (excluding those currently scanning).","timestamp":"2026-07-11 14:45:00"}
{"level":"info","message":"📁 Switching to CLIENT database: tenant_sbi (Tenant: sbi)","timestamp":"2026-07-11 14:45:00"}
{"level":"info","message":"Orchestrator: No domains found for tenant sbi (excluding those currently scanning).","timestamp":"2026-07-11 14:45:00"}
{"level":"info","message":"Orchestrator: Master DB connection closed.","timestamp":"2026-07-11 14:45:00"}
{"level":"info","message":"✅ Orchestrator: Finished. Total jobs enqueued: 0","timestamp":"2026-07-11 14:45:00"}
{"level":"info","message":"Job repeat:c10eea93bf68cc56fd5c63b351df3d32:1783761300000 (Orchestrator) completed successfully.","timestamp":"2026-07-11 14:45:00"}
{"level":"info","message":"[Job repeat:c10eea93bf68cc56fd5c63b351df3d32:1783761360000] 🚀 Executing scheduled global orchestration...","timestamp":"2026-07-11 14:46:00"}
{"level":"info","message":"Orchestrator: Starting global scan orchestration... ","timestamp":"2026-07-11 14:46:00"}
{"level":"info","message":"🔗 Connecting to MASTER database: master","timestamp":"2026-07-11 14:46:00"}
{"level":"info","message":"Orchestrator: Found 2 tenants to process.","timestamp":"2026-07-11 14:46:01"}
{"level":"info","message":"📁 Switching to CLIENT database: tenant_rbi (Tenant: rbi)","timestamp":"2026-07-11 14:46:01"}
{"level":"info","message":"Orchestrator: No domains found for tenant rbi (excluding those currently scanning).","timestamp":"2026-07-11 14:46:01"}
{"level":"info","message":"📁 Switching to CLIENT database: tenant_sbi (Tenant: sbi)","timestamp":"2026-07-11 14:46:01"}
{"level":"info","message":"Orchestrator: No domains found for tenant sbi (excluding those currently scanning).","timestamp":"2026-07-11 14:46:01"}
{"level":"info","message":"Orchestrator: Master DB connection closed.","timestamp":"2026-07-11 14:46:01"}
{"level":"info","message":"✅ Orchestrator: Finished. Total jobs enqueued: 0","timestamp":"2026-07-11 14:46:01"}
{"level":"info","message":"Job repeat:c10eea93bf68cc56fd5c63b351df3d32:1783761360000 (Orchestrator) completed successfully.","timestamp":"2026-07-11 14:46:01"}
{"level":"info","message":"[Job repeat:c10eea93bf68cc56fd5c63b351df3d32:1783761420000] 🚀 Executing scheduled global orchestration...","timestamp":"2026-07-11 14:47:00"}
{"level":"info","message":"Orchestrator: Starting global scan orchestration... ","timestamp":"2026-07-11 14:47:00"}
{"level":"info","message":"🔗 Connecting to MASTER database: master","timestamp":"2026-07-11 14:47:00"}
{"level":"info","message":"Orchestrator: Found 2 tenants to process.","timestamp":"2026-07-11 14:47:00"}
{"level":"info","message":"📁 Switching to CLIENT database: tenant_rbi (Tenant: rbi)","timestamp":"2026-07-11 14:47:00"}
{"level":"info","message":"Orchestrator: No domains found for tenant rbi (excluding those currently scanning).","timestamp":"2026-07-11 14:47:00"}
{"level":"info","message":"📁 Switching to CLIENT database: tenant_sbi (Tenant: sbi)","timestamp":"2026-07-11 14:47:00"}
{"level":"info","message":"Orchestrator: No domains found for tenant sbi (excluding those currently scanning).","timestamp":"2026-07-11 14:47:00"}
{"level":"info","message":"Orchestrator: Master DB connection closed.","timestamp":"2026-07-11 14:47:00"}
{"level":"info","message":"✅ Orchestrator: Finished. Total jobs enqueued: 0","timestamp":"2026-07-11 14:47:00"}
{"level":"info","message":"Job repeat:c10eea93bf68cc56fd5c63b351df3d32:1783761420000 (Orchestrator) completed successfully.","timestamp":"2026-07-11 14:47:00"}
{"level":"info","message":"[Job repeat:c10eea93bf68cc56fd5c63b351df3d32:1783761480000] 🚀 Executing scheduled global orchestration...","timestamp":"2026-07-11 14:48:00"}
{"level":"info","message":"Orchestrator: Starting global scan orchestration... ","timestamp":"2026-07-11 14:48:00"}
{"level":"info","message":"🔗 Connecting to MASTER database: master","timestamp":"2026-07-11 14:48:00"}
{"level":"info","message":"Orchestrator: Found 2 tenants to process.","timestamp":"2026-07-11 14:48:01"}
{"level":"info","message":"📁 Switching to CLIENT database: tenant_rbi (Tenant: rbi)","timestamp":"2026-07-11 14:48:01"}
{"level":"info","message":"Orchestrator: No domains found for tenant rbi (excluding those currently scanning).","timestamp":"2026-07-11 14:48:01"}
{"level":"info","message":"📁 Switching to CLIENT database: tenant_sbi (Tenant: sbi)","timestamp":"2026-07-11 14:48:01"}
{"level":"info","message":"Orchestrator: No domains found for tenant sbi (excluding those currently scanning).","timestamp":"2026-07-11 14:48:01"}
{"level":"info","message":"Orchestrator: Master DB connection closed.","timestamp":"2026-07-11 14:48:01"}
{"level":"info","message":"✅ Orchestrator: Finished. Total jobs enqueued: 0","timestamp":"2026-07-11 14:48:01"}
{"level":"info","message":"Job repeat:c10eea93bf68cc56fd5c63b351df3d32:1783761480000 (Orchestrator) completed successfully.","timestamp":"2026-07-11 14:48:01"}
{"level":"info","message":"[Job repeat:c10eea93bf68cc56fd5c63b351df3d32:1783761540000] 🚀 Executing scheduled global orchestration...","timestamp":"2026-07-11 14:49:00"}
{"level":"info","message":"Orchestrator: Starting global scan orchestration... ","timestamp":"2026-07-11 14:49:00"}
{"level":"info","message":"🔗 Connecting to MASTER database: master","timestamp":"2026-07-11 14:49:00"}
{"level":"info","message":"Orchestrator: Found 2 tenants to process.","timestamp":"2026-07-11 14:49:00"}
{"level":"info","message":"📁 Switching to CLIENT database: tenant_rbi (Tenant: rbi)","timestamp":"2026-07-11 14:49:00"}
{"level":"info","message":"Orchestrator: No domains found for tenant rbi (excluding those currently scanning).","timestamp":"2026-07-11 14:49:00"}
{"level":"info","message":"📁 Switching to CLIENT database: tenant_sbi (Tenant: sbi)","timestamp":"2026-07-11 14:49:00"}
{"level":"info","message":"Orchestrator: No domains found for tenant sbi (excluding those currently scanning).","timestamp":"2026-07-11 14:49:00"}
{"level":"info","message":"Orchestrator: Master DB connection closed.","timestamp":"2026-07-11 14:49:00"}
{"level":"info","message":"✅ Orchestrator: Finished. Total jobs enqueued: 0","timestamp":"2026-07-11 14:49:00"}
{"level":"info","message":"Job repeat:c10eea93bf68cc56fd5c63b351df3d32:1783761540000 (Orchestrator) completed successfully.","timestamp":"2026-07-11 14:49:00"}
{"level":"info","message":"[Job 56] 🔍 Starting scan for: https://sitemonitor.in","timestamp":"2026-07-11 14:49:34"}
{"level":"info","message":"[https://sitemonitor.in] Checking domain status for ID: 6a40b584652e3241533a7de4. Found: true, Deleted: false, Archived: false, Status: active","timestamp":"2026-07-11 14:49:34"}
{"level":"info","message":"🔍 [Crawl] Queue: 1 | Visited: 1 | Scanning: https://sitemonitor.in/","timestamp":"2026-07-11 14:49:34"}
{"level":"info","message":"🔍 [Domain: sitemonitor.in] [Page 1/10] Scanning: https://sitemonitor.in/","timestamp":"2026-07-11 14:49:34"}
{"level":"info","message":"🔍 [Scraper] HTML length: 54143 | Body length: 18693 | Total <a> tags: 55","timestamp":"2026-07-11 14:49:53"}
{"level":"info","message":"🔗 [Link Extraction] Page: https://sitemonitor.in/ | hostNorm: sitemonitor.in | Found 45 total links (23 internal)","timestamp":"2026-07-11 14:49:53"}
{"level":"info","message":"🚀 [PageSpeed API] Fetching metrics for https://sitemonitor.in/...","timestamp":"2026-07-11 14:49:59"}
{"level":"info","message":"[Job repeat:c10eea93bf68cc56fd5c63b351df3d32:1783761600000] 🚀 Executing scheduled global orchestration...","timestamp":"2026-07-11 14:50:00"}
{"level":"info","message":"Orchestrator: Starting global scan orchestration... ","timestamp":"2026-07-11 14:50:00"}
{"level":"info","message":"🔗 Connecting to MASTER database: master","timestamp":"2026-07-11 14:50:00"}
{"level":"info","message":"Orchestrator: Found 2 tenants to process.","timestamp":"2026-07-11 14:50:00"}
{"level":"info","message":"📁 Switching to CLIENT database: tenant_rbi (Tenant: rbi)","timestamp":"2026-07-11 14:50:00"}
{"level":"info","message":"Orchestrator: No domains found for tenant rbi (excluding those currently scanning).","timestamp":"2026-07-11 14:50:00"}
{"level":"info","message":"📁 Switching to CLIENT database: tenant_sbi (Tenant: sbi)","timestamp":"2026-07-11 14:50:00"}
{"level":"info","message":"Orchestrator: No domains found for tenant sbi (excluding those currently scanning).","timestamp":"2026-07-11 14:50:00"}
{"level":"info","message":"Orchestrator: Master DB connection closed.","timestamp":"2026-07-11 14:50:00"}
{"level":"info","message":"✅ Orchestrator: Finished. Total jobs enqueued: 0","timestamp":"2026-07-11 14:50:00"}
{"level":"info","message":"Job repeat:c10eea93bf68cc56fd5c63b351df3d32:1783761600000 (Orchestrator) completed successfully.","timestamp":"2026-07-11 14:50:00"}
{"level":"info","message":"✅ [PageSpeed API] Score for https://sitemonitor.in/: 74","timestamp":"2026-07-11 14:50:30"}
{"level":"info","message":"📊 [Lighthouse] Results for https://sitemonitor.in/: Performance: 74, SEO: 100, Accessibility: 90","timestamp":"2026-07-11 14:50:30"}
{"level":"info","message":"🔍 [Domain: sitemonitor.in] [Page 1/10] Found 23 internal links on https://sitemonitor.in/","timestamp":"2026-07-11 14:50:30"}
{"level":"info","message":"🔍 [Crawl] Queue: 0 | Visited: 2 | Scanning: https://sitemonitor.in/features","timestamp":"2026-07-11 14:50:30"}
{"level":"info","message":"🔍 [Domain: sitemonitor.in] [Page 2/10] Scanning: https://sitemonitor.in/features","timestamp":"2026-07-11 14:50:30"}
{"level":"info","message":"🔍 [Scraper] HTML length: 33258 | Body length: 6831 | Total <a> tags: 40","timestamp":"2026-07-11 14:50:48"}
{"level":"info","message":"🔗 [Link Extraction] Page: https://sitemonitor.in/features | hostNorm: sitemonitor.in | Found 40 total links (23 internal)","timestamp":"2026-07-11 14:50:48"}
{"level":"info","message":"🚀 [PageSpeed API] Fetching metrics for https://sitemonitor.in/features...","timestamp":"2026-07-11 14:50:53"}
{"level":"info","message":"[Job repeat:c10eea93bf68cc56fd5c63b351df3d32:1783761660000] 🚀 Executing scheduled global orchestration...","timestamp":"2026-07-11 14:51:00"}
{"level":"info","message":"Orchestrator: Starting global scan orchestration... ","timestamp":"2026-07-11 14:51:00"}
{"level":"info","message":"🔗 Connecting to MASTER database: master","timestamp":"2026-07-11 14:51:00"}
{"level":"info","message":"Orchestrator: Found 2 tenants to process.","timestamp":"2026-07-11 14:51:01"}
{"level":"info","message":"📁 Switching to CLIENT database: tenant_rbi (Tenant: rbi)","timestamp":"2026-07-11 14:51:01"}
{"level":"info","message":"Orchestrator: No domains found for tenant rbi (excluding those currently scanning).","timestamp":"2026-07-11 14:51:01"}
{"level":"info","message":"📁 Switching to CLIENT database: tenant_sbi (Tenant: sbi)","timestamp":"2026-07-11 14:51:01"}
{"level":"info","message":"Orchestrator: No domains found for tenant sbi (excluding those currently scanning).","timestamp":"2026-07-11 14:51:01"}
{"level":"info","message":"Orchestrator: Master DB connection closed.","timestamp":"2026-07-11 14:51:01"}
{"level":"info","message":"✅ Orchestrator: Finished. Total jobs enqueued: 0","timestamp":"2026-07-11 14:51:01"}
{"level":"info","message":"Job repeat:c10eea93bf68cc56fd5c63b351df3d32:1783761660000 (Orchestrator) completed successfully.","timestamp":"2026-07-11 14:51:01"}
{"level":"info","message":"✅ [PageSpeed API] Score for https://sitemonitor.in/features: 79","timestamp":"2026-07-11 14:51:09"}
{"level":"info","message":"📊 [Lighthouse] Results for https://sitemonitor.in/features: Performance: 79, SEO: 100, Accessibility: 93","timestamp":"2026-07-11 14:51:09"}
{"level":"info","message":"🔍 [Domain: sitemonitor.in] [Page 2/10] Found 23 internal links on https://sitemonitor.in/features","timestamp":"2026-07-11 14:51:09"}
{"level":"info","message":"[https://sitemonitor.in] Evaluating 1 policies against 2 pages.","timestamp":"2026-07-11 14:51:09"}
{"level":"info","message":"   -> 🔍 Scan [text] | Target: \"jewellery\" (containing) | Operator: \"contains\" | Actual: [Content length: 18693] | Result: ❌ NO MATCH","timestamp":"2026-07-11 14:51:09"}
{"level":"info","message":"   -> 🔍 Scan [page-title] | Target: \"jewellery\" (containing) | Operator: \"contains\" | Actual: \"AI Website Monitoring & Automa\" | Result: ❌ NO MATCH","timestamp":"2026-07-11 14:51:09"}
{"level":"info","message":"   -> 🔍 Scan [page-title-length] | Target: \"60\" | Operator: \"Greater than\" | Actual: 59 | Result: ❌ NO MATCH","timestamp":"2026-07-11 14:51:09"}
{"level":"info","message":"   -> 🔍 Scan [page-url] | Target: \"shop\" (containing) | Operator: \"contains\" | Actual: \"https://sitemonitor.in/\" | Result: ❌ NO MATCH","timestamp":"2026-07-11 14:51:09"}
{"level":"info","message":"   -> 🔍 Scan [link] | Target: \"contact\" (containing) | Operator: \"contains\" | Actual: [45 links] | Result: ✅ MATCH","timestamp":"2026-07-11 14:51:09"}
{"level":"info","message":"   -> 🔍 Scan [link-text] | Target: \"buy\" (containing) | Operator: \"contains\" | Actual: [45 links] | Result: ❌ NO MATCH","timestamp":"2026-07-11 14:51:09"}
{"level":"info","message":"   -> 🔍 Scan [link-text-length] | Target: \"50\" | Operator: \"Greater than\" | Actual: [45 links] | Result: ❌ NO MATCH","timestamp":"2026-07-11 14:51:09"}
{"level":"info","message":"   -> 🔍 Scan [file-size] | Target: \"5\" (MB) | Operator: \"Greater than\" | Actual: 765.9794921875 | Result: ❌ NO MATCH","timestamp":"2026-07-11 14:51:09"}
{"level":"info","message":"   -> 🔍 Scan [image-size] | Target: \"100\" (KB) | Operator: \"Greater than\" | Actual: [13 images] | Result: ✅ MATCH","timestamp":"2026-07-11 14:51:09"}
{"level":"info","message":"   -> 🔍 Scan [image-text] | Target: \"logo\" (containing) | Operator: \"contains\" | Actual: [13 images] | Result: ✅ MATCH","timestamp":"2026-07-11 14:51:09"}
{"level":"info","message":"   -> 🔍 Scan [image-text-length] | Target: \"100\" | Operator: \"Greater than\" | Actual: [13 images] | Result: ❌ NO MATCH","timestamp":"2026-07-11 14:51:09"}
{"level":"info","message":"   -> 🔍 Scan [external-link-count] | Target: \"10\" | Operator: \"Greater than\" | Actual: 2 | Result: ❌ NO MATCH","timestamp":"2026-07-11 14:51:09"}
{"level":"info","message":"   -> 🔍 Scan [incoming-link-count] | Target: \"5\" | Operator: \"Greater than\" | Actual: 23 | Result: ✅ MATCH","timestamp":"2026-07-11 14:51:09"}
{"level":"info","message":"   -> 🔍 Scan [heading-text] | Target: \"price\" (containing) | Operator: \"contains\" | Actual: [24 headings] | Result: ❌ NO MATCH","timestamp":"2026-07-11 14:51:09"}
{"level":"info","message":"   -> 🔍 Scan [header-text-length] | Target: \"80\" | Operator: \"Greater than\" | Actual: [24 headings] | Result: ❌ NO MATCH","timestamp":"2026-07-11 14:51:09"}
{"level":"info","message":"   -> 🔍 Scan [readability-level] | Target: \"12\" | Operator: \"Greater than\" | Actual: 15.131661111111114 | Result: ✅ MATCH","timestamp":"2026-07-11 14:51:09"}
{"level":"info","message":"   -> 🔍 Scan [meta-header] | Target: \"keyword\" (containing) | Operator: \"contains\" | Actual: [Content length: 18693] | Result: ❌ NO MATCH","timestamp":"2026-07-11 14:51:09"}
{"level":"info","message":"   -> 🔍 Scan [meta-header-length] | Target: \"160\" | Operator: \"Greater than\" | Actual: 159 | Result: ❌ NO MATCH","timestamp":"2026-07-11 14:51:09"}
{"level":"info","message":"   -> 🔍 Scan [page-html] | Target: \"<script>\" (containing) | Operator: \"contains\" | Actual: [Content length: 18693] | Result: ❌ NO MATCH","timestamp":"2026-07-11 14:51:09"}
{"level":"info","message":"   -> 🔍 Scan [text] | Target: \"jewellery\" (containing) | Operator: \"contains\" | Actual: [Content length: 6831] | Result: ❌ NO MATCH","timestamp":"2026-07-11 14:51:09"}
{"level":"info","message":"   -> 🔍 Scan [page-title] | Target: \"jewellery\" (containing) | Operator: \"contains\" | Actual: \"Comprehensive Website Monitori\" | Result: ❌ NO MATCH","timestamp":"2026-07-11 14:51:09"}
{"level":"info","message":"   -> 🔍 Scan [page-title-length] | Target: \"60\" | Operator: \"Greater than\" | Actual: 56 | Result: ❌ NO MATCH","timestamp":"2026-07-11 14:51:09"}
{"level":"info","message":"   -> 🔍 Scan [page-url] | Target: \"shop\" (containing) | Operator: \"contains\" | Actual: \"https://sitemonitor.in/features\" | Result: ❌ NO MATCH","timestamp":"2026-07-11 14:51:09"}
{"level":"info","message":"   -> 🔍 Scan [link] | Target: \"contact\" (containing) | Operator: \"contains\" | Actual: [40 links] | Result: ✅ MATCH","timestamp":"2026-07-11 14:51:09"}
{"level":"info","message":"   -> 🔍 Scan [link-text] | Target: \"buy\" (containing) | Operator: \"contains\" | Actual: [40 links] | Result: ❌ NO MATCH","timestamp":"2026-07-11 14:51:09"}
{"level":"info","message":"   -> 🔍 Scan [link-text-length] | Target: \"50\" | Operator: \"Greater than\" | Actual: [40 links] | Result: ❌ NO MATCH","timestamp":"2026-07-11 14:51:09"}
{"level":"info","message":"   -> 🔍 Scan [file-size] | Target: \"5\" (MB) | Operator: \"Greater than\" | Actual: 403.11328125 | Result: ❌ NO MATCH","timestamp":"2026-07-11 14:51:09"}
{"level":"info","message":"   -> 🔍 Scan [image-size] | Target: \"100\" (KB) | Operator: \"Greater than\" | Actual: [3 images] | Result: ❌ NO MATCH","timestamp":"2026-07-11 14:51:09"}
{"level":"info","message":"   -> 🔍 Scan [image-text] | Target: \"logo\" (containing) | Operator: \"contains\" | Actual: [3 images] | Result: ✅ MATCH","timestamp":"2026-07-11 14:51:09"}
{"level":"info","message":"   -> 🔍 Scan [image-text-length] | Target: \"100\" | Operator: \"Greater than\" | Actual: [3 images] | Result: ❌ NO MATCH","timestamp":"2026-07-11 14:51:09"}
{"level":"info","message":"   -> 🔍 Scan [external-link-count] | Target: \"10\" | Operator: \"Greater than\" | Actual: 0 | Result: ❌ NO MATCH","timestamp":"2026-07-11 14:51:09"}
{"level":"info","message":"   -> 🔍 Scan [incoming-link-count] | Target: \"5\" | Operator: \"Greater than\" | Actual: 23 | Result: ✅ MATCH","timestamp":"2026-07-11 14:51:09"}
{"level":"info","message":"   -> 🔍 Scan [heading-text] | Target: \"price\" (containing) | Operator: \"contains\" | Actual: [16 headings] | Result: ❌ NO MATCH","timestamp":"2026-07-11 14:51:09"}
{"level":"info","message":"   -> 🔍 Scan [header-text-length] | Target: \"80\" | Operator: \"Greater than\" | Actual: [16 headings] | Result: ❌ NO MATCH","timestamp":"2026-07-11 14:51:09"}
{"level":"info","message":"   -> 🔍 Scan [readability-level] | Target: \"12\" | Operator: \"Greater than\" | Actual: 15.44612062546538 | Result: ✅ MATCH","timestamp":"2026-07-11 14:51:09"}
{"level":"info","message":"   -> 🔍 Scan [meta-header] | Target: \"keyword\" (containing) | Operator: \"contains\" | Actual: [Content length: 6831] | Result: ❌ NO MATCH","timestamp":"2026-07-11 14:51:09"}
{"level":"info","message":"   -> 🔍 Scan [meta-header-length] | Target: \"160\" | Operator: \"Greater than\" | Actual: 156 | Result: ❌ NO MATCH","timestamp":"2026-07-11 14:51:09"}
{"level":"info","message":"   -> 🔍 Scan [page-html] | Target: \"<script>\" (containing) | Operator: \"contains\" | Actual: [Content length: 6831] | Result: ❌ NO MATCH","timestamp":"2026-07-11 14:51:09"}
{"level":"info","message":"✅ [https://sitemonitor.in] Saved 2 pages to database tenant_sbi.","timestamp":"2026-07-11 14:51:10"}
{"level":"info","message":"📊 [https://sitemonitor.in] Domain summary created in tenant_sbi. Final Score: 32","timestamp":"2026-07-11 14:51:10"}
{"level":"info","message":"📋 [sitemonitor.in] Compiling detailed audit data snapshot for jobId: 56-1783761574097...","timestamp":"2026-07-11 14:51:10"}
{"level":"info","message":"💾 [sitemonitor.in] Saved complete Audit details & summary snap to DB for jobId: 56-1783761574097","timestamp":"2026-07-11 14:51:10"}
{"level":"info","message":"📋 [sitemonitor.in] QA scan saved: 2 pages, jobId 56-1783761574097","timestamp":"2026-07-11 14:51:10"}
{"level":"info","message":"♿ [sitemonitor.in] Starting Accessibility scan for 2 pages...","timestamp":"2026-07-11 14:51:10"}
{"level":"info","message":"♿ [sitemonitor.in] Axe-core scanned 2/2","timestamp":"2026-07-11 14:51:13"}
{"level":"info","message":"✅ [sitemonitor.in] Accessibility scan saved: 2 pages, jobId 56-1783761574097","timestamp":"2026-07-11 14:51:14"}
{"level":"info","message":"📦 [https://sitemonitor.in] Enqueued Inventory scan for scanId: 6a520b0a8f139aa31590faea","timestamp":"2026-07-11 14:51:14"}
{"level":"info","message":"[Job 59] 📋 Starting inventory scan for: https://sitemonitor.in","timestamp":"2026-07-11 14:51:14"}
{"level":"info","message":"[Inventory Scan] Starting background scan for scanId: 6a520b0a8f139aa31590faea, domain: https://sitemonitor.in","timestamp":"2026-07-11 14:51:14"}
{"level":"info","message":"Job 56 (https://sitemonitor.in) completed successfully.","timestamp":"2026-07-11 14:51:14"}
{"level":"info","message":"[Inventory Scan] Loaded 3 disallow rules from robots.txt","timestamp":"2026-07-11 14:51:14"}
{"level":"info","message":"[Inventory Scan] Scanning batch of size 1. Visited total: 1","timestamp":"2026-07-11 14:51:14"}
{"level":"info","message":"[Inventory Scan Progress] 📈 Scanned Page: https://sitemonitor.in/ | Progress: 99%","timestamp":"2026-07-11 14:51:15"}
{"level":"info","message":"   └── 📦 Assets Discovered -> Pages: 1 | Images: 8 | CSS: 7 | JS: 9 | Docs: 0 | Emails: 0 | Headlinks: 9","timestamp":"2026-07-11 14:51:15"}
{"level":"info","message":"[Inventory Scan] Scanning batch of size 5. Visited total: 6","timestamp":"2026-07-11 14:51:15"}
{"level":"info","message":"[Inventory Scan Progress] 📈 Scanned Page: https://sitemonitor.in/features | Progress: 99%","timestamp":"2026-07-11 14:51:15"}
{"level":"info","message":"   └── 📦 Assets Discovered -> Pages: 6 | Images: 20 | CSS: 42 | JS: 54 | Docs: 0 | Emails: 0 | Headlinks: 45","timestamp":"2026-07-11 14:51:15"}
{"level":"info","message":"[Inventory Scan Progress] 📈 Scanned Page: https://sitemonitor.in/about | Progress: 99%","timestamp":"2026-07-11 14:51:15"}
{"level":"info","message":"   └── 📦 Assets Discovered -> Pages: 6 | Images: 20 | CSS: 42 | JS: 54 | Docs: 0 | Emails: 0 | Headlinks: 54","timestamp":"2026-07-11 14:51:15"}
{"level":"info","message":"[Inventory Scan Progress] 📈 Scanned Page: https://sitemonitor.in/pricing | Progress: 99%","timestamp":"2026-07-11 14:51:15"}
{"level":"info","message":"   └── 📦 Assets Discovered -> Pages: 6 | Images: 20 | CSS: 42 | JS: 54 | Docs: 0 | Emails: 0 | Headlinks: 54","timestamp":"2026-07-11 14:51:15"}
{"level":"info","message":"[Inventory Scan Progress] 📈 Scanned Page: https://sitemonitor.in/how-it-works | Progress: 99%","timestamp":"2026-07-11 14:51:15"}
{"level":"info","message":"   └── 📦 Assets Discovered -> Pages: 6 | Images: 20 | CSS: 42 | JS: 54 | Docs: 0 | Emails: 0 | Headlinks: 54","timestamp":"2026-07-11 14:51:15"}
{"level":"info","message":"[Inventory Scan Progress] 📈 Scanned Page: https://sitemonitor.in/blog | Progress: 99%","timestamp":"2026-07-11 14:51:15"}
{"level":"info","message":"   └── 📦 Assets Discovered -> Pages: 6 | Images: 20 | CSS: 42 | JS: 54 | Docs: 0 | Emails: 0 | Headlinks: 54","timestamp":"2026-07-11 14:51:15"}
{"level":"info","message":"[Inventory Scan] Scanning batch of size 5. Visited total: 11","timestamp":"2026-07-11 14:51:15"}
{"level":"info","message":"[Inventory Scan Progress] 📈 Scanned Page: https://sitemonitor.in/customers | Progress: 99%","timestamp":"2026-07-11 14:51:16"}
{"level":"info","message":"   └── 📦 Assets Discovered -> Pages: 11 | Images: 30 | CSS: 66 | JS: 90 | Docs: 0 | Emails: 0 | Headlinks: 65","timestamp":"2026-07-11 14:51:16"}
{"level":"info","message":"[Inventory Scan Progress] 📈 Scanned Page: https://sitemonitor.in/changelog | Progress: 99%","timestamp":"2026-07-11 14:51:16"}
{"level":"info","message":"   └── 📦 Assets Discovered -> Pages: 11 | Images: 30 | CSS: 66 | JS: 99 | Docs: 0 | Emails: 3 | Headlinks: 77","timestamp":"2026-07-11 14:51:16"}
{"level":"info","message":"[Inventory Scan Progress] 📈 Scanned Page: https://sitemonitor.in/status | Progress: 99%","timestamp":"2026-07-11 14:51:16"}
{"level":"info","message":"   └── 📦 Assets Discovered -> Pages: 11 | Images: 30 | CSS: 66 | JS: 99 | Docs: 0 | Emails: 3 | Headlinks: 86","timestamp":"2026-07-11 14:51:16"}
{"level":"info","message":"[Inventory Scan Progress] 📈 Scanned Page: https://sitemonitor.in/roadmap | Progress: 99%","timestamp":"2026-07-11 14:51:16"}
{"level":"info","message":"   └── 📦 Assets Discovered -> Pages: 11 | Images: 30 | CSS: 66 | JS: 99 | Docs: 0 | Emails: 3 | Headlinks: 86","timestamp":"2026-07-11 14:51:16"}
{"level":"info","message":"[Inventory Scan Progress] 📈 Scanned Page: https://sitemonitor.in/contact | Progress: 99%","timestamp":"2026-07-11 14:51:16"}
{"level":"info","message":"   └── 📦 Assets Discovered -> Pages: 11 | Images: 30 | CSS: 66 | JS: 99 | Docs: 0 | Emails: 3 | Headlinks: 86","timestamp":"2026-07-11 14:51:16"}
{"level":"info","message":"[Inventory Scan] Scanning batch of size 5. Visited total: 16","timestamp":"2026-07-11 14:51:16"}
{"level":"info","message":"[Inventory Scan Progress] 📈 Scanned Page: https://sitemonitor.in/careers | Progress: 99%","timestamp":"2026-07-11 14:51:17"}
{"level":"info","message":"   └── 📦 Assets Discovered -> Pages: 16 | Images: 40 | CSS: 88 | JS: 144 | Docs: 4 | Emails: 4 | Headlinks: 111","timestamp":"2026-07-11 14:51:17"}
{"level":"info","message":"[Inventory Scan Progress] 📈 Scanned Page: https://sitemonitor.in/api-reference | Progress: 99%","timestamp":"2026-07-11 14:51:17"}
{"level":"info","message":"   └── 📦 Assets Discovered -> Pages: 16 | Images: 40 | CSS: 88 | JS: 144 | Docs: 4 | Emails: 4 | Headlinks: 117","timestamp":"2026-07-11 14:51:17"}
{"level":"info","message":"[Inventory Scan Progress] 📈 Scanned Page: https://sitemonitor.in/documentation | Progress: 99%","timestamp":"2026-07-11 14:51:17"}
{"level":"info","message":"   └── 📦 Assets Discovered -> Pages: 16 | Images: 40 | CSS: 88 | JS: 144 | Docs: 4 | Emails: 4 | Headlinks: 117","timestamp":"2026-07-11 14:51:17"}
{"level":"info","message":"[Inventory Scan Progress] 📈 Scanned Page: https://sitemonitor.in/guides | Progress: 99%","timestamp":"2026-07-11 14:51:17"}
{"level":"info","message":"   └── 📦 Assets Discovered -> Pages: 16 | Images: 40 | CSS: 88 | JS: 144 | Docs: 4 | Emails: 4 | Headlinks: 117","timestamp":"2026-07-11 14:51:17"}
{"level":"info","message":"[Inventory Scan Progress] 📈 Scanned Page: https://sitemonitor.in/press-kit | Progress: 99%","timestamp":"2026-07-11 14:51:17"}
{"level":"info","message":"   └── 📦 Assets Discovered -> Pages: 16 | Images: 40 | CSS: 88 | JS: 144 | Docs: 4 | Emails: 4 | Headlinks: 117","timestamp":"2026-07-11 14:51:17"}
{"level":"info","message":"[Inventory Scan] Scanning batch of size 5. Visited total: 21","timestamp":"2026-07-11 14:51:17"}
{"level":"info","message":"[Inventory Scan Progress] 📈 Scanned Page: https://sitemonitor.in/gdpr | Progress: 99%","timestamp":"2026-07-11 14:51:17"}
{"level":"info","message":"   └── 📦 Assets Discovered -> Pages: 21 | Images: 50 | CSS: 108 | JS: 189 | Docs: 4 | Emails: 10 | Headlinks: 147","timestamp":"2026-07-11 14:51:17"}
{"level":"info","message":"[Inventory Scan Progress] 📈 Scanned Page: https://sitemonitor.in/community | Progress: 99%","timestamp":"2026-07-11 14:51:17"}
{"level":"info","message":"   └── 📦 Assets Discovered -> Pages: 21 | Images: 50 | CSS: 108 | JS: 189 | Docs: 4 | Emails: 10 | Headlinks: 147","timestamp":"2026-07-11 14:51:17"}
{"level":"info","message":"[Inventory Scan Progress] 📈 Scanned Page: https://sitemonitor.in/privacy | Progress: 99%","timestamp":"2026-07-11 14:51:17"}
{"level":"info","message":"   └── 📦 Assets Discovered -> Pages: 21 | Images: 50 | CSS: 108 | JS: 189 | Docs: 4 | Emails: 10 | Headlinks: 147","timestamp":"2026-07-11 14:51:17"}
{"level":"info","message":"[Inventory Scan Progress] 📈 Scanned Page: https://sitemonitor.in/terms | Progress: 99%","timestamp":"2026-07-11 14:51:17"}
{"level":"info","message":"   └── 📦 Assets Discovered -> Pages: 21 | Images: 50 | CSS: 108 | JS: 189 | Docs: 4 | Emails: 10 | Headlinks: 147","timestamp":"2026-07-11 14:51:17"}
{"level":"info","message":"[Inventory Scan Progress] 📈 Scanned Page: https://sitemonitor.in/security | Progress: 99%","timestamp":"2026-07-11 14:51:17"}
{"level":"info","message":"   └── 📦 Assets Discovered -> Pages: 21 | Images: 50 | CSS: 108 | JS: 189 | Docs: 4 | Emails: 10 | Headlinks: 147","timestamp":"2026-07-11 14:51:17"}
{"level":"info","message":"[Inventory Scan] Scanning batch of size 5. Visited total: 26","timestamp":"2026-07-11 14:51:17"}
{"level":"info","message":"[Inventory Scan Progress] 📈 Scanned Page: https://sitemonitor.in/cookies | Progress: 99%","timestamp":"2026-07-11 14:51:18"}
{"level":"info","message":"   └── 📦 Assets Discovered -> Pages: 26 | Images: 60 | CSS: 132 | JS: 216 | Docs: 4 | Emails: 12 | Headlinks: 154","timestamp":"2026-07-11 14:51:18"}
{"level":"info","message":"[Inventory Scan Progress] 📈 Scanned Page: https://sitemonitor.in/blog-details.php?category=performance&post=accessibility-is-the-key-to-digital-trust-and-brand-loyalty-2 | Progress: 99%","timestamp":"2026-07-11 14:51:18"}
{"level":"info","message":"   └── 📦 Assets Discovered -> Pages: 26 | Images: 60 | CSS: 139 | JS: 234 | Docs: 4 | Emails: 12 | Headlinks: 177","timestamp":"2026-07-11 14:51:18"}
{"level":"info","message":"[Inventory Scan Progress] 📈 Scanned Page: https://sitemonitor.in/blog-details.php?category=product&post=site-monitor-web-governance-adds-japanese-and-french | Progress: 99%","timestamp":"2026-07-11 14:51:18"}
{"level":"info","message":"   └── 📦 Assets Discovered -> Pages: 26 | Images: 60 | CSS: 139 | JS: 234 | Docs: 4 | Emails: 12 | Headlinks: 185","timestamp":"2026-07-11 14:51:18"}
{"level":"info","message":"[Inventory Scan Progress] 📈 Scanned Page: https://sitemonitor.in/categories.php | Progress: 99%","timestamp":"2026-07-11 14:51:18"}
{"level":"info","message":"   └── 📦 Assets Discovered -> Pages: 26 | Images: 60 | CSS: 139 | JS: 234 | Docs: 4 | Emails: 12 | Headlinks: 185","timestamp":"2026-07-11 14:51:18"}
{"level":"info","message":"[Inventory Scan Progress] 📈 Scanned Page: https://sitemonitor.in/blog-details.php?category=performance&post=website-accessibility-testing-offering-the-best-user | Progress: 99%","timestamp":"2026-07-11 14:51:18"}
{"level":"info","message":"   └── 📦 Assets Discovered -> Pages: 26 | Images: 60 | CSS: 139 | JS: 234 | Docs: 4 | Emails: 12 | Headlinks: 185","timestamp":"2026-07-11 14:51:18"}
{"level":"info","message":"[Inventory Scan] Scanning batch of size 5. Visited total: 31","timestamp":"2026-07-11 14:51:18"}
{"level":"info","message":"[Inventory Scan Progress] 📈 Scanned Page: https://sitemonitor.in/?section=contact-form | Progress: 99%","timestamp":"2026-07-11 14:51:19"}
{"level":"info","message":"   └── 📦 Assets Discovered -> Pages: 31 | Images: 76 | CSS: 167 | JS: 270 | Docs: 4 | Emails: 12 | Headlinks: 202","timestamp":"2026-07-11 14:51:19"}
{"level":"info","message":"[Inventory Scan Progress] 📈 Scanned Page: https://sitemonitor.in/blog-details.php?category=ai&post=digital-optimization-innovation-for-an-ai-disrupted-world | Progress: 99%","timestamp":"2026-07-11 14:51:19"}
{"level":"info","message":"   └── 📦 Assets Discovered -> Pages: 31 | Images: 76 | CSS: 174 | JS: 279 | Docs: 4 | Emails: 12 | Headlinks: 218","timestamp":"2026-07-11 14:51:19"}
{"level":"info","message":"[Inventory Scan Progress] 📈 Scanned Page: https://sitemonitor.in/blog-details.php?category=performance&post=why-website-monitoring-is-essential-for-modern-businesses | Progress: 99%","timestamp":"2026-07-11 14:51:19"}
{"level":"info","message":"   └── 📦 Assets Discovered -> Pages: 31 | Images: 76 | CSS: 174 | JS: 279 | Docs: 4 | Emails: 12 | Headlinks: 226","timestamp":"2026-07-11 14:51:19"}
{"level":"info","message":"[Inventory Scan Progress] 📈 Scanned Page: https://sitemonitor.in/blog-details.php?category=ai&post=the-future-of-ai-powered-website-performance-optimization | Progress: 99%","timestamp":"2026-07-11 14:51:19"}
{"level":"info","message":"   └── 📦 Assets Discovered -> Pages: 31 | Images: 76 | CSS: 174 | JS: 279 | Docs: 4 | Emails: 12 | Headlinks: 226","timestamp":"2026-07-11 14:51:19"}
{"level":"info","message":"[Inventory Scan Progress] 📈 Scanned Page: https://sitemonitor.in/blog-details.php?category=performance&post=how-technical-seo-monitoring-improves-search-rankings | Progress: 99%","timestamp":"2026-07-11 14:51:19"}
{"level":"info","message":"   └── 📦 Assets Discovered -> Pages: 31 | Images: 76 | CSS: 174 | JS: 279 | Docs: 4 | Emails: 12 | Headlinks: 226","timestamp":"2026-07-11 14:51:19"}
{"level":"info","message":"[Inventory Scan] Scanning batch of size 5. Visited total: 36","timestamp":"2026-07-11 14:51:19"}
{"level":"info","message":"[Inventory Scan Progress] 📈 Scanned Page: https://sitemonitor.in/blog.php?category=performance | Progress: 99%","timestamp":"2026-07-11 14:51:20"}
{"level":"info","message":"   └── 📦 Assets Discovered -> Pages: 36 | Images: 84 | CSS: 188 | JS: 288 | Docs: 4 | Emails: 12 | Headlinks: 235","timestamp":"2026-07-11 14:51:20"}
{"level":"info","message":"[Inventory Scan Progress] 📈 Scanned Page: https://sitemonitor.in/blog.php?category=engineering | Progress: 99%","timestamp":"2026-07-11 14:51:21"}
{"level":"info","message":"   └── 📦 Assets Discovered -> Pages: 36 | Images: 92 | CSS: 209 | JS: 324 | Docs: 4 | Emails: 12 | Headlinks: 271","timestamp":"2026-07-11 14:51:21"}
{"level":"info","message":"[Inventory Scan Progress] 📈 Scanned Page: https://sitemonitor.in/blog.php?category=product | Progress: 99%","timestamp":"2026-07-11 14:51:21"}
{"level":"info","message":"   └── 📦 Assets Discovered -> Pages: 36 | Images: 92 | CSS: 209 | JS: 324 | Docs: 4 | Emails: 12 | Headlinks: 271","timestamp":"2026-07-11 14:51:21"}
{"level":"info","message":"[Inventory Scan Progress] 📈 Scanned Page: https://sitemonitor.in/blog.php?category=ai | Progress: 99%","timestamp":"2026-07-11 14:51:21"}
{"level":"info","message":"   └── 📦 Assets Discovered -> Pages: 36 | Images: 92 | CSS: 209 | JS: 324 | Docs: 4 | Emails: 12 | Headlinks: 271","timestamp":"2026-07-11 14:51:21"}
{"level":"info","message":"[Inventory Scan Progress] 📈 Scanned Page: https://www.sitemonitor.in/ | Progress: 99%","timestamp":"2026-07-11 14:51:21"}
{"level":"info","message":"   └── 📦 Assets Discovered -> Pages: 36 | Images: 92 | CSS: 209 | JS: 324 | Docs: 4 | Emails: 12 | Headlinks: 271","timestamp":"2026-07-11 14:51:21"}
{"level":"info","message":"[Inventory Scan] Scanning batch of size 5. Visited total: 41","timestamp":"2026-07-11 14:51:21"}
{"level":"info","message":"[Inventory Scan Progress] 📈 Scanned Page: https://sitemonitor.in/blog-details.php?category=performance&post=digital-accessibility-explained-features-tools-and-benefits | Progress: 99%","timestamp":"2026-07-11 14:51:21"}
{"level":"info","message":"   └── 📦 Assets Discovered -> Pages: 41 | Images: 102 | CSS: 237 | JS: 360 | Docs: 4 | Emails: 12 | Headlinks: 305","timestamp":"2026-07-11 14:51:21"}
{"level":"info","message":"[Inventory Scan Progress] 📈 Scanned Page: https://sitemonitor.in/blog.php?category=agency | Progress: 99%","timestamp":"2026-07-11 14:51:21"}
{"level":"info","message":"   └── 📦 Assets Discovered -> Pages: 41 | Images: 102 | CSS: 244 | JS: 360 | Docs: 4 | Emails: 12 | Headlinks: 305","timestamp":"2026-07-11 14:51:21"}
{"level":"info","message":"[Inventory Scan Progress] 📈 Scanned Page: https://sitemonitor.in/blog-details.php?category=engineering&post=ada-title-ii-and-web-accessibility-what-the-dojs-final-rule | Progress: 99%","timestamp":"2026-07-11 14:51:21"}
{"level":"info","message":"   └── 📦 Assets Discovered -> Pages: 41 | Images: 102 | CSS: 244 | JS: 360 | Docs: 4 | Emails: 12 | Headlinks: 305","timestamp":"2026-07-11 14:51:21"}
{"level":"info","message":"[Inventory Scan Progress] 📈 Scanned Page: https://sitemonitor.in/blog.php?category=security | Progress: 99%","timestamp":"2026-07-11 14:51:21"}
{"level":"info","message":"   └── 📦 Assets Discovered -> Pages: 41 | Images: 102 | CSS: 244 | JS: 369 | Docs: 4 | Emails: 12 | Headlinks: 313","timestamp":"2026-07-11 14:51:21"}
{"level":"info","message":"[Inventory Scan Progress] 📈 Scanned Page: https://sitemonitor.in/blog-details.php?category=performance&post=accessibility-is-the-key-to-digital-trust-and-brand-loyalty | Progress: 99%","timestamp":"2026-07-11 14:51:22"}
{"level":"info","message":"   └── 📦 Assets Discovered -> Pages: 41 | Images: 102 | CSS: 244 | JS: 369 | Docs: 4 | Emails: 12 | Headlinks: 313","timestamp":"2026-07-11 14:51:22"}
{"level":"info","message":"[Inventory Scan] Scanning batch of size 5. Visited total: 46","timestamp":"2026-07-11 14:51:22"}
{"level":"info","message":"[Inventory Scan Progress] 📈 Scanned Page: https://sitemonitor.in/blog-details.php?category=engineering&post=15-practical-ways-to-improve-web-accessibility-and-user | Progress: 99%","timestamp":"2026-07-11 14:51:22"}
{"level":"info","message":"   └── 📦 Assets Discovered -> Pages: 46 | Images: 106 | CSS: 258 | JS: 387 | Docs: 4 | Emails: 12 | Headlinks: 329","timestamp":"2026-07-11 14:51:22"}
{"level":"info","message":"[Inventory Scan Progress] 📈 Scanned Page: https://sitemonitor.in/blog-details.php?category=engineering&post=website-accessibility-testing-how-to-deliver-the-best-user | Progress: 99%","timestamp":"2026-07-11 14:51:22"}
{"level":"info","message":"   └── 📦 Assets Discovered -> Pages: 46 | Images: 106 | CSS: 258 | JS: 387 | Docs: 4 | Emails: 12 | Headlinks: 329","timestamp":"2026-07-11 14:51:22"}
{"level":"info","message":"[Inventory Scan Progress] 📈 Scanned Page: https://sitemonitor.in/blog-details.php?category=engineering&post=how-to-build-a-web-accessibility-strategy-that-actually | Progress: 99%","timestamp":"2026-07-11 14:51:22"}
{"level":"info","message":"   └── 📦 Assets Discovered -> Pages: 46 | Images: 112 | CSS: 279 | JS: 414 | Docs: 4 | Emails: 12 | Headlinks: 353","timestamp":"2026-07-11 14:51:22"}
{"level":"info","message":"[Inventory Scan Progress] 📈 Scanned Page: https://sitemonitor.in/blog-details.php?category=product&post=making-sense-of-the-european-accessibility-act-en-301-549 | Progress: 99%","timestamp":"2026-07-11 14:51:22"}
{"level":"info","message":"   └── 📦 Assets Discovered -> Pages: 46 | Images: 112 | CSS: 279 | JS: 414 | Docs: 4 | Emails: 12 | Headlinks: 353","timestamp":"2026-07-11 14:51:22"}
{"level":"info","message":"[Inventory Scan Progress] 📈 Scanned Page: https://sitemonitor.in/blog-details.php?category=engineering&post=7-tech-tools-that-help-people-with-disabilities-access-the | Progress: 99%","timestamp":"2026-07-11 14:51:23"}
{"level":"info","message":"   └── 📦 Assets Discovered -> Pages: 46 | Images: 112 | CSS: 279 | JS: 414 | Docs: 4 | Emails: 12 | Headlinks: 353","timestamp":"2026-07-11 14:51:23"}
{"level":"info","message":"[Inventory Scan] Scanning batch of size 5. Visited total: 51","timestamp":"2026-07-11 14:51:23"}
{"level":"info","message":"[Inventory Scan Progress] 📈 Scanned Page: https://www.sitemonitor.in/features | Progress: 99%","timestamp":"2026-07-11 14:51:23"}
{"level":"info","message":"   └── 📦 Assets Discovered -> Pages: 51 | Images: 120 | CSS: 293 | JS: 432 | Docs: 4 | Emails: 12 | Headlinks: 362","timestamp":"2026-07-11 14:51:23"}
{"level":"info","message":"[Inventory Scan Progress] 📈 Scanned Page: https://sitemonitor.in/blog-details.php?category=product&post=multi-language-website-monitoring-why-global-reach-demands | Progress: 99%","timestamp":"2026-07-11 14:51:23"}
{"level":"info","message":"   └── 📦 Assets Discovered -> Pages: 51 | Images: 122 | CSS: 314 | JS: 450 | Docs: 4 | Emails: 12 | Headlinks: 370","timestamp":"2026-07-11 14:51:23"}
{"level":"info","message":"[Inventory Scan Progress] 📈 Scanned Page: https://sitemonitor.in/blog-details.php?category=product&post=web-governance-and-how-to-use-it-for-effective-website | Progress: 99%","timestamp":"2026-07-11 14:51:23"}
{"level":"info","message":"   └── 📦 Assets Discovered -> Pages: 51 | Images: 122 | CSS: 314 | JS: 459 | Docs: 4 | Emails: 12 | Headlinks: 394","timestamp":"2026-07-11 14:51:23"}
{"level":"info","message":"[Inventory Scan Progress] 📈 Scanned Page: https://sitemonitor.in/blog-details.php?category=product&post=important-web-accessibility-statistics-every-digital-team | Progress: 99%","timestamp":"2026-07-11 14:51:23"}
{"level":"info","message":"   └── 📦 Assets Discovered -> Pages: 51 | Images: 122 | CSS: 314 | JS: 459 | Docs: 4 | Emails: 12 | Headlinks: 394","timestamp":"2026-07-11 14:51:23"}
{"level":"info","message":"[Inventory Scan Progress] 📈 Scanned Page: https://sitemonitor.in/blog-details.php?category=product&post=readability-how-to-write-content-that-everyone-can-read | Progress: 99%","timestamp":"2026-07-11 14:51:23"}
{"level":"info","message":"   └── 📦 Assets Discovered -> Pages: 51 | Images: 122 | CSS: 314 | JS: 459 | Docs: 4 | Emails: 12 | Headlinks: 394","timestamp":"2026-07-11 14:51:23"}
{"level":"info","message":"[Inventory Scan] Scanning batch of size 5. Visited total: 56","timestamp":"2026-07-11 14:51:23"}
{"level":"info","message":"[Inventory Scan Progress] 📈 Scanned Page: https://www.sitemonitor.in/how-it-works | Progress: 99%","timestamp":"2026-07-11 14:51:24"}
{"level":"info","message":"   └── 📦 Assets Discovered -> Pages: 56 | Images: 134 | CSS: 349 | JS: 504 | Docs: 4 | Emails: 15 | Headlinks: 439","timestamp":"2026-07-11 14:51:24"}
{"level":"info","message":"[Inventory Scan Progress] 📈 Scanned Page: https://www.sitemonitor.in/pricing | Progress: 99%","timestamp":"2026-07-11 14:51:24"}
{"level":"info","message":"   └── 📦 Assets Discovered -> Pages: 56 | Images: 134 | CSS: 349 | JS: 504 | Docs: 4 | Emails: 15 | Headlinks: 439","timestamp":"2026-07-11 14:51:24"}
{"level":"info","message":"[Inventory Scan Progress] 📈 Scanned Page: https://www.sitemonitor.in/about | Progress: 99%","timestamp":"2026-07-11 14:51:24"}
{"level":"info","message":"   └── 📦 Assets Discovered -> Pages: 56 | Images: 134 | CSS: 349 | JS: 504 | Docs: 4 | Emails: 15 | Headlinks: 439","timestamp":"2026-07-11 14:51:24"}
{"level":"info","message":"[Inventory Scan Progress] 📈 Scanned Page: https://www.sitemonitor.in/blog | Progress: 99%","timestamp":"2026-07-11 14:51:24"}
{"level":"info","message":"   └── 📦 Assets Discovered -> Pages: 56 | Images: 134 | CSS: 349 | JS: 504 | Docs: 4 | Emails: 15 | Headlinks: 439","timestamp":"2026-07-11 14:51:24"}
{"level":"info","message":"[Inventory Scan Progress] 📈 Scanned Page: https://www.sitemonitor.in/contact | Progress: 99%","timestamp":"2026-07-11 14:51:24"}
{"level":"info","message":"   └── 📦 Assets Discovered -> Pages: 56 | Images: 134 | CSS: 349 | JS: 504 | Docs: 4 | Emails: 15 | Headlinks: 439","timestamp":"2026-07-11 14:51:24"}
{"level":"info","message":"[Inventory Scan] Scanning batch of size 5. Visited total: 61","timestamp":"2026-07-11 14:51:24"}
{"level":"info","message":"[Inventory Scan Progress] 📈 Scanned Page: https://www.sitemonitor.in/customers | Progress: 99%","timestamp":"2026-07-11 14:51:25"}
{"level":"info","message":"   └── 📦 Assets Discovered -> Pages: 61 | Images: 144 | CSS: 370 | JS: 540 | Docs: 4 | Emails: 15 | Headlinks: 455","timestamp":"2026-07-11 14:51:25"}
{"level":"info","message":"[Inventory Scan Progress] 📈 Scanned Page: https://www.sitemonitor.in/careers | Progress: 99%","timestamp":"2026-07-11 14:51:25"}
{"level":"info","message":"   └── 📦 Assets Discovered -> Pages: 61 | Images: 144 | CSS: 370 | JS: 549 | Docs: 4 | Emails: 15 | Headlinks: 455","timestamp":"2026-07-11 14:51:25"}
{"level":"info","message":"[Inventory Scan Progress] 📈 Scanned Page: https://www.sitemonitor.in/changelog | Progress: 99%","timestamp":"2026-07-11 14:51:25"}
{"level":"info","message":"   └── 📦 Assets Discovered -> Pages: 61 | Images: 144 | CSS: 370 | JS: 549 | Docs: 4 | Emails: 15 | Headlinks: 461","timestamp":"2026-07-11 14:51:25"}
{"level":"info","message":"[Inventory Scan Progress] 📈 Scanned Page: https://www.sitemonitor.in/roadmap | Progress: 99%","timestamp":"2026-07-11 14:51:25"}
{"level":"info","message":"   └── 📦 Assets Discovered -> Pages: 61 | Images: 144 | CSS: 370 | JS: 549 | Docs: 4 | Emails: 15 | Headlinks: 467","timestamp":"2026-07-11 14:51:25"}
{"level":"info","message":"[Inventory Scan Progress] 📈 Scanned Page: https://www.sitemonitor.in/status | Progress: 99%","timestamp":"2026-07-11 14:51:25"}
{"level":"info","message":"   └── 📦 Assets Discovered -> Pages: 61 | Images: 144 | CSS: 370 | JS: 549 | Docs: 4 | Emails: 15 | Headlinks: 467","timestamp":"2026-07-11 14:51:25"}
{"level":"info","message":"[Inventory Scan] Scanning batch of size 5. Visited total: 66","timestamp":"2026-07-11 14:51:25"}
{"level":"info","message":"[Inventory Scan Progress] 📈 Scanned Page: https://www.sitemonitor.in/guides | Progress: 99%","timestamp":"2026-07-11 14:51:25"}
{"level":"info","message":"   └── 📦 Assets Discovered -> Pages: 66 | Images: 154 | CSS: 392 | JS: 594 | Docs: 8 | Emails: 16 | Headlinks: 499","timestamp":"2026-07-11 14:51:25"}
{"level":"info","message":"[Inventory Scan Progress] 📈 Scanned Page: https://www.sitemonitor.in/api-reference | Progress: 99%","timestamp":"2026-07-11 14:51:25"}
{"level":"info","message":"   └── 📦 Assets Discovered -> Pages: 66 | Images: 154 | CSS: 392 | JS: 594 | Docs: 8 | Emails: 16 | Headlinks: 499","timestamp":"2026-07-11 14:51:25"}
{"level":"info","message":"[Inventory Scan Progress] 📈 Scanned Page: https://www.sitemonitor.in/community | Progress: 99%","timestamp":"2026-07-11 14:51:25"}
{"level":"info","message":"   └── 📦 Assets Discovered -> Pages: 66 | Images: 154 | CSS: 392 | JS: 594 | Docs: 8 | Emails: 16 | Headlinks: 499","timestamp":"2026-07-11 14:51:25"}
{"level":"info","message":"[Inventory Scan Progress] 📈 Scanned Page: https://www.sitemonitor.in/documentation | Progress: 99%","timestamp":"2026-07-11 14:51:25"}
{"level":"info","message":"   └── 📦 Assets Discovered -> Pages: 66 | Images: 154 | CSS: 392 | JS: 594 | Docs: 8 | Emails: 16 | Headlinks: 499","timestamp":"2026-07-11 14:51:25"}
{"level":"info","message":"[Inventory Scan Progress] 📈 Scanned Page: https://www.sitemonitor.in/press-kit | Progress: 99%","timestamp":"2026-07-11 14:51:25"}
{"level":"info","message":"   └── 📦 Assets Discovered -> Pages: 66 | Images: 154 | CSS: 392 | JS: 594 | Docs: 8 | Emails: 16 | Headlinks: 499","timestamp":"2026-07-11 14:51:25"}
{"level":"info","message":"[Inventory Scan] Scanning batch of size 5. Visited total: 71","timestamp":"2026-07-11 14:51:25"}
{"level":"info","message":"[Inventory Scan Progress] 📈 Scanned Page: https://www.sitemonitor.in/terms | Progress: 99%","timestamp":"2026-07-11 14:51:26"}
{"level":"info","message":"   └── 📦 Assets Discovered -> Pages: 71 | Images: 164 | CSS: 413 | JS: 639 | Docs: 8 | Emails: 24 | Headlinks: 530","timestamp":"2026-07-11 14:51:26"}
{"level":"info","message":"[Inventory Scan Progress] 📈 Scanned Page: https://www.sitemonitor.in/gdpr | Progress: 99%","timestamp":"2026-07-11 14:51:26"}
{"level":"info","message":"   └── 📦 Assets Discovered -> Pages: 71 | Images: 164 | CSS: 413 | JS: 639 | Docs: 8 | Emails: 24 | Headlinks: 530","timestamp":"2026-07-11 14:51:26"}
{"level":"info","message":"[Inventory Scan Progress] 📈 Scanned Page: https://www.sitemonitor.in/cookies | Progress: 99%","timestamp":"2026-07-11 14:51:26"}
{"level":"info","message":"   └── 📦 Assets Discovered -> Pages: 71 | Images: 164 | CSS: 413 | JS: 639 | Docs: 8 | Emails: 24 | Headlinks: 530","timestamp":"2026-07-11 14:51:26"}
{"level":"info","message":"[Inventory Scan Progress] 📈 Scanned Page: https://www.sitemonitor.in/security | Progress: 99%","timestamp":"2026-07-11 14:51:26"}
{"level":"info","message":"   └── 📦 Assets Discovered -> Pages: 71 | Images: 164 | CSS: 413 | JS: 639 | Docs: 8 | Emails: 24 | Headlinks: 530","timestamp":"2026-07-11 14:51:26"}
{"level":"info","message":"[Inventory Scan Progress] 📈 Scanned Page: https://www.sitemonitor.in/privacy | Progress: 99%","timestamp":"2026-07-11 14:51:26"}
{"level":"info","message":"   └── 📦 Assets Discovered -> Pages: 71 | Images: 164 | CSS: 413 | JS: 639 | Docs: 8 | Emails: 24 | Headlinks: 530","timestamp":"2026-07-11 14:51:26"}
{"level":"info","message":"[Inventory Scan] Scanning batch of size 5. Visited total: 76","timestamp":"2026-07-11 14:51:26"}
{"level":"info","message":"[Inventory Scan Progress] 📈 Scanned Page: https://sitemonitor.in/blog-details.php?category=security&post=7-key-web-governance-principles-for-better-website-2 | Progress: 99%","timestamp":"2026-07-11 14:51:27"}
{"level":"info","message":"   └── 📦 Assets Discovered -> Pages: 76 | Images: 174 | CSS: 441 | JS: 666 | Docs: 8 | Emails: 24 | Headlinks: 546","timestamp":"2026-07-11 14:51:27"}
{"level":"info","message":"[Inventory Scan Progress] 📈 Scanned Page: https://sitemonitor.in/blog-details.php?category=ai&post=digital-optimization-and-innovation-in-an-ai-disrupted-world | Progress: 99%","timestamp":"2026-07-11 14:51:27"}
{"level":"info","message":"   └── 📦 Assets Discovered -> Pages: 76 | Images: 174 | CSS: 448 | JS: 675 | Docs: 8 | Emails: 24 | Headlinks: 562","timestamp":"2026-07-11 14:51:27"}
{"level":"info","message":"[Inventory Scan Progress] 📈 Scanned Page: https://sitemonitor.in/blog-details.php?category=agency&post=digital-accessibility-the-business-imperative-we-cant-ignore | Progress: 99%","timestamp":"2026-07-11 14:51:27"}
{"level":"info","message":"   └── 📦 Assets Discovered -> Pages: 76 | Images: 174 | CSS: 448 | JS: 684 | Docs: 8 | Emails: 24 | Headlinks: 562","timestamp":"2026-07-11 14:51:27"}
{"level":"info","message":"[Inventory Scan Progress] 📈 Scanned Page: https://sitemonitor.in/blog-details.php?category=agency&post=what-to-do-if-you-receive-an-ada-web-accessibility-demand | Progress: 99%","timestamp":"2026-07-11 14:51:27"}
{"level":"info","message":"   └── 📦 Assets Discovered -> Pages: 76 | Images: 174 | CSS: 448 | JS: 684 | Docs: 8 | Emails: 24 | Headlinks: 570","timestamp":"2026-07-11 14:51:27"}
{"level":"info","message":"[Inventory Scan Progress] 📈 Scanned Page: https://sitemonitor.in/blog-details.php?category=ai&post=european-accessibility-act-and-en-301-549-complete | Progress: 99%","timestamp":"2026-07-11 14:51:27"}
{"level":"info","message":"   └── 📦 Assets Discovered -> Pages: 76 | Images: 174 | CSS: 448 | JS: 684 | Docs: 8 | Emails: 24 | Headlinks: 570","timestamp":"2026-07-11 14:51:27"}
{"level":"info","message":"[Inventory Scan] Scanning batch of size 5. Visited total: 81","timestamp":"2026-07-11 14:51:27"}
{"level":"info","message":"[Inventory Scan Progress] 📈 Scanned Page: https://www.sitemonitor.in/categories.php | Progress: 99%","timestamp":"2026-07-11 14:51:28"}
{"level":"info","message":"   └── 📦 Assets Discovered -> Pages: 81 | Images: 184 | CSS: 481 | JS: 729 | Docs: 8 | Emails: 24 | Headlinks: 609","timestamp":"2026-07-11 14:51:28"}
{"level":"info","message":"[Inventory Scan Progress] 📈 Scanned Page: https://www.sitemonitor.in/blog-details.php?category=performance&post=website-accessibility-testing-offering-the-best-user | Progress: 99%","timestamp":"2026-07-11 14:51:28"}
{"level":"info","message":"   └── 📦 Assets Discovered -> Pages: 81 | Images: 184 | CSS: 481 | JS: 729 | Docs: 8 | Emails: 24 | Headlinks: 609","timestamp":"2026-07-11 14:51:28"}
{"level":"info","message":"[Inventory Scan Progress] 📈 Scanned Page: https://www.sitemonitor.in/blog-details.php?category=ai&post=digital-optimization-innovation-for-an-ai-disrupted-world | Progress: 99%","timestamp":"2026-07-11 14:51:28"}
{"level":"info","message":"   └── 📦 Assets Discovered -> Pages: 81 | Images: 184 | CSS: 481 | JS: 729 | Docs: 8 | Emails: 24 | Headlinks: 609","timestamp":"2026-07-11 14:51:28"}
{"level":"info","message":"[Inventory Scan Progress] 📈 Scanned Page: https://www.sitemonitor.in/blog-details.php?category=performance&post=accessibility-is-the-key-to-digital-trust-and-brand-loyalty-2 | Progress: 99%","timestamp":"2026-07-11 14:51:28"}
{"level":"info","message":"   └── 📦 Assets Discovered -> Pages: 81 | Images: 184 | CSS: 481 | JS: 729 | Docs: 8 | Emails: 24 | Headlinks: 609","timestamp":"2026-07-11 14:51:28"}
{"level":"info","message":"[Inventory Scan Progress] 📈 Scanned Page: https://www.sitemonitor.in/blog-details.php?category=product&post=site-monitor-web-governance-adds-japanese-and-french | Progress: 99%","timestamp":"2026-07-11 14:51:28"}
{"level":"info","message":"   └── 📦 Assets Discovered -> Pages: 81 | Images: 184 | CSS: 481 | JS: 729 | Docs: 8 | Emails: 24 | Headlinks: 609","timestamp":"2026-07-11 14:51:28"}
{"level":"info","message":"[Inventory Scan] Scanning batch of size 5. Visited total: 86","timestamp":"2026-07-11 14:51:28"}
{"level":"info","message":"[Inventory Scan Progress] 📈 Scanned Page: https://www.sitemonitor.in/blog-details.php?category=performance&post=why-website-monitoring-is-essential-for-modern-businesses | Progress: 99%","timestamp":"2026-07-11 14:51:28"}
{"level":"info","message":"   └── 📦 Assets Discovered -> Pages: 86 | Images: 200 | CSS: 516 | JS: 765 | Docs: 8 | Emails: 24 | Headlinks: 635","timestamp":"2026-07-11 14:51:28"}
{"level":"info","message":"[Inventory Scan Progress] 📈 Scanned Page: https://www.sitemonitor.in/?section=contact-form | Progress: 99%","timestamp":"2026-07-11 14:51:28"}
{"level":"info","message":"   └── 📦 Assets Discovered -> Pages: 86 | Images: 200 | CSS: 516 | JS: 765 | Docs: 8 | Emails: 24 | Headlinks: 635","timestamp":"2026-07-11 14:51:28"}
{"level":"info","message":"[Inventory Scan Progress] 📈 Scanned Page: https://www.sitemonitor.in/blog.php?category=product | Progress: 99%","timestamp":"2026-07-11 14:51:28"}
{"level":"info","message":"   └── 📦 Assets Discovered -> Pages: 86 | Images: 200 | CSS: 516 | JS: 774 | Docs: 8 | Emails: 24 | Headlinks: 643","timestamp":"2026-07-11 14:51:28"}
{"level":"info","message":"[Inventory Scan Progress] 📈 Scanned Page: https://www.sitemonitor.in/blog-details.php?category=performance&post=how-technical-seo-monitoring-improves-search-rankings | Progress: 99%","timestamp":"2026-07-11 14:51:29"}
{"level":"info","message":"   └── 📦 Assets Discovered -> Pages: 86 | Images: 200 | CSS: 516 | JS: 774 | Docs: 8 | Emails: 24 | Headlinks: 651","timestamp":"2026-07-11 14:51:29"}
{"level":"info","message":"[Inventory Scan Progress] 📈 Scanned Page: https://www.sitemonitor.in/blog-details.php?category=ai&post=the-future-of-ai-powered-website-performance-optimization | Progress: 99%","timestamp":"2026-07-11 14:51:29"}
{"level":"info","message":"   └── 📦 Assets Discovered -> Pages: 86 | Images: 200 | CSS: 516 | JS: 774 | Docs: 8 | Emails: 24 | Headlinks: 651","timestamp":"2026-07-11 14:51:29"}
{"level":"info","message":"[Inventory Scan] Scanning batch of size 5. Visited total: 91","timestamp":"2026-07-11 14:51:29"}
{"level":"info","message":"[Inventory Scan Progress] 📈 Scanned Page: https://www.sitemonitor.in/blog.php?category=ai | Progress: 99%","timestamp":"2026-07-11 14:51:29"}
{"level":"info","message":"   └── 📦 Assets Discovered -> Pages: 91 | Images: 210 | CSS: 551 | JS: 819 | Docs: 8 | Emails: 24 | Headlinks: 687","timestamp":"2026-07-11 14:51:29"}
{"level":"info","message":"[Inventory Scan Progress] 📈 Scanned Page: https://www.sitemonitor.in/blog.php?category=agency | Progress: 99%","timestamp":"2026-07-11 14:51:29"}
{"level":"info","message":"   └── 📦 Assets Discovered -> Pages: 91 | Images: 210 | CSS: 551 | JS: 819 | Docs: 8 | Emails: 24 | Headlinks: 696","timestamp":"2026-07-11 14:51:29"}
{"level":"info","message":"[Inventory Scan Progress] 📈 Scanned Page: https://www.sitemonitor.in/blog.php?category=security | Progress: 99%","timestamp":"2026-07-11 14:51:29"}
{"level":"info","message":"   └── 📦 Assets Discovered -> Pages: 91 | Images: 210 | CSS: 551 | JS: 819 | Docs: 8 | Emails: 24 | Headlinks: 696","timestamp":"2026-07-11 14:51:29"}
{"level":"info","message":"[Inventory Scan Progress] 📈 Scanned Page: https://www.sitemonitor.in/blog.php?category=engineering | Progress: 99%","timestamp":"2026-07-11 14:51:29"}
{"level":"info","message":"   └── 📦 Assets Discovered -> Pages: 91 | Images: 210 | CSS: 551 | JS: 819 | Docs: 8 | Emails: 24 | Headlinks: 696","timestamp":"2026-07-11 14:51:29"}
{"level":"info","message":"[Inventory Scan Progress] 📈 Scanned Page: https://www.sitemonitor.in/blog.php?category=performance | Progress: 99%","timestamp":"2026-07-11 14:51:29"}
{"level":"info","message":"   └── 📦 Assets Discovered -> Pages: 91 | Images: 210 | CSS: 551 | JS: 819 | Docs: 8 | Emails: 24 | Headlinks: 696","timestamp":"2026-07-11 14:51:29"}
{"level":"info","message":"[Inventory Scan] Scanning batch of size 5. Visited total: 96","timestamp":"2026-07-11 14:51:29"}
{"level":"info","message":"[Inventory Scan Progress] 📈 Scanned Page: https://www.sitemonitor.in/blog-details.php?category=product&post=web-governance-and-how-to-use-it-for-effective-website | Progress: 99%","timestamp":"2026-07-11 14:51:30"}
{"level":"info","message":"   └── 📦 Assets Discovered -> Pages: 96 | Images: 220 | CSS: 586 | JS: 864 | Docs: 8 | Emails: 24 | Headlinks: 736","timestamp":"2026-07-11 14:51:30"}
{"level":"info","message":"[Inventory Scan Progress] 📈 Scanned Page: https://www.sitemonitor.in/blog-details.php?category=product&post=making-sense-of-the-european-accessibility-act-en-301-549 | Progress: 99%","timestamp":"2026-07-11 14:51:30"}
{"level":"info","message":"   └── 📦 Assets Discovered -> Pages: 96 | Images: 220 | CSS: 586 | JS: 864 | Docs: 8 | Emails: 24 | Headlinks: 736","timestamp":"2026-07-11 14:51:30"}
{"level":"info","message":"[Inventory Scan Progress] 📈 Scanned Page: https://www.sitemonitor.in/blog-details.php?category=product&post=multi-language-website-monitoring-why-global-reach-demands | Progress: 99%","timestamp":"2026-07-11 14:51:30"}
{"level":"info","message":"   └── 📦 Assets Discovered -> Pages: 96 | Images: 220 | CSS: 586 | JS: 864 | Docs: 8 | Emails: 24 | Headlinks: 736","timestamp":"2026-07-11 14:51:30"}
{"level":"info","message":"[Inventory Scan Progress] 📈 Scanned Page: https://www.sitemonitor.in/blog-details.php?category=product&post=readability-how-to-write-content-that-everyone-can-read | Progress: 99%","timestamp":"2026-07-11 14:51:30"}
{"level":"info","message":"   └── 📦 Assets Discovered -> Pages: 96 | Images: 220 | CSS: 586 | JS: 864 | Docs: 8 | Emails: 24 | Headlinks: 736","timestamp":"2026-07-11 14:51:30"}
{"level":"info","message":"[Inventory Scan Progress] 📈 Scanned Page: https://www.sitemonitor.in/blog-details.php?category=product&post=important-web-accessibility-statistics-every-digital-team | Progress: 99%","timestamp":"2026-07-11 14:51:30"}
{"level":"info","message":"   └── 📦 Assets Discovered -> Pages: 96 | Images: 220 | CSS: 586 | JS: 864 | Docs: 8 | Emails: 24 | Headlinks: 736","timestamp":"2026-07-11 14:51:30"}
{"level":"info","message":"[Inventory Scan] Scanning batch of size 5. Visited total: 101","timestamp":"2026-07-11 14:51:30"}
{"level":"info","message":"[Inventory Scan Progress] 📈 Scanned Page: https://www.sitemonitor.in/blog-details.php?category=agency&post=what-to-do-if-you-receive-an-ada-web-accessibility-demand | Progress: 99%","timestamp":"2026-07-11 14:51:31"}
{"level":"info","message":"   └── 📦 Assets Discovered -> Pages: 101 | Images: 230 | CSS: 621 | JS: 909 | Docs: 8 | Emails: 24 | Headlinks: 768","timestamp":"2026-07-11 14:51:31"}
{"level":"info","message":"[Inventory Scan Progress] 📈 Scanned Page: https://www.sitemonitor.in/blog-details.php?category=ai&post=european-accessibility-act-and-en-301-549-complete | Progress: 99%","timestamp":"2026-07-11 14:51:31"}
{"level":"info","message":"   └── 📦 Assets Discovered -> Pages: 101 | Images: 230 | CSS: 621 | JS: 909 | Docs: 8 | Emails: 24 | Headlinks: 776","timestamp":"2026-07-11 14:51:31"}
{"level":"info","message":"[Inventory Scan Progress] 📈 Scanned Page: https://www.sitemonitor.in/blog-details.php?category=ai&post=digital-optimization-and-innovation-in-an-ai-disrupted-world | Progress: 99%","timestamp":"2026-07-11 14:51:31"}
{"level":"info","message":"   └── 📦 Assets Discovered -> Pages: 101 | Images: 230 | CSS: 621 | JS: 909 | Docs: 8 | Emails: 24 | Headlinks: 776","timestamp":"2026-07-11 14:51:31"}
{"level":"info","message":"[Inventory Scan Progress] 📈 Scanned Page: https://www.sitemonitor.in/blog-details.php?category=agency&post=digital-accessibility-the-business-imperative-we-cant-ignore | Progress: 99%","timestamp":"2026-07-11 14:51:31"}
{"level":"info","message":"   └── 📦 Assets Discovered -> Pages: 101 | Images: 230 | CSS: 621 | JS: 909 | Docs: 8 | Emails: 24 | Headlinks: 776","timestamp":"2026-07-11 14:51:31"}
{"level":"info","message":"[Inventory Scan Progress] 📈 Scanned Page: https://www.sitemonitor.in/blog-details.php?category=security&post=7-key-web-governance-principles-for-better-website-2 | Progress: 99%","timestamp":"2026-07-11 14:51:31"}
{"level":"info","message":"   └── 📦 Assets Discovered -> Pages: 101 | Images: 230 | CSS: 621 | JS: 909 | Docs: 8 | Emails: 24 | Headlinks: 776","timestamp":"2026-07-11 14:51:31"}
{"level":"info","message":"[Inventory Scan] Scanning batch of size 5. Visited total: 106","timestamp":"2026-07-11 14:51:31"}
{"level":"info","message":"[Inventory Scan Progress] 📈 Scanned Page: https://www.sitemonitor.in/blog-details.php?category=engineering&post=website-accessibility-testing-how-to-deliver-the-best-user | Progress: 99%","timestamp":"2026-07-11 14:51:31"}
{"level":"info","message":"   └── 📦 Assets Discovered -> Pages: 106 | Images: 240 | CSS: 656 | JS: 954 | Docs: 8 | Emails: 24 | Headlinks: 808","timestamp":"2026-07-11 14:51:31"}
{"level":"info","message":"[Inventory Scan Progress] 📈 Scanned Page: https://www.sitemonitor.in/blog-details.php?category=engineering&post=15-practical-ways-to-improve-web-accessibility-and-user | Progress: 99%","timestamp":"2026-07-11 14:51:31"}
{"level":"info","message":"   └── 📦 Assets Discovered -> Pages: 106 | Images: 240 | CSS: 656 | JS: 954 | Docs: 8 | Emails: 24 | Headlinks: 816","timestamp":"2026-07-11 14:51:31"}
{"level":"info","message":"[Inventory Scan Progress] 📈 Scanned Page: https://www.sitemonitor.in/blog-details.php?category=engineering&post=7-tech-tools-that-help-people-with-disabilities-access-the | Progress: 99%","timestamp":"2026-07-11 14:51:31"}
{"level":"info","message":"   └── 📦 Assets Discovered -> Pages: 106 | Images: 240 | CSS: 656 | JS: 954 | Docs: 8 | Emails: 24 | Headlinks: 816","timestamp":"2026-07-11 14:51:31"}
{"level":"info","message":"[Inventory Scan Progress] 📈 Scanned Page: https://www.sitemonitor.in/blog-details.php?category=engineering&post=ada-title-ii-and-web-accessibility-what-the-dojs-final-rule | Progress: 99%","timestamp":"2026-07-11 14:51:31"}
{"level":"info","message":"   └── 📦 Assets Discovered -> Pages: 106 | Images: 240 | CSS: 656 | JS: 954 | Docs: 8 | Emails: 24 | Headlinks: 816","timestamp":"2026-07-11 14:51:31"}
{"level":"info","message":"[Inventory Scan Progress] 📈 Scanned Page: https://www.sitemonitor.in/blog-details.php?category=engineering&post=how-to-build-a-web-accessibility-strategy-that-actually | Progress: 99%","timestamp":"2026-07-11 14:51:31"}
{"level":"info","message":"   └── 📦 Assets Discovered -> Pages: 106 | Images: 240 | CSS: 656 | JS: 954 | Docs: 8 | Emails: 24 | Headlinks: 816","timestamp":"2026-07-11 14:51:31"}
{"level":"info","message":"[Inventory Scan] Scanning batch of size 2. Visited total: 108","timestamp":"2026-07-11 14:51:31"}
{"level":"info","message":"[Inventory Scan Progress] 📈 Scanned Page: https://www.sitemonitor.in/blog-details.php?category=performance&post=digital-accessibility-explained-features-tools-and-benefits | Progress: 99%","timestamp":"2026-07-11 14:51:32"}
{"level":"info","message":"   └── 📦 Assets Discovered -> Pages: 108 | Images: 244 | CSS: 670 | JS: 972 | Docs: 8 | Emails: 24 | Headlinks: 832","timestamp":"2026-07-11 14:51:32"}
{"level":"info","message":"[Inventory Scan Progress] 📈 Scanned Page: https://www.sitemonitor.in/blog-details.php?category=performance&post=accessibility-is-the-key-to-digital-trust-and-brand-loyalty | Progress: 99%","timestamp":"2026-07-11 14:51:32"}
{"level":"info","message":"   └── 📦 Assets Discovered -> Pages: 108 | Images: 244 | CSS: 670 | JS: 972 | Docs: 8 | Emails: 24 | Headlinks: 832","timestamp":"2026-07-11 14:51:32"}
{"level":"info","message":"[Inventory Scan Completed] ✅ Crawl finished successfully in 18146ms!","timestamp":"2026-07-11 14:51:32"}
{"level":"info","message":"   └── 📊 Final Inventory Totals -> Pages: 108 | Images: 244 | CSS: 670 | JS: 972 | Docs: 8 | Emails: 24 | Headlinks: 832","timestamp":"2026-07-11 14:51:32"}
{"level":"info","message":"Job 59 (undefined) completed successfully.","timestamp":"2026-07-11 14:51:32"}
{"level":"info","message":"[Job repeat:c10eea93bf68cc56fd5c63b351df3d32:1783761720000] 🚀 Executing scheduled global orchestration...","timestamp":"2026-07-11 14:52:00"}
{"level":"info","message":"Orchestrator: Starting global scan orchestration... ","timestamp":"2026-07-11 14:52:00"}
{"level":"info","message":"🔗 Connecting to MASTER database: master","timestamp":"2026-07-11 14:52:00"}
{"level":"info","message":"Orchestrator: Found 2 tenants to process.","timestamp":"2026-07-11 14:52:01"}
{"level":"info","message":"📁 Switching to CLIENT database: tenant_rbi (Tenant: rbi)","timestamp":"2026-07-11 14:52:01"}
{"level":"info","message":"Orchestrator: No domains found for tenant rbi (excluding those currently scanning).","timestamp":"2026-07-11 14:52:01"}
{"level":"info","message":"📁 Switching to CLIENT database: tenant_sbi (Tenant: sbi)","timestamp":"2026-07-11 14:52:01"}
{"level":"info","message":"Orchestrator: No domains found for tenant sbi (excluding those currently scanning).","timestamp":"2026-07-11 14:52:01"}
{"level":"info","message":"Orchestrator: Master DB connection closed.","timestamp":"2026-07-11 14:52:01"}
{"level":"info","message":"✅ Orchestrator: Finished. Total jobs enqueued: 0","timestamp":"2026-07-11 14:52:01"}
{"level":"info","message":"Job repeat:c10eea93bf68cc56fd5c63b351df3d32:1783761720000 (Orchestrator) completed successfully.","timestamp":"2026-07-11 14:52:01"}
{"level":"info","message":"[Job repeat:c10eea93bf68cc56fd5c63b351df3d32:1783761780000] 🚀 Executing scheduled global orchestration...","timestamp":"2026-07-11 14:53:00"}
{"level":"info","message":"Orchestrator: Starting global scan orchestration... ","timestamp":"2026-07-11 14:53:00"}
{"level":"info","message":"🔗 Connecting to MASTER database: master","timestamp":"2026-07-11 14:53:00"}
{"level":"info","message":"Orchestrator: Found 2 tenants to process.","timestamp":"2026-07-11 14:53:01"}
{"level":"info","message":"📁 Switching to CLIENT database: tenant_rbi (Tenant: rbi)","timestamp":"2026-07-11 14:53:01"}
{"level":"info","message":"Orchestrator: No domains found for tenant rbi (excluding those currently scanning).","timestamp":"2026-07-11 14:53:01"}
{"level":"info","message":"📁 Switching to CLIENT database: tenant_sbi (Tenant: sbi)","timestamp":"2026-07-11 14:53:01"}
{"level":"info","message":"Orchestrator: No domains found for tenant sbi (excluding those currently scanning).","timestamp":"2026-07-11 14:53:01"}
{"level":"info","message":"Orchestrator: Master DB connection closed.","timestamp":"2026-07-11 14:53:01"}
{"level":"info","message":"✅ Orchestrator: Finished. Total jobs enqueued: 0","timestamp":"2026-07-11 14:53:01"}
{"level":"info","message":"Job repeat:c10eea93bf68cc56fd5c63b351df3d32:1783761780000 (Orchestrator) completed successfully.","timestamp":"2026-07-11 14:53:01"}
{"level":"info","message":"[Job repeat:c10eea93bf68cc56fd5c63b351df3d32:1783761840000] 🚀 Executing scheduled global orchestration...","timestamp":"2026-07-11 14:54:00"}
{"level":"info","message":"Orchestrator: Starting global scan orchestration... ","timestamp":"2026-07-11 14:54:00"}
{"level":"info","message":"🔗 Connecting to MASTER database: master","timestamp":"2026-07-11 14:54:00"}
{"level":"info","message":"Orchestrator: Found 2 tenants to process.","timestamp":"2026-07-11 14:54:01"}
{"level":"info","message":"📁 Switching to CLIENT database: tenant_rbi (Tenant: rbi)","timestamp":"2026-07-11 14:54:01"}
{"level":"info","message":"Orchestrator: No domains found for tenant rbi (excluding those currently scanning).","timestamp":"2026-07-11 14:54:01"}
{"level":"info","message":"📁 Switching to CLIENT database: tenant_sbi (Tenant: sbi)","timestamp":"2026-07-11 14:54:01"}
{"level":"info","message":"Orchestrator: No domains found for tenant sbi (excluding those currently scanning).","timestamp":"2026-07-11 14:54:01"}
{"level":"info","message":"Orchestrator: Master DB connection closed.","timestamp":"2026-07-11 14:54:01"}
{"level":"info","message":"✅ Orchestrator: Finished. Total jobs enqueued: 0","timestamp":"2026-07-11 14:54:01"}
{"level":"info","message":"Job repeat:c10eea93bf68cc56fd5c63b351df3d32:1783761840000 (Orchestrator) completed successfully.","timestamp":"2026-07-11 14:54:01"}
{"level":"info","message":"[Job repeat:c10eea93bf68cc56fd5c63b351df3d32:1783761900000] 🚀 Executing scheduled global orchestration...","timestamp":"2026-07-11 14:55:00"}
{"level":"info","message":"Orchestrator: Starting global scan orchestration... ","timestamp":"2026-07-11 14:55:00"}
{"level":"info","message":"🔗 Connecting to MASTER database: master","timestamp":"2026-07-11 14:55:00"}
{"level":"info","message":"Orchestrator: Found 2 tenants to process.","timestamp":"2026-07-11 14:55:01"}
{"level":"info","message":"📁 Switching to CLIENT database: tenant_rbi (Tenant: rbi)","timestamp":"2026-07-11 14:55:01"}
{"level":"info","message":"Orchestrator: No domains found for tenant rbi (excluding those currently scanning).","timestamp":"2026-07-11 14:55:01"}
{"level":"info","message":"📁 Switching to CLIENT database: tenant_sbi (Tenant: sbi)","timestamp":"2026-07-11 14:55:01"}
{"level":"info","message":"Orchestrator: No domains found for tenant sbi (excluding those currently scanning).","timestamp":"2026-07-11 14:55:01"}
{"level":"info","message":"Orchestrator: Master DB connection closed.","timestamp":"2026-07-11 14:55:01"}
{"level":"info","message":"✅ Orchestrator: Finished. Total jobs enqueued: 0","timestamp":"2026-07-11 14:55:01"}
{"level":"info","message":"Job repeat:c10eea93bf68cc56fd5c63b351df3d32:1783761900000 (Orchestrator) completed successfully.","timestamp":"2026-07-11 14:55:01"}
{"level":"info","message":"[Job repeat:c10eea93bf68cc56fd5c63b351df3d32:1783761960000] 🚀 Executing scheduled global orchestration...","timestamp":"2026-07-11 14:56:00"}
{"level":"info","message":"Orchestrator: Starting global scan orchestration... ","timestamp":"2026-07-11 14:56:00"}
{"level":"info","message":"🔗 Connecting to MASTER database: master","timestamp":"2026-07-11 14:56:00"}
{"level":"info","message":"Orchestrator: Found 2 tenants to process.","timestamp":"2026-07-11 14:56:00"}
{"level":"info","message":"📁 Switching to CLIENT database: tenant_rbi (Tenant: rbi)","timestamp":"2026-07-11 14:56:00"}
{"level":"info","message":"Orchestrator: No domains found for tenant rbi (excluding those currently scanning).","timestamp":"2026-07-11 14:56:00"}
{"level":"info","message":"📁 Switching to CLIENT database: tenant_sbi (Tenant: sbi)","timestamp":"2026-07-11 14:56:00"}
{"level":"info","message":"Orchestrator: No domains found for tenant sbi (excluding those currently scanning).","timestamp":"2026-07-11 14:56:00"}
{"level":"info","message":"Orchestrator: Master DB connection closed.","timestamp":"2026-07-11 14:56:00"}
{"level":"info","message":"✅ Orchestrator: Finished. Total jobs enqueued: 0","timestamp":"2026-07-11 14:56:00"}
{"level":"info","message":"Job repeat:c10eea93bf68cc56fd5c63b351df3d32:1783761960000 (Orchestrator) completed successfully.","timestamp":"2026-07-11 14:56:00"}
{"level":"info","message":"[Job repeat:c10eea93bf68cc56fd5c63b351df3d32:1783762020000] 🚀 Executing scheduled global orchestration...","timestamp":"2026-07-11 14:57:00"}
{"level":"info","message":"Orchestrator: Starting global scan orchestration... ","timestamp":"2026-07-11 14:57:00"}
{"level":"info","message":"🔗 Connecting to MASTER database: master","timestamp":"2026-07-11 14:57:00"}
{"level":"info","message":"Orchestrator: Found 2 tenants to process.","timestamp":"2026-07-11 14:57:01"}
{"level":"info","message":"📁 Switching to CLIENT database: tenant_rbi (Tenant: rbi)","timestamp":"2026-07-11 14:57:01"}
{"level":"info","message":"Orchestrator: No domains found for tenant rbi (excluding those currently scanning).","timestamp":"2026-07-11 14:57:01"}
{"level":"info","message":"📁 Switching to CLIENT database: tenant_sbi (Tenant: sbi)","timestamp":"2026-07-11 14:57:01"}
{"level":"info","message":"Orchestrator: No domains found for tenant sbi (excluding those currently scanning).","timestamp":"2026-07-11 14:57:01"}
{"level":"info","message":"Orchestrator: Master DB connection closed.","timestamp":"2026-07-11 14:57:01"}
{"level":"info","message":"✅ Orchestrator: Finished. Total jobs enqueued: 0","timestamp":"2026-07-11 14:57:01"}
{"level":"info","message":"Job repeat:c10eea93bf68cc56fd5c63b351df3d32:1783762020000 (Orchestrator) completed successfully.","timestamp":"2026-07-11 14:57:01"}
{"level":"info","message":"[Job repeat:c10eea93bf68cc56fd5c63b351df3d32:1783762080000] 🚀 Executing scheduled global orchestration...","timestamp":"2026-07-11 14:58:00"}
{"level":"info","message":"Orchestrator: Starting global scan orchestration... ","timestamp":"2026-07-11 14:58:00"}
{"level":"info","message":"🔗 Connecting to MASTER database: master","timestamp":"2026-07-11 14:58:00"}
{"level":"info","message":"Orchestrator: Found 2 tenants to process.","timestamp":"2026-07-11 14:58:00"}
{"level":"info","message":"📁 Switching to CLIENT database: tenant_rbi (Tenant: rbi)","timestamp":"2026-07-11 14:58:00"}
{"level":"info","message":"Orchestrator: No domains found for tenant rbi (excluding those currently scanning).","timestamp":"2026-07-11 14:58:00"}
{"level":"info","message":"📁 Switching to CLIENT database: tenant_sbi (Tenant: sbi)","timestamp":"2026-07-11 14:58:00"}
{"level":"info","message":"Orchestrator: No domains found for tenant sbi (excluding those currently scanning).","timestamp":"2026-07-11 14:58:00"}
{"level":"info","message":"Orchestrator: Master DB connection closed.","timestamp":"2026-07-11 14:58:00"}
{"level":"info","message":"✅ Orchestrator: Finished. Total jobs enqueued: 0","timestamp":"2026-07-11 14:58:00"}
{"level":"info","message":"Job repeat:c10eea93bf68cc56fd5c63b351df3d32:1783762080000 (Orchestrator) completed successfully.","timestamp":"2026-07-11 14:58:00"}
{"level":"info","message":"[Job repeat:c10eea93bf68cc56fd5c63b351df3d32:1783762140000] 🚀 Executing scheduled global orchestration...","timestamp":"2026-07-11 14:59:00"}
{"level":"info","message":"Orchestrator: Starting global scan orchestration... ","timestamp":"2026-07-11 14:59:00"}
{"level":"info","message":"🔗 Connecting to MASTER database: master","timestamp":"2026-07-11 14:59:00"}
{"level":"info","message":"Orchestrator: Found 2 tenants to process.","timestamp":"2026-07-11 14:59:01"}
{"level":"info","message":"📁 Switching to CLIENT database: tenant_rbi (Tenant: rbi)","timestamp":"2026-07-11 14:59:01"}
{"level":"info","message":"Orchestrator: No domains found for tenant rbi (excluding those currently scanning).","timestamp":"2026-07-11 14:59:01"}
{"level":"info","message":"📁 Switching to CLIENT database: tenant_sbi (Tenant: sbi)","timestamp":"2026-07-11 14:59:01"}
{"level":"info","message":"Orchestrator: No domains found for tenant sbi (excluding those currently scanning).","timestamp":"2026-07-11 14:59:01"}
{"level":"info","message":"Orchestrator: Master DB connection closed.","timestamp":"2026-07-11 14:59:01"}
{"level":"info","message":"✅ Orchestrator: Finished. Total jobs enqueued: 0","timestamp":"2026-07-11 14:59:01"}
{"level":"info","message":"Job repeat:c10eea93bf68cc56fd5c63b351df3d32:1783762140000 (Orchestrator) completed successfully.","timestamp":"2026-07-11 14:59:01"}
{"level":"info","message":"[Job repeat:c10eea93bf68cc56fd5c63b351df3d32:1783762200000] 🚀 Executing scheduled global orchestration...","timestamp":"2026-07-11 15:00:00"}
{"level":"info","message":"Orchestrator: Starting global scan orchestration... ","timestamp":"2026-07-11 15:00:00"}
{"level":"info","message":"🔗 Connecting to MASTER database: master","timestamp":"2026-07-11 15:00:00"}
{"level":"info","message":"Orchestrator: Found 2 tenants to process.","timestamp":"2026-07-11 15:00:00"}
{"level":"info","message":"📁 Switching to CLIENT database: tenant_rbi (Tenant: rbi)","timestamp":"2026-07-11 15:00:00"}
{"level":"info","message":"Orchestrator: No domains found for tenant rbi (excluding those currently scanning).","timestamp":"2026-07-11 15:00:00"}
{"level":"info","message":"📁 Switching to CLIENT database: tenant_sbi (Tenant: sbi)","timestamp":"2026-07-11 15:00:00"}
{"level":"info","message":"Orchestrator: No domains found for tenant sbi (excluding those currently scanning).","timestamp":"2026-07-11 15:00:00"}
{"level":"info","message":"Orchestrator: Master DB connection closed.","timestamp":"2026-07-11 15:00:00"}
{"level":"info","message":"✅ Orchestrator: Finished. Total jobs enqueued: 0","timestamp":"2026-07-11 15:00:00"}
{"level":"info","message":"Job repeat:c10eea93bf68cc56fd5c63b351df3d32:1783762200000 (Orchestrator) completed successfully.","timestamp":"2026-07-11 15:00:00"}
{"level":"info","message":"[Job repeat:c10eea93bf68cc56fd5c63b351df3d32:1783762260000] 🚀 Executing scheduled global orchestration...","timestamp":"2026-07-11 15:01:00"}
{"level":"info","message":"Orchestrator: Starting global scan orchestration... ","timestamp":"2026-07-11 15:01:00"}
{"level":"info","message":"🔗 Connecting to MASTER database: master","timestamp":"2026-07-11 15:01:00"}
{"level":"info","message":"Orchestrator: Found 2 tenants to process.","timestamp":"2026-07-11 15:01:01"}
{"level":"info","message":"📁 Switching to CLIENT database: tenant_rbi (Tenant: rbi)","timestamp":"2026-07-11 15:01:01"}
{"level":"info","message":"Orchestrator: No domains found for tenant rbi (excluding those currently scanning).","timestamp":"2026-07-11 15:01:01"}
{"level":"info","message":"📁 Switching to CLIENT database: tenant_sbi (Tenant: sbi)","timestamp":"2026-07-11 15:01:01"}
{"level":"info","message":"Orchestrator: No domains found for tenant sbi (excluding those currently scanning).","timestamp":"2026-07-11 15:01:01"}
{"level":"info","message":"Orchestrator: Master DB connection closed.","timestamp":"2026-07-11 15:01:01"}
{"level":"info","message":"✅ Orchestrator: Finished. Total jobs enqueued: 0","timestamp":"2026-07-11 15:01:01"}
{"level":"info","message":"Job repeat:c10eea93bf68cc56fd5c63b351df3d32:1783762260000 (Orchestrator) completed successfully.","timestamp":"2026-07-11 15:01:01"}
{"level":"info","message":"[Job repeat:c10eea93bf68cc56fd5c63b351df3d32:1783762320000] 🚀 Executing scheduled global orchestration...","timestamp":"2026-07-11 15:02:00"}
{"level":"info","message":"Orchestrator: Starting global scan orchestration... ","timestamp":"2026-07-11 15:02:00"}
{"level":"info","message":"🔗 Connecting to MASTER database: master","timestamp":"2026-07-11 15:02:00"}
{"level":"info","message":"Orchestrator: Found 2 tenants to process.","timestamp":"2026-07-11 15:02:01"}
{"level":"info","message":"📁 Switching to CLIENT database: tenant_rbi (Tenant: rbi)","timestamp":"2026-07-11 15:02:01"}
{"level":"info","message":"Orchestrator: No domains found for tenant rbi (excluding those currently scanning).","timestamp":"2026-07-11 15:02:01"}
{"level":"info","message":"📁 Switching to CLIENT database: tenant_sbi (Tenant: sbi)","timestamp":"2026-07-11 15:02:01"}
{"level":"info","message":"Orchestrator: No domains found for tenant sbi (excluding those currently scanning).","timestamp":"2026-07-11 15:02:01"}
{"level":"info","message":"Orchestrator: Master DB connection closed.","timestamp":"2026-07-11 15:02:01"}
{"level":"info","message":"✅ Orchestrator: Finished. Total jobs enqueued: 0","timestamp":"2026-07-11 15:02:01"}
{"level":"info","message":"Job repeat:c10eea93bf68cc56fd5c63b351df3d32:1783762320000 (Orchestrator) completed successfully.","timestamp":"2026-07-11 15:02:01"}
{"level":"info","message":"[Job repeat:c10eea93bf68cc56fd5c63b351df3d32:1783762380000] 🚀 Executing scheduled global orchestration...","timestamp":"2026-07-11 15:03:00"}
{"level":"info","message":"Orchestrator: Starting global scan orchestration... ","timestamp":"2026-07-11 15:03:00"}
{"level":"info","message":"🔗 Connecting to MASTER database: master","timestamp":"2026-07-11 15:03:00"}
{"level":"info","message":"Orchestrator: Found 2 tenants to process.","timestamp":"2026-07-11 15:03:01"}
{"level":"info","message":"📁 Switching to CLIENT database: tenant_rbi (Tenant: rbi)","timestamp":"2026-07-11 15:03:01"}
{"level":"info","message":"Orchestrator: No domains found for tenant rbi (excluding those currently scanning).","timestamp":"2026-07-11 15:03:01"}
{"level":"info","message":"📁 Switching to CLIENT database: tenant_sbi (Tenant: sbi)","timestamp":"2026-07-11 15:03:01"}
{"level":"info","message":"Orchestrator: No domains found for tenant sbi (excluding those currently scanning).","timestamp":"2026-07-11 15:03:01"}
{"level":"info","message":"Orchestrator: Master DB connection closed.","timestamp":"2026-07-11 15:03:01"}
{"level":"info","message":"✅ Orchestrator: Finished. Total jobs enqueued: 0","timestamp":"2026-07-11 15:03:01"}
{"level":"info","message":"Job repeat:c10eea93bf68cc56fd5c63b351df3d32:1783762380000 (Orchestrator) completed successfully.","timestamp":"2026-07-11 15:03:01"}
{"level":"info","message":"[Job repeat:c10eea93bf68cc56fd5c63b351df3d32:1783762440000] 🚀 Executing scheduled global orchestration...","timestamp":"2026-07-11 15:04:00"}
{"level":"info","message":"Orchestrator: Starting global scan orchestration... ","timestamp":"2026-07-11 15:04:00"}
{"level":"info","message":"🔗 Connecting to MASTER database: master","timestamp":"2026-07-11 15:04:00"}
{"level":"info","message":"Orchestrator: Found 2 tenants to process.","timestamp":"2026-07-11 15:04:01"}
{"level":"info","message":"📁 Switching to CLIENT database: tenant_rbi (Tenant: rbi)","timestamp":"2026-07-11 15:04:01"}
{"level":"info","message":"Orchestrator: No domains found for tenant rbi (excluding those currently scanning).","timestamp":"2026-07-11 15:04:01"}
{"level":"info","message":"📁 Switching to CLIENT database: tenant_sbi (Tenant: sbi)","timestamp":"2026-07-11 15:04:01"}
{"level":"info","message":"Orchestrator: No domains found for tenant sbi (excluding those currently scanning).","timestamp":"2026-07-11 15:04:01"}
{"level":"info","message":"Orchestrator: Master DB connection closed.","timestamp":"2026-07-11 15:04:01"}
{"level":"info","message":"✅ Orchestrator: Finished. Total jobs enqueued: 0","timestamp":"2026-07-11 15:04:01"}
{"level":"info","message":"Job repeat:c10eea93bf68cc56fd5c63b351df3d32:1783762440000 (Orchestrator) completed successfully.","timestamp":"2026-07-11 15:04:01"}
{"level":"info","message":"[Job repeat:c10eea93bf68cc56fd5c63b351df3d32:1783762500000] 🚀 Executing scheduled global orchestration...","timestamp":"2026-07-11 15:05:00"}
{"level":"info","message":"Orchestrator: Starting global scan orchestration... ","timestamp":"2026-07-11 15:05:00"}
{"level":"info","message":"🔗 Connecting to MASTER database: master","timestamp":"2026-07-11 15:05:00"}
{"level":"info","message":"Orchestrator: Found 2 tenants to process.","timestamp":"2026-07-11 15:05:00"}
{"level":"info","message":"📁 Switching to CLIENT database: tenant_rbi (Tenant: rbi)","timestamp":"2026-07-11 15:05:00"}
{"level":"info","message":"Orchestrator: No domains found for tenant rbi (excluding those currently scanning).","timestamp":"2026-07-11 15:05:00"}
{"level":"info","message":"📁 Switching to CLIENT database: tenant_sbi (Tenant: sbi)","timestamp":"2026-07-11 15:05:00"}
{"level":"info","message":"Orchestrator: No domains found for tenant sbi (excluding those currently scanning).","timestamp":"2026-07-11 15:05:00"}
{"level":"info","message":"Orchestrator: Master DB connection closed.","timestamp":"2026-07-11 15:05:00"}
{"level":"info","message":"✅ Orchestrator: Finished. Total jobs enqueued: 0","timestamp":"2026-07-11 15:05:00"}
{"level":"info","message":"Job repeat:c10eea93bf68cc56fd5c63b351df3d32:1783762500000 (Orchestrator) completed successfully.","timestamp":"2026-07-11 15:05:00"}
{"level":"info","message":"[Job repeat:c10eea93bf68cc56fd5c63b351df3d32:1783762560000] 🚀 Executing scheduled global orchestration...","timestamp":"2026-07-11 15:06:00"}
{"level":"info","message":"Orchestrator: Starting global scan orchestration... ","timestamp":"2026-07-11 15:06:00"}
{"level":"info","message":"🔗 Connecting to MASTER database: master","timestamp":"2026-07-11 15:06:00"}
{"level":"info","message":"Orchestrator: Found 2 tenants to process.","timestamp":"2026-07-11 15:06:01"}
{"level":"info","message":"📁 Switching to CLIENT database: tenant_rbi (Tenant: rbi)","timestamp":"2026-07-11 15:06:01"}
{"level":"info","message":"Orchestrator: No domains found for tenant rbi (excluding those currently scanning).","timestamp":"2026-07-11 15:06:01"}
{"level":"info","message":"📁 Switching to CLIENT database: tenant_sbi (Tenant: sbi)","timestamp":"2026-07-11 15:06:01"}
{"level":"info","message":"Orchestrator: No domains found for tenant sbi (excluding those currently scanning).","timestamp":"2026-07-11 15:06:01"}
{"level":"info","message":"Orchestrator: Master DB connection closed.","timestamp":"2026-07-11 15:06:01"}
{"level":"info","message":"✅ Orchestrator: Finished. Total jobs enqueued: 0","timestamp":"2026-07-11 15:06:01"}
{"level":"info","message":"Job repeat:c10eea93bf68cc56fd5c63b351df3d32:1783762560000 (Orchestrator) completed successfully.","timestamp":"2026-07-11 15:06:01"}
{"level":"info","message":"[Job repeat:c10eea93bf68cc56fd5c63b351df3d32:1783762620000] 🚀 Executing scheduled global orchestration...","timestamp":"2026-07-11 15:07:00"}
{"level":"info","message":"Orchestrator: Starting global scan orchestration... ","timestamp":"2026-07-11 15:07:00"}
{"level":"info","message":"🔗 Connecting to MASTER database: master","timestamp":"2026-07-11 15:07:00"}
{"level":"info","message":"Orchestrator: Found 2 tenants to process.","timestamp":"2026-07-11 15:07:01"}
{"level":"info","message":"📁 Switching to CLIENT database: tenant_rbi (Tenant: rbi)","timestamp":"2026-07-11 15:07:01"}
{"level":"info","message":"Orchestrator: No domains found for tenant rbi (excluding those currently scanning).","timestamp":"2026-07-11 15:07:01"}
{"level":"info","message":"📁 Switching to CLIENT database: tenant_sbi (Tenant: sbi)","timestamp":"2026-07-11 15:07:01"}
{"level":"info","message":"Orchestrator: No domains found for tenant sbi (excluding those currently scanning).","timestamp":"2026-07-11 15:07:01"}
{"level":"info","message":"Orchestrator: Master DB connection closed.","timestamp":"2026-07-11 15:07:01"}
{"level":"info","message":"✅ Orchestrator: Finished. Total jobs enqueued: 0","timestamp":"2026-07-11 15:07:01"}
{"level":"info","message":"Job repeat:c10eea93bf68cc56fd5c63b351df3d32:1783762620000 (Orchestrator) completed successfully.","timestamp":"2026-07-11 15:07:01"}
{"level":"info","message":"[Job repeat:c10eea93bf68cc56fd5c63b351df3d32:1783762680000] 🚀 Executing scheduled global orchestration...","timestamp":"2026-07-11 15:08:00"}
{"level":"info","message":"Orchestrator: Starting global scan orchestration... ","timestamp":"2026-07-11 15:08:00"}
{"level":"info","message":"🔗 Connecting to MASTER database: master","timestamp":"2026-07-11 15:08:00"}
{"level":"info","message":"Orchestrator: Found 2 tenants to process.","timestamp":"2026-07-11 15:08:00"}
{"level":"info","message":"📁 Switching to CLIENT database: tenant_rbi (Tenant: rbi)","timestamp":"2026-07-11 15:08:00"}
{"level":"info","message":"Orchestrator: No domains found for tenant rbi (excluding those currently scanning).","timestamp":"2026-07-11 15:08:01"}
{"level":"info","message":"📁 Switching to CLIENT database: tenant_sbi (Tenant: sbi)","timestamp":"2026-07-11 15:08:01"}
{"level":"info","message":"Orchestrator: No domains found for tenant sbi (excluding those currently scanning).","timestamp":"2026-07-11 15:08:01"}
{"level":"info","message":"Orchestrator: Master DB connection closed.","timestamp":"2026-07-11 15:08:01"}
{"level":"info","message":"✅ Orchestrator: Finished. Total jobs enqueued: 0","timestamp":"2026-07-11 15:08:01"}
{"level":"info","message":"Job repeat:c10eea93bf68cc56fd5c63b351df3d32:1783762680000 (Orchestrator) completed successfully.","timestamp":"2026-07-11 15:08:01"}
{"level":"info","message":"[Job repeat:c10eea93bf68cc56fd5c63b351df3d32:1783762740000] 🚀 Executing scheduled global orchestration...","timestamp":"2026-07-11 15:09:00"}
{"level":"info","message":"Orchestrator: Starting global scan orchestration... ","timestamp":"2026-07-11 15:09:00"}
{"level":"info","message":"🔗 Connecting to MASTER database: master","timestamp":"2026-07-11 15:09:00"}
{"level":"info","message":"Orchestrator: Found 2 tenants to process.","timestamp":"2026-07-11 15:09:01"}
{"level":"info","message":"📁 Switching to CLIENT database: tenant_rbi (Tenant: rbi)","timestamp":"2026-07-11 15:09:01"}
{"level":"info","message":"Orchestrator: No domains found for tenant rbi (excluding those currently scanning).","timestamp":"2026-07-11 15:09:01"}
{"level":"info","message":"📁 Switching to CLIENT database: tenant_sbi (Tenant: sbi)","timestamp":"2026-07-11 15:09:01"}
{"level":"info","message":"Orchestrator: No domains found for tenant sbi (excluding those currently scanning).","timestamp":"2026-07-11 15:09:01"}
{"level":"info","message":"Orchestrator: Master DB connection closed.","timestamp":"2026-07-11 15:09:01"}
{"level":"info","message":"✅ Orchestrator: Finished. Total jobs enqueued: 0","timestamp":"2026-07-11 15:09:01"}
{"level":"info","message":"Job repeat:c10eea93bf68cc56fd5c63b351df3d32:1783762740000 (Orchestrator) completed successfully.","timestamp":"2026-07-11 15:09:01"}
{"level":"info","message":"[Job repeat:c10eea93bf68cc56fd5c63b351df3d32:1783762800000] 🚀 Executing scheduled global orchestration...","timestamp":"2026-07-11 15:10:00"}
{"level":"info","message":"Orchestrator: Starting global scan orchestration... ","timestamp":"2026-07-11 15:10:00"}
{"level":"info","message":"🔗 Connecting to MASTER database: master","timestamp":"2026-07-11 15:10:00"}
{"level":"info","message":"Orchestrator: Found 2 tenants to process.","timestamp":"2026-07-11 15:10:00"}
{"level":"info","message":"📁 Switching to CLIENT database: tenant_rbi (Tenant: rbi)","timestamp":"2026-07-11 15:10:00"}
{"level":"info","message":"Orchestrator: No domains found for tenant rbi (excluding those currently scanning).","timestamp":"2026-07-11 15:10:00"}
{"level":"info","message":"📁 Switching to CLIENT database: tenant_sbi (Tenant: sbi)","timestamp":"2026-07-11 15:10:00"}
{"level":"info","message":"Orchestrator: No domains found for tenant sbi (excluding those currently scanning).","timestamp":"2026-07-11 15:10:01"}
{"level":"info","message":"Orchestrator: Master DB connection closed.","timestamp":"2026-07-11 15:10:01"}
{"level":"info","message":"✅ Orchestrator: Finished. Total jobs enqueued: 0","timestamp":"2026-07-11 15:10:01"}
{"level":"info","message":"Job repeat:c10eea93bf68cc56fd5c63b351df3d32:1783762800000 (Orchestrator) completed successfully.","timestamp":"2026-07-11 15:10:01"}
{"level":"info","message":"[Job repeat:c10eea93bf68cc56fd5c63b351df3d32:1783762860000] 🚀 Executing scheduled global orchestration...","timestamp":"2026-07-11 15:11:00"}
{"level":"info","message":"Orchestrator: Starting global scan orchestration... ","timestamp":"2026-07-11 15:11:00"}
{"level":"info","message":"🔗 Connecting to MASTER database: master","timestamp":"2026-07-11 15:11:00"}
{"level":"info","message":"Orchestrator: Found 2 tenants to process.","timestamp":"2026-07-11 15:11:01"}
{"level":"info","message":"📁 Switching to CLIENT database: tenant_rbi (Tenant: rbi)","timestamp":"2026-07-11 15:11:01"}
{"level":"info","message":"Orchestrator: No domains found for tenant rbi (excluding those currently scanning).","timestamp":"2026-07-11 15:11:01"}
{"level":"info","message":"📁 Switching to CLIENT database: tenant_sbi (Tenant: sbi)","timestamp":"2026-07-11 15:11:01"}
{"level":"info","message":"Orchestrator: No domains found for tenant sbi (excluding those currently scanning).","timestamp":"2026-07-11 15:11:01"}
{"level":"info","message":"Orchestrator: Master DB connection closed.","timestamp":"2026-07-11 15:11:01"}
{"level":"info","message":"✅ Orchestrator: Finished. Total jobs enqueued: 0","timestamp":"2026-07-11 15:11:01"}
{"level":"info","message":"Job repeat:c10eea93bf68cc56fd5c63b351df3d32:1783762860000 (Orchestrator) completed successfully.","timestamp":"2026-07-11 15:11:01"}
{"level":"info","message":"[Job repeat:c10eea93bf68cc56fd5c63b351df3d32:1783762920000] 🚀 Executing scheduled global orchestration...","timestamp":"2026-07-11 15:12:00"}
{"level":"info","message":"Orchestrator: Starting global scan orchestration... ","timestamp":"2026-07-11 15:12:00"}
{"level":"info","message":"🔗 Connecting to MASTER database: master","timestamp":"2026-07-11 15:12:00"}
{"level":"info","message":"Orchestrator: Found 2 tenants to process.","timestamp":"2026-07-11 15:12:00"}
{"level":"info","message":"📁 Switching to CLIENT database: tenant_rbi (Tenant: rbi)","timestamp":"2026-07-11 15:12:00"}
{"level":"info","message":"Orchestrator: No domains found for tenant rbi (excluding those currently scanning).","timestamp":"2026-07-11 15:12:00"}
{"level":"info","message":"📁 Switching to CLIENT database: tenant_sbi (Tenant: sbi)","timestamp":"2026-07-11 15:12:00"}
{"level":"info","message":"Orchestrator: No domains found for tenant sbi (excluding those currently scanning).","timestamp":"2026-07-11 15:12:00"}
{"level":"info","message":"Orchestrator: Master DB connection closed.","timestamp":"2026-07-11 15:12:00"}
{"level":"info","message":"✅ Orchestrator: Finished. Total jobs enqueued: 0","timestamp":"2026-07-11 15:12:00"}
{"level":"info","message":"Job repeat:c10eea93bf68cc56fd5c63b351df3d32:1783762920000 (Orchestrator) completed successfully.","timestamp":"2026-07-11 15:12:00"}
{"level":"info","message":"[Job repeat:c10eea93bf68cc56fd5c63b351df3d32:1783762980000] 🚀 Executing scheduled global orchestration...","timestamp":"2026-07-11 15:13:00"}
{"level":"info","message":"Orchestrator: Starting global scan orchestration... ","timestamp":"2026-07-11 15:13:00"}
{"level":"info","message":"🔗 Connecting to MASTER database: master","timestamp":"2026-07-11 15:13:00"}
{"level":"info","message":"Orchestrator: Found 2 tenants to process.","timestamp":"2026-07-11 15:13:01"}
{"level":"info","message":"📁 Switching to CLIENT database: tenant_rbi (Tenant: rbi)","timestamp":"2026-07-11 15:13:01"}
{"level":"info","message":"Orchestrator: No domains found for tenant rbi (excluding those currently scanning).","timestamp":"2026-07-11 15:13:01"}
{"level":"info","message":"📁 Switching to CLIENT database: tenant_sbi (Tenant: sbi)","timestamp":"2026-07-11 15:13:01"}
{"level":"info","message":"Orchestrator: No domains found for tenant sbi (excluding those currently scanning).","timestamp":"2026-07-11 15:13:01"}
{"level":"info","message":"Orchestrator: Master DB connection closed.","timestamp":"2026-07-11 15:13:01"}
{"level":"info","message":"✅ Orchestrator: Finished. Total jobs enqueued: 0","timestamp":"2026-07-11 15:13:01"}
{"level":"info","message":"Job repeat:c10eea93bf68cc56fd5c63b351df3d32:1783762980000 (Orchestrator) completed successfully.","timestamp":"2026-07-11 15:13:01"}
{"level":"info","message":"[Job repeat:c10eea93bf68cc56fd5c63b351df3d32:1783763040000] 🚀 Executing scheduled global orchestration...","timestamp":"2026-07-11 15:14:00"}
{"level":"info","message":"Orchestrator: Starting global scan orchestration... ","timestamp":"2026-07-11 15:14:00"}
{"level":"info","message":"🔗 Connecting to MASTER database: master","timestamp":"2026-07-11 15:14:00"}
{"level":"info","message":"Orchestrator: Found 2 tenants to process.","timestamp":"2026-07-11 15:14:01"}
{"level":"info","message":"📁 Switching to CLIENT database: tenant_rbi (Tenant: rbi)","timestamp":"2026-07-11 15:14:01"}
{"level":"info","message":"Orchestrator: No domains found for tenant rbi (excluding those currently scanning).","timestamp":"2026-07-11 15:14:01"}
{"level":"info","message":"📁 Switching to CLIENT database: tenant_sbi (Tenant: sbi)","timestamp":"2026-07-11 15:14:01"}
{"level":"info","message":"Orchestrator: No domains found for tenant sbi (excluding those currently scanning).","timestamp":"2026-07-11 15:14:01"}
{"level":"info","message":"Orchestrator: Master DB connection closed.","timestamp":"2026-07-11 15:14:01"}
{"level":"info","message":"✅ Orchestrator: Finished. Total jobs enqueued: 0","timestamp":"2026-07-11 15:14:01"}
{"level":"info","message":"Job repeat:c10eea93bf68cc56fd5c63b351df3d32:1783763040000 (Orchestrator) completed successfully.","timestamp":"2026-07-11 15:14:01"}
{"level":"info","message":"[Job repeat:c10eea93bf68cc56fd5c63b351df3d32:1783763100000] 🚀 Executing scheduled global orchestration...","timestamp":"2026-07-11 15:15:00"}
{"level":"info","message":"Orchestrator: Starting global scan orchestration... ","timestamp":"2026-07-11 15:15:00"}
{"level":"info","message":"🔗 Connecting to MASTER database: master","timestamp":"2026-07-11 15:15:00"}
{"level":"info","message":"Orchestrator: Found 2 tenants to process.","timestamp":"2026-07-11 15:15:00"}
{"level":"info","message":"📁 Switching to CLIENT database: tenant_rbi (Tenant: rbi)","timestamp":"2026-07-11 15:15:00"}
{"level":"info","message":"Orchestrator: No domains found for tenant rbi (excluding those currently scanning).","timestamp":"2026-07-11 15:15:00"}
{"level":"info","message":"📁 Switching to CLIENT database: tenant_sbi (Tenant: sbi)","timestamp":"2026-07-11 15:15:00"}
{"level":"info","message":"Orchestrator: No domains found for tenant sbi (excluding those currently scanning).","timestamp":"2026-07-11 15:15:01"}
{"level":"info","message":"Orchestrator: Master DB connection closed.","timestamp":"2026-07-11 15:15:01"}
{"level":"info","message":"✅ Orchestrator: Finished. Total jobs enqueued: 0","timestamp":"2026-07-11 15:15:01"}
{"level":"info","message":"Job repeat:c10eea93bf68cc56fd5c63b351df3d32:1783763100000 (Orchestrator) completed successfully.","timestamp":"2026-07-11 15:15:01"}
{"level":"info","message":"[Job repeat:c10eea93bf68cc56fd5c63b351df3d32:1783763160000] 🚀 Executing scheduled global orchestration...","timestamp":"2026-07-11 15:16:00"}
{"level":"info","message":"Orchestrator: Starting global scan orchestration... ","timestamp":"2026-07-11 15:16:00"}
{"level":"info","message":"🔗 Connecting to MASTER database: master","timestamp":"2026-07-11 15:16:00"}
{"level":"info","message":"Orchestrator: Found 2 tenants to process.","timestamp":"2026-07-11 15:16:01"}
{"level":"info","message":"📁 Switching to CLIENT database: tenant_rbi (Tenant: rbi)","timestamp":"2026-07-11 15:16:01"}
{"level":"info","message":"Orchestrator: No domains found for tenant rbi (excluding those currently scanning).","timestamp":"2026-07-11 15:16:01"}
{"level":"info","message":"📁 Switching to CLIENT database: tenant_sbi (Tenant: sbi)","timestamp":"2026-07-11 15:16:01"}
{"level":"info","message":"Orchestrator: No domains found for tenant sbi (excluding those currently scanning).","timestamp":"2026-07-11 15:16:01"}
{"level":"info","message":"Orchestrator: Master DB connection closed.","timestamp":"2026-07-11 15:16:01"}
{"level":"info","message":"✅ Orchestrator: Finished. Total jobs enqueued: 0","timestamp":"2026-07-11 15:16:01"}
{"level":"info","message":"Job repeat:c10eea93bf68cc56fd5c63b351df3d32:1783763160000 (Orchestrator) completed successfully.","timestamp":"2026-07-11 15:16:01"}
{"level":"info","message":"[Job repeat:c10eea93bf68cc56fd5c63b351df3d32:1783763220000] 🚀 Executing scheduled global orchestration...","timestamp":"2026-07-11 15:17:00"}
{"level":"info","message":"Orchestrator: Starting global scan orchestration... ","timestamp":"2026-07-11 15:17:00"}
{"level":"info","message":"🔗 Connecting to MASTER database: master","timestamp":"2026-07-11 15:17:00"}
{"level":"info","message":"Orchestrator: Found 2 tenants to process.","timestamp":"2026-07-11 15:17:00"}
{"level":"info","message":"📁 Switching to CLIENT database: tenant_rbi (Tenant: rbi)","timestamp":"2026-07-11 15:17:00"}
{"level":"info","message":"Orchestrator: No domains found for tenant rbi (excluding those currently scanning).","timestamp":"2026-07-11 15:17:00"}
{"level":"info","message":"📁 Switching to CLIENT database: tenant_sbi (Tenant: sbi)","timestamp":"2026-07-11 15:17:00"}
{"level":"info","message":"Orchestrator: No domains found for tenant sbi (excluding those currently scanning).","timestamp":"2026-07-11 15:17:00"}
{"level":"info","message":"Orchestrator: Master DB connection closed.","timestamp":"2026-07-11 15:17:00"}
{"level":"info","message":"✅ Orchestrator: Finished. Total jobs enqueued: 0","timestamp":"2026-07-11 15:17:00"}
{"level":"info","message":"Job repeat:c10eea93bf68cc56fd5c63b351df3d32:1783763220000 (Orchestrator) completed successfully.","timestamp":"2026-07-11 15:17:00"}
{"level":"info","message":"[Job repeat:c10eea93bf68cc56fd5c63b351df3d32:1783763280000] 🚀 Executing scheduled global orchestration...","timestamp":"2026-07-11 15:18:00"}
{"level":"info","message":"Orchestrator: Starting global scan orchestration... ","timestamp":"2026-07-11 15:18:00"}
{"level":"info","message":"🔗 Connecting to MASTER database: master","timestamp":"2026-07-11 15:18:00"}
{"level":"info","message":"Orchestrator: Found 2 tenants to process.","timestamp":"2026-07-11 15:18:01"}
{"level":"info","message":"📁 Switching to CLIENT database: tenant_rbi (Tenant: rbi)","timestamp":"2026-07-11 15:18:01"}
{"level":"info","message":"Orchestrator: No domains found for tenant rbi (excluding those currently scanning).","timestamp":"2026-07-11 15:18:01"}
{"level":"info","message":"📁 Switching to CLIENT database: tenant_sbi (Tenant: sbi)","timestamp":"2026-07-11 15:18:01"}
{"level":"info","message":"Orchestrator: No domains found for tenant sbi (excluding those currently scanning).","timestamp":"2026-07-11 15:18:01"}
{"level":"info","message":"Orchestrator: Master DB connection closed.","timestamp":"2026-07-11 15:18:01"}
{"level":"info","message":"✅ Orchestrator: Finished. Total jobs enqueued: 0","timestamp":"2026-07-11 15:18:01"}
{"level":"info","message":"Job repeat:c10eea93bf68cc56fd5c63b351df3d32:1783763280000 (Orchestrator) completed successfully.","timestamp":"2026-07-11 15:18:01"}
{"level":"info","message":"[Job repeat:c10eea93bf68cc56fd5c63b351df3d32:1783763340000] 🚀 Executing scheduled global orchestration...","timestamp":"2026-07-11 15:19:01"}
{"level":"info","message":"Orchestrator: Starting global scan orchestration... ","timestamp":"2026-07-11 15:19:01"}
{"level":"info","message":"🔗 Connecting to MASTER database: master","timestamp":"2026-07-11 15:19:01"}
{"level":"info","message":"Orchestrator: Found 2 tenants to process.","timestamp":"2026-07-11 15:19:01"}
{"level":"info","message":"📁 Switching to CLIENT database: tenant_rbi (Tenant: rbi)","timestamp":"2026-07-11 15:19:01"}
{"level":"info","message":"Orchestrator: No domains found for tenant rbi (excluding those currently scanning).","timestamp":"2026-07-11 15:19:01"}
{"level":"info","message":"📁 Switching to CLIENT database: tenant_sbi (Tenant: sbi)","timestamp":"2026-07-11 15:19:01"}
{"level":"info","message":"Orchestrator: No domains found for tenant sbi (excluding those currently scanning).","timestamp":"2026-07-11 15:19:01"}
{"level":"info","message":"Orchestrator: Master DB connection closed.","timestamp":"2026-07-11 15:19:01"}
{"level":"info","message":"✅ Orchestrator: Finished. Total jobs enqueued: 0","timestamp":"2026-07-11 15:19:01"}
{"level":"info","message":"Job repeat:c10eea93bf68cc56fd5c63b351df3d32:1783763340000 (Orchestrator) completed successfully.","timestamp":"2026-07-11 15:19:01"}
{"level":"info","message":"[Job repeat:c10eea93bf68cc56fd5c63b351df3d32:1783763400000] 🚀 Executing scheduled global orchestration...","timestamp":"2026-07-11 15:20:00"}
{"level":"info","message":"Orchestrator: Starting global scan orchestration... ","timestamp":"2026-07-11 15:20:00"}
{"level":"info","message":"🔗 Connecting to MASTER database: master","timestamp":"2026-07-11 15:20:00"}
{"level":"info","message":"Orchestrator: Found 2 tenants to process.","timestamp":"2026-07-11 15:20:01"}
{"level":"info","message":"📁 Switching to CLIENT database: tenant_rbi (Tenant: rbi)","timestamp":"2026-07-11 15:20:01"}
{"level":"info","message":"Orchestrator: No domains found for tenant rbi (excluding those currently scanning).","timestamp":"2026-07-11 15:20:01"}
{"level":"info","message":"📁 Switching to CLIENT database: tenant_sbi (Tenant: sbi)","timestamp":"2026-07-11 15:20:01"}
{"level":"info","message":"Orchestrator: No domains found for tenant sbi (excluding those currently scanning).","timestamp":"2026-07-11 15:20:01"}
{"level":"info","message":"Orchestrator: Master DB connection closed.","timestamp":"2026-07-11 15:20:01"}
{"level":"info","message":"✅ Orchestrator: Finished. Total jobs enqueued: 0","timestamp":"2026-07-11 15:20:01"}
{"level":"info","message":"Job repeat:c10eea93bf68cc56fd5c63b351df3d32:1783763400000 (Orchestrator) completed successfully.","timestamp":"2026-07-11 15:20:01"}
{"level":"info","message":"[Job repeat:c10eea93bf68cc56fd5c63b351df3d32:1783763460000] 🚀 Executing scheduled global orchestration...","timestamp":"2026-07-11 15:21:00"}
{"level":"info","message":"Orchestrator: Starting global scan orchestration... ","timestamp":"2026-07-11 15:21:00"}
{"level":"info","message":"🔗 Connecting to MASTER database: master","timestamp":"2026-07-11 15:21:00"}
{"level":"info","message":"Orchestrator: Found 2 tenants to process.","timestamp":"2026-07-11 15:21:00"}
{"level":"info","message":"📁 Switching to CLIENT database: tenant_rbi (Tenant: rbi)","timestamp":"2026-07-11 15:21:00"}
{"level":"info","message":"Orchestrator: No domains found for tenant rbi (excluding those currently scanning).","timestamp":"2026-07-11 15:21:00"}
{"level":"info","message":"📁 Switching to CLIENT database: tenant_sbi (Tenant: sbi)","timestamp":"2026-07-11 15:21:00"}
{"level":"info","message":"Orchestrator: No domains found for tenant sbi (excluding those currently scanning).","timestamp":"2026-07-11 15:21:00"}
{"level":"info","message":"Orchestrator: Master DB connection closed.","timestamp":"2026-07-11 15:21:00"}
{"level":"info","message":"✅ Orchestrator: Finished. Total jobs enqueued: 0","timestamp":"2026-07-11 15:21:00"}
{"level":"info","message":"Job repeat:c10eea93bf68cc56fd5c63b351df3d32:1783763460000 (Orchestrator) completed successfully.","timestamp":"2026-07-11 15:21:00"}
{"level":"info","message":"[Job repeat:c10eea93bf68cc56fd5c63b351df3d32:1783763520000] 🚀 Executing scheduled global orchestration...","timestamp":"2026-07-11 15:22:00"}
{"level":"info","message":"Orchestrator: Starting global scan orchestration... ","timestamp":"2026-07-11 15:22:00"}
{"level":"info","message":"🔗 Connecting to MASTER database: master","timestamp":"2026-07-11 15:22:00"}
{"level":"info","message":"Orchestrator: Found 2 tenants to process.","timestamp":"2026-07-11 15:22:00"}
{"level":"info","message":"📁 Switching to CLIENT database: tenant_rbi (Tenant: rbi)","timestamp":"2026-07-11 15:22:00"}
{"level":"info","message":"Orchestrator: No domains found for tenant rbi (excluding those currently scanning).","timestamp":"2026-07-11 15:22:01"}
{"level":"info","message":"📁 Switching to CLIENT database: tenant_sbi (Tenant: sbi)","timestamp":"2026-07-11 15:22:01"}
{"level":"info","message":"Orchestrator: No domains found for tenant sbi (excluding those currently scanning).","timestamp":"2026-07-11 15:22:01"}
{"level":"info","message":"Orchestrator: Master DB connection closed.","timestamp":"2026-07-11 15:22:01"}
{"level":"info","message":"✅ Orchestrator: Finished. Total jobs enqueued: 0","timestamp":"2026-07-11 15:22:01"}
{"level":"info","message":"Job repeat:c10eea93bf68cc56fd5c63b351df3d32:1783763520000 (Orchestrator) completed successfully.","timestamp":"2026-07-11 15:22:01"}
{"level":"info","message":"[Job repeat:c10eea93bf68cc56fd5c63b351df3d32:1783763580000] 🚀 Executing scheduled global orchestration...","timestamp":"2026-07-11 15:23:00"}
{"level":"info","message":"Orchestrator: Starting global scan orchestration... ","timestamp":"2026-07-11 15:23:00"}
{"level":"info","message":"🔗 Connecting to MASTER database: master","timestamp":"2026-07-11 15:23:00"}
{"level":"info","message":"Orchestrator: Found 2 tenants to process.","timestamp":"2026-07-11 15:23:01"}
{"level":"info","message":"📁 Switching to CLIENT database: tenant_rbi (Tenant: rbi)","timestamp":"2026-07-11 15:23:01"}
{"level":"info","message":"Orchestrator: No domains found for tenant rbi (excluding those currently scanning).","timestamp":"2026-07-11 15:23:01"}
{"level":"info","message":"📁 Switching to CLIENT database: tenant_sbi (Tenant: sbi)","timestamp":"2026-07-11 15:23:01"}
{"level":"info","message":"Orchestrator: No domains found for tenant sbi (excluding those currently scanning).","timestamp":"2026-07-11 15:23:01"}
{"level":"info","message":"Orchestrator: Master DB connection closed.","timestamp":"2026-07-11 15:23:01"}
{"level":"info","message":"✅ Orchestrator: Finished. Total jobs enqueued: 0","timestamp":"2026-07-11 15:23:01"}
{"level":"info","message":"Job repeat:c10eea93bf68cc56fd5c63b351df3d32:1783763580000 (Orchestrator) completed successfully.","timestamp":"2026-07-11 15:23:01"}
{"level":"info","message":"[Job repeat:c10eea93bf68cc56fd5c63b351df3d32:1783763640000] 🚀 Executing scheduled global orchestration...","timestamp":"2026-07-11 15:24:00"}
{"level":"info","message":"Orchestrator: Starting global scan orchestration... ","timestamp":"2026-07-11 15:24:00"}
{"level":"info","message":"🔗 Connecting to MASTER database: master","timestamp":"2026-07-11 15:24:00"}
{"level":"info","message":"Orchestrator: Found 2 tenants to process.","timestamp":"2026-07-11 15:24:01"}
{"level":"info","message":"📁 Switching to CLIENT database: tenant_rbi (Tenant: rbi)","timestamp":"2026-07-11 15:24:01"}
{"level":"info","message":"Orchestrator: No domains found for tenant rbi (excluding those currently scanning).","timestamp":"2026-07-11 15:24:01"}
{"level":"info","message":"📁 Switching to CLIENT database: tenant_sbi (Tenant: sbi)","timestamp":"2026-07-11 15:24:01"}
{"level":"info","message":"Orchestrator: No domains found for tenant sbi (excluding those currently scanning).","timestamp":"2026-07-11 15:24:01"}
{"level":"info","message":"Orchestrator: Master DB connection closed.","timestamp":"2026-07-11 15:24:01"}
{"level":"info","message":"✅ Orchestrator: Finished. Total jobs enqueued: 0","timestamp":"2026-07-11 15:24:01"}
{"level":"info","message":"Job repeat:c10eea93bf68cc56fd5c63b351df3d32:1783763640000 (Orchestrator) completed successfully.","timestamp":"2026-07-11 15:24:01"}
{"level":"info","message":"SIGINT signal received. Closing resources...","timestamp":"2026-07-11 15:24:04"}
{"level":"info","message":"All MongoDB connections closed.","timestamp":"2026-07-11 15:24:04"}
