{"level":"info","message":"[Job repeat:c10eea93bf68cc56fd5c63b351df3d32:1781375400000] 🚀 Executing scheduled global orchestration...","timestamp":"2026-06-14 00:00:00"}
{"level":"info","message":"Orchestrator: Starting global scan orchestration... ","timestamp":"2026-06-14 00:00:00"}
{"level":"info","message":"🔗 Connecting to MASTER database: master","timestamp":"2026-06-14 00:00:00"}
{"level":"info","message":"Orchestrator: Found 2 tenants to process.","timestamp":"2026-06-14 00:00:01"}
{"level":"info","message":"📁 Switching to CLIENT database: tenant_rbi (Tenant: rbi)","timestamp":"2026-06-14 00:00:01"}
{"level":"info","message":"Orchestrator: No domains found for tenant rbi (excluding those currently scanning).","timestamp":"2026-06-14 00:00:01"}
{"level":"info","message":"📁 Switching to CLIENT database: tenant_sbi (Tenant: sbi)","timestamp":"2026-06-14 00:00:01"}
{"level":"info","message":"Orchestrator: Found 2 domains for tenant sbi. Enqueueing jobs...","timestamp":"2026-06-14 00:00:01"}
{"level":"info","message":"[Job 3] 🔍 Starting scan for: https://omunim.com/","timestamp":"2026-06-14 00:00:01"}
{"level":"info","message":"  [1] Enqueued: https://omunim.com/","timestamp":"2026-06-14 00:00:01"}
{"level":"info","message":"[Job 4] 🔍 Starting scan for: https://jewellmaster.com","timestamp":"2026-06-14 00:00:01"}
{"level":"info","message":"[https://omunim.com/] Checking domain status for ID: 69fed1b9ce195e92e93ad3ad. Found: true, Deleted: false, Archived: false, Status: active","timestamp":"2026-06-14 00:00:01"}
{"level":"info","message":"  [2] Enqueued: https://jewellmaster.com","timestamp":"2026-06-14 00:00:01"}
{"level":"info","message":"Orchestrator: Master DB connection closed.","timestamp":"2026-06-14 00:00:01"}
{"level":"info","message":"✅ Orchestrator: Finished. Total jobs enqueued: 2","timestamp":"2026-06-14 00:00:01"}
{"level":"info","message":"Job repeat:c10eea93bf68cc56fd5c63b351df3d32:1781375400000 (Orchestrator) completed successfully.","timestamp":"2026-06-14 00:00:01"}
{"level":"info","message":"[https://jewellmaster.com] Checking domain status for ID: 6a086772439e555ef5630506. Found: true, Deleted: false, Archived: false, Status: active","timestamp":"2026-06-14 00:00:01"}
{"level":"info","message":"🔍 [Crawl] Queue: 0 | Visited: 1 | Scanning: https://omunim.com/","timestamp":"2026-06-14 00:00:03"}
{"level":"info","message":"🔍 [Domain: omunim.com] [Page 1/4] Scanning: https://omunim.com/","timestamp":"2026-06-14 00:00:03"}
{"level":"info","message":"🔍 [Crawl] Queue: 0 | Visited: 1 | Scanning: https://jewellmaster.com/","timestamp":"2026-06-14 00:00:03"}
{"level":"info","message":"🔍 [Domain: jewellmaster.com] [Page 1/10] Scanning: https://jewellmaster.com/","timestamp":"2026-06-14 00:00:03"}
{"level":"info","message":"🔍 [Scraper] HTML length: 56417 | Body length: 25027 | Total <a> tags: 3","timestamp":"2026-06-14 00:00:10"}
{"level":"info","message":"🔗 [Link Extraction] Page: https://jewellmaster.com/ | hostNorm: jewellmaster.com | Found 3 total links (2 internal)","timestamp":"2026-06-14 00:00:10"}
{"level":"info","message":"🔍 [Scraper] HTML length: 77167 | Body length: 20046 | Total <a> tags: 65","timestamp":"2026-06-14 00:00:11"}
{"level":"info","message":"🔗 [Link Extraction] Page: https://omunim.com/ | hostNorm: omunim.com | Found 65 total links (21 internal)","timestamp":"2026-06-14 00:00:11"}
{"level":"info","message":"✅ [Late Detection] Found T&C at https://omunim.com/terms","timestamp":"2026-06-14 00:00:11"}
{"level":"info","message":"🚀 [PageSpeed API] Fetching metrics for https://jewellmaster.com/...","timestamp":"2026-06-14 00:00:13"}
{"level":"info","message":"🚀 [PageSpeed API] Fetching metrics for https://omunim.com/...","timestamp":"2026-06-14 00:00:21"}
{"level":"info","message":"Added Policy Scan Job for omunim to queue, Job ID: 5","timestamp":"2026-06-14 00:00:31"}
{"level":"info","message":"[Job 5] 🛡️ Starting Policy scan for: omunim","timestamp":"2026-06-14 00:00:31"}
{"level":"info","message":"🛡️ [omunim] Starting standalone Policy Scan (job 5)...","timestamp":"2026-06-14 00:00:31"}
{"level":"info","message":"📑 [omunim] Retrieved 4 recent domain reports for evaluation.","timestamp":"2026-06-14 00:00:31"}
{"level":"info","message":"⚖️ [omunim] Evaluating 4 policies against 4 pages.","timestamp":"2026-06-14 00:00:31"}
{"level":"info","message":"📋 Policy: \"find jewellery keywords\"","timestamp":"2026-06-14 00:00:31"}
{"level":"info","message":"   Rule 1: Type=[text], Target=[jewellery], SearchType=[Contains], Contains/Unit=[containing]","timestamp":"2026-06-14 00:00:31"}
{"level":"info","message":"📋 Policy: \"Images greater than 100kB\"","timestamp":"2026-06-14 00:00:31"}
{"level":"info","message":"   Rule 1: Type=[image-size], Target=[100], SearchType=[Greater than], Contains/Unit=[KB]","timestamp":"2026-06-14 00:00:31"}
{"level":"info","message":"📋 Policy: \"Sample Policy with All Rules (Test)\"","timestamp":"2026-06-14 00:00:31"}
{"level":"info","message":"   Rule 1: Type=[text], Target=[], SearchType=[Contains], Contains/Unit=[]","timestamp":"2026-06-14 00:00:31"}
{"level":"info","message":"   Rule 2: Type=[page-title], Target=[], SearchType=[Contains], Contains/Unit=[]","timestamp":"2026-06-14 00:00:31"}
{"level":"info","message":"   Rule 3: Type=[page-title-length], Target=[10], SearchType=[], Contains/Unit=[]","timestamp":"2026-06-14 00:00:31"}
{"level":"info","message":"   Rule 4: Type=[page-url], Target=[], SearchType=[Contains], Contains/Unit=[]","timestamp":"2026-06-14 00:00:31"}
{"level":"info","message":"   Rule 5: Type=[link], Target=[], SearchType=[Contains], Contains/Unit=[]","timestamp":"2026-06-14 00:00:31"}
{"level":"info","message":"   Rule 6: Type=[link-text], Target=[], SearchType=[Contains], Contains/Unit=[]","timestamp":"2026-06-14 00:00:31"}
{"level":"info","message":"   Rule 7: Type=[link-text-length], Target=[5], SearchType=[], Contains/Unit=[]","timestamp":"2026-06-14 00:00:31"}
{"level":"info","message":"   Rule 8: Type=[file-size], Target=[10], SearchType=[], Contains/Unit=[KB]","timestamp":"2026-06-14 00:00:31"}
{"level":"info","message":"   Rule 9: Type=[image-size], Target=[10], SearchType=[], Contains/Unit=[KB]","timestamp":"2026-06-14 00:00:31"}
{"level":"info","message":"   Rule 10: Type=[image-text], Target=[], SearchType=[Contains], Contains/Unit=[]","timestamp":"2026-06-14 00:00:31"}
{"level":"info","message":"   Rule 11: Type=[image-text-length], Target=[5], SearchType=[], Contains/Unit=[]","timestamp":"2026-06-14 00:00:31"}
{"level":"info","message":"   Rule 12: Type=[external-link-count], Target=[1], SearchType=[], Contains/Unit=[]","timestamp":"2026-06-14 00:00:31"}
{"level":"info","message":"   Rule 13: Type=[incoming-link-count], Target=[1], SearchType=[], Contains/Unit=[]","timestamp":"2026-06-14 00:00:31"}
{"level":"info","message":"   Rule 14: Type=[heading-text], Target=[], SearchType=[Contains], Contains/Unit=[]","timestamp":"2026-06-14 00:00:31"}
{"level":"info","message":"   Rule 15: Type=[header-text-length], Target=[5], SearchType=[], Contains/Unit=[]","timestamp":"2026-06-14 00:00:31"}
{"level":"info","message":"   Rule 16: Type=[readability-level], Target=[5], SearchType=[], Contains/Unit=[]","timestamp":"2026-06-14 00:00:31"}
{"level":"info","message":"   Rule 17: Type=[meta-header], Target=[], SearchType=[Contains], Contains/Unit=[]","timestamp":"2026-06-14 00:00:31"}
{"level":"info","message":"   Rule 18: Type=[meta-header-length], Target=[5], SearchType=[], Contains/Unit=[]","timestamp":"2026-06-14 00:00:31"}
{"level":"info","message":"   Rule 19: Type=[page-html], Target=[], SearchType=[Contains], Contains/Unit=[]","timestamp":"2026-06-14 00:00:31"}
{"level":"info","message":"📋 Policy: \"Sample Policy with All Rules (Global)\"","timestamp":"2026-06-14 00:00:31"}
{"level":"info","message":"   Rule 1: Type=[text], Target=[], SearchType=[Contains], Contains/Unit=[]","timestamp":"2026-06-14 00:00:31"}
{"level":"info","message":"   Rule 2: Type=[page-title], Target=[], SearchType=[Contains], Contains/Unit=[]","timestamp":"2026-06-14 00:00:31"}
{"level":"info","message":"   Rule 3: Type=[page-title-length], Target=[10], SearchType=[], Contains/Unit=[]","timestamp":"2026-06-14 00:00:31"}
{"level":"info","message":"   Rule 4: Type=[page-url], Target=[], SearchType=[Contains], Contains/Unit=[]","timestamp":"2026-06-14 00:00:31"}
{"level":"info","message":"   Rule 5: Type=[link], Target=[], SearchType=[Contains], Contains/Unit=[]","timestamp":"2026-06-14 00:00:31"}
{"level":"info","message":"   Rule 6: Type=[link-text], Target=[], SearchType=[Contains], Contains/Unit=[]","timestamp":"2026-06-14 00:00:31"}
{"level":"info","message":"   Rule 7: Type=[link-text-length], Target=[5], SearchType=[], Contains/Unit=[]","timestamp":"2026-06-14 00:00:31"}
{"level":"info","message":"   Rule 8: Type=[file-size], Target=[10], SearchType=[], Contains/Unit=[KB]","timestamp":"2026-06-14 00:00:31"}
{"level":"info","message":"   Rule 9: Type=[image-size], Target=[10], SearchType=[], Contains/Unit=[KB]","timestamp":"2026-06-14 00:00:31"}
{"level":"info","message":"   Rule 10: Type=[image-text], Target=[], SearchType=[Contains], Contains/Unit=[]","timestamp":"2026-06-14 00:00:31"}
{"level":"info","message":"   Rule 11: Type=[image-text-length], Target=[5], SearchType=[], Contains/Unit=[]","timestamp":"2026-06-14 00:00:31"}
{"level":"info","message":"   Rule 12: Type=[external-link-count], Target=[1], SearchType=[], Contains/Unit=[]","timestamp":"2026-06-14 00:00:31"}
{"level":"info","message":"   Rule 13: Type=[incoming-link-count], Target=[1], SearchType=[], Contains/Unit=[]","timestamp":"2026-06-14 00:00:31"}
{"level":"info","message":"   Rule 14: Type=[heading-text], Target=[], SearchType=[Contains], Contains/Unit=[]","timestamp":"2026-06-14 00:00:31"}
{"level":"info","message":"   Rule 15: Type=[header-text-length], Target=[5], SearchType=[], Contains/Unit=[]","timestamp":"2026-06-14 00:00:31"}
{"level":"info","message":"   Rule 16: Type=[readability-level], Target=[5], SearchType=[], Contains/Unit=[]","timestamp":"2026-06-14 00:00:31"}
{"level":"info","message":"   Rule 17: Type=[meta-header], Target=[], SearchType=[Contains], Contains/Unit=[]","timestamp":"2026-06-14 00:00:31"}
{"level":"info","message":"   Rule 18: Type=[meta-header-length], Target=[5], SearchType=[], Contains/Unit=[]","timestamp":"2026-06-14 00:00:31"}
{"level":"info","message":"   Rule 19: Type=[page-html], Target=[], SearchType=[Contains], Contains/Unit=[]","timestamp":"2026-06-14 00:00:31"}
{"level":"info","message":"🌐 [omunim] Fetching live HTML content for 4 pages (text-based rules detected)...","timestamp":"2026-06-14 00:00:31"}
{"level":"info","message":"   -> Evaluated Rule [text] with target \"jewellery\" (Search: contains, Contains: containing): isMatch=true","timestamp":"2026-06-14 00:00:31"}
{"level":"info","message":"   -> Evaluated Rule [image-size] with target \"100\" (Search: contains, Contains: KB): isMatch=true","timestamp":"2026-06-14 00:00:31"}
{"level":"info","message":"   -> Evaluated Rule [text] with target \"\" (Search: contains, Contains: undefined): isMatch=true","timestamp":"2026-06-14 00:00:31"}
{"level":"info","message":"   -> Evaluated Rule [page-title] with target \"\" (Search: contains, Contains: undefined): isMatch=true","timestamp":"2026-06-14 00:00:31"}
{"level":"info","message":"   -> Evaluated Rule [page-title-length] with target \"10\" (Search: contains, Contains: undefined): isMatch=false","timestamp":"2026-06-14 00:00:31"}
{"level":"info","message":"   -> Evaluated Rule [page-url] with target \"\" (Search: contains, Contains: undefined): isMatch=true","timestamp":"2026-06-14 00:00:31"}
{"level":"info","message":"   -> Evaluated Rule [link] with target \"\" (Search: contains, Contains: undefined): isMatch=false","timestamp":"2026-06-14 00:00:31"}
{"level":"info","message":"   -> Evaluated Rule [link-text] with target \"\" (Search: contains, Contains: undefined): isMatch=false","timestamp":"2026-06-14 00:00:31"}
{"level":"info","message":"   -> Evaluated Rule [link-text-length] with target \"5\" (Search: contains, Contains: undefined): isMatch=false","timestamp":"2026-06-14 00:00:31"}
{"level":"info","message":"   -> Evaluated Rule [file-size] with target \"10\" (Search: contains, Contains: KB): isMatch=false","timestamp":"2026-06-14 00:00:31"}
{"level":"info","message":"   -> Evaluated Rule [image-size] with target \"10\" (Search: contains, Contains: KB): isMatch=false","timestamp":"2026-06-14 00:00:31"}
{"level":"info","message":"   -> Evaluated Rule [image-text] with target \"\" (Search: contains, Contains: undefined): isMatch=true","timestamp":"2026-06-14 00:00:31"}
{"level":"info","message":"   -> Evaluated Rule [image-text-length] with target \"5\" (Search: contains, Contains: undefined): isMatch=false","timestamp":"2026-06-14 00:00:31"}
{"level":"info","message":"   -> Evaluated Rule [external-link-count] with target \"1\" (Search: contains, Contains: undefined): isMatch=false","timestamp":"2026-06-14 00:00:31"}
{"level":"info","message":"   -> Evaluated Rule [incoming-link-count] with target \"1\" (Search: contains, Contains: undefined): isMatch=false","timestamp":"2026-06-14 00:00:31"}
{"level":"info","message":"   -> Evaluated Rule [heading-text] with target \"\" (Search: contains, Contains: undefined): isMatch=false","timestamp":"2026-06-14 00:00:31"}
{"level":"info","message":"   -> Evaluated Rule [header-text-length] with target \"5\" (Search: contains, Contains: undefined): isMatch=false","timestamp":"2026-06-14 00:00:31"}
{"level":"info","message":"   -> Evaluated Rule [readability-level] with target \"5\" (Search: contains, Contains: undefined): isMatch=false","timestamp":"2026-06-14 00:00:31"}
{"level":"info","message":"   -> Evaluated Rule [meta-header] with target \"\" (Search: contains, Contains: undefined): isMatch=true","timestamp":"2026-06-14 00:00:31"}
{"level":"info","message":"   -> Evaluated Rule [meta-header-length] with target \"5\" (Search: contains, Contains: undefined): isMatch=false","timestamp":"2026-06-14 00:00:31"}
{"level":"info","message":"   -> Evaluated Rule [page-html] with target \"\" (Search: contains, Contains: undefined): isMatch=true","timestamp":"2026-06-14 00:00:31"}
{"level":"info","message":"   -> Evaluated Rule [text] with target \"\" (Search: contains, Contains: undefined): isMatch=true","timestamp":"2026-06-14 00:00:31"}
{"level":"info","message":"   -> Evaluated Rule [page-title] with target \"\" (Search: contains, Contains: undefined): isMatch=true","timestamp":"2026-06-14 00:00:31"}
{"level":"info","message":"   -> Evaluated Rule [page-title-length] with target \"10\" (Search: contains, Contains: undefined): isMatch=false","timestamp":"2026-06-14 00:00:31"}
{"level":"info","message":"   -> Evaluated Rule [page-url] with target \"\" (Search: contains, Contains: undefined): isMatch=true","timestamp":"2026-06-14 00:00:31"}
{"level":"info","message":"   -> Evaluated Rule [link] with target \"\" (Search: contains, Contains: undefined): isMatch=false","timestamp":"2026-06-14 00:00:31"}
{"level":"info","message":"   -> Evaluated Rule [link-text] with target \"\" (Search: contains, Contains: undefined): isMatch=false","timestamp":"2026-06-14 00:00:31"}
{"level":"info","message":"   -> Evaluated Rule [link-text-length] with target \"5\" (Search: contains, Contains: undefined): isMatch=false","timestamp":"2026-06-14 00:00:31"}
{"level":"info","message":"   -> Evaluated Rule [file-size] with target \"10\" (Search: contains, Contains: KB): isMatch=false","timestamp":"2026-06-14 00:00:31"}
{"level":"info","message":"   -> Evaluated Rule [image-size] with target \"10\" (Search: contains, Contains: KB): isMatch=false","timestamp":"2026-06-14 00:00:31"}
{"level":"info","message":"   -> Evaluated Rule [image-text] with target \"\" (Search: contains, Contains: undefined): isMatch=true","timestamp":"2026-06-14 00:00:31"}
{"level":"info","message":"   -> Evaluated Rule [image-text-length] with target \"5\" (Search: contains, Contains: undefined): isMatch=false","timestamp":"2026-06-14 00:00:31"}
{"level":"info","message":"   -> Evaluated Rule [external-link-count] with target \"1\" (Search: contains, Contains: undefined): isMatch=false","timestamp":"2026-06-14 00:00:31"}
{"level":"info","message":"   -> Evaluated Rule [incoming-link-count] with target \"1\" (Search: contains, Contains: undefined): isMatch=false","timestamp":"2026-06-14 00:00:31"}
{"level":"info","message":"   -> Evaluated Rule [heading-text] with target \"\" (Search: contains, Contains: undefined): isMatch=false","timestamp":"2026-06-14 00:00:31"}
{"level":"info","message":"   -> Evaluated Rule [header-text-length] with target \"5\" (Search: contains, Contains: undefined): isMatch=false","timestamp":"2026-06-14 00:00:31"}
{"level":"info","message":"   -> Evaluated Rule [readability-level] with target \"5\" (Search: contains, Contains: undefined): isMatch=false","timestamp":"2026-06-14 00:00:31"}
{"level":"info","message":"   -> Evaluated Rule [meta-header] with target \"\" (Search: contains, Contains: undefined): isMatch=true","timestamp":"2026-06-14 00:00:31"}
{"level":"info","message":"   -> Evaluated Rule [meta-header-length] with target \"5\" (Search: contains, Contains: undefined): isMatch=false","timestamp":"2026-06-14 00:00:31"}
{"level":"info","message":"   -> Evaluated Rule [page-html] with target \"\" (Search: contains, Contains: undefined): isMatch=true","timestamp":"2026-06-14 00:00:31"}
{"level":"info","message":"   -> Evaluated Rule [text] with target \"jewellery\" (Search: contains, Contains: containing): isMatch=true","timestamp":"2026-06-14 00:00:31"}
{"level":"info","message":"   -> Evaluated Rule [image-size] with target \"100\" (Search: contains, Contains: KB): isMatch=false","timestamp":"2026-06-14 00:00:31"}
{"level":"info","message":"   -> Evaluated Rule [text] with target \"\" (Search: contains, Contains: undefined): isMatch=true","timestamp":"2026-06-14 00:00:31"}
{"level":"info","message":"   -> Evaluated Rule [page-title] with target \"\" (Search: contains, Contains: undefined): isMatch=true","timestamp":"2026-06-14 00:00:31"}
{"level":"info","message":"   -> Evaluated Rule [page-title-length] with target \"10\" (Search: contains, Contains: undefined): isMatch=false","timestamp":"2026-06-14 00:00:31"}
{"level":"info","message":"   -> Evaluated Rule [page-url] with target \"\" (Search: contains, Contains: undefined): isMatch=true","timestamp":"2026-06-14 00:00:31"}
{"level":"info","message":"   -> Evaluated Rule [link] with target \"\" (Search: contains, Contains: undefined): isMatch=false","timestamp":"2026-06-14 00:00:31"}
{"level":"info","message":"   -> Evaluated Rule [link-text] with target \"\" (Search: contains, Contains: undefined): isMatch=false","timestamp":"2026-06-14 00:00:31"}
{"level":"info","message":"   -> Evaluated Rule [link-text-length] with target \"5\" (Search: contains, Contains: undefined): isMatch=false","timestamp":"2026-06-14 00:00:31"}
{"level":"info","message":"   -> Evaluated Rule [file-size] with target \"10\" (Search: contains, Contains: KB): isMatch=false","timestamp":"2026-06-14 00:00:31"}
{"level":"info","message":"   -> Evaluated Rule [image-size] with target \"10\" (Search: contains, Contains: KB): isMatch=false","timestamp":"2026-06-14 00:00:31"}
{"level":"info","message":"   -> Evaluated Rule [image-text] with target \"\" (Search: contains, Contains: undefined): isMatch=true","timestamp":"2026-06-14 00:00:31"}
{"level":"info","message":"   -> Evaluated Rule [image-text-length] with target \"5\" (Search: contains, Contains: undefined): isMatch=false","timestamp":"2026-06-14 00:00:31"}
{"level":"info","message":"   -> Evaluated Rule [external-link-count] with target \"1\" (Search: contains, Contains: undefined): isMatch=false","timestamp":"2026-06-14 00:00:31"}
{"level":"info","message":"   -> Evaluated Rule [incoming-link-count] with target \"1\" (Search: contains, Contains: undefined): isMatch=false","timestamp":"2026-06-14 00:00:31"}
{"level":"info","message":"   -> Evaluated Rule [heading-text] with target \"\" (Search: contains, Contains: undefined): isMatch=false","timestamp":"2026-06-14 00:00:31"}
{"level":"info","message":"   -> Evaluated Rule [header-text-length] with target \"5\" (Search: contains, Contains: undefined): isMatch=false","timestamp":"2026-06-14 00:00:31"}
{"level":"info","message":"   -> Evaluated Rule [readability-level] with target \"5\" (Search: contains, Contains: undefined): isMatch=false","timestamp":"2026-06-14 00:00:31"}
{"level":"info","message":"   -> Evaluated Rule [meta-header] with target \"\" (Search: contains, Contains: undefined): isMatch=true","timestamp":"2026-06-14 00:00:31"}
{"level":"info","message":"   -> Evaluated Rule [meta-header-length] with target \"5\" (Search: contains, Contains: undefined): isMatch=false","timestamp":"2026-06-14 00:00:31"}
{"level":"info","message":"   -> Evaluated Rule [page-html] with target \"\" (Search: contains, Contains: undefined): isMatch=true","timestamp":"2026-06-14 00:00:31"}
{"level":"info","message":"   -> Evaluated Rule [text] with target \"\" (Search: contains, Contains: undefined): isMatch=true","timestamp":"2026-06-14 00:00:31"}
{"level":"info","message":"   -> Evaluated Rule [page-title] with target \"\" (Search: contains, Contains: undefined): isMatch=true","timestamp":"2026-06-14 00:00:31"}
{"level":"info","message":"   -> Evaluated Rule [page-title-length] with target \"10\" (Search: contains, Contains: undefined): isMatch=false","timestamp":"2026-06-14 00:00:31"}
{"level":"info","message":"   -> Evaluated Rule [page-url] with target \"\" (Search: contains, Contains: undefined): isMatch=true","timestamp":"2026-06-14 00:00:31"}
{"level":"info","message":"   -> Evaluated Rule [link] with target \"\" (Search: contains, Contains: undefined): isMatch=false","timestamp":"2026-06-14 00:00:31"}
{"level":"info","message":"   -> Evaluated Rule [link-text] with target \"\" (Search: contains, Contains: undefined): isMatch=false","timestamp":"2026-06-14 00:00:31"}
{"level":"info","message":"   -> Evaluated Rule [link-text-length] with target \"5\" (Search: contains, Contains: undefined): isMatch=false","timestamp":"2026-06-14 00:00:31"}
{"level":"info","message":"   -> Evaluated Rule [file-size] with target \"10\" (Search: contains, Contains: KB): isMatch=false","timestamp":"2026-06-14 00:00:31"}
{"level":"info","message":"   -> Evaluated Rule [image-size] with target \"10\" (Search: contains, Contains: KB): isMatch=false","timestamp":"2026-06-14 00:00:31"}
{"level":"info","message":"   -> Evaluated Rule [image-text] with target \"\" (Search: contains, Contains: undefined): isMatch=true","timestamp":"2026-06-14 00:00:31"}
{"level":"info","message":"   -> Evaluated Rule [image-text-length] with target \"5\" (Search: contains, Contains: undefined): isMatch=false","timestamp":"2026-06-14 00:00:31"}
{"level":"info","message":"   -> Evaluated Rule [external-link-count] with target \"1\" (Search: contains, Contains: undefined): isMatch=false","timestamp":"2026-06-14 00:00:31"}
{"level":"info","message":"   -> Evaluated Rule [incoming-link-count] with target \"1\" (Search: contains, Contains: undefined): isMatch=false","timestamp":"2026-06-14 00:00:31"}
{"level":"info","message":"   -> Evaluated Rule [heading-text] with target \"\" (Search: contains, Contains: undefined): isMatch=false","timestamp":"2026-06-14 00:00:31"}
{"level":"info","message":"   -> Evaluated Rule [header-text-length] with target \"5\" (Search: contains, Contains: undefined): isMatch=false","timestamp":"2026-06-14 00:00:31"}
{"level":"info","message":"   -> Evaluated Rule [readability-level] with target \"5\" (Search: contains, Contains: undefined): isMatch=false","timestamp":"2026-06-14 00:00:31"}
{"level":"info","message":"   -> Evaluated Rule [meta-header] with target \"\" (Search: contains, Contains: undefined): isMatch=true","timestamp":"2026-06-14 00:00:31"}
{"level":"info","message":"   -> Evaluated Rule [meta-header-length] with target \"5\" (Search: contains, Contains: undefined): isMatch=false","timestamp":"2026-06-14 00:00:31"}
{"level":"info","message":"   -> Evaluated Rule [page-html] with target \"\" (Search: contains, Contains: undefined): isMatch=true","timestamp":"2026-06-14 00:00:31"}
{"level":"info","message":"   -> Evaluated Rule [text] with target \"jewellery\" (Search: contains, Contains: containing): isMatch=true","timestamp":"2026-06-14 00:00:31"}
{"level":"info","message":"   -> Evaluated Rule [image-size] with target \"100\" (Search: contains, Contains: KB): isMatch=false","timestamp":"2026-06-14 00:00:31"}
{"level":"info","message":"   -> Evaluated Rule [text] with target \"\" (Search: contains, Contains: undefined): isMatch=true","timestamp":"2026-06-14 00:00:31"}
{"level":"info","message":"   -> Evaluated Rule [page-title] with target \"\" (Search: contains, Contains: undefined): isMatch=true","timestamp":"2026-06-14 00:00:31"}
{"level":"info","message":"   -> Evaluated Rule [page-title-length] with target \"10\" (Search: contains, Contains: undefined): isMatch=false","timestamp":"2026-06-14 00:00:31"}
{"level":"info","message":"   -> Evaluated Rule [page-url] with target \"\" (Search: contains, Contains: undefined): isMatch=true","timestamp":"2026-06-14 00:00:31"}
{"level":"info","message":"   -> Evaluated Rule [link] with target \"\" (Search: contains, Contains: undefined): isMatch=false","timestamp":"2026-06-14 00:00:31"}
{"level":"info","message":"   -> Evaluated Rule [link-text] with target \"\" (Search: contains, Contains: undefined): isMatch=false","timestamp":"2026-06-14 00:00:31"}
{"level":"info","message":"   -> Evaluated Rule [link-text-length] with target \"5\" (Search: contains, Contains: undefined): isMatch=false","timestamp":"2026-06-14 00:00:31"}
{"level":"info","message":"   -> Evaluated Rule [file-size] with target \"10\" (Search: contains, Contains: KB): isMatch=false","timestamp":"2026-06-14 00:00:31"}
{"level":"info","message":"   -> Evaluated Rule [image-size] with target \"10\" (Search: contains, Contains: KB): isMatch=false","timestamp":"2026-06-14 00:00:31"}
{"level":"info","message":"   -> Evaluated Rule [image-text] with target \"\" (Search: contains, Contains: undefined): isMatch=true","timestamp":"2026-06-14 00:00:31"}
{"level":"info","message":"   -> Evaluated Rule [image-text-length] with target \"5\" (Search: contains, Contains: undefined): isMatch=false","timestamp":"2026-06-14 00:00:31"}
{"level":"info","message":"   -> Evaluated Rule [external-link-count] with target \"1\" (Search: contains, Contains: undefined): isMatch=false","timestamp":"2026-06-14 00:00:31"}
{"level":"info","message":"   -> Evaluated Rule [incoming-link-count] with target \"1\" (Search: contains, Contains: undefined): isMatch=false","timestamp":"2026-06-14 00:00:31"}
{"level":"info","message":"   -> Evaluated Rule [heading-text] with target \"\" (Search: contains, Contains: undefined): isMatch=false","timestamp":"2026-06-14 00:00:31"}
{"level":"info","message":"   -> Evaluated Rule [header-text-length] with target \"5\" (Search: contains, Contains: undefined): isMatch=false","timestamp":"2026-06-14 00:00:31"}
{"level":"info","message":"   -> Evaluated Rule [readability-level] with target \"5\" (Search: contains, Contains: undefined): isMatch=false","timestamp":"2026-06-14 00:00:31"}
{"level":"info","message":"   -> Evaluated Rule [meta-header] with target \"\" (Search: contains, Contains: undefined): isMatch=true","timestamp":"2026-06-14 00:00:31"}
{"level":"info","message":"   -> Evaluated Rule [meta-header-length] with target \"5\" (Search: contains, Contains: undefined): isMatch=false","timestamp":"2026-06-14 00:00:31"}
{"level":"info","message":"   -> Evaluated Rule [page-html] with target \"\" (Search: contains, Contains: undefined): isMatch=true","timestamp":"2026-06-14 00:00:31"}
{"level":"info","message":"   -> Evaluated Rule [text] with target \"\" (Search: contains, Contains: undefined): isMatch=true","timestamp":"2026-06-14 00:00:31"}
{"level":"info","message":"   -> Evaluated Rule [page-title] with target \"\" (Search: contains, Contains: undefined): isMatch=true","timestamp":"2026-06-14 00:00:31"}
{"level":"info","message":"   -> Evaluated Rule [page-title-length] with target \"10\" (Search: contains, Contains: undefined): isMatch=false","timestamp":"2026-06-14 00:00:31"}
{"level":"info","message":"   -> Evaluated Rule [page-url] with target \"\" (Search: contains, Contains: undefined): isMatch=true","timestamp":"2026-06-14 00:00:31"}
{"level":"info","message":"   -> Evaluated Rule [link] with target \"\" (Search: contains, Contains: undefined): isMatch=false","timestamp":"2026-06-14 00:00:31"}
{"level":"info","message":"   -> Evaluated Rule [link-text] with target \"\" (Search: contains, Contains: undefined): isMatch=false","timestamp":"2026-06-14 00:00:31"}
{"level":"info","message":"   -> Evaluated Rule [link-text-length] with target \"5\" (Search: contains, Contains: undefined): isMatch=false","timestamp":"2026-06-14 00:00:31"}
{"level":"info","message":"   -> Evaluated Rule [file-size] with target \"10\" (Search: contains, Contains: KB): isMatch=false","timestamp":"2026-06-14 00:00:31"}
{"level":"info","message":"   -> Evaluated Rule [image-size] with target \"10\" (Search: contains, Contains: KB): isMatch=false","timestamp":"2026-06-14 00:00:31"}
{"level":"info","message":"   -> Evaluated Rule [image-text] with target \"\" (Search: contains, Contains: undefined): isMatch=true","timestamp":"2026-06-14 00:00:31"}
{"level":"info","message":"   -> Evaluated Rule [image-text-length] with target \"5\" (Search: contains, Contains: undefined): isMatch=false","timestamp":"2026-06-14 00:00:31"}
{"level":"info","message":"   -> Evaluated Rule [external-link-count] with target \"1\" (Search: contains, Contains: undefined): isMatch=false","timestamp":"2026-06-14 00:00:31"}
{"level":"info","message":"   -> Evaluated Rule [incoming-link-count] with target \"1\" (Search: contains, Contains: undefined): isMatch=false","timestamp":"2026-06-14 00:00:31"}
{"level":"info","message":"   -> Evaluated Rule [heading-text] with target \"\" (Search: contains, Contains: undefined): isMatch=false","timestamp":"2026-06-14 00:00:31"}
{"level":"info","message":"   -> Evaluated Rule [header-text-length] with target \"5\" (Search: contains, Contains: undefined): isMatch=false","timestamp":"2026-06-14 00:00:31"}
{"level":"info","message":"   -> Evaluated Rule [readability-level] with target \"5\" (Search: contains, Contains: undefined): isMatch=false","timestamp":"2026-06-14 00:00:31"}
{"level":"info","message":"   -> Evaluated Rule [meta-header] with target \"\" (Search: contains, Contains: undefined): isMatch=true","timestamp":"2026-06-14 00:00:31"}
{"level":"info","message":"   -> Evaluated Rule [meta-header-length] with target \"5\" (Search: contains, Contains: undefined): isMatch=false","timestamp":"2026-06-14 00:00:31"}
{"level":"info","message":"   -> Evaluated Rule [page-html] with target \"\" (Search: contains, Contains: undefined): isMatch=true","timestamp":"2026-06-14 00:00:31"}
{"level":"info","message":"   -> Evaluated Rule [text] with target \"jewellery\" (Search: contains, Contains: containing): isMatch=true","timestamp":"2026-06-14 00:00:31"}
{"level":"info","message":"   -> Evaluated Rule [image-size] with target \"100\" (Search: contains, Contains: KB): isMatch=true","timestamp":"2026-06-14 00:00:31"}
{"level":"info","message":"   -> Evaluated Rule [text] with target \"\" (Search: contains, Contains: undefined): isMatch=true","timestamp":"2026-06-14 00:00:31"}
{"level":"info","message":"   -> Evaluated Rule [page-title] with target \"\" (Search: contains, Contains: undefined): isMatch=true","timestamp":"2026-06-14 00:00:31"}
{"level":"info","message":"   -> Evaluated Rule [page-title-length] with target \"10\" (Search: contains, Contains: undefined): isMatch=false","timestamp":"2026-06-14 00:00:31"}
{"level":"info","message":"   -> Evaluated Rule [page-url] with target \"\" (Search: contains, Contains: undefined): isMatch=true","timestamp":"2026-06-14 00:00:31"}
{"level":"info","message":"   -> Evaluated Rule [link] with target \"\" (Search: contains, Contains: undefined): isMatch=false","timestamp":"2026-06-14 00:00:31"}
{"level":"info","message":"   -> Evaluated Rule [link-text] with target \"\" (Search: contains, Contains: undefined): isMatch=false","timestamp":"2026-06-14 00:00:31"}
{"level":"info","message":"   -> Evaluated Rule [link-text-length] with target \"5\" (Search: contains, Contains: undefined): isMatch=false","timestamp":"2026-06-14 00:00:31"}
{"level":"info","message":"   -> Evaluated Rule [file-size] with target \"10\" (Search: contains, Contains: KB): isMatch=false","timestamp":"2026-06-14 00:00:31"}
{"level":"info","message":"   -> Evaluated Rule [image-size] with target \"10\" (Search: contains, Contains: KB): isMatch=false","timestamp":"2026-06-14 00:00:31"}
{"level":"info","message":"   -> Evaluated Rule [image-text] with target \"\" (Search: contains, Contains: undefined): isMatch=true","timestamp":"2026-06-14 00:00:31"}
{"level":"info","message":"   -> Evaluated Rule [image-text-length] with target \"5\" (Search: contains, Contains: undefined): isMatch=false","timestamp":"2026-06-14 00:00:31"}
{"level":"info","message":"   -> Evaluated Rule [external-link-count] with target \"1\" (Search: contains, Contains: undefined): isMatch=false","timestamp":"2026-06-14 00:00:31"}
{"level":"info","message":"   -> Evaluated Rule [incoming-link-count] with target \"1\" (Search: contains, Contains: undefined): isMatch=false","timestamp":"2026-06-14 00:00:31"}
{"level":"info","message":"   -> Evaluated Rule [heading-text] with target \"\" (Search: contains, Contains: undefined): isMatch=false","timestamp":"2026-06-14 00:00:31"}
{"level":"info","message":"   -> Evaluated Rule [header-text-length] with target \"5\" (Search: contains, Contains: undefined): isMatch=false","timestamp":"2026-06-14 00:00:31"}
{"level":"info","message":"   -> Evaluated Rule [readability-level] with target \"5\" (Search: contains, Contains: undefined): isMatch=false","timestamp":"2026-06-14 00:00:31"}
{"level":"info","message":"   -> Evaluated Rule [meta-header] with target \"\" (Search: contains, Contains: undefined): isMatch=true","timestamp":"2026-06-14 00:00:31"}
{"level":"info","message":"   -> Evaluated Rule [meta-header-length] with target \"5\" (Search: contains, Contains: undefined): isMatch=false","timestamp":"2026-06-14 00:00:31"}
{"level":"info","message":"   -> Evaluated Rule [page-html] with target \"\" (Search: contains, Contains: undefined): isMatch=true","timestamp":"2026-06-14 00:00:31"}
{"level":"info","message":"   -> Evaluated Rule [text] with target \"\" (Search: contains, Contains: undefined): isMatch=true","timestamp":"2026-06-14 00:00:31"}
{"level":"info","message":"   -> Evaluated Rule [page-title] with target \"\" (Search: contains, Contains: undefined): isMatch=true","timestamp":"2026-06-14 00:00:31"}
{"level":"info","message":"   -> Evaluated Rule [page-title-length] with target \"10\" (Search: contains, Contains: undefined): isMatch=false","timestamp":"2026-06-14 00:00:31"}
{"level":"info","message":"   -> Evaluated Rule [page-url] with target \"\" (Search: contains, Contains: undefined): isMatch=true","timestamp":"2026-06-14 00:00:31"}
{"level":"info","message":"   -> Evaluated Rule [link] with target \"\" (Search: contains, Contains: undefined): isMatch=false","timestamp":"2026-06-14 00:00:31"}
{"level":"info","message":"   -> Evaluated Rule [link-text] with target \"\" (Search: contains, Contains: undefined): isMatch=false","timestamp":"2026-06-14 00:00:31"}
{"level":"info","message":"   -> Evaluated Rule [link-text-length] with target \"5\" (Search: contains, Contains: undefined): isMatch=false","timestamp":"2026-06-14 00:00:31"}
{"level":"info","message":"   -> Evaluated Rule [file-size] with target \"10\" (Search: contains, Contains: KB): isMatch=false","timestamp":"2026-06-14 00:00:31"}
{"level":"info","message":"   -> Evaluated Rule [image-size] with target \"10\" (Search: contains, Contains: KB): isMatch=false","timestamp":"2026-06-14 00:00:31"}
{"level":"info","message":"   -> Evaluated Rule [image-text] with target \"\" (Search: contains, Contains: undefined): isMatch=true","timestamp":"2026-06-14 00:00:31"}
{"level":"info","message":"   -> Evaluated Rule [image-text-length] with target \"5\" (Search: contains, Contains: undefined): isMatch=false","timestamp":"2026-06-14 00:00:31"}
{"level":"info","message":"   -> Evaluated Rule [external-link-count] with target \"1\" (Search: contains, Contains: undefined): isMatch=false","timestamp":"2026-06-14 00:00:31"}
{"level":"info","message":"   -> Evaluated Rule [incoming-link-count] with target \"1\" (Search: contains, Contains: undefined): isMatch=false","timestamp":"2026-06-14 00:00:31"}
{"level":"info","message":"   -> Evaluated Rule [heading-text] with target \"\" (Search: contains, Contains: undefined): isMatch=false","timestamp":"2026-06-14 00:00:31"}
{"level":"info","message":"   -> Evaluated Rule [header-text-length] with target \"5\" (Search: contains, Contains: undefined): isMatch=false","timestamp":"2026-06-14 00:00:31"}
{"level":"info","message":"   -> Evaluated Rule [readability-level] with target \"5\" (Search: contains, Contains: undefined): isMatch=false","timestamp":"2026-06-14 00:00:31"}
{"level":"info","message":"   -> Evaluated Rule [meta-header] with target \"\" (Search: contains, Contains: undefined): isMatch=true","timestamp":"2026-06-14 00:00:31"}
{"level":"info","message":"   -> Evaluated Rule [meta-header-length] with target \"5\" (Search: contains, Contains: undefined): isMatch=false","timestamp":"2026-06-14 00:00:31"}
{"level":"info","message":"   -> Evaluated Rule [page-html] with target \"\" (Search: contains, Contains: undefined): isMatch=true","timestamp":"2026-06-14 00:00:31"}
{"level":"info","message":"🚨 [omunim] Saved 6 policy hits to database tenant_sbi.","timestamp":"2026-06-14 00:00:31"}
{"level":"info","message":"📊 [omunim] Saved PolicySummary snapshot.","timestamp":"2026-06-14 00:00:31"}
{"level":"info","message":"✅ Policy scan completed for omunim in 862ms","timestamp":"2026-06-14 00:00:32"}
{"level":"info","message":"Job 5 (omunim) completed successfully.","timestamp":"2026-06-14 00:00:32"}
{"level":"info","message":"✅ [PageSpeed API] Score for https://jewellmaster.com/: 74","timestamp":"2026-06-14 00:00:41"}
{"level":"info","message":"📊 [Lighthouse] Results for https://jewellmaster.com/: Performance: 74, SEO: 92, Accessibility: 88","timestamp":"2026-06-14 00:00:41"}
{"level":"info","message":"🔍 [Domain: jewellmaster.com] [Page 1/10] Found 2 internal links on https://jewellmaster.com/","timestamp":"2026-06-14 00:00:42"}
{"level":"info","message":"➕ [Queue] Adding: https://jewellmaster.com/features (targetHost: jewellmaster.com, hostNorm: jewellmaster.com)","timestamp":"2026-06-14 00:00:42"}
{"level":"info","message":"➕ [Queue] Adding: https://jewellmaster.com/demo.html (targetHost: jewellmaster.com, hostNorm: jewellmaster.com)","timestamp":"2026-06-14 00:00:42"}
{"level":"info","message":"🔍 [Crawl] Queue: 1 | Visited: 2 | Scanning: https://jewellmaster.com/features","timestamp":"2026-06-14 00:00:42"}
{"level":"info","message":"🔍 [Domain: jewellmaster.com] [Page 2/10] Scanning: https://jewellmaster.com/features","timestamp":"2026-06-14 00:00:42"}
{"level":"info","message":"✅ [PageSpeed API] Score for https://omunim.com/: 59","timestamp":"2026-06-14 00:00:43"}
{"level":"info","message":"📊 [Lighthouse] Results for https://omunim.com/: Performance: 59, SEO: 92, Accessibility: 75","timestamp":"2026-06-14 00:00:43"}
{"level":"info","message":"🔍 [Domain: omunim.com] [Page 1/4] Found 21 internal links on https://omunim.com/","timestamp":"2026-06-14 00:00:43"}
{"level":"info","message":"➕ [Queue] Adding: https://omunim.com/jewellery-software (targetHost: omunim.com, hostNorm: omunim.com)","timestamp":"2026-06-14 00:00:43"}
{"level":"info","message":"➕ [Queue] Adding: https://omunim.com/signin (targetHost: omunim.com, hostNorm: omunim.com)","timestamp":"2026-06-14 00:00:43"}
{"level":"info","message":"➕ [Queue] Adding: https://omunim.com/jewellery-billing-software (targetHost: omunim.com, hostNorm: omunim.com)","timestamp":"2026-06-14 00:00:43"}
{"level":"info","message":"➕ [Queue] Adding: https://omunim.com/gold-loan-software (targetHost: omunim.com, hostNorm: omunim.com)","timestamp":"2026-06-14 00:00:43"}
{"level":"info","message":"➕ [Queue] Adding: https://omunim.com/jewellery-mobile-app (targetHost: omunim.com, hostNorm: omunim.com)","timestamp":"2026-06-14 00:00:43"}
{"level":"info","message":"➕ [Queue] Adding: https://omunim.com/ecommerce (targetHost: omunim.com, hostNorm: omunim.com)","timestamp":"2026-06-14 00:00:43"}
{"level":"info","message":"➕ [Queue] Adding: https://omunim.com/jewellery-videos (targetHost: omunim.com, hostNorm: omunim.com)","timestamp":"2026-06-14 00:00:43"}
{"level":"info","message":"➕ [Queue] Adding: https://omunim.com/all-features (targetHost: omunim.com, hostNorm: omunim.com)","timestamp":"2026-06-14 00:00:43"}
{"level":"info","message":"➕ [Queue] Adding: https://omunim.com/jewellery-billing-software-free (targetHost: omunim.com, hostNorm: omunim.com)","timestamp":"2026-06-14 00:00:43"}
{"level":"info","message":"➕ [Queue] Adding: https://omunim.com/best-jewellery-software (targetHost: omunim.com, hostNorm: omunim.com)","timestamp":"2026-06-14 00:00:43"}
{"level":"info","message":"➕ [Queue] Adding: https://omunim.com/top-10-jewellery-software (targetHost: omunim.com, hostNorm: omunim.com)","timestamp":"2026-06-14 00:00:43"}
{"level":"info","message":"➕ [Queue] Adding: https://omunim.com/downloads (targetHost: omunim.com, hostNorm: omunim.com)","timestamp":"2026-06-14 00:00:43"}
{"level":"info","message":"➕ [Queue] Adding: https://omunim.com/aboutus (targetHost: omunim.com, hostNorm: omunim.com)","timestamp":"2026-06-14 00:00:43"}
{"level":"info","message":"➕ [Queue] Adding: https://omunim.com/contactus (targetHost: omunim.com, hostNorm: omunim.com)","timestamp":"2026-06-14 00:00:43"}
{"level":"info","message":"➕ [Queue] Adding: https://omunim.com/career (targetHost: omunim.com, hostNorm: omunim.com)","timestamp":"2026-06-14 00:00:43"}
{"level":"info","message":"➕ [Queue] Adding: https://omunim.com/faq (targetHost: omunim.com, hostNorm: omunim.com)","timestamp":"2026-06-14 00:00:43"}
{"level":"info","message":"➕ [Queue] Adding: https://omunim.com/feedback (targetHost: omunim.com, hostNorm: omunim.com)","timestamp":"2026-06-14 00:00:43"}
{"level":"info","message":"➕ [Queue] Adding: https://omunim.com/terms (targetHost: omunim.com, hostNorm: omunim.com)","timestamp":"2026-06-14 00:00:43"}
{"level":"info","message":"➕ [Queue] Adding: https://omunim.com/privacypolicy (targetHost: omunim.com, hostNorm: omunim.com)","timestamp":"2026-06-14 00:00:43"}
{"level":"info","message":"➕ [Queue] Adding: https://omunim.com/site-map (targetHost: omunim.com, hostNorm: omunim.com)","timestamp":"2026-06-14 00:00:43"}
{"level":"info","message":"🔍 [Crawl] Queue: 19 | Visited: 2 | Scanning: https://omunim.com/jewellery-software","timestamp":"2026-06-14 00:00:43"}
{"level":"info","message":"🔍 [Domain: omunim.com] [Page 2/4] Scanning: https://omunim.com/jewellery-software","timestamp":"2026-06-14 00:00:43"}
{"level":"info","message":"🔍 [Scraper] HTML length: 10711 | Body length: 3978 | Total <a> tags: 11","timestamp":"2026-06-14 00:00:46"}
{"level":"info","message":"🔗 [Link Extraction] Page: https://jewellmaster.com/features | hostNorm: jewellmaster.com | Found 11 total links (11 internal)","timestamp":"2026-06-14 00:00:46"}
{"level":"info","message":"🚀 [PageSpeed API] Fetching metrics for https://jewellmaster.com/features...","timestamp":"2026-06-14 00:00:50"}
{"level":"info","message":"🔍 [Scraper] HTML length: 77185 | Body length: 20046 | Total <a> tags: 65","timestamp":"2026-06-14 00:00:50"}
{"level":"info","message":"🔗 [Link Extraction] Page: https://omunim.com/jewellery-software | hostNorm: omunim.com | Found 65 total links (21 internal)","timestamp":"2026-06-14 00:00:50"}
{"level":"info","message":"🚀 [PageSpeed API] Fetching metrics for https://omunim.com/jewellery-software...","timestamp":"2026-06-14 00:00:59"}
{"level":"info","message":"[Job repeat:c10eea93bf68cc56fd5c63b351df3d32:1781375460000] 🚀 Executing scheduled global orchestration...","timestamp":"2026-06-14 00:01:00"}
{"level":"info","message":"Orchestrator: Starting global scan orchestration... ","timestamp":"2026-06-14 00:01:00"}
{"level":"info","message":"🔗 Connecting to MASTER database: master","timestamp":"2026-06-14 00:01:00"}
{"level":"info","message":"Orchestrator: Found 2 tenants to process.","timestamp":"2026-06-14 00:01:00"}
{"level":"info","message":"📁 Switching to CLIENT database: tenant_rbi (Tenant: rbi)","timestamp":"2026-06-14 00:01:00"}
{"level":"info","message":"Orchestrator: No domains found for tenant rbi (excluding those currently scanning).","timestamp":"2026-06-14 00:01:00"}
{"level":"info","message":"📁 Switching to CLIENT database: tenant_sbi (Tenant: sbi)","timestamp":"2026-06-14 00:01:00"}
{"level":"info","message":"Orchestrator: Found 2 domains for tenant sbi. Enqueueing jobs...","timestamp":"2026-06-14 00:01:00"}
{"level":"info","message":"  [1] Enqueued: https://omunim.com/","timestamp":"2026-06-14 00:01:00"}
{"level":"info","message":"  [2] Enqueued: https://jewellmaster.com","timestamp":"2026-06-14 00:01:00"}
{"level":"info","message":"Orchestrator: Master DB connection closed.","timestamp":"2026-06-14 00:01:00"}
{"level":"info","message":"✅ Orchestrator: Finished. Total jobs enqueued: 2","timestamp":"2026-06-14 00:01:00"}
{"level":"info","message":"Job repeat:c10eea93bf68cc56fd5c63b351df3d32:1781375460000 (Orchestrator) completed successfully.","timestamp":"2026-06-14 00:01:00"}
{"level":"info","message":"[Job 7] 🔍 Starting scan for: https://omunim.com/","timestamp":"2026-06-14 00:01:00"}
{"level":"info","message":"[https://omunim.com/] Checking domain status for ID: 69fed1b9ce195e92e93ad3ad. Found: true, Deleted: false, Archived: false, Status: active","timestamp":"2026-06-14 00:01:00"}
{"level":"info","message":"🔍 [Crawl] Queue: 0 | Visited: 1 | Scanning: https://omunim.com/","timestamp":"2026-06-14 00:01:01"}
{"level":"info","message":"🔍 [Domain: omunim.com] [Page 1/4] Scanning: https://omunim.com/","timestamp":"2026-06-14 00:01:01"}
{"level":"info","message":"✅ [PageSpeed API] Score for https://jewellmaster.com/features: 93","timestamp":"2026-06-14 00:01:10"}
{"level":"info","message":"📊 [Lighthouse] Results for https://jewellmaster.com/features: Performance: 93, SEO: 92, Accessibility: 100","timestamp":"2026-06-14 00:01:10"}
{"level":"info","message":"🔍 [Domain: jewellmaster.com] [Page 2/10] Found 11 internal links on https://jewellmaster.com/features","timestamp":"2026-06-14 00:01:11"}
{"level":"info","message":"➕ [Queue] Adding: https://jewellmaster.com/features/jewelry-inventory-management (targetHost: jewellmaster.com, hostNorm: jewellmaster.com)","timestamp":"2026-06-14 00:01:11"}
{"level":"info","message":"➕ [Queue] Adding: https://jewellmaster.com/features/gst-billing-invoicing (targetHost: jewellmaster.com, hostNorm: jewellmaster.com)","timestamp":"2026-06-14 00:01:11"}
{"level":"info","message":"➕ [Queue] Adding: https://jewellmaster.com/features/crm-customer-management (targetHost: jewellmaster.com, hostNorm: jewellmaster.com)","timestamp":"2026-06-14 00:01:11"}
{"level":"info","message":"➕ [Queue] Adding: https://jewellmaster.com/features/accounting-financial-management (targetHost: jewellmaster.com, hostNorm: jewellmaster.com)","timestamp":"2026-06-14 00:01:11"}
{"level":"info","message":"➕ [Queue] Adding: https://jewellmaster.com/features/ai-powered-reports (targetHost: jewellmaster.com, hostNorm: jewellmaster.com)","timestamp":"2026-06-14 00:01:11"}
{"level":"info","message":"➕ [Queue] Adding: https://jewellmaster.com/features/multi-branch-management (targetHost: jewellmaster.com, hostNorm: jewellmaster.com)","timestamp":"2026-06-14 00:01:11"}
{"level":"info","message":"➕ [Queue] Adding: https://jewellmaster.com/features/mobile-app (targetHost: jewellmaster.com, hostNorm: jewellmaster.com)","timestamp":"2026-06-14 00:01:11"}
{"level":"info","message":"➕ [Queue] Adding: https://jewellmaster.com/features/integrations (targetHost: jewellmaster.com, hostNorm: jewellmaster.com)","timestamp":"2026-06-14 00:01:11"}
{"level":"info","message":"➕ [Queue] Adding: https://jewellmaster.com/features/security-reliability (targetHost: jewellmaster.com, hostNorm: jewellmaster.com)","timestamp":"2026-06-14 00:01:11"}
{"level":"info","message":"🔍 [Crawl] Queue: 9 | Visited: 3 | Scanning: https://jewellmaster.com/demo.html","timestamp":"2026-06-14 00:01:11"}
{"level":"info","message":"🔍 [Domain: jewellmaster.com] [Page 3/10] Scanning: https://jewellmaster.com/demo.html","timestamp":"2026-06-14 00:01:11"}
{"level":"info","message":"🔍 [Scraper] HTML length: 77167 | Body length: 20046 | Total <a> tags: 65","timestamp":"2026-06-14 00:01:20"}
{"level":"info","message":"🔗 [Link Extraction] Page: https://omunim.com/ | hostNorm: omunim.com | Found 65 total links (21 internal)","timestamp":"2026-06-14 00:01:20"}
{"level":"info","message":"✅ [PageSpeed API] Score for https://omunim.com/jewellery-software: 70","timestamp":"2026-06-14 00:01:20"}
{"level":"info","message":"📊 [Lighthouse] Results for https://omunim.com/jewellery-software: Performance: 70, SEO: 92, Accessibility: 78","timestamp":"2026-06-14 00:01:20"}
{"level":"info","message":"🔍 [Domain: omunim.com] [Page 2/4] Found 21 internal links on https://omunim.com/jewellery-software","timestamp":"2026-06-14 00:01:20"}
{"level":"info","message":"🔍 [Crawl] Queue: 18 | Visited: 3 | Scanning: https://omunim.com/signin","timestamp":"2026-06-14 00:01:20"}
{"level":"info","message":"🔍 [Domain: omunim.com] [Page 3/4] Scanning: https://omunim.com/signin","timestamp":"2026-06-14 00:01:20"}
{"level":"info","message":"✅ [Late Detection] Found T&C at https://omunim.com/terms","timestamp":"2026-06-14 00:01:21"}
{"level":"info","message":"🚀 [PageSpeed API] Fetching metrics for https://omunim.com/...","timestamp":"2026-06-14 00:01:29"}
{"level":"info","message":"🔍 [Scraper] HTML length: 24659 | Body length: 13539 | Total <a> tags: 3","timestamp":"2026-06-14 00:01:29"}
{"level":"info","message":"🔗 [Link Extraction] Page: https://jewellmaster.com/demo | hostNorm: jewellmaster.com | Found 3 total links (2 internal)","timestamp":"2026-06-14 00:01:29"}
{"level":"info","message":"🚀 [PageSpeed API] Fetching metrics for https://jewellmaster.com/demo...","timestamp":"2026-06-14 00:01:31"}
{"level":"info","message":"🔍 [Scraper] HTML length: 58428 | Body length: 7856 | Total <a> tags: 44","timestamp":"2026-06-14 00:01:40"}
{"level":"info","message":"🔗 [Link Extraction] Page: https://omunim.com/signin | hostNorm: omunim.com | Found 44 total links (18 internal)","timestamp":"2026-06-14 00:01:40"}
{"level":"info","message":"🚀 [PageSpeed API] Fetching metrics for https://omunim.com/signin...","timestamp":"2026-06-14 00:01:46"}
{"level":"info","message":"✅ [PageSpeed API] Score for https://jewellmaster.com/demo: 84","timestamp":"2026-06-14 00:01:48"}
{"level":"info","message":"📊 [Lighthouse] Results for https://jewellmaster.com/demo: Performance: 84, SEO: 85, Accessibility: 69","timestamp":"2026-06-14 00:01:48"}
{"level":"info","message":"🔍 [Domain: jewellmaster.com] [Page 3/10] Found 2 internal links on https://jewellmaster.com/demo.html","timestamp":"2026-06-14 00:01:48"}
{"level":"info","message":"➕ [Queue] Adding: https://jewellmaster.com/demo (targetHost: jewellmaster.com, hostNorm: jewellmaster.com)","timestamp":"2026-06-14 00:01:48"}
{"level":"info","message":"🔍 [Crawl] Queue: 9 | Visited: 4 | Scanning: https://jewellmaster.com/features/jewelry-inventory-management","timestamp":"2026-06-14 00:01:48"}
{"level":"info","message":"🔍 [Domain: jewellmaster.com] [Page 4/10] Scanning: https://jewellmaster.com/features/jewelry-inventory-management","timestamp":"2026-06-14 00:01:48"}
{"level":"info","message":"🔍 [Scraper] HTML length: 10851 | Body length: 4145 | Total <a> tags: 11","timestamp":"2026-06-14 00:01:52"}
{"level":"info","message":"🔗 [Link Extraction] Page: https://jewellmaster.com/features/jewelry-inventory-management | hostNorm: jewellmaster.com | Found 11 total links (11 internal)","timestamp":"2026-06-14 00:01:52"}
{"level":"info","message":"✅ [PageSpeed API] Score for https://omunim.com/: 67","timestamp":"2026-06-14 00:01:54"}
{"level":"info","message":"📊 [Lighthouse] Results for https://omunim.com/: Performance: 67, SEO: 92, Accessibility: 78","timestamp":"2026-06-14 00:01:54"}
{"level":"info","message":"🔍 [Domain: omunim.com] [Page 1/4] Found 21 internal links on https://omunim.com/","timestamp":"2026-06-14 00:01:54"}
{"level":"info","message":"➕ [Queue] Adding: https://omunim.com/jewellery-software (targetHost: omunim.com, hostNorm: omunim.com)","timestamp":"2026-06-14 00:01:54"}
{"level":"info","message":"➕ [Queue] Adding: https://omunim.com/signin (targetHost: omunim.com, hostNorm: omunim.com)","timestamp":"2026-06-14 00:01:54"}
{"level":"info","message":"➕ [Queue] Adding: https://omunim.com/jewellery-billing-software (targetHost: omunim.com, hostNorm: omunim.com)","timestamp":"2026-06-14 00:01:54"}
{"level":"info","message":"➕ [Queue] Adding: https://omunim.com/gold-loan-software (targetHost: omunim.com, hostNorm: omunim.com)","timestamp":"2026-06-14 00:01:54"}
{"level":"info","message":"➕ [Queue] Adding: https://omunim.com/jewellery-mobile-app (targetHost: omunim.com, hostNorm: omunim.com)","timestamp":"2026-06-14 00:01:54"}
{"level":"info","message":"➕ [Queue] Adding: https://omunim.com/ecommerce (targetHost: omunim.com, hostNorm: omunim.com)","timestamp":"2026-06-14 00:01:54"}
{"level":"info","message":"➕ [Queue] Adding: https://omunim.com/jewellery-videos (targetHost: omunim.com, hostNorm: omunim.com)","timestamp":"2026-06-14 00:01:54"}
{"level":"info","message":"➕ [Queue] Adding: https://omunim.com/all-features (targetHost: omunim.com, hostNorm: omunim.com)","timestamp":"2026-06-14 00:01:54"}
{"level":"info","message":"➕ [Queue] Adding: https://omunim.com/jewellery-billing-software-free (targetHost: omunim.com, hostNorm: omunim.com)","timestamp":"2026-06-14 00:01:54"}
{"level":"info","message":"➕ [Queue] Adding: https://omunim.com/best-jewellery-software (targetHost: omunim.com, hostNorm: omunim.com)","timestamp":"2026-06-14 00:01:54"}
{"level":"info","message":"➕ [Queue] Adding: https://omunim.com/top-10-jewellery-software (targetHost: omunim.com, hostNorm: omunim.com)","timestamp":"2026-06-14 00:01:54"}
{"level":"info","message":"➕ [Queue] Adding: https://omunim.com/downloads (targetHost: omunim.com, hostNorm: omunim.com)","timestamp":"2026-06-14 00:01:54"}
{"level":"info","message":"➕ [Queue] Adding: https://omunim.com/aboutus (targetHost: omunim.com, hostNorm: omunim.com)","timestamp":"2026-06-14 00:01:54"}
{"level":"info","message":"➕ [Queue] Adding: https://omunim.com/contactus (targetHost: omunim.com, hostNorm: omunim.com)","timestamp":"2026-06-14 00:01:54"}
{"level":"info","message":"➕ [Queue] Adding: https://omunim.com/career (targetHost: omunim.com, hostNorm: omunim.com)","timestamp":"2026-06-14 00:01:54"}
{"level":"info","message":"➕ [Queue] Adding: https://omunim.com/faq (targetHost: omunim.com, hostNorm: omunim.com)","timestamp":"2026-06-14 00:01:54"}
{"level":"info","message":"➕ [Queue] Adding: https://omunim.com/feedback (targetHost: omunim.com, hostNorm: omunim.com)","timestamp":"2026-06-14 00:01:54"}
{"level":"info","message":"➕ [Queue] Adding: https://omunim.com/terms (targetHost: omunim.com, hostNorm: omunim.com)","timestamp":"2026-06-14 00:01:54"}
{"level":"info","message":"➕ [Queue] Adding: https://omunim.com/privacypolicy (targetHost: omunim.com, hostNorm: omunim.com)","timestamp":"2026-06-14 00:01:54"}
{"level":"info","message":"➕ [Queue] Adding: https://omunim.com/site-map (targetHost: omunim.com, hostNorm: omunim.com)","timestamp":"2026-06-14 00:01:54"}
{"level":"info","message":"🔍 [Crawl] Queue: 19 | Visited: 2 | Scanning: https://omunim.com/jewellery-software","timestamp":"2026-06-14 00:01:54"}
{"level":"info","message":"🔍 [Domain: omunim.com] [Page 2/4] Scanning: https://omunim.com/jewellery-software","timestamp":"2026-06-14 00:01:54"}
{"level":"info","message":"🚀 [PageSpeed API] Fetching metrics for https://jewellmaster.com/features/jewelry-inventory-management...","timestamp":"2026-06-14 00:01:55"}
{"level":"info","message":"🔍 [Scraper] HTML length: 77185 | Body length: 20046 | Total <a> tags: 65","timestamp":"2026-06-14 00:01:58"}
{"level":"info","message":"🔗 [Link Extraction] Page: https://omunim.com/jewellery-software | hostNorm: omunim.com | Found 65 total links (21 internal)","timestamp":"2026-06-14 00:01:58"}
{"level":"info","message":"✅ [PageSpeed API] Score for https://omunim.com/signin: 72","timestamp":"2026-06-14 00:02:02"}
{"level":"info","message":"📊 [Lighthouse] Results for https://omunim.com/signin: Performance: 72, SEO: 92, Accessibility: 87","timestamp":"2026-06-14 00:02:02"}
{"level":"info","message":"🔍 [Domain: omunim.com] [Page 3/4] Found 18 internal links on https://omunim.com/signin","timestamp":"2026-06-14 00:02:02"}
{"level":"info","message":"🔍 [Crawl] Queue: 17 | Visited: 4 | Scanning: https://omunim.com/jewellery-billing-software","timestamp":"2026-06-14 00:02:02"}
{"level":"info","message":"🔍 [Domain: omunim.com] [Page 4/4] Scanning: https://omunim.com/jewellery-billing-software","timestamp":"2026-06-14 00:02:02"}
{"level":"info","message":"🔍 [Scraper] HTML length: 48441 | Body length: 10525 | Total <a> tags: 48","timestamp":"2026-06-14 00:02:05"}
{"level":"info","message":"🔗 [Link Extraction] Page: https://omunim.com/jewellery-billing-software | hostNorm: omunim.com | Found 48 total links (19 internal)","timestamp":"2026-06-14 00:02:05"}
{"level":"info","message":"🚀 [PageSpeed API] Fetching metrics for https://omunim.com/jewellery-software...","timestamp":"2026-06-14 00:02:08"}
{"level":"info","message":"🚀 [PageSpeed API] Fetching metrics for https://omunim.com/jewellery-billing-software...","timestamp":"2026-06-14 00:02:11"}
{"level":"info","message":"✅ [PageSpeed API] Score for https://jewellmaster.com/features/jewelry-inventory-management: 92","timestamp":"2026-06-14 00:02:13"}
{"level":"info","message":"📊 [Lighthouse] Results for https://jewellmaster.com/features/jewelry-inventory-management: Performance: 92, SEO: 92, Accessibility: 100","timestamp":"2026-06-14 00:02:13"}
{"level":"info","message":"🔍 [Domain: jewellmaster.com] [Page 4/10] Found 11 internal links on https://jewellmaster.com/features/jewelry-inventory-management","timestamp":"2026-06-14 00:02:13"}
{"level":"info","message":"🔍 [Crawl] Queue: 8 | Visited: 5 | Scanning: https://jewellmaster.com/features/gst-billing-invoicing","timestamp":"2026-06-14 00:02:13"}
{"level":"info","message":"🔍 [Domain: jewellmaster.com] [Page 5/10] Scanning: https://jewellmaster.com/features/gst-billing-invoicing","timestamp":"2026-06-14 00:02:13"}
{"level":"info","message":"🔍 [Scraper] HTML length: 10890 | Body length: 4131 | Total <a> tags: 11","timestamp":"2026-06-14 00:02:17"}
{"level":"info","message":"🔗 [Link Extraction] Page: https://jewellmaster.com/features/gst-billing-invoicing | hostNorm: jewellmaster.com | Found 11 total links (11 internal)","timestamp":"2026-06-14 00:02:17"}
{"level":"info","message":"🚀 [PageSpeed API] Fetching metrics for https://jewellmaster.com/features/gst-billing-invoicing...","timestamp":"2026-06-14 00:02:20"}
{"level":"info","message":"✅ [PageSpeed API] Score for https://omunim.com/jewellery-billing-software: 62","timestamp":"2026-06-14 00:02:30"}
{"level":"info","message":"📊 [Lighthouse] Results for https://omunim.com/jewellery-billing-software: Performance: 62, SEO: 92, Accessibility: 91","timestamp":"2026-06-14 00:02:30"}
{"level":"info","message":"🔍 [Domain: omunim.com] [Page 4/4] Found 19 internal links on https://omunim.com/jewellery-billing-software","timestamp":"2026-06-14 00:02:30"}
{"level":"info","message":"[https://omunim.com/] Evaluating 4 policies against 4 pages.","timestamp":"2026-06-14 00:02:30"}
{"level":"info","message":"   -> Evaluated Rule [text] with target \"jewellery\" (Search: contains, Contains: containing): isMatch=true","timestamp":"2026-06-14 00:02:30"}
{"level":"info","message":"   -> Evaluated Rule [image-size] with target \"100\" (Search: contains, Contains: KB): isMatch=false","timestamp":"2026-06-14 00:02:30"}
{"level":"info","message":"   -> Evaluated Rule [text] with target \"\" (Search: contains, Contains: undefined): isMatch=true","timestamp":"2026-06-14 00:02:30"}
{"level":"info","message":"   -> Evaluated Rule [page-title] with target \"\" (Search: contains, Contains: undefined): isMatch=true","timestamp":"2026-06-14 00:02:30"}
{"level":"info","message":"   -> Evaluated Rule [page-title-length] with target \"10\" (Search: contains, Contains: undefined): isMatch=false","timestamp":"2026-06-14 00:02:30"}
{"level":"info","message":"   -> Evaluated Rule [page-url] with target \"\" (Search: contains, Contains: undefined): isMatch=true","timestamp":"2026-06-14 00:02:30"}
{"level":"info","message":"   -> Evaluated Rule [link] with target \"\" (Search: contains, Contains: undefined): isMatch=true","timestamp":"2026-06-14 00:02:30"}
{"level":"info","message":"   -> Evaluated Rule [link-text] with target \"\" (Search: contains, Contains: undefined): isMatch=true","timestamp":"2026-06-14 00:02:30"}
{"level":"info","message":"   -> Evaluated Rule [link-text-length] with target \"5\" (Search: contains, Contains: undefined): isMatch=false","timestamp":"2026-06-14 00:02:30"}
{"level":"info","message":"   -> Evaluated Rule [file-size] with target \"10\" (Search: contains, Contains: KB): isMatch=false","timestamp":"2026-06-14 00:02:30"}
{"level":"info","message":"   -> Evaluated Rule [image-size] with target \"10\" (Search: contains, Contains: KB): isMatch=false","timestamp":"2026-06-14 00:02:30"}
{"level":"info","message":"   -> Evaluated Rule [image-text] with target \"\" (Search: contains, Contains: undefined): isMatch=true","timestamp":"2026-06-14 00:02:30"}
{"level":"info","message":"   -> Evaluated Rule [image-text-length] with target \"5\" (Search: contains, Contains: undefined): isMatch=false","timestamp":"2026-06-14 00:02:30"}
{"level":"info","message":"   -> Evaluated Rule [external-link-count] with target \"1\" (Search: contains, Contains: undefined): isMatch=false","timestamp":"2026-06-14 00:02:30"}
{"level":"info","message":"   -> Evaluated Rule [incoming-link-count] with target \"1\" (Search: contains, Contains: undefined): isMatch=false","timestamp":"2026-06-14 00:02:30"}
{"level":"info","message":"   -> Evaluated Rule [heading-text] with target \"\" (Search: contains, Contains: undefined): isMatch=true","timestamp":"2026-06-14 00:02:30"}
{"level":"info","message":"   -> Evaluated Rule [header-text-length] with target \"5\" (Search: contains, Contains: undefined): isMatch=false","timestamp":"2026-06-14 00:02:30"}
{"level":"info","message":"   -> Evaluated Rule [readability-level] with target \"5\" (Search: contains, Contains: undefined): isMatch=false","timestamp":"2026-06-14 00:02:30"}
{"level":"info","message":"   -> Evaluated Rule [meta-header] with target \"\" (Search: contains, Contains: undefined): isMatch=true","timestamp":"2026-06-14 00:02:30"}
{"level":"info","message":"   -> Evaluated Rule [meta-header-length] with target \"5\" (Search: contains, Contains: undefined): isMatch=false","timestamp":"2026-06-14 00:02:30"}
{"level":"info","message":"   -> Evaluated Rule [page-html] with target \"\" (Search: contains, Contains: undefined): isMatch=true","timestamp":"2026-06-14 00:02:30"}
{"level":"info","message":"   -> Evaluated Rule [text] with target \"\" (Search: contains, Contains: undefined): isMatch=true","timestamp":"2026-06-14 00:02:30"}
{"level":"info","message":"   -> Evaluated Rule [page-title] with target \"\" (Search: contains, Contains: undefined): isMatch=true","timestamp":"2026-06-14 00:02:30"}
{"level":"info","message":"   -> Evaluated Rule [page-title-length] with target \"10\" (Search: contains, Contains: undefined): isMatch=false","timestamp":"2026-06-14 00:02:30"}
{"level":"info","message":"   -> Evaluated Rule [page-url] with target \"\" (Search: contains, Contains: undefined): isMatch=true","timestamp":"2026-06-14 00:02:30"}
{"level":"info","message":"   -> Evaluated Rule [link] with target \"\" (Search: contains, Contains: undefined): isMatch=true","timestamp":"2026-06-14 00:02:30"}
{"level":"info","message":"   -> Evaluated Rule [link-text] with target \"\" (Search: contains, Contains: undefined): isMatch=true","timestamp":"2026-06-14 00:02:30"}
{"level":"info","message":"   -> Evaluated Rule [link-text-length] with target \"5\" (Search: contains, Contains: undefined): isMatch=false","timestamp":"2026-06-14 00:02:30"}
{"level":"info","message":"   -> Evaluated Rule [file-size] with target \"10\" (Search: contains, Contains: KB): isMatch=false","timestamp":"2026-06-14 00:02:30"}
{"level":"info","message":"   -> Evaluated Rule [image-size] with target \"10\" (Search: contains, Contains: KB): isMatch=false","timestamp":"2026-06-14 00:02:30"}
{"level":"info","message":"   -> Evaluated Rule [image-text] with target \"\" (Search: contains, Contains: undefined): isMatch=true","timestamp":"2026-06-14 00:02:30"}
{"level":"info","message":"   -> Evaluated Rule [image-text-length] with target \"5\" (Search: contains, Contains: undefined): isMatch=false","timestamp":"2026-06-14 00:02:30"}
{"level":"info","message":"   -> Evaluated Rule [external-link-count] with target \"1\" (Search: contains, Contains: undefined): isMatch=false","timestamp":"2026-06-14 00:02:30"}
{"level":"info","message":"   -> Evaluated Rule [incoming-link-count] with target \"1\" (Search: contains, Contains: undefined): isMatch=false","timestamp":"2026-06-14 00:02:30"}
{"level":"info","message":"   -> Evaluated Rule [heading-text] with target \"\" (Search: contains, Contains: undefined): isMatch=true","timestamp":"2026-06-14 00:02:30"}
{"level":"info","message":"   -> Evaluated Rule [header-text-length] with target \"5\" (Search: contains, Contains: undefined): isMatch=false","timestamp":"2026-06-14 00:02:30"}
{"level":"info","message":"   -> Evaluated Rule [readability-level] with target \"5\" (Search: contains, Contains: undefined): isMatch=false","timestamp":"2026-06-14 00:02:30"}
{"level":"info","message":"   -> Evaluated Rule [meta-header] with target \"\" (Search: contains, Contains: undefined): isMatch=true","timestamp":"2026-06-14 00:02:30"}
{"level":"info","message":"   -> Evaluated Rule [meta-header-length] with target \"5\" (Search: contains, Contains: undefined): isMatch=false","timestamp":"2026-06-14 00:02:30"}
{"level":"info","message":"   -> Evaluated Rule [page-html] with target \"\" (Search: contains, Contains: undefined): isMatch=true","timestamp":"2026-06-14 00:02:30"}
{"level":"info","message":"   -> Evaluated Rule [text] with target \"jewellery\" (Search: contains, Contains: containing): isMatch=true","timestamp":"2026-06-14 00:02:30"}
{"level":"info","message":"   -> Evaluated Rule [image-size] with target \"100\" (Search: contains, Contains: KB): isMatch=false","timestamp":"2026-06-14 00:02:30"}
{"level":"info","message":"   -> Evaluated Rule [text] with target \"\" (Search: contains, Contains: undefined): isMatch=true","timestamp":"2026-06-14 00:02:30"}
{"level":"info","message":"   -> Evaluated Rule [page-title] with target \"\" (Search: contains, Contains: undefined): isMatch=true","timestamp":"2026-06-14 00:02:30"}
{"level":"info","message":"   -> Evaluated Rule [page-title-length] with target \"10\" (Search: contains, Contains: undefined): isMatch=false","timestamp":"2026-06-14 00:02:30"}
{"level":"info","message":"   -> Evaluated Rule [page-url] with target \"\" (Search: contains, Contains: undefined): isMatch=true","timestamp":"2026-06-14 00:02:30"}
{"level":"info","message":"   -> Evaluated Rule [link] with target \"\" (Search: contains, Contains: undefined): isMatch=true","timestamp":"2026-06-14 00:02:30"}
{"level":"info","message":"   -> Evaluated Rule [link-text] with target \"\" (Search: contains, Contains: undefined): isMatch=true","timestamp":"2026-06-14 00:02:30"}
{"level":"info","message":"   -> Evaluated Rule [link-text-length] with target \"5\" (Search: contains, Contains: undefined): isMatch=false","timestamp":"2026-06-14 00:02:30"}
{"level":"info","message":"   -> Evaluated Rule [file-size] with target \"10\" (Search: contains, Contains: KB): isMatch=false","timestamp":"2026-06-14 00:02:30"}
{"level":"info","message":"   -> Evaluated Rule [image-size] with target \"10\" (Search: contains, Contains: KB): isMatch=false","timestamp":"2026-06-14 00:02:30"}
{"level":"info","message":"   -> Evaluated Rule [image-text] with target \"\" (Search: contains, Contains: undefined): isMatch=true","timestamp":"2026-06-14 00:02:30"}
{"level":"info","message":"   -> Evaluated Rule [image-text-length] with target \"5\" (Search: contains, Contains: undefined): isMatch=false","timestamp":"2026-06-14 00:02:30"}
{"level":"info","message":"   -> Evaluated Rule [external-link-count] with target \"1\" (Search: contains, Contains: undefined): isMatch=false","timestamp":"2026-06-14 00:02:30"}
{"level":"info","message":"   -> Evaluated Rule [incoming-link-count] with target \"1\" (Search: contains, Contains: undefined): isMatch=false","timestamp":"2026-06-14 00:02:30"}
{"level":"info","message":"   -> Evaluated Rule [heading-text] with target \"\" (Search: contains, Contains: undefined): isMatch=true","timestamp":"2026-06-14 00:02:30"}
{"level":"info","message":"   -> Evaluated Rule [header-text-length] with target \"5\" (Search: contains, Contains: undefined): isMatch=false","timestamp":"2026-06-14 00:02:30"}
{"level":"info","message":"   -> Evaluated Rule [readability-level] with target \"5\" (Search: contains, Contains: undefined): isMatch=false","timestamp":"2026-06-14 00:02:30"}
{"level":"info","message":"   -> Evaluated Rule [meta-header] with target \"\" (Search: contains, Contains: undefined): isMatch=true","timestamp":"2026-06-14 00:02:30"}
{"level":"info","message":"   -> Evaluated Rule [meta-header-length] with target \"5\" (Search: contains, Contains: undefined): isMatch=false","timestamp":"2026-06-14 00:02:30"}
{"level":"info","message":"   -> Evaluated Rule [page-html] with target \"\" (Search: contains, Contains: undefined): isMatch=true","timestamp":"2026-06-14 00:02:30"}
{"level":"info","message":"   -> Evaluated Rule [text] with target \"\" (Search: contains, Contains: undefined): isMatch=true","timestamp":"2026-06-14 00:02:30"}
{"level":"info","message":"   -> Evaluated Rule [page-title] with target \"\" (Search: contains, Contains: undefined): isMatch=true","timestamp":"2026-06-14 00:02:30"}
{"level":"info","message":"   -> Evaluated Rule [page-title-length] with target \"10\" (Search: contains, Contains: undefined): isMatch=false","timestamp":"2026-06-14 00:02:30"}
{"level":"info","message":"   -> Evaluated Rule [page-url] with target \"\" (Search: contains, Contains: undefined): isMatch=true","timestamp":"2026-06-14 00:02:30"}
{"level":"info","message":"   -> Evaluated Rule [link] with target \"\" (Search: contains, Contains: undefined): isMatch=true","timestamp":"2026-06-14 00:02:30"}
{"level":"info","message":"   -> Evaluated Rule [link-text] with target \"\" (Search: contains, Contains: undefined): isMatch=true","timestamp":"2026-06-14 00:02:30"}
{"level":"info","message":"   -> Evaluated Rule [link-text-length] with target \"5\" (Search: contains, Contains: undefined): isMatch=false","timestamp":"2026-06-14 00:02:30"}
{"level":"info","message":"   -> Evaluated Rule [file-size] with target \"10\" (Search: contains, Contains: KB): isMatch=false","timestamp":"2026-06-14 00:02:30"}
{"level":"info","message":"   -> Evaluated Rule [image-size] with target \"10\" (Search: contains, Contains: KB): isMatch=false","timestamp":"2026-06-14 00:02:30"}
{"level":"info","message":"   -> Evaluated Rule [image-text] with target \"\" (Search: contains, Contains: undefined): isMatch=true","timestamp":"2026-06-14 00:02:30"}
{"level":"info","message":"   -> Evaluated Rule [image-text-length] with target \"5\" (Search: contains, Contains: undefined): isMatch=false","timestamp":"2026-06-14 00:02:30"}
{"level":"info","message":"   -> Evaluated Rule [external-link-count] with target \"1\" (Search: contains, Contains: undefined): isMatch=false","timestamp":"2026-06-14 00:02:30"}
{"level":"info","message":"   -> Evaluated Rule [incoming-link-count] with target \"1\" (Search: contains, Contains: undefined): isMatch=false","timestamp":"2026-06-14 00:02:30"}
{"level":"info","message":"   -> Evaluated Rule [heading-text] with target \"\" (Search: contains, Contains: undefined): isMatch=true","timestamp":"2026-06-14 00:02:30"}
{"level":"info","message":"   -> Evaluated Rule [header-text-length] with target \"5\" (Search: contains, Contains: undefined): isMatch=false","timestamp":"2026-06-14 00:02:30"}
{"level":"info","message":"   -> Evaluated Rule [readability-level] with target \"5\" (Search: contains, Contains: undefined): isMatch=false","timestamp":"2026-06-14 00:02:30"}
{"level":"info","message":"   -> Evaluated Rule [meta-header] with target \"\" (Search: contains, Contains: undefined): isMatch=true","timestamp":"2026-06-14 00:02:30"}
{"level":"info","message":"   -> Evaluated Rule [meta-header-length] with target \"5\" (Search: contains, Contains: undefined): isMatch=false","timestamp":"2026-06-14 00:02:30"}
{"level":"info","message":"   -> Evaluated Rule [page-html] with target \"\" (Search: contains, Contains: undefined): isMatch=true","timestamp":"2026-06-14 00:02:30"}
{"level":"info","message":"   -> Evaluated Rule [text] with target \"jewellery\" (Search: contains, Contains: containing): isMatch=true","timestamp":"2026-06-14 00:02:30"}
{"level":"info","message":"   -> Evaluated Rule [image-size] with target \"100\" (Search: contains, Contains: KB): isMatch=true","timestamp":"2026-06-14 00:02:30"}
{"level":"info","message":"   -> Evaluated Rule [text] with target \"\" (Search: contains, Contains: undefined): isMatch=true","timestamp":"2026-06-14 00:02:30"}
{"level":"info","message":"   -> Evaluated Rule [page-title] with target \"\" (Search: contains, Contains: undefined): isMatch=true","timestamp":"2026-06-14 00:02:30"}
{"level":"info","message":"   -> Evaluated Rule [page-title-length] with target \"10\" (Search: contains, Contains: undefined): isMatch=false","timestamp":"2026-06-14 00:02:30"}
{"level":"info","message":"   -> Evaluated Rule [page-url] with target \"\" (Search: contains, Contains: undefined): isMatch=true","timestamp":"2026-06-14 00:02:30"}
{"level":"info","message":"   -> Evaluated Rule [link] with target \"\" (Search: contains, Contains: undefined): isMatch=true","timestamp":"2026-06-14 00:02:30"}
{"level":"info","message":"   -> Evaluated Rule [link-text] with target \"\" (Search: contains, Contains: undefined): isMatch=true","timestamp":"2026-06-14 00:02:30"}
{"level":"info","message":"   -> Evaluated Rule [link-text-length] with target \"5\" (Search: contains, Contains: undefined): isMatch=false","timestamp":"2026-06-14 00:02:30"}
{"level":"info","message":"   -> Evaluated Rule [file-size] with target \"10\" (Search: contains, Contains: KB): isMatch=false","timestamp":"2026-06-14 00:02:30"}
{"level":"info","message":"   -> Evaluated Rule [image-size] with target \"10\" (Search: contains, Contains: KB): isMatch=false","timestamp":"2026-06-14 00:02:30"}
{"level":"info","message":"   -> Evaluated Rule [image-text] with target \"\" (Search: contains, Contains: undefined): isMatch=true","timestamp":"2026-06-14 00:02:30"}
{"level":"info","message":"   -> Evaluated Rule [image-text-length] with target \"5\" (Search: contains, Contains: undefined): isMatch=false","timestamp":"2026-06-14 00:02:30"}
{"level":"info","message":"   -> Evaluated Rule [external-link-count] with target \"1\" (Search: contains, Contains: undefined): isMatch=false","timestamp":"2026-06-14 00:02:30"}
{"level":"info","message":"   -> Evaluated Rule [incoming-link-count] with target \"1\" (Search: contains, Contains: undefined): isMatch=false","timestamp":"2026-06-14 00:02:30"}
{"level":"info","message":"   -> Evaluated Rule [heading-text] with target \"\" (Search: contains, Contains: undefined): isMatch=true","timestamp":"2026-06-14 00:02:30"}
{"level":"info","message":"   -> Evaluated Rule [header-text-length] with target \"5\" (Search: contains, Contains: undefined): isMatch=false","timestamp":"2026-06-14 00:02:30"}
{"level":"info","message":"   -> Evaluated Rule [readability-level] with target \"5\" (Search: contains, Contains: undefined): isMatch=false","timestamp":"2026-06-14 00:02:30"}
{"level":"info","message":"   -> Evaluated Rule [meta-header] with target \"\" (Search: contains, Contains: undefined): isMatch=true","timestamp":"2026-06-14 00:02:30"}
{"level":"info","message":"   -> Evaluated Rule [meta-header-length] with target \"5\" (Search: contains, Contains: undefined): isMatch=false","timestamp":"2026-06-14 00:02:30"}
{"level":"info","message":"   -> Evaluated Rule [page-html] with target \"\" (Search: contains, Contains: undefined): isMatch=true","timestamp":"2026-06-14 00:02:30"}
{"level":"info","message":"   -> Evaluated Rule [text] with target \"\" (Search: contains, Contains: undefined): isMatch=true","timestamp":"2026-06-14 00:02:30"}
{"level":"info","message":"   -> Evaluated Rule [page-title] with target \"\" (Search: contains, Contains: undefined): isMatch=true","timestamp":"2026-06-14 00:02:30"}
{"level":"info","message":"   -> Evaluated Rule [page-title-length] with target \"10\" (Search: contains, Contains: undefined): isMatch=false","timestamp":"2026-06-14 00:02:30"}
{"level":"info","message":"   -> Evaluated Rule [page-url] with target \"\" (Search: contains, Contains: undefined): isMatch=true","timestamp":"2026-06-14 00:02:30"}
{"level":"info","message":"   -> Evaluated Rule [link] with target \"\" (Search: contains, Contains: undefined): isMatch=true","timestamp":"2026-06-14 00:02:30"}
{"level":"info","message":"   -> Evaluated Rule [link-text] with target \"\" (Search: contains, Contains: undefined): isMatch=true","timestamp":"2026-06-14 00:02:30"}
{"level":"info","message":"   -> Evaluated Rule [link-text-length] with target \"5\" (Search: contains, Contains: undefined): isMatch=false","timestamp":"2026-06-14 00:02:30"}
{"level":"info","message":"   -> Evaluated Rule [file-size] with target \"10\" (Search: contains, Contains: KB): isMatch=false","timestamp":"2026-06-14 00:02:30"}
{"level":"info","message":"   -> Evaluated Rule [image-size] with target \"10\" (Search: contains, Contains: KB): isMatch=false","timestamp":"2026-06-14 00:02:30"}
{"level":"info","message":"   -> Evaluated Rule [image-text] with target \"\" (Search: contains, Contains: undefined): isMatch=true","timestamp":"2026-06-14 00:02:30"}
{"level":"info","message":"   -> Evaluated Rule [image-text-length] with target \"5\" (Search: contains, Contains: undefined): isMatch=false","timestamp":"2026-06-14 00:02:30"}
{"level":"info","message":"   -> Evaluated Rule [external-link-count] with target \"1\" (Search: contains, Contains: undefined): isMatch=false","timestamp":"2026-06-14 00:02:30"}
{"level":"info","message":"   -> Evaluated Rule [incoming-link-count] with target \"1\" (Search: contains, Contains: undefined): isMatch=false","timestamp":"2026-06-14 00:02:30"}
{"level":"info","message":"   -> Evaluated Rule [heading-text] with target \"\" (Search: contains, Contains: undefined): isMatch=true","timestamp":"2026-06-14 00:02:30"}
{"level":"info","message":"   -> Evaluated Rule [header-text-length] with target \"5\" (Search: contains, Contains: undefined): isMatch=false","timestamp":"2026-06-14 00:02:30"}
{"level":"info","message":"   -> Evaluated Rule [readability-level] with target \"5\" (Search: contains, Contains: undefined): isMatch=false","timestamp":"2026-06-14 00:02:30"}
{"level":"info","message":"   -> Evaluated Rule [meta-header] with target \"\" (Search: contains, Contains: undefined): isMatch=true","timestamp":"2026-06-14 00:02:30"}
{"level":"info","message":"   -> Evaluated Rule [meta-header-length] with target \"5\" (Search: contains, Contains: undefined): isMatch=false","timestamp":"2026-06-14 00:02:30"}
{"level":"info","message":"   -> Evaluated Rule [page-html] with target \"\" (Search: contains, Contains: undefined): isMatch=true","timestamp":"2026-06-14 00:02:30"}
{"level":"info","message":"   -> Evaluated Rule [text] with target \"jewellery\" (Search: contains, Contains: containing): isMatch=true","timestamp":"2026-06-14 00:02:30"}
{"level":"info","message":"   -> Evaluated Rule [image-size] with target \"100\" (Search: contains, Contains: KB): isMatch=true","timestamp":"2026-06-14 00:02:30"}
{"level":"info","message":"   -> Evaluated Rule [text] with target \"\" (Search: contains, Contains: undefined): isMatch=true","timestamp":"2026-06-14 00:02:30"}
{"level":"info","message":"   -> Evaluated Rule [page-title] with target \"\" (Search: contains, Contains: undefined): isMatch=true","timestamp":"2026-06-14 00:02:30"}
{"level":"info","message":"   -> Evaluated Rule [page-title-length] with target \"10\" (Search: contains, Contains: undefined): isMatch=false","timestamp":"2026-06-14 00:02:30"}
{"level":"info","message":"   -> Evaluated Rule [page-url] with target \"\" (Search: contains, Contains: undefined): isMatch=true","timestamp":"2026-06-14 00:02:30"}
{"level":"info","message":"   -> Evaluated Rule [link] with target \"\" (Search: contains, Contains: undefined): isMatch=true","timestamp":"2026-06-14 00:02:30"}
{"level":"info","message":"   -> Evaluated Rule [link-text] with target \"\" (Search: contains, Contains: undefined): isMatch=true","timestamp":"2026-06-14 00:02:30"}
{"level":"info","message":"   -> Evaluated Rule [link-text-length] with target \"5\" (Search: contains, Contains: undefined): isMatch=false","timestamp":"2026-06-14 00:02:30"}
{"level":"info","message":"   -> Evaluated Rule [file-size] with target \"10\" (Search: contains, Contains: KB): isMatch=false","timestamp":"2026-06-14 00:02:30"}
{"level":"info","message":"   -> Evaluated Rule [image-size] with target \"10\" (Search: contains, Contains: KB): isMatch=false","timestamp":"2026-06-14 00:02:30"}
{"level":"info","message":"   -> Evaluated Rule [image-text] with target \"\" (Search: contains, Contains: undefined): isMatch=true","timestamp":"2026-06-14 00:02:30"}
{"level":"info","message":"   -> Evaluated Rule [image-text-length] with target \"5\" (Search: contains, Contains: undefined): isMatch=false","timestamp":"2026-06-14 00:02:30"}
{"level":"info","message":"   -> Evaluated Rule [external-link-count] with target \"1\" (Search: contains, Contains: undefined): isMatch=false","timestamp":"2026-06-14 00:02:30"}
{"level":"info","message":"   -> Evaluated Rule [incoming-link-count] with target \"1\" (Search: contains, Contains: undefined): isMatch=false","timestamp":"2026-06-14 00:02:30"}
{"level":"info","message":"   -> Evaluated Rule [heading-text] with target \"\" (Search: contains, Contains: undefined): isMatch=true","timestamp":"2026-06-14 00:02:30"}
{"level":"info","message":"   -> Evaluated Rule [header-text-length] with target \"5\" (Search: contains, Contains: undefined): isMatch=false","timestamp":"2026-06-14 00:02:30"}
{"level":"info","message":"   -> Evaluated Rule [readability-level] with target \"5\" (Search: contains, Contains: undefined): isMatch=false","timestamp":"2026-06-14 00:02:30"}
{"level":"info","message":"   -> Evaluated Rule [meta-header] with target \"\" (Search: contains, Contains: undefined): isMatch=true","timestamp":"2026-06-14 00:02:30"}
{"level":"info","message":"   -> Evaluated Rule [meta-header-length] with target \"5\" (Search: contains, Contains: undefined): isMatch=false","timestamp":"2026-06-14 00:02:30"}
{"level":"info","message":"   -> Evaluated Rule [page-html] with target \"\" (Search: contains, Contains: undefined): isMatch=true","timestamp":"2026-06-14 00:02:30"}
{"level":"info","message":"   -> Evaluated Rule [text] with target \"\" (Search: contains, Contains: undefined): isMatch=true","timestamp":"2026-06-14 00:02:30"}
{"level":"info","message":"   -> Evaluated Rule [page-title] with target \"\" (Search: contains, Contains: undefined): isMatch=true","timestamp":"2026-06-14 00:02:30"}
{"level":"info","message":"   -> Evaluated Rule [page-title-length] with target \"10\" (Search: contains, Contains: undefined): isMatch=false","timestamp":"2026-06-14 00:02:30"}
{"level":"info","message":"   -> Evaluated Rule [page-url] with target \"\" (Search: contains, Contains: undefined): isMatch=true","timestamp":"2026-06-14 00:02:30"}
{"level":"info","message":"   -> Evaluated Rule [link] with target \"\" (Search: contains, Contains: undefined): isMatch=true","timestamp":"2026-06-14 00:02:30"}
{"level":"info","message":"   -> Evaluated Rule [link-text] with target \"\" (Search: contains, Contains: undefined): isMatch=true","timestamp":"2026-06-14 00:02:30"}
{"level":"info","message":"   -> Evaluated Rule [link-text-length] with target \"5\" (Search: contains, Contains: undefined): isMatch=false","timestamp":"2026-06-14 00:02:30"}
{"level":"info","message":"   -> Evaluated Rule [file-size] with target \"10\" (Search: contains, Contains: KB): isMatch=false","timestamp":"2026-06-14 00:02:30"}
{"level":"info","message":"   -> Evaluated Rule [image-size] with target \"10\" (Search: contains, Contains: KB): isMatch=false","timestamp":"2026-06-14 00:02:30"}
{"level":"info","message":"   -> Evaluated Rule [image-text] with target \"\" (Search: contains, Contains: undefined): isMatch=true","timestamp":"2026-06-14 00:02:30"}
{"level":"info","message":"   -> Evaluated Rule [image-text-length] with target \"5\" (Search: contains, Contains: undefined): isMatch=false","timestamp":"2026-06-14 00:02:30"}
{"level":"info","message":"   -> Evaluated Rule [external-link-count] with target \"1\" (Search: contains, Contains: undefined): isMatch=false","timestamp":"2026-06-14 00:02:30"}
{"level":"info","message":"   -> Evaluated Rule [incoming-link-count] with target \"1\" (Search: contains, Contains: undefined): isMatch=false","timestamp":"2026-06-14 00:02:30"}
{"level":"info","message":"   -> Evaluated Rule [heading-text] with target \"\" (Search: contains, Contains: undefined): isMatch=true","timestamp":"2026-06-14 00:02:30"}
{"level":"info","message":"   -> Evaluated Rule [header-text-length] with target \"5\" (Search: contains, Contains: undefined): isMatch=false","timestamp":"2026-06-14 00:02:30"}
{"level":"info","message":"   -> Evaluated Rule [readability-level] with target \"5\" (Search: contains, Contains: undefined): isMatch=false","timestamp":"2026-06-14 00:02:30"}
{"level":"info","message":"   -> Evaluated Rule [meta-header] with target \"\" (Search: contains, Contains: undefined): isMatch=true","timestamp":"2026-06-14 00:02:30"}
{"level":"info","message":"   -> Evaluated Rule [meta-header-length] with target \"5\" (Search: contains, Contains: undefined): isMatch=false","timestamp":"2026-06-14 00:02:30"}
{"level":"info","message":"   -> Evaluated Rule [page-html] with target \"\" (Search: contains, Contains: undefined): isMatch=true","timestamp":"2026-06-14 00:02:30"}
{"level":"info","message":"✅ [https://omunim.com/] Saved 4 pages to database tenant_sbi.","timestamp":"2026-06-14 00:02:30"}
{"level":"info","message":"🚨 [https://omunim.com/] Saved 6 policy hits to database tenant_sbi.","timestamp":"2026-06-14 00:02:30"}
{"level":"info","message":"📊 [https://omunim.com/] Domain summary created in tenant_sbi. Final Score: 38","timestamp":"2026-06-14 00:02:31"}
{"level":"info","message":"📋 [omunim.com] Compiling detailed audit data snapshot for jobId: 3-1781375401111...","timestamp":"2026-06-14 00:02:31"}
{"level":"info","message":"💾 [omunim.com] Saved complete Audit details & summary snap to DB for jobId: 3-1781375401111","timestamp":"2026-06-14 00:02:31"}
{"level":"info","message":"📋 [omunim.com] QA scan saved: 4 pages, jobId 3-1781375401111","timestamp":"2026-06-14 00:02:31"}
{"level":"info","message":"♿ [omunim.com] Starting Accessibility scan for 4 pages...","timestamp":"2026-06-14 00:02:31"}
{"level":"info","message":"✅ [PageSpeed API] Score for https://omunim.com/jewellery-software: 64","timestamp":"2026-06-14 00:02:33"}
{"level":"info","message":"📊 [Lighthouse] Results for https://omunim.com/jewellery-software: Performance: 64, SEO: 92, Accessibility: 78","timestamp":"2026-06-14 00:02:33"}
{"level":"info","message":"🔍 [Domain: omunim.com] [Page 2/4] Found 21 internal links on https://omunim.com/jewellery-software","timestamp":"2026-06-14 00:02:33"}
{"level":"info","message":"🔍 [Crawl] Queue: 18 | Visited: 3 | Scanning: https://omunim.com/signin","timestamp":"2026-06-14 00:02:33"}
{"level":"info","message":"🔍 [Domain: omunim.com] [Page 3/4] Scanning: https://omunim.com/signin","timestamp":"2026-06-14 00:02:33"}
{"level":"info","message":"🔍 [Scraper] HTML length: 58428 | Body length: 7856 | Total <a> tags: 44","timestamp":"2026-06-14 00:02:37"}
{"level":"info","message":"🔗 [Link Extraction] Page: https://omunim.com/signin | hostNorm: omunim.com | Found 44 total links (18 internal)","timestamp":"2026-06-14 00:02:37"}
{"level":"info","message":"♿ [omunim.com] Axe-core scanned 4/4","timestamp":"2026-06-14 00:02:41"}
{"level":"info","message":"✅ [PageSpeed API] Score for https://jewellmaster.com/features/gst-billing-invoicing: 91","timestamp":"2026-06-14 00:02:42"}
{"level":"info","message":"📊 [Lighthouse] Results for https://jewellmaster.com/features/gst-billing-invoicing: Performance: 91, SEO: 92, Accessibility: 100","timestamp":"2026-06-14 00:02:42"}
{"level":"info","message":"🔍 [Domain: jewellmaster.com] [Page 5/10] Found 11 internal links on https://jewellmaster.com/features/gst-billing-invoicing","timestamp":"2026-06-14 00:02:42"}
{"level":"info","message":"🔍 [Crawl] Queue: 7 | Visited: 6 | Scanning: https://jewellmaster.com/features/crm-customer-management","timestamp":"2026-06-14 00:02:42"}
{"level":"info","message":"🔍 [Domain: jewellmaster.com] [Page 6/10] Scanning: https://jewellmaster.com/features/crm-customer-management","timestamp":"2026-06-14 00:02:42"}
{"level":"info","message":"✅ [omunim.com] Accessibility scan saved: 4 pages, jobId 3-1781375401111","timestamp":"2026-06-14 00:02:43"}
{"level":"info","message":"Job 3 (https://omunim.com/) completed successfully.","timestamp":"2026-06-14 00:02:43"}
{"level":"info","message":"[Job 8] 🔍 Starting scan for: https://jewellmaster.com","timestamp":"2026-06-14 00:02:43"}
{"level":"info","message":"[https://jewellmaster.com] Checking domain status for ID: 6a086772439e555ef5630506. Found: true, Deleted: false, Archived: false, Status: active","timestamp":"2026-06-14 00:02:43"}
{"level":"info","message":"🔍 [Crawl] Queue: 0 | Visited: 1 | Scanning: https://jewellmaster.com/","timestamp":"2026-06-14 00:02:44"}
{"level":"info","message":"🔍 [Domain: jewellmaster.com] [Page 1/10] Scanning: https://jewellmaster.com/","timestamp":"2026-06-14 00:02:44"}
{"level":"info","message":"🚀 [PageSpeed API] Fetching metrics for https://omunim.com/signin...","timestamp":"2026-06-14 00:02:44"}
{"level":"info","message":"🔍 [Scraper] HTML length: 10796 | Body length: 4116 | Total <a> tags: 11","timestamp":"2026-06-14 00:02:46"}
{"level":"info","message":"🔗 [Link Extraction] Page: https://jewellmaster.com/features/crm-customer-management | hostNorm: jewellmaster.com | Found 11 total links (11 internal)","timestamp":"2026-06-14 00:02:46"}
{"level":"info","message":"✅ [PageSpeed API] Score for https://omunim.com/signin: 72","timestamp":"2026-06-14 00:02:46"}
{"level":"info","message":"📊 [Lighthouse] Results for https://omunim.com/signin: Performance: 72, SEO: 92, Accessibility: 87","timestamp":"2026-06-14 00:02:46"}
{"level":"info","message":"🔍 [Domain: omunim.com] [Page 3/4] Found 18 internal links on https://omunim.com/signin","timestamp":"2026-06-14 00:02:46"}
{"level":"info","message":"🔍 [Crawl] Queue: 17 | Visited: 4 | Scanning: https://omunim.com/jewellery-billing-software","timestamp":"2026-06-14 00:02:46"}
{"level":"info","message":"🔍 [Domain: omunim.com] [Page 4/4] Scanning: https://omunim.com/jewellery-billing-software","timestamp":"2026-06-14 00:02:46"}
{"level":"info","message":"🚀 [PageSpeed API] Fetching metrics for https://jewellmaster.com/features/crm-customer-management...","timestamp":"2026-06-14 00:02:49"}
{"level":"info","message":"🔍 [Scraper] HTML length: 56417 | Body length: 25027 | Total <a> tags: 3","timestamp":"2026-06-14 00:03:02"}
{"level":"info","message":"🔗 [Link Extraction] Page: https://jewellmaster.com/ | hostNorm: jewellmaster.com | Found 3 total links (2 internal)","timestamp":"2026-06-14 00:03:02"}
{"level":"info","message":"🔍 [Scraper] HTML length: 48441 | Body length: 10525 | Total <a> tags: 48","timestamp":"2026-06-14 00:03:04"}
{"level":"info","message":"🔗 [Link Extraction] Page: https://omunim.com/jewellery-billing-software | hostNorm: omunim.com | Found 48 total links (19 internal)","timestamp":"2026-06-14 00:03:04"}
{"level":"info","message":"🚀 [PageSpeed API] Fetching metrics for https://jewellmaster.com/...","timestamp":"2026-06-14 00:03:04"}
{"level":"info","message":"✅ [PageSpeed API] Score for https://jewellmaster.com/features/crm-customer-management: 88","timestamp":"2026-06-14 00:03:10"}
{"level":"info","message":"📊 [Lighthouse] Results for https://jewellmaster.com/features/crm-customer-management: Performance: 88, SEO: 92, Accessibility: 100","timestamp":"2026-06-14 00:03:10"}
{"level":"info","message":"🔍 [Domain: jewellmaster.com] [Page 6/10] Found 11 internal links on https://jewellmaster.com/features/crm-customer-management","timestamp":"2026-06-14 00:03:10"}
{"level":"info","message":"🔍 [Crawl] Queue: 6 | Visited: 7 | Scanning: https://jewellmaster.com/features/accounting-financial-management","timestamp":"2026-06-14 00:03:10"}
{"level":"info","message":"🔍 [Domain: jewellmaster.com] [Page 7/10] Scanning: https://jewellmaster.com/features/accounting-financial-management","timestamp":"2026-06-14 00:03:10"}
{"level":"info","message":"🚀 [PageSpeed API] Fetching metrics for https://omunim.com/jewellery-billing-software...","timestamp":"2026-06-14 00:03:11"}
{"level":"info","message":"✅ [PageSpeed API] Score for https://omunim.com/jewellery-billing-software: 62","timestamp":"2026-06-14 00:03:12"}
{"level":"info","message":"📊 [Lighthouse] Results for https://omunim.com/jewellery-billing-software: Performance: 62, SEO: 92, Accessibility: 91","timestamp":"2026-06-14 00:03:12"}
{"level":"info","message":"🔍 [Domain: omunim.com] [Page 4/4] Found 19 internal links on https://omunim.com/jewellery-billing-software","timestamp":"2026-06-14 00:03:12"}
{"level":"info","message":"[https://omunim.com/] Evaluating 4 policies against 4 pages.","timestamp":"2026-06-14 00:03:12"}
{"level":"info","message":"   -> Evaluated Rule [text] with target \"jewellery\" (Search: contains, Contains: containing): isMatch=true","timestamp":"2026-06-14 00:03:12"}
{"level":"info","message":"   -> Evaluated Rule [image-size] with target \"100\" (Search: contains, Contains: KB): isMatch=false","timestamp":"2026-06-14 00:03:12"}
{"level":"info","message":"   -> Evaluated Rule [text] with target \"\" (Search: contains, Contains: undefined): isMatch=true","timestamp":"2026-06-14 00:03:12"}
{"level":"info","message":"   -> Evaluated Rule [page-title] with target \"\" (Search: contains, Contains: undefined): isMatch=true","timestamp":"2026-06-14 00:03:12"}
{"level":"info","message":"   -> Evaluated Rule [page-title-length] with target \"10\" (Search: contains, Contains: undefined): isMatch=false","timestamp":"2026-06-14 00:03:12"}
{"level":"info","message":"   -> Evaluated Rule [page-url] with target \"\" (Search: contains, Contains: undefined): isMatch=true","timestamp":"2026-06-14 00:03:12"}
{"level":"info","message":"   -> Evaluated Rule [link] with target \"\" (Search: contains, Contains: undefined): isMatch=true","timestamp":"2026-06-14 00:03:12"}
{"level":"info","message":"   -> Evaluated Rule [link-text] with target \"\" (Search: contains, Contains: undefined): isMatch=true","timestamp":"2026-06-14 00:03:12"}
{"level":"info","message":"   -> Evaluated Rule [link-text-length] with target \"5\" (Search: contains, Contains: undefined): isMatch=false","timestamp":"2026-06-14 00:03:12"}
{"level":"info","message":"   -> Evaluated Rule [file-size] with target \"10\" (Search: contains, Contains: KB): isMatch=false","timestamp":"2026-06-14 00:03:12"}
{"level":"info","message":"   -> Evaluated Rule [image-size] with target \"10\" (Search: contains, Contains: KB): isMatch=false","timestamp":"2026-06-14 00:03:12"}
{"level":"info","message":"   -> Evaluated Rule [image-text] with target \"\" (Search: contains, Contains: undefined): isMatch=true","timestamp":"2026-06-14 00:03:12"}
{"level":"info","message":"   -> Evaluated Rule [image-text-length] with target \"5\" (Search: contains, Contains: undefined): isMatch=false","timestamp":"2026-06-14 00:03:12"}
{"level":"info","message":"   -> Evaluated Rule [external-link-count] with target \"1\" (Search: contains, Contains: undefined): isMatch=false","timestamp":"2026-06-14 00:03:12"}
{"level":"info","message":"   -> Evaluated Rule [incoming-link-count] with target \"1\" (Search: contains, Contains: undefined): isMatch=false","timestamp":"2026-06-14 00:03:12"}
{"level":"info","message":"   -> Evaluated Rule [heading-text] with target \"\" (Search: contains, Contains: undefined): isMatch=true","timestamp":"2026-06-14 00:03:12"}
{"level":"info","message":"   -> Evaluated Rule [header-text-length] with target \"5\" (Search: contains, Contains: undefined): isMatch=false","timestamp":"2026-06-14 00:03:12"}
{"level":"info","message":"   -> Evaluated Rule [readability-level] with target \"5\" (Search: contains, Contains: undefined): isMatch=false","timestamp":"2026-06-14 00:03:12"}
{"level":"info","message":"   -> Evaluated Rule [meta-header] with target \"\" (Search: contains, Contains: undefined): isMatch=true","timestamp":"2026-06-14 00:03:12"}
{"level":"info","message":"   -> Evaluated Rule [meta-header-length] with target \"5\" (Search: contains, Contains: undefined): isMatch=false","timestamp":"2026-06-14 00:03:12"}
{"level":"info","message":"   -> Evaluated Rule [page-html] with target \"\" (Search: contains, Contains: undefined): isMatch=true","timestamp":"2026-06-14 00:03:12"}
{"level":"info","message":"   -> Evaluated Rule [text] with target \"\" (Search: contains, Contains: undefined): isMatch=true","timestamp":"2026-06-14 00:03:12"}
{"level":"info","message":"   -> Evaluated Rule [page-title] with target \"\" (Search: contains, Contains: undefined): isMatch=true","timestamp":"2026-06-14 00:03:12"}
{"level":"info","message":"   -> Evaluated Rule [page-title-length] with target \"10\" (Search: contains, Contains: undefined): isMatch=false","timestamp":"2026-06-14 00:03:12"}
{"level":"info","message":"   -> Evaluated Rule [page-url] with target \"\" (Search: contains, Contains: undefined): isMatch=true","timestamp":"2026-06-14 00:03:12"}
{"level":"info","message":"   -> Evaluated Rule [link] with target \"\" (Search: contains, Contains: undefined): isMatch=true","timestamp":"2026-06-14 00:03:12"}
{"level":"info","message":"   -> Evaluated Rule [link-text] with target \"\" (Search: contains, Contains: undefined): isMatch=true","timestamp":"2026-06-14 00:03:12"}
{"level":"info","message":"   -> Evaluated Rule [link-text-length] with target \"5\" (Search: contains, Contains: undefined): isMatch=false","timestamp":"2026-06-14 00:03:12"}
{"level":"info","message":"   -> Evaluated Rule [file-size] with target \"10\" (Search: contains, Contains: KB): isMatch=false","timestamp":"2026-06-14 00:03:12"}
{"level":"info","message":"   -> Evaluated Rule [image-size] with target \"10\" (Search: contains, Contains: KB): isMatch=false","timestamp":"2026-06-14 00:03:12"}
{"level":"info","message":"   -> Evaluated Rule [image-text] with target \"\" (Search: contains, Contains: undefined): isMatch=true","timestamp":"2026-06-14 00:03:12"}
{"level":"info","message":"   -> Evaluated Rule [image-text-length] with target \"5\" (Search: contains, Contains: undefined): isMatch=false","timestamp":"2026-06-14 00:03:12"}
{"level":"info","message":"   -> Evaluated Rule [external-link-count] with target \"1\" (Search: contains, Contains: undefined): isMatch=false","timestamp":"2026-06-14 00:03:12"}
{"level":"info","message":"   -> Evaluated Rule [incoming-link-count] with target \"1\" (Search: contains, Contains: undefined): isMatch=false","timestamp":"2026-06-14 00:03:12"}
{"level":"info","message":"   -> Evaluated Rule [heading-text] with target \"\" (Search: contains, Contains: undefined): isMatch=true","timestamp":"2026-06-14 00:03:12"}
{"level":"info","message":"   -> Evaluated Rule [header-text-length] with target \"5\" (Search: contains, Contains: undefined): isMatch=false","timestamp":"2026-06-14 00:03:12"}
{"level":"info","message":"   -> Evaluated Rule [readability-level] with target \"5\" (Search: contains, Contains: undefined): isMatch=false","timestamp":"2026-06-14 00:03:12"}
{"level":"info","message":"   -> Evaluated Rule [meta-header] with target \"\" (Search: contains, Contains: undefined): isMatch=true","timestamp":"2026-06-14 00:03:12"}
{"level":"info","message":"   -> Evaluated Rule [meta-header-length] with target \"5\" (Search: contains, Contains: undefined): isMatch=false","timestamp":"2026-06-14 00:03:12"}
{"level":"info","message":"   -> Evaluated Rule [page-html] with target \"\" (Search: contains, Contains: undefined): isMatch=true","timestamp":"2026-06-14 00:03:12"}
{"level":"info","message":"   -> Evaluated Rule [text] with target \"jewellery\" (Search: contains, Contains: containing): isMatch=true","timestamp":"2026-06-14 00:03:12"}
{"level":"info","message":"   -> Evaluated Rule [image-size] with target \"100\" (Search: contains, Contains: KB): isMatch=false","timestamp":"2026-06-14 00:03:12"}
{"level":"info","message":"   -> Evaluated Rule [text] with target \"\" (Search: contains, Contains: undefined): isMatch=true","timestamp":"2026-06-14 00:03:12"}
{"level":"info","message":"   -> Evaluated Rule [page-title] with target \"\" (Search: contains, Contains: undefined): isMatch=true","timestamp":"2026-06-14 00:03:12"}
{"level":"info","message":"   -> Evaluated Rule [page-title-length] with target \"10\" (Search: contains, Contains: undefined): isMatch=false","timestamp":"2026-06-14 00:03:12"}
{"level":"info","message":"   -> Evaluated Rule [page-url] with target \"\" (Search: contains, Contains: undefined): isMatch=true","timestamp":"2026-06-14 00:03:12"}
{"level":"info","message":"   -> Evaluated Rule [link] with target \"\" (Search: contains, Contains: undefined): isMatch=true","timestamp":"2026-06-14 00:03:12"}
{"level":"info","message":"   -> Evaluated Rule [link-text] with target \"\" (Search: contains, Contains: undefined): isMatch=true","timestamp":"2026-06-14 00:03:12"}
{"level":"info","message":"   -> Evaluated Rule [link-text-length] with target \"5\" (Search: contains, Contains: undefined): isMatch=false","timestamp":"2026-06-14 00:03:12"}
{"level":"info","message":"   -> Evaluated Rule [file-size] with target \"10\" (Search: contains, Contains: KB): isMatch=false","timestamp":"2026-06-14 00:03:12"}
{"level":"info","message":"   -> Evaluated Rule [image-size] with target \"10\" (Search: contains, Contains: KB): isMatch=false","timestamp":"2026-06-14 00:03:12"}
{"level":"info","message":"   -> Evaluated Rule [image-text] with target \"\" (Search: contains, Contains: undefined): isMatch=true","timestamp":"2026-06-14 00:03:12"}
{"level":"info","message":"   -> Evaluated Rule [image-text-length] with target \"5\" (Search: contains, Contains: undefined): isMatch=false","timestamp":"2026-06-14 00:03:12"}
{"level":"info","message":"   -> Evaluated Rule [external-link-count] with target \"1\" (Search: contains, Contains: undefined): isMatch=false","timestamp":"2026-06-14 00:03:12"}
{"level":"info","message":"   -> Evaluated Rule [incoming-link-count] with target \"1\" (Search: contains, Contains: undefined): isMatch=false","timestamp":"2026-06-14 00:03:12"}
{"level":"info","message":"   -> Evaluated Rule [heading-text] with target \"\" (Search: contains, Contains: undefined): isMatch=true","timestamp":"2026-06-14 00:03:12"}
{"level":"info","message":"   -> Evaluated Rule [header-text-length] with target \"5\" (Search: contains, Contains: undefined): isMatch=false","timestamp":"2026-06-14 00:03:12"}
{"level":"info","message":"   -> Evaluated Rule [readability-level] with target \"5\" (Search: contains, Contains: undefined): isMatch=false","timestamp":"2026-06-14 00:03:12"}
{"level":"info","message":"   -> Evaluated Rule [meta-header] with target \"\" (Search: contains, Contains: undefined): isMatch=true","timestamp":"2026-06-14 00:03:12"}
{"level":"info","message":"   -> Evaluated Rule [meta-header-length] with target \"5\" (Search: contains, Contains: undefined): isMatch=false","timestamp":"2026-06-14 00:03:12"}
{"level":"info","message":"   -> Evaluated Rule [page-html] with target \"\" (Search: contains, Contains: undefined): isMatch=true","timestamp":"2026-06-14 00:03:12"}
{"level":"info","message":"   -> Evaluated Rule [text] with target \"\" (Search: contains, Contains: undefined): isMatch=true","timestamp":"2026-06-14 00:03:12"}
{"level":"info","message":"   -> Evaluated Rule [page-title] with target \"\" (Search: contains, Contains: undefined): isMatch=true","timestamp":"2026-06-14 00:03:12"}
{"level":"info","message":"   -> Evaluated Rule [page-title-length] with target \"10\" (Search: contains, Contains: undefined): isMatch=false","timestamp":"2026-06-14 00:03:12"}
{"level":"info","message":"   -> Evaluated Rule [page-url] with target \"\" (Search: contains, Contains: undefined): isMatch=true","timestamp":"2026-06-14 00:03:12"}
{"level":"info","message":"   -> Evaluated Rule [link] with target \"\" (Search: contains, Contains: undefined): isMatch=true","timestamp":"2026-06-14 00:03:12"}
{"level":"info","message":"   -> Evaluated Rule [link-text] with target \"\" (Search: contains, Contains: undefined): isMatch=true","timestamp":"2026-06-14 00:03:12"}
{"level":"info","message":"   -> Evaluated Rule [link-text-length] with target \"5\" (Search: contains, Contains: undefined): isMatch=false","timestamp":"2026-06-14 00:03:12"}
{"level":"info","message":"   -> Evaluated Rule [file-size] with target \"10\" (Search: contains, Contains: KB): isMatch=false","timestamp":"2026-06-14 00:03:12"}
{"level":"info","message":"   -> Evaluated Rule [image-size] with target \"10\" (Search: contains, Contains: KB): isMatch=false","timestamp":"2026-06-14 00:03:12"}
{"level":"info","message":"   -> Evaluated Rule [image-text] with target \"\" (Search: contains, Contains: undefined): isMatch=true","timestamp":"2026-06-14 00:03:12"}
{"level":"info","message":"   -> Evaluated Rule [image-text-length] with target \"5\" (Search: contains, Contains: undefined): isMatch=false","timestamp":"2026-06-14 00:03:12"}
{"level":"info","message":"   -> Evaluated Rule [external-link-count] with target \"1\" (Search: contains, Contains: undefined): isMatch=false","timestamp":"2026-06-14 00:03:12"}
{"level":"info","message":"   -> Evaluated Rule [incoming-link-count] with target \"1\" (Search: contains, Contains: undefined): isMatch=false","timestamp":"2026-06-14 00:03:12"}
{"level":"info","message":"   -> Evaluated Rule [heading-text] with target \"\" (Search: contains, Contains: undefined): isMatch=true","timestamp":"2026-06-14 00:03:12"}
{"level":"info","message":"   -> Evaluated Rule [header-text-length] with target \"5\" (Search: contains, Contains: undefined): isMatch=false","timestamp":"2026-06-14 00:03:12"}
{"level":"info","message":"   -> Evaluated Rule [readability-level] with target \"5\" (Search: contains, Contains: undefined): isMatch=false","timestamp":"2026-06-14 00:03:12"}
{"level":"info","message":"   -> Evaluated Rule [meta-header] with target \"\" (Search: contains, Contains: undefined): isMatch=true","timestamp":"2026-06-14 00:03:12"}
{"level":"info","message":"   -> Evaluated Rule [meta-header-length] with target \"5\" (Search: contains, Contains: undefined): isMatch=false","timestamp":"2026-06-14 00:03:12"}
{"level":"info","message":"   -> Evaluated Rule [page-html] with target \"\" (Search: contains, Contains: undefined): isMatch=true","timestamp":"2026-06-14 00:03:12"}
{"level":"info","message":"   -> Evaluated Rule [text] with target \"jewellery\" (Search: contains, Contains: containing): isMatch=true","timestamp":"2026-06-14 00:03:12"}
{"level":"info","message":"   -> Evaluated Rule [image-size] with target \"100\" (Search: contains, Contains: KB): isMatch=true","timestamp":"2026-06-14 00:03:12"}
{"level":"info","message":"   -> Evaluated Rule [text] with target \"\" (Search: contains, Contains: undefined): isMatch=true","timestamp":"2026-06-14 00:03:12"}
{"level":"info","message":"   -> Evaluated Rule [page-title] with target \"\" (Search: contains, Contains: undefined): isMatch=true","timestamp":"2026-06-14 00:03:12"}
{"level":"info","message":"   -> Evaluated Rule [page-title-length] with target \"10\" (Search: contains, Contains: undefined): isMatch=false","timestamp":"2026-06-14 00:03:12"}
{"level":"info","message":"   -> Evaluated Rule [page-url] with target \"\" (Search: contains, Contains: undefined): isMatch=true","timestamp":"2026-06-14 00:03:12"}
{"level":"info","message":"   -> Evaluated Rule [link] with target \"\" (Search: contains, Contains: undefined): isMatch=true","timestamp":"2026-06-14 00:03:12"}
{"level":"info","message":"   -> Evaluated Rule [link-text] with target \"\" (Search: contains, Contains: undefined): isMatch=true","timestamp":"2026-06-14 00:03:12"}
{"level":"info","message":"   -> Evaluated Rule [link-text-length] with target \"5\" (Search: contains, Contains: undefined): isMatch=false","timestamp":"2026-06-14 00:03:12"}
{"level":"info","message":"   -> Evaluated Rule [file-size] with target \"10\" (Search: contains, Contains: KB): isMatch=false","timestamp":"2026-06-14 00:03:12"}
{"level":"info","message":"   -> Evaluated Rule [image-size] with target \"10\" (Search: contains, Contains: KB): isMatch=false","timestamp":"2026-06-14 00:03:12"}
{"level":"info","message":"   -> Evaluated Rule [image-text] with target \"\" (Search: contains, Contains: undefined): isMatch=true","timestamp":"2026-06-14 00:03:12"}
{"level":"info","message":"   -> Evaluated Rule [image-text-length] with target \"5\" (Search: contains, Contains: undefined): isMatch=false","timestamp":"2026-06-14 00:03:12"}
{"level":"info","message":"   -> Evaluated Rule [external-link-count] with target \"1\" (Search: contains, Contains: undefined): isMatch=false","timestamp":"2026-06-14 00:03:12"}
{"level":"info","message":"   -> Evaluated Rule [incoming-link-count] with target \"1\" (Search: contains, Contains: undefined): isMatch=false","timestamp":"2026-06-14 00:03:12"}
{"level":"info","message":"   -> Evaluated Rule [heading-text] with target \"\" (Search: contains, Contains: undefined): isMatch=true","timestamp":"2026-06-14 00:03:12"}
{"level":"info","message":"   -> Evaluated Rule [header-text-length] with target \"5\" (Search: contains, Contains: undefined): isMatch=false","timestamp":"2026-06-14 00:03:12"}
{"level":"info","message":"   -> Evaluated Rule [readability-level] with target \"5\" (Search: contains, Contains: undefined): isMatch=false","timestamp":"2026-06-14 00:03:12"}
{"level":"info","message":"   -> Evaluated Rule [meta-header] with target \"\" (Search: contains, Contains: undefined): isMatch=true","timestamp":"2026-06-14 00:03:12"}
{"level":"info","message":"   -> Evaluated Rule [meta-header-length] with target \"5\" (Search: contains, Contains: undefined): isMatch=false","timestamp":"2026-06-14 00:03:12"}
{"level":"info","message":"   -> Evaluated Rule [page-html] with target \"\" (Search: contains, Contains: undefined): isMatch=true","timestamp":"2026-06-14 00:03:12"}
{"level":"info","message":"   -> Evaluated Rule [text] with target \"\" (Search: contains, Contains: undefined): isMatch=true","timestamp":"2026-06-14 00:03:12"}
{"level":"info","message":"   -> Evaluated Rule [page-title] with target \"\" (Search: contains, Contains: undefined): isMatch=true","timestamp":"2026-06-14 00:03:12"}
{"level":"info","message":"   -> Evaluated Rule [page-title-length] with target \"10\" (Search: contains, Contains: undefined): isMatch=false","timestamp":"2026-06-14 00:03:12"}
{"level":"info","message":"   -> Evaluated Rule [page-url] with target \"\" (Search: contains, Contains: undefined): isMatch=true","timestamp":"2026-06-14 00:03:12"}
{"level":"info","message":"   -> Evaluated Rule [link] with target \"\" (Search: contains, Contains: undefined): isMatch=true","timestamp":"2026-06-14 00:03:12"}
{"level":"info","message":"   -> Evaluated Rule [link-text] with target \"\" (Search: contains, Contains: undefined): isMatch=true","timestamp":"2026-06-14 00:03:12"}
{"level":"info","message":"   -> Evaluated Rule [link-text-length] with target \"5\" (Search: contains, Contains: undefined): isMatch=false","timestamp":"2026-06-14 00:03:12"}
{"level":"info","message":"   -> Evaluated Rule [file-size] with target \"10\" (Search: contains, Contains: KB): isMatch=false","timestamp":"2026-06-14 00:03:12"}
{"level":"info","message":"   -> Evaluated Rule [image-size] with target \"10\" (Search: contains, Contains: KB): isMatch=false","timestamp":"2026-06-14 00:03:12"}
{"level":"info","message":"   -> Evaluated Rule [image-text] with target \"\" (Search: contains, Contains: undefined): isMatch=true","timestamp":"2026-06-14 00:03:12"}
{"level":"info","message":"   -> Evaluated Rule [image-text-length] with target \"5\" (Search: contains, Contains: undefined): isMatch=false","timestamp":"2026-06-14 00:03:12"}
{"level":"info","message":"   -> Evaluated Rule [external-link-count] with target \"1\" (Search: contains, Contains: undefined): isMatch=false","timestamp":"2026-06-14 00:03:12"}
{"level":"info","message":"   -> Evaluated Rule [incoming-link-count] with target \"1\" (Search: contains, Contains: undefined): isMatch=false","timestamp":"2026-06-14 00:03:12"}
{"level":"info","message":"   -> Evaluated Rule [heading-text] with target \"\" (Search: contains, Contains: undefined): isMatch=true","timestamp":"2026-06-14 00:03:12"}
{"level":"info","message":"   -> Evaluated Rule [header-text-length] with target \"5\" (Search: contains, Contains: undefined): isMatch=false","timestamp":"2026-06-14 00:03:12"}
{"level":"info","message":"   -> Evaluated Rule [readability-level] with target \"5\" (Search: contains, Contains: undefined): isMatch=false","timestamp":"2026-06-14 00:03:12"}
{"level":"info","message":"   -> Evaluated Rule [meta-header] with target \"\" (Search: contains, Contains: undefined): isMatch=true","timestamp":"2026-06-14 00:03:12"}
{"level":"info","message":"   -> Evaluated Rule [meta-header-length] with target \"5\" (Search: contains, Contains: undefined): isMatch=false","timestamp":"2026-06-14 00:03:12"}
{"level":"info","message":"   -> Evaluated Rule [page-html] with target \"\" (Search: contains, Contains: undefined): isMatch=true","timestamp":"2026-06-14 00:03:12"}
{"level":"info","message":"   -> Evaluated Rule [text] with target \"jewellery\" (Search: contains, Contains: containing): isMatch=true","timestamp":"2026-06-14 00:03:12"}
{"level":"info","message":"   -> Evaluated Rule [image-size] with target \"100\" (Search: contains, Contains: KB): isMatch=true","timestamp":"2026-06-14 00:03:12"}
{"level":"info","message":"   -> Evaluated Rule [text] with target \"\" (Search: contains, Contains: undefined): isMatch=true","timestamp":"2026-06-14 00:03:12"}
{"level":"info","message":"   -> Evaluated Rule [page-title] with target \"\" (Search: contains, Contains: undefined): isMatch=true","timestamp":"2026-06-14 00:03:12"}
{"level":"info","message":"   -> Evaluated Rule [page-title-length] with target \"10\" (Search: contains, Contains: undefined): isMatch=false","timestamp":"2026-06-14 00:03:12"}
{"level":"info","message":"   -> Evaluated Rule [page-url] with target \"\" (Search: contains, Contains: undefined): isMatch=true","timestamp":"2026-06-14 00:03:12"}
{"level":"info","message":"   -> Evaluated Rule [link] with target \"\" (Search: contains, Contains: undefined): isMatch=true","timestamp":"2026-06-14 00:03:12"}
{"level":"info","message":"   -> Evaluated Rule [link-text] with target \"\" (Search: contains, Contains: undefined): isMatch=true","timestamp":"2026-06-14 00:03:12"}
{"level":"info","message":"   -> Evaluated Rule [link-text-length] with target \"5\" (Search: contains, Contains: undefined): isMatch=false","timestamp":"2026-06-14 00:03:12"}
{"level":"info","message":"   -> Evaluated Rule [file-size] with target \"10\" (Search: contains, Contains: KB): isMatch=false","timestamp":"2026-06-14 00:03:12"}
{"level":"info","message":"   -> Evaluated Rule [image-size] with target \"10\" (Search: contains, Contains: KB): isMatch=false","timestamp":"2026-06-14 00:03:12"}
{"level":"info","message":"   -> Evaluated Rule [image-text] with target \"\" (Search: contains, Contains: undefined): isMatch=true","timestamp":"2026-06-14 00:03:12"}
{"level":"info","message":"   -> Evaluated Rule [image-text-length] with target \"5\" (Search: contains, Contains: undefined): isMatch=false","timestamp":"2026-06-14 00:03:12"}
{"level":"info","message":"   -> Evaluated Rule [external-link-count] with target \"1\" (Search: contains, Contains: undefined): isMatch=false","timestamp":"2026-06-14 00:03:12"}
{"level":"info","message":"   -> Evaluated Rule [incoming-link-count] with target \"1\" (Search: contains, Contains: undefined): isMatch=false","timestamp":"2026-06-14 00:03:12"}
{"level":"info","message":"   -> Evaluated Rule [heading-text] with target \"\" (Search: contains, Contains: undefined): isMatch=true","timestamp":"2026-06-14 00:03:12"}
{"level":"info","message":"   -> Evaluated Rule [header-text-length] with target \"5\" (Search: contains, Contains: undefined): isMatch=false","timestamp":"2026-06-14 00:03:12"}
{"level":"info","message":"   -> Evaluated Rule [readability-level] with target \"5\" (Search: contains, Contains: undefined): isMatch=false","timestamp":"2026-06-14 00:03:12"}
{"level":"info","message":"   -> Evaluated Rule [meta-header] with target \"\" (Search: contains, Contains: undefined): isMatch=true","timestamp":"2026-06-14 00:03:12"}
{"level":"info","message":"   -> Evaluated Rule [meta-header-length] with target \"5\" (Search: contains, Contains: undefined): isMatch=false","timestamp":"2026-06-14 00:03:12"}
{"level":"info","message":"   -> Evaluated Rule [page-html] with target \"\" (Search: contains, Contains: undefined): isMatch=true","timestamp":"2026-06-14 00:03:12"}
{"level":"info","message":"   -> Evaluated Rule [text] with target \"\" (Search: contains, Contains: undefined): isMatch=true","timestamp":"2026-06-14 00:03:12"}
{"level":"info","message":"   -> Evaluated Rule [page-title] with target \"\" (Search: contains, Contains: undefined): isMatch=true","timestamp":"2026-06-14 00:03:12"}
{"level":"info","message":"   -> Evaluated Rule [page-title-length] with target \"10\" (Search: contains, Contains: undefined): isMatch=false","timestamp":"2026-06-14 00:03:12"}
{"level":"info","message":"   -> Evaluated Rule [page-url] with target \"\" (Search: contains, Contains: undefined): isMatch=true","timestamp":"2026-06-14 00:03:12"}
{"level":"info","message":"   -> Evaluated Rule [link] with target \"\" (Search: contains, Contains: undefined): isMatch=true","timestamp":"2026-06-14 00:03:12"}
{"level":"info","message":"   -> Evaluated Rule [link-text] with target \"\" (Search: contains, Contains: undefined): isMatch=true","timestamp":"2026-06-14 00:03:12"}
{"level":"info","message":"   -> Evaluated Rule [link-text-length] with target \"5\" (Search: contains, Contains: undefined): isMatch=false","timestamp":"2026-06-14 00:03:12"}
{"level":"info","message":"   -> Evaluated Rule [file-size] with target \"10\" (Search: contains, Contains: KB): isMatch=false","timestamp":"2026-06-14 00:03:12"}
{"level":"info","message":"   -> Evaluated Rule [image-size] with target \"10\" (Search: contains, Contains: KB): isMatch=false","timestamp":"2026-06-14 00:03:12"}
{"level":"info","message":"   -> Evaluated Rule [image-text] with target \"\" (Search: contains, Contains: undefined): isMatch=true","timestamp":"2026-06-14 00:03:12"}
{"level":"info","message":"   -> Evaluated Rule [image-text-length] with target \"5\" (Search: contains, Contains: undefined): isMatch=false","timestamp":"2026-06-14 00:03:12"}
{"level":"info","message":"   -> Evaluated Rule [external-link-count] with target \"1\" (Search: contains, Contains: undefined): isMatch=false","timestamp":"2026-06-14 00:03:12"}
{"level":"info","message":"   -> Evaluated Rule [incoming-link-count] with target \"1\" (Search: contains, Contains: undefined): isMatch=false","timestamp":"2026-06-14 00:03:12"}
{"level":"info","message":"   -> Evaluated Rule [heading-text] with target \"\" (Search: contains, Contains: undefined): isMatch=true","timestamp":"2026-06-14 00:03:12"}
{"level":"info","message":"   -> Evaluated Rule [header-text-length] with target \"5\" (Search: contains, Contains: undefined): isMatch=false","timestamp":"2026-06-14 00:03:12"}
{"level":"info","message":"   -> Evaluated Rule [readability-level] with target \"5\" (Search: contains, Contains: undefined): isMatch=false","timestamp":"2026-06-14 00:03:12"}
{"level":"info","message":"   -> Evaluated Rule [meta-header] with target \"\" (Search: contains, Contains: undefined): isMatch=true","timestamp":"2026-06-14 00:03:12"}
{"level":"info","message":"   -> Evaluated Rule [meta-header-length] with target \"5\" (Search: contains, Contains: undefined): isMatch=false","timestamp":"2026-06-14 00:03:12"}
{"level":"info","message":"   -> Evaluated Rule [page-html] with target \"\" (Search: contains, Contains: undefined): isMatch=true","timestamp":"2026-06-14 00:03:12"}
{"level":"info","message":"✅ [https://omunim.com/] Saved 4 pages to database tenant_sbi.","timestamp":"2026-06-14 00:03:13"}
{"level":"info","message":"🚨 [https://omunim.com/] Saved 6 policy hits to database tenant_sbi.","timestamp":"2026-06-14 00:03:13"}
{"level":"info","message":"📊 [https://omunim.com/] Domain summary created in tenant_sbi. Final Score: 35","timestamp":"2026-06-14 00:03:13"}
{"level":"info","message":"📋 [omunim.com] Compiling detailed audit data snapshot for jobId: 7-1781375460893...","timestamp":"2026-06-14 00:03:13"}
{"level":"info","message":"💾 [omunim.com] Saved complete Audit details & summary snap to DB for jobId: 7-1781375460893","timestamp":"2026-06-14 00:03:13"}
{"level":"info","message":"🔍 [Scraper] HTML length: 10878 | Body length: 4176 | Total <a> tags: 11","timestamp":"2026-06-14 00:03:14"}
{"level":"info","message":"🔗 [Link Extraction] Page: https://jewellmaster.com/features/accounting-financial-management | hostNorm: jewellmaster.com | Found 11 total links (11 internal)","timestamp":"2026-06-14 00:03:14"}
{"level":"info","message":"📋 [omunim.com] QA scan saved: 4 pages, jobId 7-1781375460893","timestamp":"2026-06-14 00:03:14"}
{"level":"info","message":"♿ [omunim.com] Starting Accessibility scan for 4 pages...","timestamp":"2026-06-14 00:03:14"}
{"level":"info","message":"🚀 [PageSpeed API] Fetching metrics for https://jewellmaster.com/features/accounting-financial-management...","timestamp":"2026-06-14 00:03:17"}
{"level":"info","message":"♿ [omunim.com] Axe-core scanned 4/4","timestamp":"2026-06-14 00:03:23"}
{"level":"info","message":"✅ [omunim.com] Accessibility scan saved: 4 pages, jobId 7-1781375460893","timestamp":"2026-06-14 00:03:24"}
{"level":"info","message":"Job 7 (https://omunim.com/) completed successfully.","timestamp":"2026-06-14 00:03:24"}
{"level":"info","message":"[Job repeat:c10eea93bf68cc56fd5c63b351df3d32:1781375520000] 🚀 Executing scheduled global orchestration...","timestamp":"2026-06-14 00:03:24"}
{"level":"info","message":"Orchestrator: Starting global scan orchestration... ","timestamp":"2026-06-14 00:03:24"}
{"level":"info","message":"🔗 Connecting to MASTER database: master","timestamp":"2026-06-14 00:03:24"}
{"level":"info","message":"Orchestrator: Found 2 tenants to process.","timestamp":"2026-06-14 00:03:25"}
{"level":"info","message":"📁 Switching to CLIENT database: tenant_rbi (Tenant: rbi)","timestamp":"2026-06-14 00:03:25"}
{"level":"info","message":"Orchestrator: No domains found for tenant rbi (excluding those currently scanning).","timestamp":"2026-06-14 00:03:25"}
{"level":"info","message":"📁 Switching to CLIENT database: tenant_sbi (Tenant: sbi)","timestamp":"2026-06-14 00:03:25"}
{"level":"info","message":"Orchestrator: Found 1 domains for tenant sbi. Enqueueing jobs...","timestamp":"2026-06-14 00:03:25"}
{"level":"info","message":"  [1] Enqueued: https://jewellmaster.com","timestamp":"2026-06-14 00:03:25"}
{"level":"info","message":"Orchestrator: Master DB connection closed.","timestamp":"2026-06-14 00:03:25"}
{"level":"info","message":"✅ Orchestrator: Finished. Total jobs enqueued: 1","timestamp":"2026-06-14 00:03:25"}
{"level":"info","message":"Job repeat:c10eea93bf68cc56fd5c63b351df3d32:1781375520000 (Orchestrator) completed successfully.","timestamp":"2026-06-14 00:03:25"}
{"level":"info","message":"[Job 10] 🔍 Starting scan for: https://jewellmaster.com","timestamp":"2026-06-14 00:03:25"}
{"level":"info","message":"[https://jewellmaster.com] Checking domain status for ID: 6a086772439e555ef5630506. Found: true, Deleted: false, Archived: false, Status: active","timestamp":"2026-06-14 00:03:25"}
{"level":"info","message":"🔍 [Crawl] Queue: 0 | Visited: 1 | Scanning: https://jewellmaster.com/","timestamp":"2026-06-14 00:03:26"}
{"level":"info","message":"🔍 [Domain: jewellmaster.com] [Page 1/10] Scanning: https://jewellmaster.com/","timestamp":"2026-06-14 00:03:26"}
{"level":"info","message":"✅ [PageSpeed API] Score for https://jewellmaster.com/: 77","timestamp":"2026-06-14 00:03:27"}
{"level":"info","message":"📊 [Lighthouse] Results for https://jewellmaster.com/: Performance: 77, SEO: 92, Accessibility: 88","timestamp":"2026-06-14 00:03:27"}
{"level":"info","message":"🔍 [Domain: jewellmaster.com] [Page 1/10] Found 2 internal links on https://jewellmaster.com/","timestamp":"2026-06-14 00:03:27"}
{"level":"info","message":"➕ [Queue] Adding: https://jewellmaster.com/features (targetHost: jewellmaster.com, hostNorm: jewellmaster.com)","timestamp":"2026-06-14 00:03:27"}
{"level":"info","message":"➕ [Queue] Adding: https://jewellmaster.com/demo.html (targetHost: jewellmaster.com, hostNorm: jewellmaster.com)","timestamp":"2026-06-14 00:03:27"}
{"level":"info","message":"🔍 [Crawl] Queue: 1 | Visited: 2 | Scanning: https://jewellmaster.com/features","timestamp":"2026-06-14 00:03:27"}
{"level":"info","message":"🔍 [Domain: jewellmaster.com] [Page 2/10] Scanning: https://jewellmaster.com/features","timestamp":"2026-06-14 00:03:27"}
{"level":"info","message":"🔍 [Scraper] HTML length: 10711 | Body length: 3978 | Total <a> tags: 11","timestamp":"2026-06-14 00:03:30"}
{"level":"info","message":"🔗 [Link Extraction] Page: https://jewellmaster.com/features | hostNorm: jewellmaster.com | Found 11 total links (11 internal)","timestamp":"2026-06-14 00:03:30"}
{"level":"info","message":"🚀 [PageSpeed API] Fetching metrics for https://jewellmaster.com/features...","timestamp":"2026-06-14 00:03:33"}
{"level":"info","message":"✅ [PageSpeed API] Score for https://jewellmaster.com/features/accounting-financial-management: 90","timestamp":"2026-06-14 00:03:35"}
{"level":"info","message":"📊 [Lighthouse] Results for https://jewellmaster.com/features/accounting-financial-management: Performance: 90, SEO: 92, Accessibility: 100","timestamp":"2026-06-14 00:03:35"}
{"level":"info","message":"🔍 [Domain: jewellmaster.com] [Page 7/10] Found 11 internal links on https://jewellmaster.com/features/accounting-financial-management","timestamp":"2026-06-14 00:03:35"}
{"level":"info","message":"🔍 [Crawl] Queue: 5 | Visited: 8 | Scanning: https://jewellmaster.com/features/ai-powered-reports","timestamp":"2026-06-14 00:03:35"}
{"level":"info","message":"🔍 [Domain: jewellmaster.com] [Page 8/10] Scanning: https://jewellmaster.com/features/ai-powered-reports","timestamp":"2026-06-14 00:03:35"}
{"level":"info","message":"🔍 [Scraper] HTML length: 10800 | Body length: 4124 | Total <a> tags: 11","timestamp":"2026-06-14 00:03:39"}
{"level":"info","message":"🔗 [Link Extraction] Page: https://jewellmaster.com/features/ai-powered-reports | hostNorm: jewellmaster.com | Found 11 total links (11 internal)","timestamp":"2026-06-14 00:03:39"}
{"level":"info","message":"🚀 [PageSpeed API] Fetching metrics for https://jewellmaster.com/features/ai-powered-reports...","timestamp":"2026-06-14 00:03:42"}
{"level":"info","message":"🔍 [Scraper] HTML length: 56417 | Body length: 25027 | Total <a> tags: 3","timestamp":"2026-06-14 00:03:44"}
{"level":"info","message":"🔗 [Link Extraction] Page: https://jewellmaster.com/ | hostNorm: jewellmaster.com | Found 3 total links (2 internal)","timestamp":"2026-06-14 00:03:44"}
{"level":"info","message":"🚀 [PageSpeed API] Fetching metrics for https://jewellmaster.com/...","timestamp":"2026-06-14 00:03:46"}
{"level":"info","message":"✅ [PageSpeed API] Score for https://jewellmaster.com/: 77","timestamp":"2026-06-14 00:03:47"}
{"level":"info","message":"📊 [Lighthouse] Results for https://jewellmaster.com/: Performance: 77, SEO: 92, Accessibility: 88","timestamp":"2026-06-14 00:03:47"}
{"level":"info","message":"🔍 [Domain: jewellmaster.com] [Page 1/10] Found 2 internal links on https://jewellmaster.com/","timestamp":"2026-06-14 00:03:47"}
{"level":"info","message":"➕ [Queue] Adding: https://jewellmaster.com/features (targetHost: jewellmaster.com, hostNorm: jewellmaster.com)","timestamp":"2026-06-14 00:03:47"}
{"level":"info","message":"➕ [Queue] Adding: https://jewellmaster.com/demo.html (targetHost: jewellmaster.com, hostNorm: jewellmaster.com)","timestamp":"2026-06-14 00:03:47"}
{"level":"info","message":"🔍 [Crawl] Queue: 1 | Visited: 2 | Scanning: https://jewellmaster.com/features","timestamp":"2026-06-14 00:03:47"}
{"level":"info","message":"🔍 [Domain: jewellmaster.com] [Page 2/10] Scanning: https://jewellmaster.com/features","timestamp":"2026-06-14 00:03:47"}
{"level":"info","message":"🔍 [Scraper] HTML length: 10711 | Body length: 3978 | Total <a> tags: 11","timestamp":"2026-06-14 00:03:52"}
{"level":"info","message":"🔗 [Link Extraction] Page: https://jewellmaster.com/features | hostNorm: jewellmaster.com | Found 11 total links (11 internal)","timestamp":"2026-06-14 00:03:52"}
{"level":"info","message":"✅ [PageSpeed API] Score for https://jewellmaster.com/features: 92","timestamp":"2026-06-14 00:03:52"}
{"level":"info","message":"📊 [Lighthouse] Results for https://jewellmaster.com/features: Performance: 92, SEO: 92, Accessibility: 100","timestamp":"2026-06-14 00:03:52"}
{"level":"info","message":"🔍 [Domain: jewellmaster.com] [Page 2/10] Found 11 internal links on https://jewellmaster.com/features","timestamp":"2026-06-14 00:03:52"}
{"level":"info","message":"➕ [Queue] Adding: https://jewellmaster.com/features/jewelry-inventory-management (targetHost: jewellmaster.com, hostNorm: jewellmaster.com)","timestamp":"2026-06-14 00:03:52"}
{"level":"info","message":"➕ [Queue] Adding: https://jewellmaster.com/features/gst-billing-invoicing (targetHost: jewellmaster.com, hostNorm: jewellmaster.com)","timestamp":"2026-06-14 00:03:52"}
{"level":"info","message":"➕ [Queue] Adding: https://jewellmaster.com/features/crm-customer-management (targetHost: jewellmaster.com, hostNorm: jewellmaster.com)","timestamp":"2026-06-14 00:03:52"}
{"level":"info","message":"➕ [Queue] Adding: https://jewellmaster.com/features/accounting-financial-management (targetHost: jewellmaster.com, hostNorm: jewellmaster.com)","timestamp":"2026-06-14 00:03:52"}
{"level":"info","message":"➕ [Queue] Adding: https://jewellmaster.com/features/ai-powered-reports (targetHost: jewellmaster.com, hostNorm: jewellmaster.com)","timestamp":"2026-06-14 00:03:52"}
{"level":"info","message":"➕ [Queue] Adding: https://jewellmaster.com/features/multi-branch-management (targetHost: jewellmaster.com, hostNorm: jewellmaster.com)","timestamp":"2026-06-14 00:03:52"}
{"level":"info","message":"➕ [Queue] Adding: https://jewellmaster.com/features/mobile-app (targetHost: jewellmaster.com, hostNorm: jewellmaster.com)","timestamp":"2026-06-14 00:03:52"}
{"level":"info","message":"➕ [Queue] Adding: https://jewellmaster.com/features/integrations (targetHost: jewellmaster.com, hostNorm: jewellmaster.com)","timestamp":"2026-06-14 00:03:52"}
{"level":"info","message":"➕ [Queue] Adding: https://jewellmaster.com/features/security-reliability (targetHost: jewellmaster.com, hostNorm: jewellmaster.com)","timestamp":"2026-06-14 00:03:52"}
{"level":"info","message":"🔍 [Crawl] Queue: 9 | Visited: 3 | Scanning: https://jewellmaster.com/demo.html","timestamp":"2026-06-14 00:03:52"}
{"level":"info","message":"🔍 [Domain: jewellmaster.com] [Page 3/10] Scanning: https://jewellmaster.com/demo.html","timestamp":"2026-06-14 00:03:52"}
{"level":"info","message":"🚀 [PageSpeed API] Fetching metrics for https://jewellmaster.com/features...","timestamp":"2026-06-14 00:03:55"}
{"level":"info","message":"✅ [PageSpeed API] Score for https://jewellmaster.com/features: 92","timestamp":"2026-06-14 00:03:56"}
{"level":"info","message":"📊 [Lighthouse] Results for https://jewellmaster.com/features: Performance: 92, SEO: 92, Accessibility: 100","timestamp":"2026-06-14 00:03:56"}
{"level":"info","message":"🔍 [Domain: jewellmaster.com] [Page 2/10] Found 11 internal links on https://jewellmaster.com/features","timestamp":"2026-06-14 00:03:56"}
{"level":"info","message":"➕ [Queue] Adding: https://jewellmaster.com/features/jewelry-inventory-management (targetHost: jewellmaster.com, hostNorm: jewellmaster.com)","timestamp":"2026-06-14 00:03:56"}
{"level":"info","message":"➕ [Queue] Adding: https://jewellmaster.com/features/gst-billing-invoicing (targetHost: jewellmaster.com, hostNorm: jewellmaster.com)","timestamp":"2026-06-14 00:03:56"}
{"level":"info","message":"➕ [Queue] Adding: https://jewellmaster.com/features/crm-customer-management (targetHost: jewellmaster.com, hostNorm: jewellmaster.com)","timestamp":"2026-06-14 00:03:56"}
{"level":"info","message":"➕ [Queue] Adding: https://jewellmaster.com/features/accounting-financial-management (targetHost: jewellmaster.com, hostNorm: jewellmaster.com)","timestamp":"2026-06-14 00:03:56"}
{"level":"info","message":"➕ [Queue] Adding: https://jewellmaster.com/features/ai-powered-reports (targetHost: jewellmaster.com, hostNorm: jewellmaster.com)","timestamp":"2026-06-14 00:03:56"}
{"level":"info","message":"➕ [Queue] Adding: https://jewellmaster.com/features/multi-branch-management (targetHost: jewellmaster.com, hostNorm: jewellmaster.com)","timestamp":"2026-06-14 00:03:56"}
{"level":"info","message":"➕ [Queue] Adding: https://jewellmaster.com/features/mobile-app (targetHost: jewellmaster.com, hostNorm: jewellmaster.com)","timestamp":"2026-06-14 00:03:56"}
{"level":"info","message":"➕ [Queue] Adding: https://jewellmaster.com/features/integrations (targetHost: jewellmaster.com, hostNorm: jewellmaster.com)","timestamp":"2026-06-14 00:03:56"}
{"level":"info","message":"➕ [Queue] Adding: https://jewellmaster.com/features/security-reliability (targetHost: jewellmaster.com, hostNorm: jewellmaster.com)","timestamp":"2026-06-14 00:03:56"}
{"level":"info","message":"🔍 [Crawl] Queue: 9 | Visited: 3 | Scanning: https://jewellmaster.com/demo.html","timestamp":"2026-06-14 00:03:56"}
{"level":"info","message":"🔍 [Domain: jewellmaster.com] [Page 3/10] Scanning: https://jewellmaster.com/demo.html","timestamp":"2026-06-14 00:03:56"}
{"level":"info","message":"✅ [PageSpeed API] Score for https://jewellmaster.com/features/ai-powered-reports: 90","timestamp":"2026-06-14 00:04:00"}
{"level":"info","message":"📊 [Lighthouse] Results for https://jewellmaster.com/features/ai-powered-reports: Performance: 90, SEO: 92, Accessibility: 100","timestamp":"2026-06-14 00:04:00"}
{"level":"info","message":"🔍 [Domain: jewellmaster.com] [Page 8/10] Found 11 internal links on https://jewellmaster.com/features/ai-powered-reports","timestamp":"2026-06-14 00:04:00"}
{"level":"info","message":"🔍 [Crawl] Queue: 4 | Visited: 9 | Scanning: https://jewellmaster.com/features/multi-branch-management","timestamp":"2026-06-14 00:04:00"}
{"level":"info","message":"🔍 [Domain: jewellmaster.com] [Page 9/10] Scanning: https://jewellmaster.com/features/multi-branch-management","timestamp":"2026-06-14 00:04:00"}
{"level":"info","message":"🔍 [Scraper] HTML length: 10798 | Body length: 4111 | Total <a> tags: 11","timestamp":"2026-06-14 00:04:05"}
{"level":"info","message":"🔗 [Link Extraction] Page: https://jewellmaster.com/features/multi-branch-management | hostNorm: jewellmaster.com | Found 11 total links (11 internal)","timestamp":"2026-06-14 00:04:05"}
{"level":"info","message":"🚀 [PageSpeed API] Fetching metrics for https://jewellmaster.com/features/multi-branch-management...","timestamp":"2026-06-14 00:04:08"}
{"level":"info","message":"🔍 [Scraper] HTML length: 24659 | Body length: 13539 | Total <a> tags: 3","timestamp":"2026-06-14 00:04:11"}
{"level":"info","message":"🔗 [Link Extraction] Page: https://jewellmaster.com/demo | hostNorm: jewellmaster.com | Found 3 total links (2 internal)","timestamp":"2026-06-14 00:04:11"}
{"level":"info","message":"🚀 [PageSpeed API] Fetching metrics for https://jewellmaster.com/demo...","timestamp":"2026-06-14 00:04:14"}
{"level":"info","message":"🔍 [Scraper] HTML length: 24659 | Body length: 13539 | Total <a> tags: 3","timestamp":"2026-06-14 00:04:15"}
{"level":"info","message":"🔗 [Link Extraction] Page: https://jewellmaster.com/demo | hostNorm: jewellmaster.com | Found 3 total links (2 internal)","timestamp":"2026-06-14 00:04:15"}
{"level":"info","message":"🚀 [PageSpeed API] Fetching metrics for https://jewellmaster.com/demo...","timestamp":"2026-06-14 00:04:18"}
{"level":"info","message":"✅ [PageSpeed API] Score for https://jewellmaster.com/features/multi-branch-management: 89","timestamp":"2026-06-14 00:04:28"}
{"level":"info","message":"📊 [Lighthouse] Results for https://jewellmaster.com/features/multi-branch-management: Performance: 89, SEO: 92, Accessibility: 100","timestamp":"2026-06-14 00:04:28"}
{"level":"info","message":"🔍 [Domain: jewellmaster.com] [Page 9/10] Found 11 internal links on https://jewellmaster.com/features/multi-branch-management","timestamp":"2026-06-14 00:04:28"}
{"level":"info","message":"🔍 [Crawl] Queue: 3 | Visited: 10 | Scanning: https://jewellmaster.com/features/mobile-app","timestamp":"2026-06-14 00:04:28"}
{"level":"info","message":"🔍 [Domain: jewellmaster.com] [Page 10/10] Scanning: https://jewellmaster.com/features/mobile-app","timestamp":"2026-06-14 00:04:28"}
{"level":"info","message":"🔍 [Scraper] HTML length: 10784 | Body length: 4099 | Total <a> tags: 11","timestamp":"2026-06-14 00:04:33"}
{"level":"info","message":"🔗 [Link Extraction] Page: https://jewellmaster.com/features/mobile-app | hostNorm: jewellmaster.com | Found 11 total links (11 internal)","timestamp":"2026-06-14 00:04:33"}
{"level":"info","message":"✅ [PageSpeed API] Score for https://jewellmaster.com/demo: 86","timestamp":"2026-06-14 00:04:33"}
{"level":"info","message":"📊 [Lighthouse] Results for https://jewellmaster.com/demo: Performance: 86, SEO: 85, Accessibility: 69","timestamp":"2026-06-14 00:04:33"}
{"level":"info","message":"✅ [PageSpeed API] Score for https://jewellmaster.com/demo: 86","timestamp":"2026-06-14 00:04:33"}
{"level":"info","message":"📊 [Lighthouse] Results for https://jewellmaster.com/demo: Performance: 86, SEO: 85, Accessibility: 69","timestamp":"2026-06-14 00:04:33"}
{"level":"info","message":"🔍 [Domain: jewellmaster.com] [Page 3/10] Found 2 internal links on https://jewellmaster.com/demo.html","timestamp":"2026-06-14 00:04:33"}
{"level":"info","message":"➕ [Queue] Adding: https://jewellmaster.com/demo (targetHost: jewellmaster.com, hostNorm: jewellmaster.com)","timestamp":"2026-06-14 00:04:33"}
{"level":"info","message":"🔍 [Crawl] Queue: 9 | Visited: 4 | Scanning: https://jewellmaster.com/features/jewelry-inventory-management","timestamp":"2026-06-14 00:04:33"}
{"level":"info","message":"🔍 [Domain: jewellmaster.com] [Page 4/10] Scanning: https://jewellmaster.com/features/jewelry-inventory-management","timestamp":"2026-06-14 00:04:33"}
{"level":"info","message":"🔍 [Domain: jewellmaster.com] [Page 3/10] Found 2 internal links on https://jewellmaster.com/demo.html","timestamp":"2026-06-14 00:04:33"}
{"level":"info","message":"➕ [Queue] Adding: https://jewellmaster.com/demo (targetHost: jewellmaster.com, hostNorm: jewellmaster.com)","timestamp":"2026-06-14 00:04:33"}
{"level":"info","message":"🔍 [Crawl] Queue: 9 | Visited: 4 | Scanning: https://jewellmaster.com/features/jewelry-inventory-management","timestamp":"2026-06-14 00:04:33"}
{"level":"info","message":"🔍 [Domain: jewellmaster.com] [Page 4/10] Scanning: https://jewellmaster.com/features/jewelry-inventory-management","timestamp":"2026-06-14 00:04:33"}
{"level":"info","message":"🚀 [PageSpeed API] Fetching metrics for https://jewellmaster.com/features/mobile-app...","timestamp":"2026-06-14 00:04:36"}
{"level":"info","message":"🔍 [Scraper] HTML length: 10851 | Body length: 4145 | Total <a> tags: 11","timestamp":"2026-06-14 00:04:38"}
{"level":"info","message":"🔗 [Link Extraction] Page: https://jewellmaster.com/features/jewelry-inventory-management | hostNorm: jewellmaster.com | Found 11 total links (11 internal)","timestamp":"2026-06-14 00:04:38"}
{"level":"info","message":"🔍 [Scraper] HTML length: 10851 | Body length: 4145 | Total <a> tags: 11","timestamp":"2026-06-14 00:04:39"}
{"level":"info","message":"🔗 [Link Extraction] Page: https://jewellmaster.com/features/jewelry-inventory-management | hostNorm: jewellmaster.com | Found 11 total links (11 internal)","timestamp":"2026-06-14 00:04:39"}
{"level":"info","message":"🚀 [PageSpeed API] Fetching metrics for https://jewellmaster.com/features/jewelry-inventory-management...","timestamp":"2026-06-14 00:04:42"}
{"level":"info","message":"🚀 [PageSpeed API] Fetching metrics for https://jewellmaster.com/features/jewelry-inventory-management...","timestamp":"2026-06-14 00:04:42"}
{"level":"info","message":"✅ [PageSpeed API] Score for https://jewellmaster.com/features/mobile-app: 90","timestamp":"2026-06-14 00:04:53"}
{"level":"info","message":"📊 [Lighthouse] Results for https://jewellmaster.com/features/mobile-app: Performance: 90, SEO: 92, Accessibility: 100","timestamp":"2026-06-14 00:04:53"}
{"level":"info","message":"🔍 [Domain: jewellmaster.com] [Page 10/10] Found 11 internal links on https://jewellmaster.com/features/mobile-app","timestamp":"2026-06-14 00:04:53"}
{"level":"info","message":"[https://jewellmaster.com] Evaluating 1 policies against 10 pages.","timestamp":"2026-06-14 00:04:54"}
{"level":"info","message":"   -> Evaluated Rule [text] with target \"\" (Search: contains, Contains: undefined): isMatch=true","timestamp":"2026-06-14 00:04:54"}
{"level":"info","message":"   -> Evaluated Rule [page-title] with target \"\" (Search: contains, Contains: undefined): isMatch=true","timestamp":"2026-06-14 00:04:54"}
{"level":"info","message":"   -> Evaluated Rule [page-title-length] with target \"10\" (Search: contains, Contains: undefined): isMatch=false","timestamp":"2026-06-14 00:04:54"}
{"level":"info","message":"   -> Evaluated Rule [page-url] with target \"\" (Search: contains, Contains: undefined): isMatch=true","timestamp":"2026-06-14 00:04:54"}
{"level":"info","message":"   -> Evaluated Rule [link] with target \"\" (Search: contains, Contains: undefined): isMatch=true","timestamp":"2026-06-14 00:04:54"}
{"level":"info","message":"   -> Evaluated Rule [link-text] with target \"\" (Search: contains, Contains: undefined): isMatch=true","timestamp":"2026-06-14 00:04:54"}
{"level":"info","message":"   -> Evaluated Rule [link-text-length] with target \"5\" (Search: contains, Contains: undefined): isMatch=false","timestamp":"2026-06-14 00:04:54"}
{"level":"info","message":"   -> Evaluated Rule [file-size] with target \"10\" (Search: contains, Contains: KB): isMatch=false","timestamp":"2026-06-14 00:04:54"}
{"level":"info","message":"   -> Evaluated Rule [image-size] with target \"10\" (Search: contains, Contains: KB): isMatch=false","timestamp":"2026-06-14 00:04:54"}
{"level":"info","message":"   -> Evaluated Rule [image-text] with target \"\" (Search: contains, Contains: undefined): isMatch=true","timestamp":"2026-06-14 00:04:54"}
{"level":"info","message":"   -> Evaluated Rule [image-text-length] with target \"5\" (Search: contains, Contains: undefined): isMatch=false","timestamp":"2026-06-14 00:04:54"}
{"level":"info","message":"   -> Evaluated Rule [external-link-count] with target \"1\" (Search: contains, Contains: undefined): isMatch=false","timestamp":"2026-06-14 00:04:54"}
{"level":"info","message":"   -> Evaluated Rule [incoming-link-count] with target \"1\" (Search: contains, Contains: undefined): isMatch=false","timestamp":"2026-06-14 00:04:54"}
{"level":"info","message":"   -> Evaluated Rule [heading-text] with target \"\" (Search: contains, Contains: undefined): isMatch=true","timestamp":"2026-06-14 00:04:54"}
{"level":"info","message":"   -> Evaluated Rule [header-text-length] with target \"5\" (Search: contains, Contains: undefined): isMatch=false","timestamp":"2026-06-14 00:04:54"}
{"level":"info","message":"   -> Evaluated Rule [readability-level] with target \"5\" (Search: contains, Contains: undefined): isMatch=false","timestamp":"2026-06-14 00:04:54"}
{"level":"info","message":"   -> Evaluated Rule [meta-header] with target \"\" (Search: contains, Contains: undefined): isMatch=true","timestamp":"2026-06-14 00:04:54"}
{"level":"info","message":"   -> Evaluated Rule [meta-header-length] with target \"5\" (Search: contains, Contains: undefined): isMatch=false","timestamp":"2026-06-14 00:04:54"}
{"level":"info","message":"   -> Evaluated Rule [page-html] with target \"\" (Search: contains, Contains: undefined): isMatch=true","timestamp":"2026-06-14 00:04:54"}
{"level":"info","message":"   -> Evaluated Rule [text] with target \"\" (Search: contains, Contains: undefined): isMatch=true","timestamp":"2026-06-14 00:04:54"}
{"level":"info","message":"   -> Evaluated Rule [page-title] with target \"\" (Search: contains, Contains: undefined): isMatch=true","timestamp":"2026-06-14 00:04:54"}
{"level":"info","message":"   -> Evaluated Rule [page-title-length] with target \"10\" (Search: contains, Contains: undefined): isMatch=false","timestamp":"2026-06-14 00:04:54"}
{"level":"info","message":"   -> Evaluated Rule [page-url] with target \"\" (Search: contains, Contains: undefined): isMatch=true","timestamp":"2026-06-14 00:04:54"}
{"level":"info","message":"   -> Evaluated Rule [link] with target \"\" (Search: contains, Contains: undefined): isMatch=true","timestamp":"2026-06-14 00:04:54"}
{"level":"info","message":"   -> Evaluated Rule [link-text] with target \"\" (Search: contains, Contains: undefined): isMatch=true","timestamp":"2026-06-14 00:04:54"}
{"level":"info","message":"   -> Evaluated Rule [link-text-length] with target \"5\" (Search: contains, Contains: undefined): isMatch=false","timestamp":"2026-06-14 00:04:54"}
{"level":"info","message":"   -> Evaluated Rule [file-size] with target \"10\" (Search: contains, Contains: KB): isMatch=false","timestamp":"2026-06-14 00:04:54"}
{"level":"info","message":"   -> Evaluated Rule [image-size] with target \"10\" (Search: contains, Contains: KB): isMatch=false","timestamp":"2026-06-14 00:04:54"}
{"level":"info","message":"   -> Evaluated Rule [image-text] with target \"\" (Search: contains, Contains: undefined): isMatch=true","timestamp":"2026-06-14 00:04:54"}
{"level":"info","message":"   -> Evaluated Rule [image-text-length] with target \"5\" (Search: contains, Contains: undefined): isMatch=false","timestamp":"2026-06-14 00:04:54"}
{"level":"info","message":"   -> Evaluated Rule [external-link-count] with target \"1\" (Search: contains, Contains: undefined): isMatch=false","timestamp":"2026-06-14 00:04:54"}
{"level":"info","message":"   -> Evaluated Rule [incoming-link-count] with target \"1\" (Search: contains, Contains: undefined): isMatch=false","timestamp":"2026-06-14 00:04:54"}
{"level":"info","message":"   -> Evaluated Rule [heading-text] with target \"\" (Search: contains, Contains: undefined): isMatch=true","timestamp":"2026-06-14 00:04:54"}
{"level":"info","message":"   -> Evaluated Rule [header-text-length] with target \"5\" (Search: contains, Contains: undefined): isMatch=false","timestamp":"2026-06-14 00:04:54"}
{"level":"info","message":"   -> Evaluated Rule [readability-level] with target \"5\" (Search: contains, Contains: undefined): isMatch=false","timestamp":"2026-06-14 00:04:54"}
{"level":"info","message":"   -> Evaluated Rule [meta-header] with target \"\" (Search: contains, Contains: undefined): isMatch=true","timestamp":"2026-06-14 00:04:54"}
{"level":"info","message":"   -> Evaluated Rule [meta-header-length] with target \"5\" (Search: contains, Contains: undefined): isMatch=false","timestamp":"2026-06-14 00:04:54"}
{"level":"info","message":"   -> Evaluated Rule [page-html] with target \"\" (Search: contains, Contains: undefined): isMatch=true","timestamp":"2026-06-14 00:04:54"}
{"level":"info","message":"   -> Evaluated Rule [text] with target \"\" (Search: contains, Contains: undefined): isMatch=true","timestamp":"2026-06-14 00:04:54"}
{"level":"info","message":"   -> Evaluated Rule [page-title] with target \"\" (Search: contains, Contains: undefined): isMatch=true","timestamp":"2026-06-14 00:04:54"}
{"level":"info","message":"   -> Evaluated Rule [page-title-length] with target \"10\" (Search: contains, Contains: undefined): isMatch=false","timestamp":"2026-06-14 00:04:54"}
{"level":"info","message":"   -> Evaluated Rule [page-url] with target \"\" (Search: contains, Contains: undefined): isMatch=true","timestamp":"2026-06-14 00:04:54"}
{"level":"info","message":"   -> Evaluated Rule [link] with target \"\" (Search: contains, Contains: undefined): isMatch=true","timestamp":"2026-06-14 00:04:54"}
{"level":"info","message":"   -> Evaluated Rule [link-text] with target \"\" (Search: contains, Contains: undefined): isMatch=true","timestamp":"2026-06-14 00:04:54"}
{"level":"info","message":"   -> Evaluated Rule [link-text-length] with target \"5\" (Search: contains, Contains: undefined): isMatch=false","timestamp":"2026-06-14 00:04:54"}
{"level":"info","message":"   -> Evaluated Rule [file-size] with target \"10\" (Search: contains, Contains: KB): isMatch=false","timestamp":"2026-06-14 00:04:54"}
{"level":"info","message":"   -> Evaluated Rule [image-size] with target \"10\" (Search: contains, Contains: KB): isMatch=false","timestamp":"2026-06-14 00:04:54"}
{"level":"info","message":"   -> Evaluated Rule [image-text] with target \"\" (Search: contains, Contains: undefined): isMatch=true","timestamp":"2026-06-14 00:04:54"}
{"level":"info","message":"   -> Evaluated Rule [image-text-length] with target \"5\" (Search: contains, Contains: undefined): isMatch=false","timestamp":"2026-06-14 00:04:54"}
{"level":"info","message":"   -> Evaluated Rule [external-link-count] with target \"1\" (Search: contains, Contains: undefined): isMatch=false","timestamp":"2026-06-14 00:04:54"}
{"level":"info","message":"   -> Evaluated Rule [incoming-link-count] with target \"1\" (Search: contains, Contains: undefined): isMatch=false","timestamp":"2026-06-14 00:04:54"}
{"level":"info","message":"   -> Evaluated Rule [heading-text] with target \"\" (Search: contains, Contains: undefined): isMatch=true","timestamp":"2026-06-14 00:04:54"}
{"level":"info","message":"   -> Evaluated Rule [header-text-length] with target \"5\" (Search: contains, Contains: undefined): isMatch=false","timestamp":"2026-06-14 00:04:54"}
{"level":"info","message":"   -> Evaluated Rule [readability-level] with target \"5\" (Search: contains, Contains: undefined): isMatch=false","timestamp":"2026-06-14 00:04:54"}
{"level":"info","message":"   -> Evaluated Rule [meta-header] with target \"\" (Search: contains, Contains: undefined): isMatch=true","timestamp":"2026-06-14 00:04:54"}
{"level":"info","message":"   -> Evaluated Rule [meta-header-length] with target \"5\" (Search: contains, Contains: undefined): isMatch=false","timestamp":"2026-06-14 00:04:54"}
{"level":"info","message":"   -> Evaluated Rule [page-html] with target \"\" (Search: contains, Contains: undefined): isMatch=true","timestamp":"2026-06-14 00:04:54"}
{"level":"info","message":"   -> Evaluated Rule [text] with target \"\" (Search: contains, Contains: undefined): isMatch=true","timestamp":"2026-06-14 00:04:54"}
{"level":"info","message":"   -> Evaluated Rule [page-title] with target \"\" (Search: contains, Contains: undefined): isMatch=true","timestamp":"2026-06-14 00:04:54"}
{"level":"info","message":"   -> Evaluated Rule [page-title-length] with target \"10\" (Search: contains, Contains: undefined): isMatch=false","timestamp":"2026-06-14 00:04:54"}
{"level":"info","message":"   -> Evaluated Rule [page-url] with target \"\" (Search: contains, Contains: undefined): isMatch=true","timestamp":"2026-06-14 00:04:54"}
{"level":"info","message":"   -> Evaluated Rule [link] with target \"\" (Search: contains, Contains: undefined): isMatch=true","timestamp":"2026-06-14 00:04:54"}
{"level":"info","message":"   -> Evaluated Rule [link-text] with target \"\" (Search: contains, Contains: undefined): isMatch=true","timestamp":"2026-06-14 00:04:54"}
{"level":"info","message":"   -> Evaluated Rule [link-text-length] with target \"5\" (Search: contains, Contains: undefined): isMatch=false","timestamp":"2026-06-14 00:04:54"}
{"level":"info","message":"   -> Evaluated Rule [file-size] with target \"10\" (Search: contains, Contains: KB): isMatch=false","timestamp":"2026-06-14 00:04:54"}
{"level":"info","message":"   -> Evaluated Rule [image-size] with target \"10\" (Search: contains, Contains: KB): isMatch=false","timestamp":"2026-06-14 00:04:54"}
{"level":"info","message":"   -> Evaluated Rule [image-text] with target \"\" (Search: contains, Contains: undefined): isMatch=true","timestamp":"2026-06-14 00:04:54"}
{"level":"info","message":"   -> Evaluated Rule [image-text-length] with target \"5\" (Search: contains, Contains: undefined): isMatch=false","timestamp":"2026-06-14 00:04:54"}
{"level":"info","message":"   -> Evaluated Rule [external-link-count] with target \"1\" (Search: contains, Contains: undefined): isMatch=false","timestamp":"2026-06-14 00:04:54"}
{"level":"info","message":"   -> Evaluated Rule [incoming-link-count] with target \"1\" (Search: contains, Contains: undefined): isMatch=false","timestamp":"2026-06-14 00:04:54"}
{"level":"info","message":"   -> Evaluated Rule [heading-text] with target \"\" (Search: contains, Contains: undefined): isMatch=true","timestamp":"2026-06-14 00:04:54"}
{"level":"info","message":"   -> Evaluated Rule [header-text-length] with target \"5\" (Search: contains, Contains: undefined): isMatch=false","timestamp":"2026-06-14 00:04:54"}
{"level":"info","message":"   -> Evaluated Rule [readability-level] with target \"5\" (Search: contains, Contains: undefined): isMatch=false","timestamp":"2026-06-14 00:04:54"}
{"level":"info","message":"   -> Evaluated Rule [meta-header] with target \"\" (Search: contains, Contains: undefined): isMatch=true","timestamp":"2026-06-14 00:04:54"}
{"level":"info","message":"   -> Evaluated Rule [meta-header-length] with target \"5\" (Search: contains, Contains: undefined): isMatch=false","timestamp":"2026-06-14 00:04:54"}
{"level":"info","message":"   -> Evaluated Rule [page-html] with target \"\" (Search: contains, Contains: undefined): isMatch=true","timestamp":"2026-06-14 00:04:54"}
{"level":"info","message":"   -> Evaluated Rule [text] with target \"\" (Search: contains, Contains: undefined): isMatch=true","timestamp":"2026-06-14 00:04:54"}
{"level":"info","message":"   -> Evaluated Rule [page-title] with target \"\" (Search: contains, Contains: undefined): isMatch=true","timestamp":"2026-06-14 00:04:54"}
{"level":"info","message":"   -> Evaluated Rule [page-title-length] with target \"10\" (Search: contains, Contains: undefined): isMatch=false","timestamp":"2026-06-14 00:04:54"}
{"level":"info","message":"   -> Evaluated Rule [page-url] with target \"\" (Search: contains, Contains: undefined): isMatch=true","timestamp":"2026-06-14 00:04:54"}
{"level":"info","message":"   -> Evaluated Rule [link] with target \"\" (Search: contains, Contains: undefined): isMatch=true","timestamp":"2026-06-14 00:04:54"}
{"level":"info","message":"   -> Evaluated Rule [link-text] with target \"\" (Search: contains, Contains: undefined): isMatch=true","timestamp":"2026-06-14 00:04:54"}
{"level":"info","message":"   -> Evaluated Rule [link-text-length] with target \"5\" (Search: contains, Contains: undefined): isMatch=false","timestamp":"2026-06-14 00:04:54"}
{"level":"info","message":"   -> Evaluated Rule [file-size] with target \"10\" (Search: contains, Contains: KB): isMatch=false","timestamp":"2026-06-14 00:04:54"}
{"level":"info","message":"   -> Evaluated Rule [image-size] with target \"10\" (Search: contains, Contains: KB): isMatch=false","timestamp":"2026-06-14 00:04:54"}
{"level":"info","message":"   -> Evaluated Rule [image-text] with target \"\" (Search: contains, Contains: undefined): isMatch=true","timestamp":"2026-06-14 00:04:54"}
{"level":"info","message":"   -> Evaluated Rule [image-text-length] with target \"5\" (Search: contains, Contains: undefined): isMatch=false","timestamp":"2026-06-14 00:04:54"}
{"level":"info","message":"   -> Evaluated Rule [external-link-count] with target \"1\" (Search: contains, Contains: undefined): isMatch=false","timestamp":"2026-06-14 00:04:54"}
{"level":"info","message":"   -> Evaluated Rule [incoming-link-count] with target \"1\" (Search: contains, Contains: undefined): isMatch=false","timestamp":"2026-06-14 00:04:54"}
{"level":"info","message":"   -> Evaluated Rule [heading-text] with target \"\" (Search: contains, Contains: undefined): isMatch=true","timestamp":"2026-06-14 00:04:54"}
{"level":"info","message":"   -> Evaluated Rule [header-text-length] with target \"5\" (Search: contains, Contains: undefined): isMatch=false","timestamp":"2026-06-14 00:04:54"}
{"level":"info","message":"   -> Evaluated Rule [readability-level] with target \"5\" (Search: contains, Contains: undefined): isMatch=false","timestamp":"2026-06-14 00:04:54"}
{"level":"info","message":"   -> Evaluated Rule [meta-header] with target \"\" (Search: contains, Contains: undefined): isMatch=true","timestamp":"2026-06-14 00:04:54"}
{"level":"info","message":"   -> Evaluated Rule [meta-header-length] with target \"5\" (Search: contains, Contains: undefined): isMatch=false","timestamp":"2026-06-14 00:04:54"}
{"level":"info","message":"   -> Evaluated Rule [page-html] with target \"\" (Search: contains, Contains: undefined): isMatch=true","timestamp":"2026-06-14 00:04:54"}
{"level":"info","message":"   -> Evaluated Rule [text] with target \"\" (Search: contains, Contains: undefined): isMatch=true","timestamp":"2026-06-14 00:04:54"}
{"level":"info","message":"   -> Evaluated Rule [page-title] with target \"\" (Search: contains, Contains: undefined): isMatch=true","timestamp":"2026-06-14 00:04:54"}
{"level":"info","message":"   -> Evaluated Rule [page-title-length] with target \"10\" (Search: contains, Contains: undefined): isMatch=false","timestamp":"2026-06-14 00:04:54"}
{"level":"info","message":"   -> Evaluated Rule [page-url] with target \"\" (Search: contains, Contains: undefined): isMatch=true","timestamp":"2026-06-14 00:04:54"}
{"level":"info","message":"   -> Evaluated Rule [link] with target \"\" (Search: contains, Contains: undefined): isMatch=true","timestamp":"2026-06-14 00:04:54"}
{"level":"info","message":"   -> Evaluated Rule [link-text] with target \"\" (Search: contains, Contains: undefined): isMatch=true","timestamp":"2026-06-14 00:04:54"}
{"level":"info","message":"   -> Evaluated Rule [link-text-length] with target \"5\" (Search: contains, Contains: undefined): isMatch=false","timestamp":"2026-06-14 00:04:54"}
{"level":"info","message":"   -> Evaluated Rule [file-size] with target \"10\" (Search: contains, Contains: KB): isMatch=false","timestamp":"2026-06-14 00:04:54"}
{"level":"info","message":"   -> Evaluated Rule [image-size] with target \"10\" (Search: contains, Contains: KB): isMatch=false","timestamp":"2026-06-14 00:04:54"}
{"level":"info","message":"   -> Evaluated Rule [image-text] with target \"\" (Search: contains, Contains: undefined): isMatch=true","timestamp":"2026-06-14 00:04:54"}
{"level":"info","message":"   -> Evaluated Rule [image-text-length] with target \"5\" (Search: contains, Contains: undefined): isMatch=false","timestamp":"2026-06-14 00:04:54"}
{"level":"info","message":"   -> Evaluated Rule [external-link-count] with target \"1\" (Search: contains, Contains: undefined): isMatch=false","timestamp":"2026-06-14 00:04:54"}
{"level":"info","message":"   -> Evaluated Rule [incoming-link-count] with target \"1\" (Search: contains, Contains: undefined): isMatch=false","timestamp":"2026-06-14 00:04:54"}
{"level":"info","message":"   -> Evaluated Rule [heading-text] with target \"\" (Search: contains, Contains: undefined): isMatch=true","timestamp":"2026-06-14 00:04:54"}
{"level":"info","message":"   -> Evaluated Rule [header-text-length] with target \"5\" (Search: contains, Contains: undefined): isMatch=false","timestamp":"2026-06-14 00:04:54"}
{"level":"info","message":"   -> Evaluated Rule [readability-level] with target \"5\" (Search: contains, Contains: undefined): isMatch=false","timestamp":"2026-06-14 00:04:54"}
{"level":"info","message":"   -> Evaluated Rule [meta-header] with target \"\" (Search: contains, Contains: undefined): isMatch=true","timestamp":"2026-06-14 00:04:54"}
{"level":"info","message":"   -> Evaluated Rule [meta-header-length] with target \"5\" (Search: contains, Contains: undefined): isMatch=false","timestamp":"2026-06-14 00:04:54"}
{"level":"info","message":"   -> Evaluated Rule [page-html] with target \"\" (Search: contains, Contains: undefined): isMatch=true","timestamp":"2026-06-14 00:04:54"}
{"level":"info","message":"   -> Evaluated Rule [text] with target \"\" (Search: contains, Contains: undefined): isMatch=true","timestamp":"2026-06-14 00:04:54"}
{"level":"info","message":"   -> Evaluated Rule [page-title] with target \"\" (Search: contains, Contains: undefined): isMatch=true","timestamp":"2026-06-14 00:04:54"}
{"level":"info","message":"   -> Evaluated Rule [page-title-length] with target \"10\" (Search: contains, Contains: undefined): isMatch=false","timestamp":"2026-06-14 00:04:54"}
{"level":"info","message":"   -> Evaluated Rule [page-url] with target \"\" (Search: contains, Contains: undefined): isMatch=true","timestamp":"2026-06-14 00:04:54"}
{"level":"info","message":"   -> Evaluated Rule [link] with target \"\" (Search: contains, Contains: undefined): isMatch=true","timestamp":"2026-06-14 00:04:54"}
{"level":"info","message":"   -> Evaluated Rule [link-text] with target \"\" (Search: contains, Contains: undefined): isMatch=true","timestamp":"2026-06-14 00:04:54"}
{"level":"info","message":"   -> Evaluated Rule [link-text-length] with target \"5\" (Search: contains, Contains: undefined): isMatch=false","timestamp":"2026-06-14 00:04:54"}
{"level":"info","message":"   -> Evaluated Rule [file-size] with target \"10\" (Search: contains, Contains: KB): isMatch=false","timestamp":"2026-06-14 00:04:54"}
{"level":"info","message":"   -> Evaluated Rule [image-size] with target \"10\" (Search: contains, Contains: KB): isMatch=false","timestamp":"2026-06-14 00:04:54"}
{"level":"info","message":"   -> Evaluated Rule [image-text] with target \"\" (Search: contains, Contains: undefined): isMatch=true","timestamp":"2026-06-14 00:04:54"}
{"level":"info","message":"   -> Evaluated Rule [image-text-length] with target \"5\" (Search: contains, Contains: undefined): isMatch=false","timestamp":"2026-06-14 00:04:54"}
{"level":"info","message":"   -> Evaluated Rule [external-link-count] with target \"1\" (Search: contains, Contains: undefined): isMatch=false","timestamp":"2026-06-14 00:04:54"}
{"level":"info","message":"   -> Evaluated Rule [incoming-link-count] with target \"1\" (Search: contains, Contains: undefined): isMatch=false","timestamp":"2026-06-14 00:04:54"}
{"level":"info","message":"   -> Evaluated Rule [heading-text] with target \"\" (Search: contains, Contains: undefined): isMatch=true","timestamp":"2026-06-14 00:04:54"}
{"level":"info","message":"   -> Evaluated Rule [header-text-length] with target \"5\" (Search: contains, Contains: undefined): isMatch=false","timestamp":"2026-06-14 00:04:54"}
{"level":"info","message":"   -> Evaluated Rule [readability-level] with target \"5\" (Search: contains, Contains: undefined): isMatch=false","timestamp":"2026-06-14 00:04:54"}
{"level":"info","message":"   -> Evaluated Rule [meta-header] with target \"\" (Search: contains, Contains: undefined): isMatch=true","timestamp":"2026-06-14 00:04:54"}
{"level":"info","message":"   -> Evaluated Rule [meta-header-length] with target \"5\" (Search: contains, Contains: undefined): isMatch=false","timestamp":"2026-06-14 00:04:54"}
{"level":"info","message":"   -> Evaluated Rule [page-html] with target \"\" (Search: contains, Contains: undefined): isMatch=true","timestamp":"2026-06-14 00:04:54"}
{"level":"info","message":"   -> Evaluated Rule [text] with target \"\" (Search: contains, Contains: undefined): isMatch=true","timestamp":"2026-06-14 00:04:54"}
{"level":"info","message":"   -> Evaluated Rule [page-title] with target \"\" (Search: contains, Contains: undefined): isMatch=true","timestamp":"2026-06-14 00:04:54"}
{"level":"info","message":"   -> Evaluated Rule [page-title-length] with target \"10\" (Search: contains, Contains: undefined): isMatch=false","timestamp":"2026-06-14 00:04:54"}
{"level":"info","message":"   -> Evaluated Rule [page-url] with target \"\" (Search: contains, Contains: undefined): isMatch=true","timestamp":"2026-06-14 00:04:54"}
{"level":"info","message":"   -> Evaluated Rule [link] with target \"\" (Search: contains, Contains: undefined): isMatch=true","timestamp":"2026-06-14 00:04:54"}
{"level":"info","message":"   -> Evaluated Rule [link-text] with target \"\" (Search: contains, Contains: undefined): isMatch=true","timestamp":"2026-06-14 00:04:54"}
{"level":"info","message":"   -> Evaluated Rule [link-text-length] with target \"5\" (Search: contains, Contains: undefined): isMatch=false","timestamp":"2026-06-14 00:04:54"}
{"level":"info","message":"   -> Evaluated Rule [file-size] with target \"10\" (Search: contains, Contains: KB): isMatch=false","timestamp":"2026-06-14 00:04:54"}
{"level":"info","message":"   -> Evaluated Rule [image-size] with target \"10\" (Search: contains, Contains: KB): isMatch=false","timestamp":"2026-06-14 00:04:54"}
{"level":"info","message":"   -> Evaluated Rule [image-text] with target \"\" (Search: contains, Contains: undefined): isMatch=true","timestamp":"2026-06-14 00:04:54"}
{"level":"info","message":"   -> Evaluated Rule [image-text-length] with target \"5\" (Search: contains, Contains: undefined): isMatch=false","timestamp":"2026-06-14 00:04:54"}
{"level":"info","message":"   -> Evaluated Rule [external-link-count] with target \"1\" (Search: contains, Contains: undefined): isMatch=false","timestamp":"2026-06-14 00:04:54"}
{"level":"info","message":"   -> Evaluated Rule [incoming-link-count] with target \"1\" (Search: contains, Contains: undefined): isMatch=false","timestamp":"2026-06-14 00:04:54"}
{"level":"info","message":"   -> Evaluated Rule [heading-text] with target \"\" (Search: contains, Contains: undefined): isMatch=true","timestamp":"2026-06-14 00:04:54"}
{"level":"info","message":"   -> Evaluated Rule [header-text-length] with target \"5\" (Search: contains, Contains: undefined): isMatch=false","timestamp":"2026-06-14 00:04:54"}
{"level":"info","message":"   -> Evaluated Rule [readability-level] with target \"5\" (Search: contains, Contains: undefined): isMatch=false","timestamp":"2026-06-14 00:04:54"}
{"level":"info","message":"   -> Evaluated Rule [meta-header] with target \"\" (Search: contains, Contains: undefined): isMatch=true","timestamp":"2026-06-14 00:04:54"}
{"level":"info","message":"   -> Evaluated Rule [meta-header-length] with target \"5\" (Search: contains, Contains: undefined): isMatch=false","timestamp":"2026-06-14 00:04:54"}
{"level":"info","message":"   -> Evaluated Rule [page-html] with target \"\" (Search: contains, Contains: undefined): isMatch=true","timestamp":"2026-06-14 00:04:54"}
{"level":"info","message":"   -> Evaluated Rule [text] with target \"\" (Search: contains, Contains: undefined): isMatch=true","timestamp":"2026-06-14 00:04:54"}
{"level":"info","message":"   -> Evaluated Rule [page-title] with target \"\" (Search: contains, Contains: undefined): isMatch=true","timestamp":"2026-06-14 00:04:54"}
{"level":"info","message":"   -> Evaluated Rule [page-title-length] with target \"10\" (Search: contains, Contains: undefined): isMatch=false","timestamp":"2026-06-14 00:04:54"}
{"level":"info","message":"   -> Evaluated Rule [page-url] with target \"\" (Search: contains, Contains: undefined): isMatch=true","timestamp":"2026-06-14 00:04:54"}
{"level":"info","message":"   -> Evaluated Rule [link] with target \"\" (Search: contains, Contains: undefined): isMatch=true","timestamp":"2026-06-14 00:04:54"}
{"level":"info","message":"   -> Evaluated Rule [link-text] with target \"\" (Search: contains, Contains: undefined): isMatch=true","timestamp":"2026-06-14 00:04:54"}
{"level":"info","message":"   -> Evaluated Rule [link-text-length] with target \"5\" (Search: contains, Contains: undefined): isMatch=false","timestamp":"2026-06-14 00:04:54"}
{"level":"info","message":"   -> Evaluated Rule [file-size] with target \"10\" (Search: contains, Contains: KB): isMatch=false","timestamp":"2026-06-14 00:04:54"}
{"level":"info","message":"   -> Evaluated Rule [image-size] with target \"10\" (Search: contains, Contains: KB): isMatch=false","timestamp":"2026-06-14 00:04:54"}
{"level":"info","message":"   -> Evaluated Rule [image-text] with target \"\" (Search: contains, Contains: undefined): isMatch=true","timestamp":"2026-06-14 00:04:54"}
{"level":"info","message":"   -> Evaluated Rule [image-text-length] with target \"5\" (Search: contains, Contains: undefined): isMatch=false","timestamp":"2026-06-14 00:04:54"}
{"level":"info","message":"   -> Evaluated Rule [external-link-count] with target \"1\" (Search: contains, Contains: undefined): isMatch=false","timestamp":"2026-06-14 00:04:54"}
{"level":"info","message":"   -> Evaluated Rule [incoming-link-count] with target \"1\" (Search: contains, Contains: undefined): isMatch=false","timestamp":"2026-06-14 00:04:54"}
{"level":"info","message":"   -> Evaluated Rule [heading-text] with target \"\" (Search: contains, Contains: undefined): isMatch=true","timestamp":"2026-06-14 00:04:54"}
{"level":"info","message":"   -> Evaluated Rule [header-text-length] with target \"5\" (Search: contains, Contains: undefined): isMatch=false","timestamp":"2026-06-14 00:04:54"}
{"level":"info","message":"   -> Evaluated Rule [readability-level] with target \"5\" (Search: contains, Contains: undefined): isMatch=false","timestamp":"2026-06-14 00:04:54"}
{"level":"info","message":"   -> Evaluated Rule [meta-header] with target \"\" (Search: contains, Contains: undefined): isMatch=true","timestamp":"2026-06-14 00:04:54"}
{"level":"info","message":"   -> Evaluated Rule [meta-header-length] with target \"5\" (Search: contains, Contains: undefined): isMatch=false","timestamp":"2026-06-14 00:04:54"}
{"level":"info","message":"   -> Evaluated Rule [page-html] with target \"\" (Search: contains, Contains: undefined): isMatch=true","timestamp":"2026-06-14 00:04:54"}
{"level":"info","message":"   -> Evaluated Rule [text] with target \"\" (Search: contains, Contains: undefined): isMatch=true","timestamp":"2026-06-14 00:04:54"}
{"level":"info","message":"   -> Evaluated Rule [page-title] with target \"\" (Search: contains, Contains: undefined): isMatch=true","timestamp":"2026-06-14 00:04:54"}
{"level":"info","message":"   -> Evaluated Rule [page-title-length] with target \"10\" (Search: contains, Contains: undefined): isMatch=false","timestamp":"2026-06-14 00:04:54"}
{"level":"info","message":"   -> Evaluated Rule [page-url] with target \"\" (Search: contains, Contains: undefined): isMatch=true","timestamp":"2026-06-14 00:04:54"}
{"level":"info","message":"   -> Evaluated Rule [link] with target \"\" (Search: contains, Contains: undefined): isMatch=true","timestamp":"2026-06-14 00:04:54"}
{"level":"info","message":"   -> Evaluated Rule [link-text] with target \"\" (Search: contains, Contains: undefined): isMatch=true","timestamp":"2026-06-14 00:04:54"}
{"level":"info","message":"   -> Evaluated Rule [link-text-length] with target \"5\" (Search: contains, Contains: undefined): isMatch=false","timestamp":"2026-06-14 00:04:54"}
{"level":"info","message":"   -> Evaluated Rule [file-size] with target \"10\" (Search: contains, Contains: KB): isMatch=false","timestamp":"2026-06-14 00:04:54"}
{"level":"info","message":"   -> Evaluated Rule [image-size] with target \"10\" (Search: contains, Contains: KB): isMatch=false","timestamp":"2026-06-14 00:04:54"}
{"level":"info","message":"   -> Evaluated Rule [image-text] with target \"\" (Search: contains, Contains: undefined): isMatch=true","timestamp":"2026-06-14 00:04:54"}
{"level":"info","message":"   -> Evaluated Rule [image-text-length] with target \"5\" (Search: contains, Contains: undefined): isMatch=false","timestamp":"2026-06-14 00:04:54"}
{"level":"info","message":"   -> Evaluated Rule [external-link-count] with target \"1\" (Search: contains, Contains: undefined): isMatch=false","timestamp":"2026-06-14 00:04:54"}
{"level":"info","message":"   -> Evaluated Rule [incoming-link-count] with target \"1\" (Search: contains, Contains: undefined): isMatch=false","timestamp":"2026-06-14 00:04:54"}
{"level":"info","message":"   -> Evaluated Rule [heading-text] with target \"\" (Search: contains, Contains: undefined): isMatch=true","timestamp":"2026-06-14 00:04:54"}
{"level":"info","message":"   -> Evaluated Rule [header-text-length] with target \"5\" (Search: contains, Contains: undefined): isMatch=false","timestamp":"2026-06-14 00:04:54"}
{"level":"info","message":"   -> Evaluated Rule [readability-level] with target \"5\" (Search: contains, Contains: undefined): isMatch=false","timestamp":"2026-06-14 00:04:54"}
{"level":"info","message":"   -> Evaluated Rule [meta-header] with target \"\" (Search: contains, Contains: undefined): isMatch=true","timestamp":"2026-06-14 00:04:54"}
{"level":"info","message":"   -> Evaluated Rule [meta-header-length] with target \"5\" (Search: contains, Contains: undefined): isMatch=false","timestamp":"2026-06-14 00:04:54"}
{"level":"info","message":"   -> Evaluated Rule [page-html] with target \"\" (Search: contains, Contains: undefined): isMatch=true","timestamp":"2026-06-14 00:04:54"}
{"level":"info","message":"✅ [https://jewellmaster.com] Saved 10 pages to database tenant_sbi.","timestamp":"2026-06-14 00:04:54"}
{"level":"info","message":"📊 [https://jewellmaster.com] Domain summary created in tenant_sbi. Final Score: 31","timestamp":"2026-06-14 00:04:54"}
{"level":"info","message":"📋 [jewellmaster.com] Compiling detailed audit data snapshot for jobId: 4-1781375401147...","timestamp":"2026-06-14 00:04:54"}
{"level":"info","message":"💾 [jewellmaster.com] Saved complete Audit details & summary snap to DB for jobId: 4-1781375401147","timestamp":"2026-06-14 00:04:54"}
{"level":"info","message":"📋 [jewellmaster.com] QA scan saved: 10 pages, jobId 4-1781375401147","timestamp":"2026-06-14 00:04:54"}
{"level":"info","message":"♿ [jewellmaster.com] Starting Accessibility scan for 10 pages...","timestamp":"2026-06-14 00:04:54"}
{"level":"info","message":"✅ [PageSpeed API] Score for https://jewellmaster.com/features/jewelry-inventory-management: 92","timestamp":"2026-06-14 00:05:01"}
{"level":"info","message":"📊 [Lighthouse] Results for https://jewellmaster.com/features/jewelry-inventory-management: Performance: 92, SEO: 92, Accessibility: 100","timestamp":"2026-06-14 00:05:01"}
{"level":"info","message":"✅ [PageSpeed API] Score for https://jewellmaster.com/features/jewelry-inventory-management: 92","timestamp":"2026-06-14 00:05:01"}
{"level":"info","message":"📊 [Lighthouse] Results for https://jewellmaster.com/features/jewelry-inventory-management: Performance: 92, SEO: 92, Accessibility: 100","timestamp":"2026-06-14 00:05:01"}
{"level":"info","message":"🔍 [Domain: jewellmaster.com] [Page 4/10] Found 11 internal links on https://jewellmaster.com/features/jewelry-inventory-management","timestamp":"2026-06-14 00:05:02"}
{"level":"info","message":"🔍 [Crawl] Queue: 8 | Visited: 5 | Scanning: https://jewellmaster.com/features/gst-billing-invoicing","timestamp":"2026-06-14 00:05:02"}
{"level":"info","message":"🔍 [Domain: jewellmaster.com] [Page 5/10] Scanning: https://jewellmaster.com/features/gst-billing-invoicing","timestamp":"2026-06-14 00:05:02"}
{"level":"info","message":"🔍 [Domain: jewellmaster.com] [Page 4/10] Found 11 internal links on https://jewellmaster.com/features/jewelry-inventory-management","timestamp":"2026-06-14 00:05:02"}
{"level":"info","message":"🔍 [Crawl] Queue: 8 | Visited: 5 | Scanning: https://jewellmaster.com/features/gst-billing-invoicing","timestamp":"2026-06-14 00:05:02"}
{"level":"info","message":"🔍 [Domain: jewellmaster.com] [Page 5/10] Scanning: https://jewellmaster.com/features/gst-billing-invoicing","timestamp":"2026-06-14 00:05:02"}
{"level":"info","message":"🔍 [Scraper] HTML length: 10890 | Body length: 4131 | Total <a> tags: 11","timestamp":"2026-06-14 00:05:07"}
{"level":"info","message":"🔗 [Link Extraction] Page: https://jewellmaster.com/features/gst-billing-invoicing | hostNorm: jewellmaster.com | Found 11 total links (11 internal)","timestamp":"2026-06-14 00:05:07"}
{"level":"info","message":"🔍 [Scraper] HTML length: 10890 | Body length: 4131 | Total <a> tags: 11","timestamp":"2026-06-14 00:05:07"}
{"level":"info","message":"🔗 [Link Extraction] Page: https://jewellmaster.com/features/gst-billing-invoicing | hostNorm: jewellmaster.com | Found 11 total links (11 internal)","timestamp":"2026-06-14 00:05:07"}
{"level":"info","message":"♿ [jewellmaster.com] Axe-core scanned 5/10","timestamp":"2026-06-14 00:05:07"}
{"level":"info","message":"🚀 [PageSpeed API] Fetching metrics for https://jewellmaster.com/features/gst-billing-invoicing...","timestamp":"2026-06-14 00:05:11"}
{"level":"info","message":"🚀 [PageSpeed API] Fetching metrics for https://jewellmaster.com/features/gst-billing-invoicing...","timestamp":"2026-06-14 00:05:11"}
{"level":"info","message":"♿ [jewellmaster.com] Axe-core scanned 10/10","timestamp":"2026-06-14 00:05:12"}
{"level":"info","message":"BullBoard dashboard available at http://localhost:4100/admin/queues","timestamp":"2026-06-14 00:05:17"}
{"level":"info","message":"SEO Scan Worker initialized.","timestamp":"2026-06-14 00:05:17"}
{"level":"info","message":"🧹 Queue \"seo-scan-queue\" cleared recursively.","timestamp":"2026-06-14 00:05:17"}
{"level":"info","message":"⏰ Scheduled global orchestration every 1 minutes.","timestamp":"2026-06-14 00:05:17"}
{"level":"info","message":"SEO Scanner Service running on port 4100","timestamp":"2026-06-14 00:05:17"}
{"level":"info","message":"🚀 SCAN_ON_STARTUP is enabled. Triggering global orchestration...","timestamp":"2026-06-14 00:05:17"}
{"level":"info","message":"Orchestrator: Starting global scan orchestration... [STARTUP MODE]","timestamp":"2026-06-14 00:05:17"}
{"level":"info","message":"🔗 Connecting to MASTER database: master","timestamp":"2026-06-14 00:05:17"}
{"level":"info","message":"Orchestrator: Found 2 tenants to process.","timestamp":"2026-06-14 00:05:18"}
{"level":"info","message":"📁 Switching to CLIENT database: tenant_rbi (Tenant: rbi)","timestamp":"2026-06-14 00:05:18"}
{"level":"info","message":"✅ Successfully connected to database: tenant_rbi","timestamp":"2026-06-14 00:05:18"}
{"level":"info","message":"Orchestrator: No domains found for tenant rbi (excluding those currently scanning).","timestamp":"2026-06-14 00:05:18"}
{"level":"info","message":"📁 Switching to CLIENT database: tenant_sbi (Tenant: sbi)","timestamp":"2026-06-14 00:05:18"}
{"level":"info","message":"✅ Successfully connected to database: tenant_sbi","timestamp":"2026-06-14 00:05:19"}
{"level":"info","message":"Orchestrator: Found 1 domains for tenant sbi. Enqueueing jobs...","timestamp":"2026-06-14 00:05:19"}
{"level":"info","message":"[Job 2] 🔍 Starting scan for: https://jewellmaster.com","timestamp":"2026-06-14 00:05:19"}
{"level":"info","message":"  [1] Enqueued: https://jewellmaster.com","timestamp":"2026-06-14 00:05:19"}
{"level":"info","message":"Orchestrator: Master DB connection closed.","timestamp":"2026-06-14 00:05:19"}
{"level":"info","message":"✅ Orchestrator: Finished. Total jobs enqueued: 1","timestamp":"2026-06-14 00:05:19"}
{"level":"info","message":"✅ Initial global scan orchestration completed.","timestamp":"2026-06-14 00:05:19"}
{"level":"info","message":"[https://jewellmaster.com] Checking domain status for ID: 6a086772439e555ef5630506. Found: true, Deleted: false, Archived: false, Status: active","timestamp":"2026-06-14 00:05:19"}
{"level":"info","message":"🔍 [Crawl] Queue: 0 | Visited: 1 | Scanning: https://jewellmaster.com/","timestamp":"2026-06-14 00:05:21"}
{"level":"info","message":"🔍 [Domain: jewellmaster.com] [Page 1/10] Scanning: https://jewellmaster.com/","timestamp":"2026-06-14 00:05:21"}
{"level":"info","message":"🔍 [Scraper] HTML length: 56417 | Body length: 25027 | Total <a> tags: 3","timestamp":"2026-06-14 00:05:40"}
{"level":"info","message":"🔗 [Link Extraction] Page: https://jewellmaster.com/ | hostNorm: jewellmaster.com | Found 3 total links (2 internal)","timestamp":"2026-06-14 00:05:40"}
{"level":"info","message":"🚀 [PageSpeed API] Fetching metrics for https://jewellmaster.com/...","timestamp":"2026-06-14 00:05:42"}
{"level":"info","message":"[Job repeat:c10eea93bf68cc56fd5c63b351df3d32:1781375760000] 🚀 Executing scheduled global orchestration...","timestamp":"2026-06-14 00:06:00"}
{"level":"info","message":"Orchestrator: Starting global scan orchestration... ","timestamp":"2026-06-14 00:06:00"}
{"level":"info","message":"🔗 Connecting to MASTER database: master","timestamp":"2026-06-14 00:06:00"}
{"level":"info","message":"Orchestrator: Found 2 tenants to process.","timestamp":"2026-06-14 00:06:01"}
{"level":"info","message":"📁 Switching to CLIENT database: tenant_rbi (Tenant: rbi)","timestamp":"2026-06-14 00:06:01"}
{"level":"info","message":"Orchestrator: No domains found for tenant rbi (excluding those currently scanning).","timestamp":"2026-06-14 00:06:01"}
{"level":"info","message":"📁 Switching to CLIENT database: tenant_sbi (Tenant: sbi)","timestamp":"2026-06-14 00:06:01"}
{"level":"info","message":"Orchestrator: Found 1 domains for tenant sbi. Enqueueing jobs...","timestamp":"2026-06-14 00:06:01"}
{"level":"info","message":"[Job 4] 🔍 Starting scan for: https://jewellmaster.com","timestamp":"2026-06-14 00:06:01"}
{"level":"info","message":"[https://jewellmaster.com] Checking domain status for ID: 6a086772439e555ef5630506. Found: true, Deleted: false, Archived: false, Status: active","timestamp":"2026-06-14 00:06:01"}
{"level":"info","message":"  [1] Enqueued: https://jewellmaster.com","timestamp":"2026-06-14 00:06:01"}
{"level":"info","message":"Orchestrator: Master DB connection closed.","timestamp":"2026-06-14 00:06:01"}
{"level":"info","message":"✅ Orchestrator: Finished. Total jobs enqueued: 1","timestamp":"2026-06-14 00:06:01"}
{"level":"info","message":"Job repeat:c10eea93bf68cc56fd5c63b351df3d32:1781375760000 (Orchestrator) completed successfully.","timestamp":"2026-06-14 00:06:01"}
{"level":"info","message":"🔍 [Crawl] Queue: 0 | Visited: 1 | Scanning: https://jewellmaster.com/","timestamp":"2026-06-14 00:06:01"}
{"level":"info","message":"🔍 [Domain: jewellmaster.com] [Page 1/10] Scanning: https://jewellmaster.com/","timestamp":"2026-06-14 00:06:01"}
{"level":"info","message":"✅ [PageSpeed API] Score for https://jewellmaster.com/: 76","timestamp":"2026-06-14 00:06:07"}
{"level":"info","message":"📊 [Lighthouse] Results for https://jewellmaster.com/: Performance: 76, SEO: 92, Accessibility: 88","timestamp":"2026-06-14 00:06:07"}
{"level":"info","message":"🔍 [Domain: jewellmaster.com] [Page 1/10] Found 2 internal links on https://jewellmaster.com/","timestamp":"2026-06-14 00:06:07"}
{"level":"info","message":"➕ [Queue] Adding: https://jewellmaster.com/features (targetHost: jewellmaster.com, hostNorm: jewellmaster.com)","timestamp":"2026-06-14 00:06:07"}
{"level":"info","message":"➕ [Queue] Adding: https://jewellmaster.com/demo.html (targetHost: jewellmaster.com, hostNorm: jewellmaster.com)","timestamp":"2026-06-14 00:06:07"}
{"level":"info","message":"🔍 [Crawl] Queue: 1 | Visited: 2 | Scanning: https://jewellmaster.com/features","timestamp":"2026-06-14 00:06:07"}
{"level":"info","message":"🔍 [Domain: jewellmaster.com] [Page 2/10] Scanning: https://jewellmaster.com/features","timestamp":"2026-06-14 00:06:07"}
{"level":"info","message":"🔍 [Scraper] HTML length: 10711 | Body length: 3978 | Total <a> tags: 11","timestamp":"2026-06-14 00:06:10"}
{"level":"info","message":"🔗 [Link Extraction] Page: https://jewellmaster.com/features | hostNorm: jewellmaster.com | Found 11 total links (11 internal)","timestamp":"2026-06-14 00:06:10"}
{"level":"info","message":"🚀 [PageSpeed API] Fetching metrics for https://jewellmaster.com/features...","timestamp":"2026-06-14 00:06:13"}
{"level":"info","message":"🔍 [Scraper] HTML length: 56417 | Body length: 25027 | Total <a> tags: 3","timestamp":"2026-06-14 00:06:21"}
{"level":"info","message":"🔗 [Link Extraction] Page: https://jewellmaster.com/ | hostNorm: jewellmaster.com | Found 3 total links (2 internal)","timestamp":"2026-06-14 00:06:21"}
{"level":"info","message":"🚀 [PageSpeed API] Fetching metrics for https://jewellmaster.com/...","timestamp":"2026-06-14 00:06:23"}
{"level":"info","message":"✅ [PageSpeed API] Score for https://jewellmaster.com/: 76","timestamp":"2026-06-14 00:06:24"}
{"level":"info","message":"📊 [Lighthouse] Results for https://jewellmaster.com/: Performance: 76, SEO: 92, Accessibility: 88","timestamp":"2026-06-14 00:06:24"}
{"level":"info","message":"🔍 [Domain: jewellmaster.com] [Page 1/10] Found 2 internal links on https://jewellmaster.com/","timestamp":"2026-06-14 00:06:24"}
{"level":"info","message":"➕ [Queue] Adding: https://jewellmaster.com/features (targetHost: jewellmaster.com, hostNorm: jewellmaster.com)","timestamp":"2026-06-14 00:06:24"}
{"level":"info","message":"➕ [Queue] Adding: https://jewellmaster.com/demo.html (targetHost: jewellmaster.com, hostNorm: jewellmaster.com)","timestamp":"2026-06-14 00:06:24"}
{"level":"info","message":"🔍 [Crawl] Queue: 1 | Visited: 2 | Scanning: https://jewellmaster.com/features","timestamp":"2026-06-14 00:06:24"}
{"level":"info","message":"🔍 [Domain: jewellmaster.com] [Page 2/10] Scanning: https://jewellmaster.com/features","timestamp":"2026-06-14 00:06:24"}
{"level":"info","message":"🔍 [Scraper] HTML length: 10711 | Body length: 3978 | Total <a> tags: 11","timestamp":"2026-06-14 00:06:27"}
{"level":"info","message":"🔗 [Link Extraction] Page: https://jewellmaster.com/features | hostNorm: jewellmaster.com | Found 11 total links (11 internal)","timestamp":"2026-06-14 00:06:27"}
{"level":"info","message":"🚀 [PageSpeed API] Fetching metrics for https://jewellmaster.com/features...","timestamp":"2026-06-14 00:06:30"}
{"level":"info","message":"✅ [PageSpeed API] Score for https://jewellmaster.com/features: 90","timestamp":"2026-06-14 00:06:31"}
{"level":"info","message":"📊 [Lighthouse] Results for https://jewellmaster.com/features: Performance: 90, SEO: 92, Accessibility: 100","timestamp":"2026-06-14 00:06:31"}
{"level":"info","message":"✅ [PageSpeed API] Score for https://jewellmaster.com/features: 90","timestamp":"2026-06-14 00:06:31"}
{"level":"info","message":"📊 [Lighthouse] Results for https://jewellmaster.com/features: Performance: 90, SEO: 92, Accessibility: 100","timestamp":"2026-06-14 00:06:31"}
{"level":"info","message":"🔍 [Domain: jewellmaster.com] [Page 2/10] Found 11 internal links on https://jewellmaster.com/features","timestamp":"2026-06-14 00:06:31"}
{"level":"info","message":"➕ [Queue] Adding: https://jewellmaster.com/features/jewelry-inventory-management (targetHost: jewellmaster.com, hostNorm: jewellmaster.com)","timestamp":"2026-06-14 00:06:31"}
{"level":"info","message":"➕ [Queue] Adding: https://jewellmaster.com/features/gst-billing-invoicing (targetHost: jewellmaster.com, hostNorm: jewellmaster.com)","timestamp":"2026-06-14 00:06:31"}
{"level":"info","message":"➕ [Queue] Adding: https://jewellmaster.com/features/crm-customer-management (targetHost: jewellmaster.com, hostNorm: jewellmaster.com)","timestamp":"2026-06-14 00:06:31"}
{"level":"info","message":"➕ [Queue] Adding: https://jewellmaster.com/features/accounting-financial-management (targetHost: jewellmaster.com, hostNorm: jewellmaster.com)","timestamp":"2026-06-14 00:06:31"}
{"level":"info","message":"➕ [Queue] Adding: https://jewellmaster.com/features/ai-powered-reports (targetHost: jewellmaster.com, hostNorm: jewellmaster.com)","timestamp":"2026-06-14 00:06:31"}
{"level":"info","message":"➕ [Queue] Adding: https://jewellmaster.com/features/multi-branch-management (targetHost: jewellmaster.com, hostNorm: jewellmaster.com)","timestamp":"2026-06-14 00:06:31"}
{"level":"info","message":"➕ [Queue] Adding: https://jewellmaster.com/features/mobile-app (targetHost: jewellmaster.com, hostNorm: jewellmaster.com)","timestamp":"2026-06-14 00:06:31"}
{"level":"info","message":"➕ [Queue] Adding: https://jewellmaster.com/features/integrations (targetHost: jewellmaster.com, hostNorm: jewellmaster.com)","timestamp":"2026-06-14 00:06:31"}
{"level":"info","message":"➕ [Queue] Adding: https://jewellmaster.com/features/security-reliability (targetHost: jewellmaster.com, hostNorm: jewellmaster.com)","timestamp":"2026-06-14 00:06:31"}
{"level":"info","message":"🔍 [Crawl] Queue: 9 | Visited: 3 | Scanning: https://jewellmaster.com/demo.html","timestamp":"2026-06-14 00:06:31"}
{"level":"info","message":"🔍 [Domain: jewellmaster.com] [Page 3/10] Scanning: https://jewellmaster.com/demo.html","timestamp":"2026-06-14 00:06:31"}
{"level":"info","message":"🔍 [Domain: jewellmaster.com] [Page 2/10] Found 11 internal links on https://jewellmaster.com/features","timestamp":"2026-06-14 00:06:31"}
{"level":"info","message":"➕ [Queue] Adding: https://jewellmaster.com/features/jewelry-inventory-management (targetHost: jewellmaster.com, hostNorm: jewellmaster.com)","timestamp":"2026-06-14 00:06:31"}
{"level":"info","message":"➕ [Queue] Adding: https://jewellmaster.com/features/gst-billing-invoicing (targetHost: jewellmaster.com, hostNorm: jewellmaster.com)","timestamp":"2026-06-14 00:06:31"}
{"level":"info","message":"➕ [Queue] Adding: https://jewellmaster.com/features/crm-customer-management (targetHost: jewellmaster.com, hostNorm: jewellmaster.com)","timestamp":"2026-06-14 00:06:31"}
{"level":"info","message":"➕ [Queue] Adding: https://jewellmaster.com/features/accounting-financial-management (targetHost: jewellmaster.com, hostNorm: jewellmaster.com)","timestamp":"2026-06-14 00:06:31"}
{"level":"info","message":"➕ [Queue] Adding: https://jewellmaster.com/features/ai-powered-reports (targetHost: jewellmaster.com, hostNorm: jewellmaster.com)","timestamp":"2026-06-14 00:06:31"}
{"level":"info","message":"➕ [Queue] Adding: https://jewellmaster.com/features/multi-branch-management (targetHost: jewellmaster.com, hostNorm: jewellmaster.com)","timestamp":"2026-06-14 00:06:31"}
{"level":"info","message":"➕ [Queue] Adding: https://jewellmaster.com/features/mobile-app (targetHost: jewellmaster.com, hostNorm: jewellmaster.com)","timestamp":"2026-06-14 00:06:31"}
{"level":"info","message":"➕ [Queue] Adding: https://jewellmaster.com/features/integrations (targetHost: jewellmaster.com, hostNorm: jewellmaster.com)","timestamp":"2026-06-14 00:06:31"}
{"level":"info","message":"➕ [Queue] Adding: https://jewellmaster.com/features/security-reliability (targetHost: jewellmaster.com, hostNorm: jewellmaster.com)","timestamp":"2026-06-14 00:06:31"}
{"level":"info","message":"🔍 [Crawl] Queue: 9 | Visited: 3 | Scanning: https://jewellmaster.com/demo.html","timestamp":"2026-06-14 00:06:31"}
{"level":"info","message":"🔍 [Domain: jewellmaster.com] [Page 3/10] Scanning: https://jewellmaster.com/demo.html","timestamp":"2026-06-14 00:06:31"}
{"level":"info","message":"🔍 [Scraper] HTML length: 24659 | Body length: 13539 | Total <a> tags: 3","timestamp":"2026-06-14 00:06:51"}
{"level":"info","message":"🔗 [Link Extraction] Page: https://jewellmaster.com/demo | hostNorm: jewellmaster.com | Found 3 total links (2 internal)","timestamp":"2026-06-14 00:06:51"}
{"level":"info","message":"🔍 [Scraper] HTML length: 24659 | Body length: 13539 | Total <a> tags: 3","timestamp":"2026-06-14 00:06:51"}
{"level":"info","message":"🔗 [Link Extraction] Page: https://jewellmaster.com/demo | hostNorm: jewellmaster.com | Found 3 total links (2 internal)","timestamp":"2026-06-14 00:06:51"}
{"level":"info","message":"🚀 [PageSpeed API] Fetching metrics for https://jewellmaster.com/demo...","timestamp":"2026-06-14 00:06:53"}
{"level":"info","message":"🚀 [PageSpeed API] Fetching metrics for https://jewellmaster.com/demo...","timestamp":"2026-06-14 00:06:53"}
{"level":"info","message":"[Job repeat:c10eea93bf68cc56fd5c63b351df3d32:1781375820000] 🚀 Executing scheduled global orchestration...","timestamp":"2026-06-14 00:07:00"}
{"level":"info","message":"Orchestrator: Starting global scan orchestration... ","timestamp":"2026-06-14 00:07:00"}
{"level":"info","message":"🔗 Connecting to MASTER database: master","timestamp":"2026-06-14 00:07:00"}
{"level":"info","message":"Orchestrator: Found 2 tenants to process.","timestamp":"2026-06-14 00:07:01"}
{"level":"info","message":"📁 Switching to CLIENT database: tenant_rbi (Tenant: rbi)","timestamp":"2026-06-14 00:07:01"}
{"level":"info","message":"Orchestrator: No domains found for tenant rbi (excluding those currently scanning).","timestamp":"2026-06-14 00:07:01"}
{"level":"info","message":"📁 Switching to CLIENT database: tenant_sbi (Tenant: sbi)","timestamp":"2026-06-14 00:07:01"}
{"level":"info","message":"Orchestrator: Found 1 domains for tenant sbi. Enqueueing jobs...","timestamp":"2026-06-14 00:07:01"}
{"level":"info","message":"  [1] Enqueued: https://jewellmaster.com","timestamp":"2026-06-14 00:07:01"}
{"level":"info","message":"Orchestrator: Master DB connection closed.","timestamp":"2026-06-14 00:07:01"}
{"level":"info","message":"✅ Orchestrator: Finished. Total jobs enqueued: 1","timestamp":"2026-06-14 00:07:01"}
{"level":"info","message":"Job repeat:c10eea93bf68cc56fd5c63b351df3d32:1781375820000 (Orchestrator) completed successfully.","timestamp":"2026-06-14 00:07:01"}
{"level":"info","message":"[Job 6] 🔍 Starting scan for: https://jewellmaster.com","timestamp":"2026-06-14 00:07:01"}
{"level":"info","message":"[https://jewellmaster.com] Checking domain status for ID: 6a086772439e555ef5630506. Found: true, Deleted: false, Archived: false, Status: active","timestamp":"2026-06-14 00:07:01"}
{"level":"info","message":"🔍 [Crawl] Queue: 0 | Visited: 1 | Scanning: https://jewellmaster.com/","timestamp":"2026-06-14 00:07:02"}
{"level":"info","message":"🔍 [Domain: jewellmaster.com] [Page 1/10] Scanning: https://jewellmaster.com/","timestamp":"2026-06-14 00:07:02"}
{"level":"info","message":"✅ [PageSpeed API] Score for https://jewellmaster.com/demo: 84","timestamp":"2026-06-14 00:07:12"}
{"level":"info","message":"📊 [Lighthouse] Results for https://jewellmaster.com/demo: Performance: 84, SEO: 85, Accessibility: 69","timestamp":"2026-06-14 00:07:12"}
{"level":"info","message":"✅ [PageSpeed API] Score for https://jewellmaster.com/demo: 84","timestamp":"2026-06-14 00:07:12"}
{"level":"info","message":"📊 [Lighthouse] Results for https://jewellmaster.com/demo: Performance: 84, SEO: 85, Accessibility: 69","timestamp":"2026-06-14 00:07:12"}
{"level":"info","message":"🔍 [Domain: jewellmaster.com] [Page 3/10] Found 2 internal links on https://jewellmaster.com/demo.html","timestamp":"2026-06-14 00:07:12"}
{"level":"info","message":"➕ [Queue] Adding: https://jewellmaster.com/demo (targetHost: jewellmaster.com, hostNorm: jewellmaster.com)","timestamp":"2026-06-14 00:07:12"}
{"level":"info","message":"🔍 [Crawl] Queue: 9 | Visited: 4 | Scanning: https://jewellmaster.com/features/jewelry-inventory-management","timestamp":"2026-06-14 00:07:12"}
{"level":"info","message":"🔍 [Domain: jewellmaster.com] [Page 4/10] Scanning: https://jewellmaster.com/features/jewelry-inventory-management","timestamp":"2026-06-14 00:07:12"}
{"level":"info","message":"🔍 [Domain: jewellmaster.com] [Page 3/10] Found 2 internal links on https://jewellmaster.com/demo.html","timestamp":"2026-06-14 00:07:12"}
{"level":"info","message":"➕ [Queue] Adding: https://jewellmaster.com/demo (targetHost: jewellmaster.com, hostNorm: jewellmaster.com)","timestamp":"2026-06-14 00:07:12"}
{"level":"info","message":"🔍 [Crawl] Queue: 9 | Visited: 4 | Scanning: https://jewellmaster.com/features/jewelry-inventory-management","timestamp":"2026-06-14 00:07:12"}
{"level":"info","message":"🔍 [Domain: jewellmaster.com] [Page 4/10] Scanning: https://jewellmaster.com/features/jewelry-inventory-management","timestamp":"2026-06-14 00:07:12"}
{"level":"info","message":"🔍 [Scraper] HTML length: 10851 | Body length: 4145 | Total <a> tags: 11","timestamp":"2026-06-14 00:07:17"}
{"level":"info","message":"🔗 [Link Extraction] Page: https://jewellmaster.com/features/jewelry-inventory-management | hostNorm: jewellmaster.com | Found 11 total links (11 internal)","timestamp":"2026-06-14 00:07:17"}
{"level":"info","message":"🔍 [Scraper] HTML length: 10851 | Body length: 4145 | Total <a> tags: 11","timestamp":"2026-06-14 00:07:17"}
{"level":"info","message":"🔗 [Link Extraction] Page: https://jewellmaster.com/features/jewelry-inventory-management | hostNorm: jewellmaster.com | Found 11 total links (11 internal)","timestamp":"2026-06-14 00:07:17"}
{"level":"info","message":"🚀 [PageSpeed API] Fetching metrics for https://jewellmaster.com/features/jewelry-inventory-management...","timestamp":"2026-06-14 00:07:20"}
{"level":"info","message":"🚀 [PageSpeed API] Fetching metrics for https://jewellmaster.com/features/jewelry-inventory-management...","timestamp":"2026-06-14 00:07:20"}
{"level":"info","message":"🔍 [Scraper] HTML length: 56417 | Body length: 25027 | Total <a> tags: 3","timestamp":"2026-06-14 00:07:20"}
{"level":"info","message":"🔗 [Link Extraction] Page: https://jewellmaster.com/ | hostNorm: jewellmaster.com | Found 3 total links (2 internal)","timestamp":"2026-06-14 00:07:20"}
{"level":"info","message":"🚀 [PageSpeed API] Fetching metrics for https://jewellmaster.com/...","timestamp":"2026-06-14 00:07:22"}
{"level":"info","message":"✅ [PageSpeed API] Score for https://jewellmaster.com/features/jewelry-inventory-management: 89","timestamp":"2026-06-14 00:07:38"}
{"level":"info","message":"📊 [Lighthouse] Results for https://jewellmaster.com/features/jewelry-inventory-management: Performance: 89, SEO: 92, Accessibility: 100","timestamp":"2026-06-14 00:07:38"}
{"level":"info","message":"✅ [PageSpeed API] Score for https://jewellmaster.com/features/jewelry-inventory-management: 89","timestamp":"2026-06-14 00:07:38"}
{"level":"info","message":"📊 [Lighthouse] Results for https://jewellmaster.com/features/jewelry-inventory-management: Performance: 89, SEO: 92, Accessibility: 100","timestamp":"2026-06-14 00:07:38"}
{"level":"info","message":"🔍 [Domain: jewellmaster.com] [Page 4/10] Found 11 internal links on https://jewellmaster.com/features/jewelry-inventory-management","timestamp":"2026-06-14 00:07:38"}
{"level":"info","message":"🔍 [Crawl] Queue: 8 | Visited: 5 | Scanning: https://jewellmaster.com/features/gst-billing-invoicing","timestamp":"2026-06-14 00:07:38"}
{"level":"info","message":"🔍 [Domain: jewellmaster.com] [Page 5/10] Scanning: https://jewellmaster.com/features/gst-billing-invoicing","timestamp":"2026-06-14 00:07:38"}
{"level":"info","message":"🔍 [Domain: jewellmaster.com] [Page 4/10] Found 11 internal links on https://jewellmaster.com/features/jewelry-inventory-management","timestamp":"2026-06-14 00:07:38"}
{"level":"info","message":"🔍 [Crawl] Queue: 8 | Visited: 5 | Scanning: https://jewellmaster.com/features/gst-billing-invoicing","timestamp":"2026-06-14 00:07:38"}
{"level":"info","message":"🔍 [Domain: jewellmaster.com] [Page 5/10] Scanning: https://jewellmaster.com/features/gst-billing-invoicing","timestamp":"2026-06-14 00:07:38"}
{"level":"info","message":"🔍 [Scraper] HTML length: 10890 | Body length: 4131 | Total <a> tags: 11","timestamp":"2026-06-14 00:07:42"}
{"level":"info","message":"🔗 [Link Extraction] Page: https://jewellmaster.com/features/gst-billing-invoicing | hostNorm: jewellmaster.com | Found 11 total links (11 internal)","timestamp":"2026-06-14 00:07:42"}
{"level":"info","message":"🔍 [Scraper] HTML length: 10890 | Body length: 4131 | Total <a> tags: 11","timestamp":"2026-06-14 00:07:42"}
{"level":"info","message":"🔗 [Link Extraction] Page: https://jewellmaster.com/features/gst-billing-invoicing | hostNorm: jewellmaster.com | Found 11 total links (11 internal)","timestamp":"2026-06-14 00:07:42"}
{"level":"info","message":"🚀 [PageSpeed API] Fetching metrics for https://jewellmaster.com/features/gst-billing-invoicing...","timestamp":"2026-06-14 00:07:45"}
{"level":"info","message":"🚀 [PageSpeed API] Fetching metrics for https://jewellmaster.com/features/gst-billing-invoicing...","timestamp":"2026-06-14 00:07:45"}
{"level":"info","message":"✅ [PageSpeed API] Score for https://jewellmaster.com/: 74","timestamp":"2026-06-14 00:07:45"}
{"level":"info","message":"📊 [Lighthouse] Results for https://jewellmaster.com/: Performance: 74, SEO: 92, Accessibility: 88","timestamp":"2026-06-14 00:07:45"}
{"level":"info","message":"🔍 [Domain: jewellmaster.com] [Page 1/10] Found 2 internal links on https://jewellmaster.com/","timestamp":"2026-06-14 00:07:45"}
{"level":"info","message":"➕ [Queue] Adding: https://jewellmaster.com/features (targetHost: jewellmaster.com, hostNorm: jewellmaster.com)","timestamp":"2026-06-14 00:07:45"}
{"level":"info","message":"➕ [Queue] Adding: https://jewellmaster.com/demo.html (targetHost: jewellmaster.com, hostNorm: jewellmaster.com)","timestamp":"2026-06-14 00:07:45"}
{"level":"info","message":"🔍 [Crawl] Queue: 1 | Visited: 2 | Scanning: https://jewellmaster.com/features","timestamp":"2026-06-14 00:07:45"}
{"level":"info","message":"🔍 [Domain: jewellmaster.com] [Page 2/10] Scanning: https://jewellmaster.com/features","timestamp":"2026-06-14 00:07:45"}
{"level":"info","message":"🔍 [Scraper] HTML length: 10711 | Body length: 3978 | Total <a> tags: 11","timestamp":"2026-06-14 00:07:48"}
{"level":"info","message":"🔗 [Link Extraction] Page: https://jewellmaster.com/features | hostNorm: jewellmaster.com | Found 11 total links (11 internal)","timestamp":"2026-06-14 00:07:48"}
{"level":"info","message":"🚀 [PageSpeed API] Fetching metrics for https://jewellmaster.com/features...","timestamp":"2026-06-14 00:07:51"}
{"level":"info","message":"✅ [PageSpeed API] Score for https://jewellmaster.com/features/gst-billing-invoicing: 91","timestamp":"2026-06-14 00:08:00"}
{"level":"info","message":"📊 [Lighthouse] Results for https://jewellmaster.com/features/gst-billing-invoicing: Performance: 91, SEO: 92, Accessibility: 100","timestamp":"2026-06-14 00:08:00"}
{"level":"info","message":"✅ [PageSpeed API] Score for https://jewellmaster.com/features/gst-billing-invoicing: 91","timestamp":"2026-06-14 00:08:00"}
{"level":"info","message":"📊 [Lighthouse] Results for https://jewellmaster.com/features/gst-billing-invoicing: Performance: 91, SEO: 92, Accessibility: 100","timestamp":"2026-06-14 00:08:00"}
{"level":"info","message":"🔍 [Domain: jewellmaster.com] [Page 5/10] Found 11 internal links on https://jewellmaster.com/features/gst-billing-invoicing","timestamp":"2026-06-14 00:08:00"}
{"level":"info","message":"🔍 [Crawl] Queue: 7 | Visited: 6 | Scanning: https://jewellmaster.com/features/crm-customer-management","timestamp":"2026-06-14 00:08:00"}
{"level":"info","message":"🔍 [Domain: jewellmaster.com] [Page 6/10] Scanning: https://jewellmaster.com/features/crm-customer-management","timestamp":"2026-06-14 00:08:00"}
{"level":"info","message":"🔍 [Domain: jewellmaster.com] [Page 5/10] Found 11 internal links on https://jewellmaster.com/features/gst-billing-invoicing","timestamp":"2026-06-14 00:08:00"}
{"level":"info","message":"🔍 [Crawl] Queue: 7 | Visited: 6 | Scanning: https://jewellmaster.com/features/crm-customer-management","timestamp":"2026-06-14 00:08:00"}
{"level":"info","message":"🔍 [Domain: jewellmaster.com] [Page 6/10] Scanning: https://jewellmaster.com/features/crm-customer-management","timestamp":"2026-06-14 00:08:00"}
{"level":"info","message":"🔍 [Scraper] HTML length: 10796 | Body length: 4116 | Total <a> tags: 11","timestamp":"2026-06-14 00:08:04"}
{"level":"info","message":"🔗 [Link Extraction] Page: https://jewellmaster.com/features/crm-customer-management | hostNorm: jewellmaster.com | Found 11 total links (11 internal)","timestamp":"2026-06-14 00:08:04"}
{"level":"info","message":"🔍 [Scraper] HTML length: 10796 | Body length: 4116 | Total <a> tags: 11","timestamp":"2026-06-14 00:08:04"}
{"level":"info","message":"🔗 [Link Extraction] Page: https://jewellmaster.com/features/crm-customer-management | hostNorm: jewellmaster.com | Found 11 total links (11 internal)","timestamp":"2026-06-14 00:08:04"}
{"level":"info","message":"🚀 [PageSpeed API] Fetching metrics for https://jewellmaster.com/features/crm-customer-management...","timestamp":"2026-06-14 00:08:08"}
{"level":"info","message":"🚀 [PageSpeed API] Fetching metrics for https://jewellmaster.com/features/crm-customer-management...","timestamp":"2026-06-14 00:08:08"}
{"level":"info","message":"✅ [PageSpeed API] Score for https://jewellmaster.com/features: 91","timestamp":"2026-06-14 00:08:08"}
{"level":"info","message":"📊 [Lighthouse] Results for https://jewellmaster.com/features: Performance: 91, SEO: 92, Accessibility: 100","timestamp":"2026-06-14 00:08:08"}
{"level":"info","message":"🔍 [Domain: jewellmaster.com] [Page 2/10] Found 11 internal links on https://jewellmaster.com/features","timestamp":"2026-06-14 00:08:08"}
{"level":"info","message":"➕ [Queue] Adding: https://jewellmaster.com/features/jewelry-inventory-management (targetHost: jewellmaster.com, hostNorm: jewellmaster.com)","timestamp":"2026-06-14 00:08:08"}
{"level":"info","message":"➕ [Queue] Adding: https://jewellmaster.com/features/gst-billing-invoicing (targetHost: jewellmaster.com, hostNorm: jewellmaster.com)","timestamp":"2026-06-14 00:08:08"}
{"level":"info","message":"➕ [Queue] Adding: https://jewellmaster.com/features/crm-customer-management (targetHost: jewellmaster.com, hostNorm: jewellmaster.com)","timestamp":"2026-06-14 00:08:08"}
{"level":"info","message":"➕ [Queue] Adding: https://jewellmaster.com/features/accounting-financial-management (targetHost: jewellmaster.com, hostNorm: jewellmaster.com)","timestamp":"2026-06-14 00:08:08"}
{"level":"info","message":"➕ [Queue] Adding: https://jewellmaster.com/features/ai-powered-reports (targetHost: jewellmaster.com, hostNorm: jewellmaster.com)","timestamp":"2026-06-14 00:08:08"}
{"level":"info","message":"➕ [Queue] Adding: https://jewellmaster.com/features/multi-branch-management (targetHost: jewellmaster.com, hostNorm: jewellmaster.com)","timestamp":"2026-06-14 00:08:08"}
{"level":"info","message":"➕ [Queue] Adding: https://jewellmaster.com/features/mobile-app (targetHost: jewellmaster.com, hostNorm: jewellmaster.com)","timestamp":"2026-06-14 00:08:08"}
{"level":"info","message":"➕ [Queue] Adding: https://jewellmaster.com/features/integrations (targetHost: jewellmaster.com, hostNorm: jewellmaster.com)","timestamp":"2026-06-14 00:08:08"}
{"level":"info","message":"➕ [Queue] Adding: https://jewellmaster.com/features/security-reliability (targetHost: jewellmaster.com, hostNorm: jewellmaster.com)","timestamp":"2026-06-14 00:08:08"}
{"level":"info","message":"🔍 [Crawl] Queue: 9 | Visited: 3 | Scanning: https://jewellmaster.com/demo.html","timestamp":"2026-06-14 00:08:08"}
{"level":"info","message":"🔍 [Domain: jewellmaster.com] [Page 3/10] Scanning: https://jewellmaster.com/demo.html","timestamp":"2026-06-14 00:08:08"}
{"level":"info","message":"🔍 [Scraper] HTML length: 24659 | Body length: 13539 | Total <a> tags: 3","timestamp":"2026-06-14 00:08:27"}
{"level":"info","message":"🔗 [Link Extraction] Page: https://jewellmaster.com/demo | hostNorm: jewellmaster.com | Found 3 total links (2 internal)","timestamp":"2026-06-14 00:08:27"}
{"level":"info","message":"✅ [PageSpeed API] Score for https://jewellmaster.com/features/crm-customer-management: 90","timestamp":"2026-06-14 00:08:28"}
{"level":"info","message":"📊 [Lighthouse] Results for https://jewellmaster.com/features/crm-customer-management: Performance: 90, SEO: 92, Accessibility: 100","timestamp":"2026-06-14 00:08:28"}
{"level":"info","message":"✅ [PageSpeed API] Score for https://jewellmaster.com/features/crm-customer-management: 90","timestamp":"2026-06-14 00:08:28"}
{"level":"info","message":"📊 [Lighthouse] Results for https://jewellmaster.com/features/crm-customer-management: Performance: 90, SEO: 92, Accessibility: 100","timestamp":"2026-06-14 00:08:28"}
{"level":"info","message":"🔍 [Domain: jewellmaster.com] [Page 6/10] Found 11 internal links on https://jewellmaster.com/features/crm-customer-management","timestamp":"2026-06-14 00:08:28"}
{"level":"info","message":"🔍 [Crawl] Queue: 6 | Visited: 7 | Scanning: https://jewellmaster.com/features/accounting-financial-management","timestamp":"2026-06-14 00:08:28"}
{"level":"info","message":"🔍 [Domain: jewellmaster.com] [Page 7/10] Scanning: https://jewellmaster.com/features/accounting-financial-management","timestamp":"2026-06-14 00:08:28"}
{"level":"info","message":"🔍 [Domain: jewellmaster.com] [Page 6/10] Found 11 internal links on https://jewellmaster.com/features/crm-customer-management","timestamp":"2026-06-14 00:08:28"}
{"level":"info","message":"🔍 [Crawl] Queue: 6 | Visited: 7 | Scanning: https://jewellmaster.com/features/accounting-financial-management","timestamp":"2026-06-14 00:08:28"}
{"level":"info","message":"🔍 [Domain: jewellmaster.com] [Page 7/10] Scanning: https://jewellmaster.com/features/accounting-financial-management","timestamp":"2026-06-14 00:08:28"}
{"level":"info","message":"🚀 [PageSpeed API] Fetching metrics for https://jewellmaster.com/demo...","timestamp":"2026-06-14 00:08:29"}
{"level":"info","message":"🔍 [Scraper] HTML length: 10878 | Body length: 4176 | Total <a> tags: 11","timestamp":"2026-06-14 00:08:32"}
{"level":"info","message":"🔗 [Link Extraction] Page: https://jewellmaster.com/features/accounting-financial-management | hostNorm: jewellmaster.com | Found 11 total links (11 internal)","timestamp":"2026-06-14 00:08:32"}
{"level":"info","message":"🔍 [Scraper] HTML length: 10878 | Body length: 4176 | Total <a> tags: 11","timestamp":"2026-06-14 00:08:33"}
{"level":"info","message":"🔗 [Link Extraction] Page: https://jewellmaster.com/features/accounting-financial-management | hostNorm: jewellmaster.com | Found 11 total links (11 internal)","timestamp":"2026-06-14 00:08:33"}
{"level":"info","message":"🚀 [PageSpeed API] Fetching metrics for https://jewellmaster.com/features/accounting-financial-management...","timestamp":"2026-06-14 00:08:36"}
{"level":"info","message":"🚀 [PageSpeed API] Fetching metrics for https://jewellmaster.com/features/accounting-financial-management...","timestamp":"2026-06-14 00:08:36"}
{"level":"info","message":"✅ [PageSpeed API] Score for https://jewellmaster.com/demo: 85","timestamp":"2026-06-14 00:08:48"}
{"level":"info","message":"📊 [Lighthouse] Results for https://jewellmaster.com/demo: Performance: 85, SEO: 85, Accessibility: 69","timestamp":"2026-06-14 00:08:48"}
{"level":"info","message":"🔍 [Domain: jewellmaster.com] [Page 3/10] Found 2 internal links on https://jewellmaster.com/demo.html","timestamp":"2026-06-14 00:08:48"}
{"level":"info","message":"➕ [Queue] Adding: https://jewellmaster.com/demo (targetHost: jewellmaster.com, hostNorm: jewellmaster.com)","timestamp":"2026-06-14 00:08:48"}
{"level":"info","message":"🔍 [Crawl] Queue: 9 | Visited: 4 | Scanning: https://jewellmaster.com/features/jewelry-inventory-management","timestamp":"2026-06-14 00:08:48"}
{"level":"info","message":"🔍 [Domain: jewellmaster.com] [Page 4/10] Scanning: https://jewellmaster.com/features/jewelry-inventory-management","timestamp":"2026-06-14 00:08:48"}
{"level":"info","message":"🔍 [Scraper] HTML length: 10851 | Body length: 4145 | Total <a> tags: 11","timestamp":"2026-06-14 00:08:52"}
{"level":"info","message":"🔗 [Link Extraction] Page: https://jewellmaster.com/features/jewelry-inventory-management | hostNorm: jewellmaster.com | Found 11 total links (11 internal)","timestamp":"2026-06-14 00:08:52"}
{"level":"info","message":"🚀 [PageSpeed API] Fetching metrics for https://jewellmaster.com/features/jewelry-inventory-management...","timestamp":"2026-06-14 00:08:55"}
{"level":"info","message":"✅ [PageSpeed API] Score for https://jewellmaster.com/features/accounting-financial-management: 90","timestamp":"2026-06-14 00:08:55"}
{"level":"info","message":"📊 [Lighthouse] Results for https://jewellmaster.com/features/accounting-financial-management: Performance: 90, SEO: 92, Accessibility: 100","timestamp":"2026-06-14 00:08:55"}
{"level":"info","message":"✅ [PageSpeed API] Score for https://jewellmaster.com/features/accounting-financial-management: 90","timestamp":"2026-06-14 00:08:55"}
{"level":"info","message":"📊 [Lighthouse] Results for https://jewellmaster.com/features/accounting-financial-management: Performance: 90, SEO: 92, Accessibility: 100","timestamp":"2026-06-14 00:08:55"}
{"level":"info","message":"🔍 [Domain: jewellmaster.com] [Page 7/10] Found 11 internal links on https://jewellmaster.com/features/accounting-financial-management","timestamp":"2026-06-14 00:08:55"}
{"level":"info","message":"🔍 [Crawl] Queue: 5 | Visited: 8 | Scanning: https://jewellmaster.com/features/ai-powered-reports","timestamp":"2026-06-14 00:08:55"}
{"level":"info","message":"🔍 [Domain: jewellmaster.com] [Page 8/10] Scanning: https://jewellmaster.com/features/ai-powered-reports","timestamp":"2026-06-14 00:08:55"}
{"level":"info","message":"🔍 [Domain: jewellmaster.com] [Page 7/10] Found 11 internal links on https://jewellmaster.com/features/accounting-financial-management","timestamp":"2026-06-14 00:08:55"}
{"level":"info","message":"🔍 [Crawl] Queue: 5 | Visited: 8 | Scanning: https://jewellmaster.com/features/ai-powered-reports","timestamp":"2026-06-14 00:08:55"}
{"level":"info","message":"🔍 [Domain: jewellmaster.com] [Page 8/10] Scanning: https://jewellmaster.com/features/ai-powered-reports","timestamp":"2026-06-14 00:08:55"}
{"level":"info","message":"🔍 [Scraper] HTML length: 10800 | Body length: 4124 | Total <a> tags: 11","timestamp":"2026-06-14 00:08:59"}
{"level":"info","message":"🔗 [Link Extraction] Page: https://jewellmaster.com/features/ai-powered-reports | hostNorm: jewellmaster.com | Found 11 total links (11 internal)","timestamp":"2026-06-14 00:08:59"}
{"level":"info","message":"🔍 [Scraper] HTML length: 10800 | Body length: 4124 | Total <a> tags: 11","timestamp":"2026-06-14 00:08:59"}
{"level":"info","message":"🔗 [Link Extraction] Page: https://jewellmaster.com/features/ai-powered-reports | hostNorm: jewellmaster.com | Found 11 total links (11 internal)","timestamp":"2026-06-14 00:08:59"}
{"level":"info","message":"🚀 [PageSpeed API] Fetching metrics for https://jewellmaster.com/features/ai-powered-reports...","timestamp":"2026-06-14 00:09:02"}
{"level":"info","message":"🚀 [PageSpeed API] Fetching metrics for https://jewellmaster.com/features/ai-powered-reports...","timestamp":"2026-06-14 00:09:02"}
{"level":"info","message":"✅ [PageSpeed API] Score for https://jewellmaster.com/features/jewelry-inventory-management: 89","timestamp":"2026-06-14 00:09:15"}
{"level":"info","message":"📊 [Lighthouse] Results for https://jewellmaster.com/features/jewelry-inventory-management: Performance: 89, SEO: 92, Accessibility: 100","timestamp":"2026-06-14 00:09:15"}
{"level":"info","message":"🔍 [Domain: jewellmaster.com] [Page 4/10] Found 11 internal links on https://jewellmaster.com/features/jewelry-inventory-management","timestamp":"2026-06-14 00:09:15"}
{"level":"info","message":"🔍 [Crawl] Queue: 8 | Visited: 5 | Scanning: https://jewellmaster.com/features/gst-billing-invoicing","timestamp":"2026-06-14 00:09:15"}
{"level":"info","message":"🔍 [Domain: jewellmaster.com] [Page 5/10] Scanning: https://jewellmaster.com/features/gst-billing-invoicing","timestamp":"2026-06-14 00:09:15"}
{"level":"info","message":"🔍 [Scraper] HTML length: 10890 | Body length: 4131 | Total <a> tags: 11","timestamp":"2026-06-14 00:09:18"}
{"level":"info","message":"🔗 [Link Extraction] Page: https://jewellmaster.com/features/gst-billing-invoicing | hostNorm: jewellmaster.com | Found 11 total links (11 internal)","timestamp":"2026-06-14 00:09:18"}
{"level":"info","message":"✅ [PageSpeed API] Score for https://jewellmaster.com/features/ai-powered-reports: 90","timestamp":"2026-06-14 00:09:19"}
{"level":"info","message":"📊 [Lighthouse] Results for https://jewellmaster.com/features/ai-powered-reports: Performance: 90, SEO: 92, Accessibility: 100","timestamp":"2026-06-14 00:09:19"}
{"level":"info","message":"✅ [PageSpeed API] Score for https://jewellmaster.com/features/ai-powered-reports: 90","timestamp":"2026-06-14 00:09:19"}
{"level":"info","message":"📊 [Lighthouse] Results for https://jewellmaster.com/features/ai-powered-reports: Performance: 90, SEO: 92, Accessibility: 100","timestamp":"2026-06-14 00:09:19"}
{"level":"info","message":"🔍 [Domain: jewellmaster.com] [Page 8/10] Found 11 internal links on https://jewellmaster.com/features/ai-powered-reports","timestamp":"2026-06-14 00:09:19"}
{"level":"info","message":"🔍 [Crawl] Queue: 4 | Visited: 9 | Scanning: https://jewellmaster.com/features/multi-branch-management","timestamp":"2026-06-14 00:09:19"}
{"level":"info","message":"🔍 [Domain: jewellmaster.com] [Page 9/10] Scanning: https://jewellmaster.com/features/multi-branch-management","timestamp":"2026-06-14 00:09:19"}
{"level":"info","message":"🔍 [Domain: jewellmaster.com] [Page 8/10] Found 11 internal links on https://jewellmaster.com/features/ai-powered-reports","timestamp":"2026-06-14 00:09:20"}
{"level":"info","message":"🔍 [Crawl] Queue: 4 | Visited: 9 | Scanning: https://jewellmaster.com/features/multi-branch-management","timestamp":"2026-06-14 00:09:20"}
{"level":"info","message":"🔍 [Domain: jewellmaster.com] [Page 9/10] Scanning: https://jewellmaster.com/features/multi-branch-management","timestamp":"2026-06-14 00:09:20"}
{"level":"info","message":"🚀 [PageSpeed API] Fetching metrics for https://jewellmaster.com/features/gst-billing-invoicing...","timestamp":"2026-06-14 00:09:21"}
{"level":"info","message":"🔍 [Scraper] HTML length: 10798 | Body length: 4111 | Total <a> tags: 11","timestamp":"2026-06-14 00:09:23"}
{"level":"info","message":"🔗 [Link Extraction] Page: https://jewellmaster.com/features/multi-branch-management | hostNorm: jewellmaster.com | Found 11 total links (11 internal)","timestamp":"2026-06-14 00:09:23"}
{"level":"info","message":"🔍 [Scraper] HTML length: 10798 | Body length: 4111 | Total <a> tags: 11","timestamp":"2026-06-14 00:09:23"}
{"level":"info","message":"🔗 [Link Extraction] Page: https://jewellmaster.com/features/multi-branch-management | hostNorm: jewellmaster.com | Found 11 total links (11 internal)","timestamp":"2026-06-14 00:09:23"}
{"level":"info","message":"🚀 [PageSpeed API] Fetching metrics for https://jewellmaster.com/features/multi-branch-management...","timestamp":"2026-06-14 00:09:26"}
{"level":"info","message":"🚀 [PageSpeed API] Fetching metrics for https://jewellmaster.com/features/multi-branch-management...","timestamp":"2026-06-14 00:09:26"}
{"level":"info","message":"✅ [PageSpeed API] Score for https://jewellmaster.com/features/gst-billing-invoicing: 89","timestamp":"2026-06-14 00:09:39"}
{"level":"info","message":"📊 [Lighthouse] Results for https://jewellmaster.com/features/gst-billing-invoicing: Performance: 89, SEO: 92, Accessibility: 100","timestamp":"2026-06-14 00:09:39"}
{"level":"info","message":"🔍 [Domain: jewellmaster.com] [Page 5/10] Found 11 internal links on https://jewellmaster.com/features/gst-billing-invoicing","timestamp":"2026-06-14 00:09:39"}
{"level":"info","message":"🔍 [Crawl] Queue: 7 | Visited: 6 | Scanning: https://jewellmaster.com/features/crm-customer-management","timestamp":"2026-06-14 00:09:39"}
{"level":"info","message":"🔍 [Domain: jewellmaster.com] [Page 6/10] Scanning: https://jewellmaster.com/features/crm-customer-management","timestamp":"2026-06-14 00:09:39"}
{"level":"info","message":"🔍 [Scraper] HTML length: 10796 | Body length: 4116 | Total <a> tags: 11","timestamp":"2026-06-14 00:09:41"}
{"level":"info","message":"🔗 [Link Extraction] Page: https://jewellmaster.com/features/crm-customer-management | hostNorm: jewellmaster.com | Found 11 total links (11 internal)","timestamp":"2026-06-14 00:09:41"}
{"level":"info","message":"✅ [PageSpeed API] Score for https://jewellmaster.com/features/multi-branch-management: 92","timestamp":"2026-06-14 00:09:43"}
{"level":"info","message":"📊 [Lighthouse] Results for https://jewellmaster.com/features/multi-branch-management: Performance: 92, SEO: 92, Accessibility: 100","timestamp":"2026-06-14 00:09:43"}
{"level":"info","message":"✅ [PageSpeed API] Score for https://jewellmaster.com/features/multi-branch-management: 92","timestamp":"2026-06-14 00:09:43"}
{"level":"info","message":"📊 [Lighthouse] Results for https://jewellmaster.com/features/multi-branch-management: Performance: 92, SEO: 92, Accessibility: 100","timestamp":"2026-06-14 00:09:43"}
{"level":"info","message":"🔍 [Domain: jewellmaster.com] [Page 9/10] Found 11 internal links on https://jewellmaster.com/features/multi-branch-management","timestamp":"2026-06-14 00:09:43"}
{"level":"info","message":"🔍 [Crawl] Queue: 3 | Visited: 10 | Scanning: https://jewellmaster.com/features/mobile-app","timestamp":"2026-06-14 00:09:43"}
{"level":"info","message":"🔍 [Domain: jewellmaster.com] [Page 10/10] Scanning: https://jewellmaster.com/features/mobile-app","timestamp":"2026-06-14 00:09:43"}
{"level":"info","message":"🔍 [Domain: jewellmaster.com] [Page 9/10] Found 11 internal links on https://jewellmaster.com/features/multi-branch-management","timestamp":"2026-06-14 00:09:43"}
{"level":"info","message":"🔍 [Crawl] Queue: 3 | Visited: 10 | Scanning: https://jewellmaster.com/features/mobile-app","timestamp":"2026-06-14 00:09:44"}
{"level":"info","message":"🔍 [Domain: jewellmaster.com] [Page 10/10] Scanning: https://jewellmaster.com/features/mobile-app","timestamp":"2026-06-14 00:09:44"}
{"level":"info","message":"🚀 [PageSpeed API] Fetching metrics for https://jewellmaster.com/features/crm-customer-management...","timestamp":"2026-06-14 00:09:44"}
{"level":"info","message":"🔍 [Scraper] HTML length: 10784 | Body length: 4099 | Total <a> tags: 11","timestamp":"2026-06-14 00:09:47"}
{"level":"info","message":"🔗 [Link Extraction] Page: https://jewellmaster.com/features/mobile-app | hostNorm: jewellmaster.com | Found 11 total links (11 internal)","timestamp":"2026-06-14 00:09:47"}
{"level":"info","message":"🔍 [Scraper] HTML length: 10784 | Body length: 4099 | Total <a> tags: 11","timestamp":"2026-06-14 00:09:48"}
{"level":"info","message":"🔗 [Link Extraction] Page: https://jewellmaster.com/features/mobile-app | hostNorm: jewellmaster.com | Found 11 total links (11 internal)","timestamp":"2026-06-14 00:09:48"}
{"level":"info","message":"🚀 [PageSpeed API] Fetching metrics for https://jewellmaster.com/features/mobile-app...","timestamp":"2026-06-14 00:09:50"}
{"level":"info","message":"🚀 [PageSpeed API] Fetching metrics for https://jewellmaster.com/features/mobile-app...","timestamp":"2026-06-14 00:09:51"}
{"level":"info","message":"✅ [PageSpeed API] Score for https://jewellmaster.com/features/crm-customer-management: 90","timestamp":"2026-06-14 00:10:05"}
{"level":"info","message":"📊 [Lighthouse] Results for https://jewellmaster.com/features/crm-customer-management: Performance: 90, SEO: 92, Accessibility: 100","timestamp":"2026-06-14 00:10:05"}
{"level":"info","message":"🔍 [Domain: jewellmaster.com] [Page 6/10] Found 11 internal links on https://jewellmaster.com/features/crm-customer-management","timestamp":"2026-06-14 00:10:06"}
{"level":"info","message":"🔍 [Crawl] Queue: 6 | Visited: 7 | Scanning: https://jewellmaster.com/features/accounting-financial-management","timestamp":"2026-06-14 00:10:06"}
{"level":"info","message":"🔍 [Domain: jewellmaster.com] [Page 7/10] Scanning: https://jewellmaster.com/features/accounting-financial-management","timestamp":"2026-06-14 00:10:06"}
{"level":"info","message":"🔍 [Scraper] HTML length: 10878 | Body length: 4176 | Total <a> tags: 11","timestamp":"2026-06-14 00:10:10"}
{"level":"info","message":"🔗 [Link Extraction] Page: https://jewellmaster.com/features/accounting-financial-management | hostNorm: jewellmaster.com | Found 11 total links (11 internal)","timestamp":"2026-06-14 00:10:10"}
{"level":"info","message":"✅ [PageSpeed API] Score for https://jewellmaster.com/features/mobile-app: 90","timestamp":"2026-06-14 00:10:10"}
{"level":"info","message":"📊 [Lighthouse] Results for https://jewellmaster.com/features/mobile-app: Performance: 90, SEO: 92, Accessibility: 100","timestamp":"2026-06-14 00:10:10"}
{"level":"info","message":"✅ [PageSpeed API] Score for https://jewellmaster.com/features/mobile-app: 90","timestamp":"2026-06-14 00:10:10"}
{"level":"info","message":"📊 [Lighthouse] Results for https://jewellmaster.com/features/mobile-app: Performance: 90, SEO: 92, Accessibility: 100","timestamp":"2026-06-14 00:10:10"}
{"level":"info","message":"🔍 [Domain: jewellmaster.com] [Page 10/10] Found 11 internal links on https://jewellmaster.com/features/mobile-app","timestamp":"2026-06-14 00:10:10"}
{"level":"info","message":"🔍 [Domain: jewellmaster.com] [Page 10/10] Found 11 internal links on https://jewellmaster.com/features/mobile-app","timestamp":"2026-06-14 00:10:10"}
{"level":"info","message":"[https://jewellmaster.com] Evaluating 1 policies against 10 pages.","timestamp":"2026-06-14 00:10:10"}
{"level":"info","message":"   -> Evaluated Rule [text] with target \"\" (Search: contains, Contains: undefined): isMatch=true","timestamp":"2026-06-14 00:10:10"}
{"level":"info","message":"   -> Evaluated Rule [page-title] with target \"\" (Search: contains, Contains: undefined): isMatch=true","timestamp":"2026-06-14 00:10:10"}
{"level":"info","message":"   -> Evaluated Rule [page-title-length] with target \"10\" (Search: contains, Contains: undefined): isMatch=false","timestamp":"2026-06-14 00:10:10"}
{"level":"info","message":"   -> Evaluated Rule [page-url] with target \"\" (Search: contains, Contains: undefined): isMatch=true","timestamp":"2026-06-14 00:10:10"}
{"level":"info","message":"   -> Evaluated Rule [link] with target \"\" (Search: contains, Contains: undefined): isMatch=true","timestamp":"2026-06-14 00:10:10"}
{"level":"info","message":"   -> Evaluated Rule [link-text] with target \"\" (Search: contains, Contains: undefined): isMatch=true","timestamp":"2026-06-14 00:10:10"}
{"level":"info","message":"   -> Evaluated Rule [link-text-length] with target \"5\" (Search: contains, Contains: undefined): isMatch=false","timestamp":"2026-06-14 00:10:10"}
{"level":"info","message":"   -> Evaluated Rule [file-size] with target \"10\" (Search: contains, Contains: KB): isMatch=false","timestamp":"2026-06-14 00:10:10"}
{"level":"info","message":"   -> Evaluated Rule [image-size] with target \"10\" (Search: contains, Contains: KB): isMatch=false","timestamp":"2026-06-14 00:10:10"}
{"level":"info","message":"   -> Evaluated Rule [image-text] with target \"\" (Search: contains, Contains: undefined): isMatch=true","timestamp":"2026-06-14 00:10:10"}
{"level":"info","message":"   -> Evaluated Rule [image-text-length] with target \"5\" (Search: contains, Contains: undefined): isMatch=false","timestamp":"2026-06-14 00:10:10"}
{"level":"info","message":"   -> Evaluated Rule [external-link-count] with target \"1\" (Search: contains, Contains: undefined): isMatch=false","timestamp":"2026-06-14 00:10:10"}
{"level":"info","message":"   -> Evaluated Rule [incoming-link-count] with target \"1\" (Search: contains, Contains: undefined): isMatch=false","timestamp":"2026-06-14 00:10:10"}
{"level":"info","message":"   -> Evaluated Rule [heading-text] with target \"\" (Search: contains, Contains: undefined): isMatch=true","timestamp":"2026-06-14 00:10:10"}
{"level":"info","message":"   -> Evaluated Rule [header-text-length] with target \"5\" (Search: contains, Contains: undefined): isMatch=false","timestamp":"2026-06-14 00:10:10"}
{"level":"info","message":"   -> Evaluated Rule [readability-level] with target \"5\" (Search: contains, Contains: undefined): isMatch=false","timestamp":"2026-06-14 00:10:10"}
{"level":"info","message":"   -> Evaluated Rule [meta-header] with target \"\" (Search: contains, Contains: undefined): isMatch=true","timestamp":"2026-06-14 00:10:10"}
{"level":"info","message":"   -> Evaluated Rule [meta-header-length] with target \"5\" (Search: contains, Contains: undefined): isMatch=false","timestamp":"2026-06-14 00:10:10"}
{"level":"info","message":"   -> Evaluated Rule [page-html] with target \"\" (Search: contains, Contains: undefined): isMatch=true","timestamp":"2026-06-14 00:10:10"}
{"level":"info","message":"   -> Evaluated Rule [text] with target \"\" (Search: contains, Contains: undefined): isMatch=true","timestamp":"2026-06-14 00:10:10"}
{"level":"info","message":"   -> Evaluated Rule [page-title] with target \"\" (Search: contains, Contains: undefined): isMatch=true","timestamp":"2026-06-14 00:10:10"}
{"level":"info","message":"   -> Evaluated Rule [page-title-length] with target \"10\" (Search: contains, Contains: undefined): isMatch=false","timestamp":"2026-06-14 00:10:10"}
{"level":"info","message":"   -> Evaluated Rule [page-url] with target \"\" (Search: contains, Contains: undefined): isMatch=true","timestamp":"2026-06-14 00:10:10"}
{"level":"info","message":"   -> Evaluated Rule [link] with target \"\" (Search: contains, Contains: undefined): isMatch=true","timestamp":"2026-06-14 00:10:10"}
{"level":"info","message":"   -> Evaluated Rule [link-text] with target \"\" (Search: contains, Contains: undefined): isMatch=true","timestamp":"2026-06-14 00:10:10"}
{"level":"info","message":"   -> Evaluated Rule [link-text-length] with target \"5\" (Search: contains, Contains: undefined): isMatch=false","timestamp":"2026-06-14 00:10:10"}
{"level":"info","message":"   -> Evaluated Rule [file-size] with target \"10\" (Search: contains, Contains: KB): isMatch=false","timestamp":"2026-06-14 00:10:10"}
{"level":"info","message":"   -> Evaluated Rule [image-size] with target \"10\" (Search: contains, Contains: KB): isMatch=false","timestamp":"2026-06-14 00:10:10"}
{"level":"info","message":"   -> Evaluated Rule [image-text] with target \"\" (Search: contains, Contains: undefined): isMatch=true","timestamp":"2026-06-14 00:10:11"}
{"level":"info","message":"   -> Evaluated Rule [image-text-length] with target \"5\" (Search: contains, Contains: undefined): isMatch=false","timestamp":"2026-06-14 00:10:11"}
{"level":"info","message":"   -> Evaluated Rule [external-link-count] with target \"1\" (Search: contains, Contains: undefined): isMatch=false","timestamp":"2026-06-14 00:10:11"}
{"level":"info","message":"   -> Evaluated Rule [incoming-link-count] with target \"1\" (Search: contains, Contains: undefined): isMatch=false","timestamp":"2026-06-14 00:10:11"}
{"level":"info","message":"   -> Evaluated Rule [heading-text] with target \"\" (Search: contains, Contains: undefined): isMatch=true","timestamp":"2026-06-14 00:10:11"}
{"level":"info","message":"   -> Evaluated Rule [header-text-length] with target \"5\" (Search: contains, Contains: undefined): isMatch=false","timestamp":"2026-06-14 00:10:11"}
{"level":"info","message":"   -> Evaluated Rule [readability-level] with target \"5\" (Search: contains, Contains: undefined): isMatch=false","timestamp":"2026-06-14 00:10:11"}
{"level":"info","message":"   -> Evaluated Rule [meta-header] with target \"\" (Search: contains, Contains: undefined): isMatch=true","timestamp":"2026-06-14 00:10:11"}
{"level":"info","message":"   -> Evaluated Rule [meta-header-length] with target \"5\" (Search: contains, Contains: undefined): isMatch=false","timestamp":"2026-06-14 00:10:11"}
{"level":"info","message":"   -> Evaluated Rule [page-html] with target \"\" (Search: contains, Contains: undefined): isMatch=true","timestamp":"2026-06-14 00:10:11"}
{"level":"info","message":"   -> Evaluated Rule [text] with target \"\" (Search: contains, Contains: undefined): isMatch=true","timestamp":"2026-06-14 00:10:11"}
{"level":"info","message":"   -> Evaluated Rule [page-title] with target \"\" (Search: contains, Contains: undefined): isMatch=true","timestamp":"2026-06-14 00:10:11"}
{"level":"info","message":"   -> Evaluated Rule [page-title-length] with target \"10\" (Search: contains, Contains: undefined): isMatch=false","timestamp":"2026-06-14 00:10:11"}
{"level":"info","message":"   -> Evaluated Rule [page-url] with target \"\" (Search: contains, Contains: undefined): isMatch=true","timestamp":"2026-06-14 00:10:11"}
{"level":"info","message":"   -> Evaluated Rule [link] with target \"\" (Search: contains, Contains: undefined): isMatch=true","timestamp":"2026-06-14 00:10:11"}
{"level":"info","message":"   -> Evaluated Rule [link-text] with target \"\" (Search: contains, Contains: undefined): isMatch=true","timestamp":"2026-06-14 00:10:11"}
{"level":"info","message":"   -> Evaluated Rule [link-text-length] with target \"5\" (Search: contains, Contains: undefined): isMatch=false","timestamp":"2026-06-14 00:10:11"}
{"level":"info","message":"   -> Evaluated Rule [file-size] with target \"10\" (Search: contains, Contains: KB): isMatch=false","timestamp":"2026-06-14 00:10:11"}
{"level":"info","message":"   -> Evaluated Rule [image-size] with target \"10\" (Search: contains, Contains: KB): isMatch=false","timestamp":"2026-06-14 00:10:11"}
{"level":"info","message":"   -> Evaluated Rule [image-text] with target \"\" (Search: contains, Contains: undefined): isMatch=true","timestamp":"2026-06-14 00:10:11"}
{"level":"info","message":"   -> Evaluated Rule [image-text-length] with target \"5\" (Search: contains, Contains: undefined): isMatch=false","timestamp":"2026-06-14 00:10:11"}
{"level":"info","message":"   -> Evaluated Rule [external-link-count] with target \"1\" (Search: contains, Contains: undefined): isMatch=false","timestamp":"2026-06-14 00:10:11"}
{"level":"info","message":"   -> Evaluated Rule [incoming-link-count] with target \"1\" (Search: contains, Contains: undefined): isMatch=false","timestamp":"2026-06-14 00:10:11"}
{"level":"info","message":"   -> Evaluated Rule [heading-text] with target \"\" (Search: contains, Contains: undefined): isMatch=true","timestamp":"2026-06-14 00:10:11"}
{"level":"info","message":"   -> Evaluated Rule [header-text-length] with target \"5\" (Search: contains, Contains: undefined): isMatch=false","timestamp":"2026-06-14 00:10:11"}
{"level":"info","message":"   -> Evaluated Rule [readability-level] with target \"5\" (Search: contains, Contains: undefined): isMatch=false","timestamp":"2026-06-14 00:10:11"}
{"level":"info","message":"   -> Evaluated Rule [meta-header] with target \"\" (Search: contains, Contains: undefined): isMatch=true","timestamp":"2026-06-14 00:10:11"}
{"level":"info","message":"   -> Evaluated Rule [meta-header-length] with target \"5\" (Search: contains, Contains: undefined): isMatch=false","timestamp":"2026-06-14 00:10:11"}
{"level":"info","message":"   -> Evaluated Rule [page-html] with target \"\" (Search: contains, Contains: undefined): isMatch=true","timestamp":"2026-06-14 00:10:11"}
{"level":"info","message":"   -> Evaluated Rule [text] with target \"\" (Search: contains, Contains: undefined): isMatch=true","timestamp":"2026-06-14 00:10:11"}
{"level":"info","message":"   -> Evaluated Rule [page-title] with target \"\" (Search: contains, Contains: undefined): isMatch=true","timestamp":"2026-06-14 00:10:11"}
{"level":"info","message":"   -> Evaluated Rule [page-title-length] with target \"10\" (Search: contains, Contains: undefined): isMatch=false","timestamp":"2026-06-14 00:10:11"}
{"level":"info","message":"   -> Evaluated Rule [page-url] with target \"\" (Search: contains, Contains: undefined): isMatch=true","timestamp":"2026-06-14 00:10:11"}
{"level":"info","message":"   -> Evaluated Rule [link] with target \"\" (Search: contains, Contains: undefined): isMatch=true","timestamp":"2026-06-14 00:10:11"}
{"level":"info","message":"   -> Evaluated Rule [link-text] with target \"\" (Search: contains, Contains: undefined): isMatch=true","timestamp":"2026-06-14 00:10:11"}
{"level":"info","message":"   -> Evaluated Rule [link-text-length] with target \"5\" (Search: contains, Contains: undefined): isMatch=false","timestamp":"2026-06-14 00:10:11"}
{"level":"info","message":"   -> Evaluated Rule [file-size] with target \"10\" (Search: contains, Contains: KB): isMatch=false","timestamp":"2026-06-14 00:10:11"}
{"level":"info","message":"   -> Evaluated Rule [image-size] with target \"10\" (Search: contains, Contains: KB): isMatch=false","timestamp":"2026-06-14 00:10:11"}
{"level":"info","message":"   -> Evaluated Rule [image-text] with target \"\" (Search: contains, Contains: undefined): isMatch=true","timestamp":"2026-06-14 00:10:11"}
{"level":"info","message":"   -> Evaluated Rule [image-text-length] with target \"5\" (Search: contains, Contains: undefined): isMatch=false","timestamp":"2026-06-14 00:10:11"}
{"level":"info","message":"   -> Evaluated Rule [external-link-count] with target \"1\" (Search: contains, Contains: undefined): isMatch=false","timestamp":"2026-06-14 00:10:11"}
{"level":"info","message":"   -> Evaluated Rule [incoming-link-count] with target \"1\" (Search: contains, Contains: undefined): isMatch=false","timestamp":"2026-06-14 00:10:11"}
{"level":"info","message":"   -> Evaluated Rule [heading-text] with target \"\" (Search: contains, Contains: undefined): isMatch=true","timestamp":"2026-06-14 00:10:11"}
{"level":"info","message":"   -> Evaluated Rule [header-text-length] with target \"5\" (Search: contains, Contains: undefined): isMatch=false","timestamp":"2026-06-14 00:10:11"}
{"level":"info","message":"   -> Evaluated Rule [readability-level] with target \"5\" (Search: contains, Contains: undefined): isMatch=false","timestamp":"2026-06-14 00:10:11"}
{"level":"info","message":"   -> Evaluated Rule [meta-header] with target \"\" (Search: contains, Contains: undefined): isMatch=true","timestamp":"2026-06-14 00:10:11"}
{"level":"info","message":"   -> Evaluated Rule [meta-header-length] with target \"5\" (Search: contains, Contains: undefined): isMatch=false","timestamp":"2026-06-14 00:10:11"}
{"level":"info","message":"   -> Evaluated Rule [page-html] with target \"\" (Search: contains, Contains: undefined): isMatch=true","timestamp":"2026-06-14 00:10:11"}
{"level":"info","message":"   -> Evaluated Rule [text] with target \"\" (Search: contains, Contains: undefined): isMatch=true","timestamp":"2026-06-14 00:10:11"}
{"level":"info","message":"   -> Evaluated Rule [page-title] with target \"\" (Search: contains, Contains: undefined): isMatch=true","timestamp":"2026-06-14 00:10:11"}
{"level":"info","message":"   -> Evaluated Rule [page-title-length] with target \"10\" (Search: contains, Contains: undefined): isMatch=false","timestamp":"2026-06-14 00:10:11"}
{"level":"info","message":"   -> Evaluated Rule [page-url] with target \"\" (Search: contains, Contains: undefined): isMatch=true","timestamp":"2026-06-14 00:10:11"}
{"level":"info","message":"   -> Evaluated Rule [link] with target \"\" (Search: contains, Contains: undefined): isMatch=true","timestamp":"2026-06-14 00:10:11"}
{"level":"info","message":"   -> Evaluated Rule [link-text] with target \"\" (Search: contains, Contains: undefined): isMatch=true","timestamp":"2026-06-14 00:10:11"}
{"level":"info","message":"   -> Evaluated Rule [link-text-length] with target \"5\" (Search: contains, Contains: undefined): isMatch=false","timestamp":"2026-06-14 00:10:11"}
{"level":"info","message":"   -> Evaluated Rule [file-size] with target \"10\" (Search: contains, Contains: KB): isMatch=false","timestamp":"2026-06-14 00:10:11"}
{"level":"info","message":"   -> Evaluated Rule [image-size] with target \"10\" (Search: contains, Contains: KB): isMatch=false","timestamp":"2026-06-14 00:10:11"}
{"level":"info","message":"   -> Evaluated Rule [image-text] with target \"\" (Search: contains, Contains: undefined): isMatch=true","timestamp":"2026-06-14 00:10:11"}
{"level":"info","message":"   -> Evaluated Rule [image-text-length] with target \"5\" (Search: contains, Contains: undefined): isMatch=false","timestamp":"2026-06-14 00:10:11"}
{"level":"info","message":"   -> Evaluated Rule [external-link-count] with target \"1\" (Search: contains, Contains: undefined): isMatch=false","timestamp":"2026-06-14 00:10:11"}
{"level":"info","message":"   -> Evaluated Rule [incoming-link-count] with target \"1\" (Search: contains, Contains: undefined): isMatch=false","timestamp":"2026-06-14 00:10:11"}
{"level":"info","message":"   -> Evaluated Rule [heading-text] with target \"\" (Search: contains, Contains: undefined): isMatch=true","timestamp":"2026-06-14 00:10:11"}
{"level":"info","message":"   -> Evaluated Rule [header-text-length] with target \"5\" (Search: contains, Contains: undefined): isMatch=false","timestamp":"2026-06-14 00:10:11"}
{"level":"info","message":"   -> Evaluated Rule [readability-level] with target \"5\" (Search: contains, Contains: undefined): isMatch=false","timestamp":"2026-06-14 00:10:11"}
{"level":"info","message":"   -> Evaluated Rule [meta-header] with target \"\" (Search: contains, Contains: undefined): isMatch=true","timestamp":"2026-06-14 00:10:11"}
{"level":"info","message":"   -> Evaluated Rule [meta-header-length] with target \"5\" (Search: contains, Contains: undefined): isMatch=false","timestamp":"2026-06-14 00:10:11"}
{"level":"info","message":"   -> Evaluated Rule [page-html] with target \"\" (Search: contains, Contains: undefined): isMatch=true","timestamp":"2026-06-14 00:10:11"}
{"level":"info","message":"   -> Evaluated Rule [text] with target \"\" (Search: contains, Contains: undefined): isMatch=true","timestamp":"2026-06-14 00:10:11"}
{"level":"info","message":"   -> Evaluated Rule [page-title] with target \"\" (Search: contains, Contains: undefined): isMatch=true","timestamp":"2026-06-14 00:10:11"}
{"level":"info","message":"   -> Evaluated Rule [page-title-length] with target \"10\" (Search: contains, Contains: undefined): isMatch=false","timestamp":"2026-06-14 00:10:11"}
{"level":"info","message":"   -> Evaluated Rule [page-url] with target \"\" (Search: contains, Contains: undefined): isMatch=true","timestamp":"2026-06-14 00:10:11"}
{"level":"info","message":"   -> Evaluated Rule [link] with target \"\" (Search: contains, Contains: undefined): isMatch=true","timestamp":"2026-06-14 00:10:11"}
{"level":"info","message":"   -> Evaluated Rule [link-text] with target \"\" (Search: contains, Contains: undefined): isMatch=true","timestamp":"2026-06-14 00:10:11"}
{"level":"info","message":"   -> Evaluated Rule [link-text-length] with target \"5\" (Search: contains, Contains: undefined): isMatch=false","timestamp":"2026-06-14 00:10:11"}
{"level":"info","message":"   -> Evaluated Rule [file-size] with target \"10\" (Search: contains, Contains: KB): isMatch=false","timestamp":"2026-06-14 00:10:11"}
{"level":"info","message":"   -> Evaluated Rule [image-size] with target \"10\" (Search: contains, Contains: KB): isMatch=false","timestamp":"2026-06-14 00:10:11"}
{"level":"info","message":"   -> Evaluated Rule [image-text] with target \"\" (Search: contains, Contains: undefined): isMatch=true","timestamp":"2026-06-14 00:10:11"}
{"level":"info","message":"   -> Evaluated Rule [image-text-length] with target \"5\" (Search: contains, Contains: undefined): isMatch=false","timestamp":"2026-06-14 00:10:11"}
{"level":"info","message":"   -> Evaluated Rule [external-link-count] with target \"1\" (Search: contains, Contains: undefined): isMatch=false","timestamp":"2026-06-14 00:10:11"}
{"level":"info","message":"   -> Evaluated Rule [incoming-link-count] with target \"1\" (Search: contains, Contains: undefined): isMatch=false","timestamp":"2026-06-14 00:10:11"}
{"level":"info","message":"   -> Evaluated Rule [heading-text] with target \"\" (Search: contains, Contains: undefined): isMatch=true","timestamp":"2026-06-14 00:10:11"}
{"level":"info","message":"   -> Evaluated Rule [header-text-length] with target \"5\" (Search: contains, Contains: undefined): isMatch=false","timestamp":"2026-06-14 00:10:11"}
{"level":"info","message":"   -> Evaluated Rule [readability-level] with target \"5\" (Search: contains, Contains: undefined): isMatch=false","timestamp":"2026-06-14 00:10:11"}
{"level":"info","message":"   -> Evaluated Rule [meta-header] with target \"\" (Search: contains, Contains: undefined): isMatch=true","timestamp":"2026-06-14 00:10:11"}
{"level":"info","message":"   -> Evaluated Rule [meta-header-length] with target \"5\" (Search: contains, Contains: undefined): isMatch=false","timestamp":"2026-06-14 00:10:11"}
{"level":"info","message":"   -> Evaluated Rule [page-html] with target \"\" (Search: contains, Contains: undefined): isMatch=true","timestamp":"2026-06-14 00:10:11"}
{"level":"info","message":"   -> Evaluated Rule [text] with target \"\" (Search: contains, Contains: undefined): isMatch=true","timestamp":"2026-06-14 00:10:11"}
{"level":"info","message":"   -> Evaluated Rule [page-title] with target \"\" (Search: contains, Contains: undefined): isMatch=true","timestamp":"2026-06-14 00:10:11"}
{"level":"info","message":"   -> Evaluated Rule [page-title-length] with target \"10\" (Search: contains, Contains: undefined): isMatch=false","timestamp":"2026-06-14 00:10:11"}
{"level":"info","message":"   -> Evaluated Rule [page-url] with target \"\" (Search: contains, Contains: undefined): isMatch=true","timestamp":"2026-06-14 00:10:11"}
{"level":"info","message":"   -> Evaluated Rule [link] with target \"\" (Search: contains, Contains: undefined): isMatch=true","timestamp":"2026-06-14 00:10:11"}
{"level":"info","message":"   -> Evaluated Rule [link-text] with target \"\" (Search: contains, Contains: undefined): isMatch=true","timestamp":"2026-06-14 00:10:11"}
{"level":"info","message":"   -> Evaluated Rule [link-text-length] with target \"5\" (Search: contains, Contains: undefined): isMatch=false","timestamp":"2026-06-14 00:10:11"}
{"level":"info","message":"   -> Evaluated Rule [file-size] with target \"10\" (Search: contains, Contains: KB): isMatch=false","timestamp":"2026-06-14 00:10:11"}
{"level":"info","message":"   -> Evaluated Rule [image-size] with target \"10\" (Search: contains, Contains: KB): isMatch=false","timestamp":"2026-06-14 00:10:11"}
{"level":"info","message":"   -> Evaluated Rule [image-text] with target \"\" (Search: contains, Contains: undefined): isMatch=true","timestamp":"2026-06-14 00:10:11"}
{"level":"info","message":"   -> Evaluated Rule [image-text-length] with target \"5\" (Search: contains, Contains: undefined): isMatch=false","timestamp":"2026-06-14 00:10:11"}
{"level":"info","message":"   -> Evaluated Rule [external-link-count] with target \"1\" (Search: contains, Contains: undefined): isMatch=false","timestamp":"2026-06-14 00:10:11"}
{"level":"info","message":"   -> Evaluated Rule [incoming-link-count] with target \"1\" (Search: contains, Contains: undefined): isMatch=false","timestamp":"2026-06-14 00:10:11"}
{"level":"info","message":"   -> Evaluated Rule [heading-text] with target \"\" (Search: contains, Contains: undefined): isMatch=true","timestamp":"2026-06-14 00:10:11"}
{"level":"info","message":"   -> Evaluated Rule [header-text-length] with target \"5\" (Search: contains, Contains: undefined): isMatch=false","timestamp":"2026-06-14 00:10:11"}
{"level":"info","message":"   -> Evaluated Rule [readability-level] with target \"5\" (Search: contains, Contains: undefined): isMatch=false","timestamp":"2026-06-14 00:10:11"}
{"level":"info","message":"   -> Evaluated Rule [meta-header] with target \"\" (Search: contains, Contains: undefined): isMatch=true","timestamp":"2026-06-14 00:10:11"}
{"level":"info","message":"   -> Evaluated Rule [meta-header-length] with target \"5\" (Search: contains, Contains: undefined): isMatch=false","timestamp":"2026-06-14 00:10:11"}
{"level":"info","message":"   -> Evaluated Rule [page-html] with target \"\" (Search: contains, Contains: undefined): isMatch=true","timestamp":"2026-06-14 00:10:11"}
{"level":"info","message":"   -> Evaluated Rule [text] with target \"\" (Search: contains, Contains: undefined): isMatch=true","timestamp":"2026-06-14 00:10:11"}
{"level":"info","message":"   -> Evaluated Rule [page-title] with target \"\" (Search: contains, Contains: undefined): isMatch=true","timestamp":"2026-06-14 00:10:11"}
{"level":"info","message":"   -> Evaluated Rule [page-title-length] with target \"10\" (Search: contains, Contains: undefined): isMatch=false","timestamp":"2026-06-14 00:10:11"}
{"level":"info","message":"   -> Evaluated Rule [page-url] with target \"\" (Search: contains, Contains: undefined): isMatch=true","timestamp":"2026-06-14 00:10:11"}
{"level":"info","message":"   -> Evaluated Rule [link] with target \"\" (Search: contains, Contains: undefined): isMatch=true","timestamp":"2026-06-14 00:10:11"}
{"level":"info","message":"   -> Evaluated Rule [link-text] with target \"\" (Search: contains, Contains: undefined): isMatch=true","timestamp":"2026-06-14 00:10:11"}
{"level":"info","message":"   -> Evaluated Rule [link-text-length] with target \"5\" (Search: contains, Contains: undefined): isMatch=false","timestamp":"2026-06-14 00:10:11"}
{"level":"info","message":"   -> Evaluated Rule [file-size] with target \"10\" (Search: contains, Contains: KB): isMatch=false","timestamp":"2026-06-14 00:10:11"}
{"level":"info","message":"   -> Evaluated Rule [image-size] with target \"10\" (Search: contains, Contains: KB): isMatch=false","timestamp":"2026-06-14 00:10:11"}
{"level":"info","message":"   -> Evaluated Rule [image-text] with target \"\" (Search: contains, Contains: undefined): isMatch=true","timestamp":"2026-06-14 00:10:11"}
{"level":"info","message":"   -> Evaluated Rule [image-text-length] with target \"5\" (Search: contains, Contains: undefined): isMatch=false","timestamp":"2026-06-14 00:10:11"}
{"level":"info","message":"   -> Evaluated Rule [external-link-count] with target \"1\" (Search: contains, Contains: undefined): isMatch=false","timestamp":"2026-06-14 00:10:11"}
{"level":"info","message":"   -> Evaluated Rule [incoming-link-count] with target \"1\" (Search: contains, Contains: undefined): isMatch=false","timestamp":"2026-06-14 00:10:11"}
{"level":"info","message":"   -> Evaluated Rule [heading-text] with target \"\" (Search: contains, Contains: undefined): isMatch=true","timestamp":"2026-06-14 00:10:11"}
{"level":"info","message":"   -> Evaluated Rule [header-text-length] with target \"5\" (Search: contains, Contains: undefined): isMatch=false","timestamp":"2026-06-14 00:10:11"}
{"level":"info","message":"   -> Evaluated Rule [readability-level] with target \"5\" (Search: contains, Contains: undefined): isMatch=false","timestamp":"2026-06-14 00:10:11"}
{"level":"info","message":"   -> Evaluated Rule [meta-header] with target \"\" (Search: contains, Contains: undefined): isMatch=true","timestamp":"2026-06-14 00:10:11"}
{"level":"info","message":"   -> Evaluated Rule [meta-header-length] with target \"5\" (Search: contains, Contains: undefined): isMatch=false","timestamp":"2026-06-14 00:10:11"}
{"level":"info","message":"   -> Evaluated Rule [page-html] with target \"\" (Search: contains, Contains: undefined): isMatch=true","timestamp":"2026-06-14 00:10:11"}
{"level":"info","message":"   -> Evaluated Rule [text] with target \"\" (Search: contains, Contains: undefined): isMatch=true","timestamp":"2026-06-14 00:10:11"}
{"level":"info","message":"   -> Evaluated Rule [page-title] with target \"\" (Search: contains, Contains: undefined): isMatch=true","timestamp":"2026-06-14 00:10:11"}
{"level":"info","message":"   -> Evaluated Rule [page-title-length] with target \"10\" (Search: contains, Contains: undefined): isMatch=false","timestamp":"2026-06-14 00:10:11"}
{"level":"info","message":"   -> Evaluated Rule [page-url] with target \"\" (Search: contains, Contains: undefined): isMatch=true","timestamp":"2026-06-14 00:10:11"}
{"level":"info","message":"   -> Evaluated Rule [link] with target \"\" (Search: contains, Contains: undefined): isMatch=true","timestamp":"2026-06-14 00:10:11"}
{"level":"info","message":"   -> Evaluated Rule [link-text] with target \"\" (Search: contains, Contains: undefined): isMatch=true","timestamp":"2026-06-14 00:10:11"}
{"level":"info","message":"   -> Evaluated Rule [link-text-length] with target \"5\" (Search: contains, Contains: undefined): isMatch=false","timestamp":"2026-06-14 00:10:11"}
{"level":"info","message":"   -> Evaluated Rule [file-size] with target \"10\" (Search: contains, Contains: KB): isMatch=false","timestamp":"2026-06-14 00:10:11"}
{"level":"info","message":"   -> Evaluated Rule [image-size] with target \"10\" (Search: contains, Contains: KB): isMatch=false","timestamp":"2026-06-14 00:10:11"}
{"level":"info","message":"   -> Evaluated Rule [image-text] with target \"\" (Search: contains, Contains: undefined): isMatch=true","timestamp":"2026-06-14 00:10:11"}
{"level":"info","message":"   -> Evaluated Rule [image-text-length] with target \"5\" (Search: contains, Contains: undefined): isMatch=false","timestamp":"2026-06-14 00:10:11"}
{"level":"info","message":"   -> Evaluated Rule [external-link-count] with target \"1\" (Search: contains, Contains: undefined): isMatch=false","timestamp":"2026-06-14 00:10:11"}
{"level":"info","message":"   -> Evaluated Rule [incoming-link-count] with target \"1\" (Search: contains, Contains: undefined): isMatch=false","timestamp":"2026-06-14 00:10:11"}
{"level":"info","message":"   -> Evaluated Rule [heading-text] with target \"\" (Search: contains, Contains: undefined): isMatch=true","timestamp":"2026-06-14 00:10:11"}
{"level":"info","message":"   -> Evaluated Rule [header-text-length] with target \"5\" (Search: contains, Contains: undefined): isMatch=false","timestamp":"2026-06-14 00:10:11"}
{"level":"info","message":"   -> Evaluated Rule [readability-level] with target \"5\" (Search: contains, Contains: undefined): isMatch=false","timestamp":"2026-06-14 00:10:11"}
{"level":"info","message":"   -> Evaluated Rule [meta-header] with target \"\" (Search: contains, Contains: undefined): isMatch=true","timestamp":"2026-06-14 00:10:11"}
{"level":"info","message":"   -> Evaluated Rule [meta-header-length] with target \"5\" (Search: contains, Contains: undefined): isMatch=false","timestamp":"2026-06-14 00:10:11"}
{"level":"info","message":"   -> Evaluated Rule [page-html] with target \"\" (Search: contains, Contains: undefined): isMatch=true","timestamp":"2026-06-14 00:10:11"}
{"level":"info","message":"   -> Evaluated Rule [text] with target \"\" (Search: contains, Contains: undefined): isMatch=true","timestamp":"2026-06-14 00:10:11"}
{"level":"info","message":"   -> Evaluated Rule [page-title] with target \"\" (Search: contains, Contains: undefined): isMatch=true","timestamp":"2026-06-14 00:10:11"}
{"level":"info","message":"   -> Evaluated Rule [page-title-length] with target \"10\" (Search: contains, Contains: undefined): isMatch=false","timestamp":"2026-06-14 00:10:11"}
{"level":"info","message":"   -> Evaluated Rule [page-url] with target \"\" (Search: contains, Contains: undefined): isMatch=true","timestamp":"2026-06-14 00:10:11"}
{"level":"info","message":"   -> Evaluated Rule [link] with target \"\" (Search: contains, Contains: undefined): isMatch=true","timestamp":"2026-06-14 00:10:11"}
{"level":"info","message":"   -> Evaluated Rule [link-text] with target \"\" (Search: contains, Contains: undefined): isMatch=true","timestamp":"2026-06-14 00:10:11"}
{"level":"info","message":"   -> Evaluated Rule [link-text-length] with target \"5\" (Search: contains, Contains: undefined): isMatch=false","timestamp":"2026-06-14 00:10:11"}
{"level":"info","message":"   -> Evaluated Rule [file-size] with target \"10\" (Search: contains, Contains: KB): isMatch=false","timestamp":"2026-06-14 00:10:11"}
{"level":"info","message":"   -> Evaluated Rule [image-size] with target \"10\" (Search: contains, Contains: KB): isMatch=false","timestamp":"2026-06-14 00:10:11"}
{"level":"info","message":"   -> Evaluated Rule [image-text] with target \"\" (Search: contains, Contains: undefined): isMatch=true","timestamp":"2026-06-14 00:10:11"}
{"level":"info","message":"   -> Evaluated Rule [image-text-length] with target \"5\" (Search: contains, Contains: undefined): isMatch=false","timestamp":"2026-06-14 00:10:11"}
{"level":"info","message":"   -> Evaluated Rule [external-link-count] with target \"1\" (Search: contains, Contains: undefined): isMatch=false","timestamp":"2026-06-14 00:10:11"}
{"level":"info","message":"   -> Evaluated Rule [incoming-link-count] with target \"1\" (Search: contains, Contains: undefined): isMatch=false","timestamp":"2026-06-14 00:10:11"}
{"level":"info","message":"   -> Evaluated Rule [heading-text] with target \"\" (Search: contains, Contains: undefined): isMatch=true","timestamp":"2026-06-14 00:10:11"}
{"level":"info","message":"   -> Evaluated Rule [header-text-length] with target \"5\" (Search: contains, Contains: undefined): isMatch=false","timestamp":"2026-06-14 00:10:11"}
{"level":"info","message":"   -> Evaluated Rule [readability-level] with target \"5\" (Search: contains, Contains: undefined): isMatch=false","timestamp":"2026-06-14 00:10:11"}
{"level":"info","message":"   -> Evaluated Rule [meta-header] with target \"\" (Search: contains, Contains: undefined): isMatch=true","timestamp":"2026-06-14 00:10:11"}
{"level":"info","message":"   -> Evaluated Rule [meta-header-length] with target \"5\" (Search: contains, Contains: undefined): isMatch=false","timestamp":"2026-06-14 00:10:11"}
{"level":"info","message":"   -> Evaluated Rule [page-html] with target \"\" (Search: contains, Contains: undefined): isMatch=true","timestamp":"2026-06-14 00:10:11"}
{"level":"info","message":"[https://jewellmaster.com] Evaluating 1 policies against 10 pages.","timestamp":"2026-06-14 00:10:11"}
{"level":"info","message":"   -> Evaluated Rule [text] with target \"\" (Search: contains, Contains: undefined): isMatch=true","timestamp":"2026-06-14 00:10:11"}
{"level":"info","message":"   -> Evaluated Rule [page-title] with target \"\" (Search: contains, Contains: undefined): isMatch=true","timestamp":"2026-06-14 00:10:11"}
{"level":"info","message":"   -> Evaluated Rule [page-title-length] with target \"10\" (Search: contains, Contains: undefined): isMatch=false","timestamp":"2026-06-14 00:10:11"}
{"level":"info","message":"   -> Evaluated Rule [page-url] with target \"\" (Search: contains, Contains: undefined): isMatch=true","timestamp":"2026-06-14 00:10:11"}
{"level":"info","message":"   -> Evaluated Rule [link] with target \"\" (Search: contains, Contains: undefined): isMatch=true","timestamp":"2026-06-14 00:10:11"}
{"level":"info","message":"   -> Evaluated Rule [link-text] with target \"\" (Search: contains, Contains: undefined): isMatch=true","timestamp":"2026-06-14 00:10:11"}
{"level":"info","message":"   -> Evaluated Rule [link-text-length] with target \"5\" (Search: contains, Contains: undefined): isMatch=false","timestamp":"2026-06-14 00:10:11"}
{"level":"info","message":"   -> Evaluated Rule [file-size] with target \"10\" (Search: contains, Contains: KB): isMatch=false","timestamp":"2026-06-14 00:10:11"}
{"level":"info","message":"   -> Evaluated Rule [image-size] with target \"10\" (Search: contains, Contains: KB): isMatch=false","timestamp":"2026-06-14 00:10:11"}
{"level":"info","message":"   -> Evaluated Rule [image-text] with target \"\" (Search: contains, Contains: undefined): isMatch=true","timestamp":"2026-06-14 00:10:11"}
{"level":"info","message":"   -> Evaluated Rule [image-text-length] with target \"5\" (Search: contains, Contains: undefined): isMatch=false","timestamp":"2026-06-14 00:10:11"}
{"level":"info","message":"   -> Evaluated Rule [external-link-count] with target \"1\" (Search: contains, Contains: undefined): isMatch=false","timestamp":"2026-06-14 00:10:11"}
{"level":"info","message":"   -> Evaluated Rule [incoming-link-count] with target \"1\" (Search: contains, Contains: undefined): isMatch=false","timestamp":"2026-06-14 00:10:11"}
{"level":"info","message":"   -> Evaluated Rule [heading-text] with target \"\" (Search: contains, Contains: undefined): isMatch=true","timestamp":"2026-06-14 00:10:11"}
{"level":"info","message":"   -> Evaluated Rule [header-text-length] with target \"5\" (Search: contains, Contains: undefined): isMatch=false","timestamp":"2026-06-14 00:10:11"}
{"level":"info","message":"   -> Evaluated Rule [readability-level] with target \"5\" (Search: contains, Contains: undefined): isMatch=false","timestamp":"2026-06-14 00:10:11"}
{"level":"info","message":"   -> Evaluated Rule [meta-header] with target \"\" (Search: contains, Contains: undefined): isMatch=true","timestamp":"2026-06-14 00:10:11"}
{"level":"info","message":"   -> Evaluated Rule [meta-header-length] with target \"5\" (Search: contains, Contains: undefined): isMatch=false","timestamp":"2026-06-14 00:10:11"}
{"level":"info","message":"   -> Evaluated Rule [page-html] with target \"\" (Search: contains, Contains: undefined): isMatch=true","timestamp":"2026-06-14 00:10:11"}
{"level":"info","message":"   -> Evaluated Rule [text] with target \"\" (Search: contains, Contains: undefined): isMatch=true","timestamp":"2026-06-14 00:10:11"}
{"level":"info","message":"   -> Evaluated Rule [page-title] with target \"\" (Search: contains, Contains: undefined): isMatch=true","timestamp":"2026-06-14 00:10:11"}
{"level":"info","message":"   -> Evaluated Rule [page-title-length] with target \"10\" (Search: contains, Contains: undefined): isMatch=false","timestamp":"2026-06-14 00:10:11"}
{"level":"info","message":"   -> Evaluated Rule [page-url] with target \"\" (Search: contains, Contains: undefined): isMatch=true","timestamp":"2026-06-14 00:10:11"}
{"level":"info","message":"   -> Evaluated Rule [link] with target \"\" (Search: contains, Contains: undefined): isMatch=true","timestamp":"2026-06-14 00:10:11"}
{"level":"info","message":"   -> Evaluated Rule [link-text] with target \"\" (Search: contains, Contains: undefined): isMatch=true","timestamp":"2026-06-14 00:10:11"}
{"level":"info","message":"   -> Evaluated Rule [link-text-length] with target \"5\" (Search: contains, Contains: undefined): isMatch=false","timestamp":"2026-06-14 00:10:11"}
{"level":"info","message":"   -> Evaluated Rule [file-size] with target \"10\" (Search: contains, Contains: KB): isMatch=false","timestamp":"2026-06-14 00:10:11"}
{"level":"info","message":"   -> Evaluated Rule [image-size] with target \"10\" (Search: contains, Contains: KB): isMatch=false","timestamp":"2026-06-14 00:10:11"}
{"level":"info","message":"   -> Evaluated Rule [image-text] with target \"\" (Search: contains, Contains: undefined): isMatch=true","timestamp":"2026-06-14 00:10:11"}
{"level":"info","message":"   -> Evaluated Rule [image-text-length] with target \"5\" (Search: contains, Contains: undefined): isMatch=false","timestamp":"2026-06-14 00:10:11"}
{"level":"info","message":"   -> Evaluated Rule [external-link-count] with target \"1\" (Search: contains, Contains: undefined): isMatch=false","timestamp":"2026-06-14 00:10:11"}
{"level":"info","message":"   -> Evaluated Rule [incoming-link-count] with target \"1\" (Search: contains, Contains: undefined): isMatch=false","timestamp":"2026-06-14 00:10:11"}
{"level":"info","message":"   -> Evaluated Rule [heading-text] with target \"\" (Search: contains, Contains: undefined): isMatch=true","timestamp":"2026-06-14 00:10:11"}
{"level":"info","message":"   -> Evaluated Rule [header-text-length] with target \"5\" (Search: contains, Contains: undefined): isMatch=false","timestamp":"2026-06-14 00:10:11"}
{"level":"info","message":"   -> Evaluated Rule [readability-level] with target \"5\" (Search: contains, Contains: undefined): isMatch=false","timestamp":"2026-06-14 00:10:11"}
{"level":"info","message":"   -> Evaluated Rule [meta-header] with target \"\" (Search: contains, Contains: undefined): isMatch=true","timestamp":"2026-06-14 00:10:11"}
{"level":"info","message":"   -> Evaluated Rule [meta-header-length] with target \"5\" (Search: contains, Contains: undefined): isMatch=false","timestamp":"2026-06-14 00:10:11"}
{"level":"info","message":"   -> Evaluated Rule [page-html] with target \"\" (Search: contains, Contains: undefined): isMatch=true","timestamp":"2026-06-14 00:10:11"}
{"level":"info","message":"   -> Evaluated Rule [text] with target \"\" (Search: contains, Contains: undefined): isMatch=true","timestamp":"2026-06-14 00:10:11"}
{"level":"info","message":"   -> Evaluated Rule [page-title] with target \"\" (Search: contains, Contains: undefined): isMatch=true","timestamp":"2026-06-14 00:10:11"}
{"level":"info","message":"   -> Evaluated Rule [page-title-length] with target \"10\" (Search: contains, Contains: undefined): isMatch=false","timestamp":"2026-06-14 00:10:11"}
{"level":"info","message":"   -> Evaluated Rule [page-url] with target \"\" (Search: contains, Contains: undefined): isMatch=true","timestamp":"2026-06-14 00:10:11"}
{"level":"info","message":"   -> Evaluated Rule [link] with target \"\" (Search: contains, Contains: undefined): isMatch=true","timestamp":"2026-06-14 00:10:11"}
{"level":"info","message":"   -> Evaluated Rule [link-text] with target \"\" (Search: contains, Contains: undefined): isMatch=true","timestamp":"2026-06-14 00:10:11"}
{"level":"info","message":"   -> Evaluated Rule [link-text-length] with target \"5\" (Search: contains, Contains: undefined): isMatch=false","timestamp":"2026-06-14 00:10:11"}
{"level":"info","message":"   -> Evaluated Rule [file-size] with target \"10\" (Search: contains, Contains: KB): isMatch=false","timestamp":"2026-06-14 00:10:11"}
{"level":"info","message":"   -> Evaluated Rule [image-size] with target \"10\" (Search: contains, Contains: KB): isMatch=false","timestamp":"2026-06-14 00:10:11"}
{"level":"info","message":"   -> Evaluated Rule [image-text] with target \"\" (Search: contains, Contains: undefined): isMatch=true","timestamp":"2026-06-14 00:10:11"}
{"level":"info","message":"   -> Evaluated Rule [image-text-length] with target \"5\" (Search: contains, Contains: undefined): isMatch=false","timestamp":"2026-06-14 00:10:11"}
{"level":"info","message":"   -> Evaluated Rule [external-link-count] with target \"1\" (Search: contains, Contains: undefined): isMatch=false","timestamp":"2026-06-14 00:10:11"}
{"level":"info","message":"   -> Evaluated Rule [incoming-link-count] with target \"1\" (Search: contains, Contains: undefined): isMatch=false","timestamp":"2026-06-14 00:10:11"}
{"level":"info","message":"   -> Evaluated Rule [heading-text] with target \"\" (Search: contains, Contains: undefined): isMatch=true","timestamp":"2026-06-14 00:10:11"}
{"level":"info","message":"   -> Evaluated Rule [header-text-length] with target \"5\" (Search: contains, Contains: undefined): isMatch=false","timestamp":"2026-06-14 00:10:11"}
{"level":"info","message":"   -> Evaluated Rule [readability-level] with target \"5\" (Search: contains, Contains: undefined): isMatch=false","timestamp":"2026-06-14 00:10:11"}
{"level":"info","message":"   -> Evaluated Rule [meta-header] with target \"\" (Search: contains, Contains: undefined): isMatch=true","timestamp":"2026-06-14 00:10:11"}
{"level":"info","message":"   -> Evaluated Rule [meta-header-length] with target \"5\" (Search: contains, Contains: undefined): isMatch=false","timestamp":"2026-06-14 00:10:11"}
{"level":"info","message":"   -> Evaluated Rule [page-html] with target \"\" (Search: contains, Contains: undefined): isMatch=true","timestamp":"2026-06-14 00:10:11"}
{"level":"info","message":"   -> Evaluated Rule [text] with target \"\" (Search: contains, Contains: undefined): isMatch=true","timestamp":"2026-06-14 00:10:11"}
{"level":"info","message":"   -> Evaluated Rule [page-title] with target \"\" (Search: contains, Contains: undefined): isMatch=true","timestamp":"2026-06-14 00:10:11"}
{"level":"info","message":"   -> Evaluated Rule [page-title-length] with target \"10\" (Search: contains, Contains: undefined): isMatch=false","timestamp":"2026-06-14 00:10:11"}
{"level":"info","message":"   -> Evaluated Rule [page-url] with target \"\" (Search: contains, Contains: undefined): isMatch=true","timestamp":"2026-06-14 00:10:11"}
{"level":"info","message":"   -> Evaluated Rule [link] with target \"\" (Search: contains, Contains: undefined): isMatch=true","timestamp":"2026-06-14 00:10:11"}
{"level":"info","message":"   -> Evaluated Rule [link-text] with target \"\" (Search: contains, Contains: undefined): isMatch=true","timestamp":"2026-06-14 00:10:11"}
{"level":"info","message":"   -> Evaluated Rule [link-text-length] with target \"5\" (Search: contains, Contains: undefined): isMatch=false","timestamp":"2026-06-14 00:10:11"}
{"level":"info","message":"   -> Evaluated Rule [file-size] with target \"10\" (Search: contains, Contains: KB): isMatch=false","timestamp":"2026-06-14 00:10:11"}
{"level":"info","message":"   -> Evaluated Rule [image-size] with target \"10\" (Search: contains, Contains: KB): isMatch=false","timestamp":"2026-06-14 00:10:11"}
{"level":"info","message":"   -> Evaluated Rule [image-text] with target \"\" (Search: contains, Contains: undefined): isMatch=true","timestamp":"2026-06-14 00:10:11"}
{"level":"info","message":"   -> Evaluated Rule [image-text-length] with target \"5\" (Search: contains, Contains: undefined): isMatch=false","timestamp":"2026-06-14 00:10:11"}
{"level":"info","message":"   -> Evaluated Rule [external-link-count] with target \"1\" (Search: contains, Contains: undefined): isMatch=false","timestamp":"2026-06-14 00:10:11"}
{"level":"info","message":"   -> Evaluated Rule [incoming-link-count] with target \"1\" (Search: contains, Contains: undefined): isMatch=false","timestamp":"2026-06-14 00:10:11"}
{"level":"info","message":"   -> Evaluated Rule [heading-text] with target \"\" (Search: contains, Contains: undefined): isMatch=true","timestamp":"2026-06-14 00:10:11"}
{"level":"info","message":"   -> Evaluated Rule [header-text-length] with target \"5\" (Search: contains, Contains: undefined): isMatch=false","timestamp":"2026-06-14 00:10:11"}
{"level":"info","message":"   -> Evaluated Rule [readability-level] with target \"5\" (Search: contains, Contains: undefined): isMatch=false","timestamp":"2026-06-14 00:10:11"}
{"level":"info","message":"   -> Evaluated Rule [meta-header] with target \"\" (Search: contains, Contains: undefined): isMatch=true","timestamp":"2026-06-14 00:10:11"}
{"level":"info","message":"   -> Evaluated Rule [meta-header-length] with target \"5\" (Search: contains, Contains: undefined): isMatch=false","timestamp":"2026-06-14 00:10:11"}
{"level":"info","message":"   -> Evaluated Rule [page-html] with target \"\" (Search: contains, Contains: undefined): isMatch=true","timestamp":"2026-06-14 00:10:11"}
{"level":"info","message":"   -> Evaluated Rule [text] with target \"\" (Search: contains, Contains: undefined): isMatch=true","timestamp":"2026-06-14 00:10:11"}
{"level":"info","message":"   -> Evaluated Rule [page-title] with target \"\" (Search: contains, Contains: undefined): isMatch=true","timestamp":"2026-06-14 00:10:11"}
{"level":"info","message":"   -> Evaluated Rule [page-title-length] with target \"10\" (Search: contains, Contains: undefined): isMatch=false","timestamp":"2026-06-14 00:10:11"}
{"level":"info","message":"   -> Evaluated Rule [page-url] with target \"\" (Search: contains, Contains: undefined): isMatch=true","timestamp":"2026-06-14 00:10:11"}
{"level":"info","message":"   -> Evaluated Rule [link] with target \"\" (Search: contains, Contains: undefined): isMatch=true","timestamp":"2026-06-14 00:10:11"}
{"level":"info","message":"   -> Evaluated Rule [link-text] with target \"\" (Search: contains, Contains: undefined): isMatch=true","timestamp":"2026-06-14 00:10:11"}
{"level":"info","message":"   -> Evaluated Rule [link-text-length] with target \"5\" (Search: contains, Contains: undefined): isMatch=false","timestamp":"2026-06-14 00:10:11"}
{"level":"info","message":"   -> Evaluated Rule [file-size] with target \"10\" (Search: contains, Contains: KB): isMatch=false","timestamp":"2026-06-14 00:10:11"}
{"level":"info","message":"   -> Evaluated Rule [image-size] with target \"10\" (Search: contains, Contains: KB): isMatch=false","timestamp":"2026-06-14 00:10:11"}
{"level":"info","message":"   -> Evaluated Rule [image-text] with target \"\" (Search: contains, Contains: undefined): isMatch=true","timestamp":"2026-06-14 00:10:11"}
{"level":"info","message":"   -> Evaluated Rule [image-text-length] with target \"5\" (Search: contains, Contains: undefined): isMatch=false","timestamp":"2026-06-14 00:10:11"}
{"level":"info","message":"   -> Evaluated Rule [external-link-count] with target \"1\" (Search: contains, Contains: undefined): isMatch=false","timestamp":"2026-06-14 00:10:11"}
{"level":"info","message":"   -> Evaluated Rule [incoming-link-count] with target \"1\" (Search: contains, Contains: undefined): isMatch=false","timestamp":"2026-06-14 00:10:11"}
{"level":"info","message":"   -> Evaluated Rule [heading-text] with target \"\" (Search: contains, Contains: undefined): isMatch=true","timestamp":"2026-06-14 00:10:11"}
{"level":"info","message":"   -> Evaluated Rule [header-text-length] with target \"5\" (Search: contains, Contains: undefined): isMatch=false","timestamp":"2026-06-14 00:10:11"}
{"level":"info","message":"   -> Evaluated Rule [readability-level] with target \"5\" (Search: contains, Contains: undefined): isMatch=false","timestamp":"2026-06-14 00:10:11"}
{"level":"info","message":"   -> Evaluated Rule [meta-header] with target \"\" (Search: contains, Contains: undefined): isMatch=true","timestamp":"2026-06-14 00:10:11"}
{"level":"info","message":"   -> Evaluated Rule [meta-header-length] with target \"5\" (Search: contains, Contains: undefined): isMatch=false","timestamp":"2026-06-14 00:10:11"}
{"level":"info","message":"   -> Evaluated Rule [page-html] with target \"\" (Search: contains, Contains: undefined): isMatch=true","timestamp":"2026-06-14 00:10:11"}
{"level":"info","message":"   -> Evaluated Rule [text] with target \"\" (Search: contains, Contains: undefined): isMatch=true","timestamp":"2026-06-14 00:10:11"}
{"level":"info","message":"   -> Evaluated Rule [page-title] with target \"\" (Search: contains, Contains: undefined): isMatch=true","timestamp":"2026-06-14 00:10:11"}
{"level":"info","message":"   -> Evaluated Rule [page-title-length] with target \"10\" (Search: contains, Contains: undefined): isMatch=false","timestamp":"2026-06-14 00:10:11"}
{"level":"info","message":"   -> Evaluated Rule [page-url] with target \"\" (Search: contains, Contains: undefined): isMatch=true","timestamp":"2026-06-14 00:10:11"}
{"level":"info","message":"   -> Evaluated Rule [link] with target \"\" (Search: contains, Contains: undefined): isMatch=true","timestamp":"2026-06-14 00:10:11"}
{"level":"info","message":"   -> Evaluated Rule [link-text] with target \"\" (Search: contains, Contains: undefined): isMatch=true","timestamp":"2026-06-14 00:10:11"}
{"level":"info","message":"   -> Evaluated Rule [link-text-length] with target \"5\" (Search: contains, Contains: undefined): isMatch=false","timestamp":"2026-06-14 00:10:11"}
{"level":"info","message":"   -> Evaluated Rule [file-size] with target \"10\" (Search: contains, Contains: KB): isMatch=false","timestamp":"2026-06-14 00:10:11"}
{"level":"info","message":"   -> Evaluated Rule [image-size] with target \"10\" (Search: contains, Contains: KB): isMatch=false","timestamp":"2026-06-14 00:10:11"}
{"level":"info","message":"   -> Evaluated Rule [image-text] with target \"\" (Search: contains, Contains: undefined): isMatch=true","timestamp":"2026-06-14 00:10:11"}
{"level":"info","message":"   -> Evaluated Rule [image-text-length] with target \"5\" (Search: contains, Contains: undefined): isMatch=false","timestamp":"2026-06-14 00:10:11"}
{"level":"info","message":"   -> Evaluated Rule [external-link-count] with target \"1\" (Search: contains, Contains: undefined): isMatch=false","timestamp":"2026-06-14 00:10:11"}
{"level":"info","message":"   -> Evaluated Rule [incoming-link-count] with target \"1\" (Search: contains, Contains: undefined): isMatch=false","timestamp":"2026-06-14 00:10:11"}
{"level":"info","message":"   -> Evaluated Rule [heading-text] with target \"\" (Search: contains, Contains: undefined): isMatch=true","timestamp":"2026-06-14 00:10:11"}
{"level":"info","message":"   -> Evaluated Rule [header-text-length] with target \"5\" (Search: contains, Contains: undefined): isMatch=false","timestamp":"2026-06-14 00:10:11"}
{"level":"info","message":"   -> Evaluated Rule [readability-level] with target \"5\" (Search: contains, Contains: undefined): isMatch=false","timestamp":"2026-06-14 00:10:11"}
{"level":"info","message":"   -> Evaluated Rule [meta-header] with target \"\" (Search: contains, Contains: undefined): isMatch=true","timestamp":"2026-06-14 00:10:11"}
{"level":"info","message":"   -> Evaluated Rule [meta-header-length] with target \"5\" (Search: contains, Contains: undefined): isMatch=false","timestamp":"2026-06-14 00:10:11"}
{"level":"info","message":"   -> Evaluated Rule [page-html] with target \"\" (Search: contains, Contains: undefined): isMatch=true","timestamp":"2026-06-14 00:10:11"}
{"level":"info","message":"   -> Evaluated Rule [text] with target \"\" (Search: contains, Contains: undefined): isMatch=true","timestamp":"2026-06-14 00:10:11"}
{"level":"info","message":"   -> Evaluated Rule [page-title] with target \"\" (Search: contains, Contains: undefined): isMatch=true","timestamp":"2026-06-14 00:10:11"}
{"level":"info","message":"   -> Evaluated Rule [page-title-length] with target \"10\" (Search: contains, Contains: undefined): isMatch=false","timestamp":"2026-06-14 00:10:11"}
{"level":"info","message":"   -> Evaluated Rule [page-url] with target \"\" (Search: contains, Contains: undefined): isMatch=true","timestamp":"2026-06-14 00:10:11"}
{"level":"info","message":"   -> Evaluated Rule [link] with target \"\" (Search: contains, Contains: undefined): isMatch=true","timestamp":"2026-06-14 00:10:11"}
{"level":"info","message":"   -> Evaluated Rule [link-text] with target \"\" (Search: contains, Contains: undefined): isMatch=true","timestamp":"2026-06-14 00:10:11"}
{"level":"info","message":"   -> Evaluated Rule [link-text-length] with target \"5\" (Search: contains, Contains: undefined): isMatch=false","timestamp":"2026-06-14 00:10:11"}
{"level":"info","message":"   -> Evaluated Rule [file-size] with target \"10\" (Search: contains, Contains: KB): isMatch=false","timestamp":"2026-06-14 00:10:11"}
{"level":"info","message":"   -> Evaluated Rule [image-size] with target \"10\" (Search: contains, Contains: KB): isMatch=false","timestamp":"2026-06-14 00:10:11"}
{"level":"info","message":"   -> Evaluated Rule [image-text] with target \"\" (Search: contains, Contains: undefined): isMatch=true","timestamp":"2026-06-14 00:10:11"}
{"level":"info","message":"   -> Evaluated Rule [image-text-length] with target \"5\" (Search: contains, Contains: undefined): isMatch=false","timestamp":"2026-06-14 00:10:11"}
{"level":"info","message":"   -> Evaluated Rule [external-link-count] with target \"1\" (Search: contains, Contains: undefined): isMatch=false","timestamp":"2026-06-14 00:10:11"}
{"level":"info","message":"   -> Evaluated Rule [incoming-link-count] with target \"1\" (Search: contains, Contains: undefined): isMatch=false","timestamp":"2026-06-14 00:10:11"}
{"level":"info","message":"   -> Evaluated Rule [heading-text] with target \"\" (Search: contains, Contains: undefined): isMatch=true","timestamp":"2026-06-14 00:10:11"}
{"level":"info","message":"   -> Evaluated Rule [header-text-length] with target \"5\" (Search: contains, Contains: undefined): isMatch=false","timestamp":"2026-06-14 00:10:11"}
{"level":"info","message":"   -> Evaluated Rule [readability-level] with target \"5\" (Search: contains, Contains: undefined): isMatch=false","timestamp":"2026-06-14 00:10:11"}
{"level":"info","message":"   -> Evaluated Rule [meta-header] with target \"\" (Search: contains, Contains: undefined): isMatch=true","timestamp":"2026-06-14 00:10:11"}
{"level":"info","message":"   -> Evaluated Rule [meta-header-length] with target \"5\" (Search: contains, Contains: undefined): isMatch=false","timestamp":"2026-06-14 00:10:11"}
{"level":"info","message":"   -> Evaluated Rule [page-html] with target \"\" (Search: contains, Contains: undefined): isMatch=true","timestamp":"2026-06-14 00:10:11"}
{"level":"info","message":"   -> Evaluated Rule [text] with target \"\" (Search: contains, Contains: undefined): isMatch=true","timestamp":"2026-06-14 00:10:11"}
{"level":"info","message":"   -> Evaluated Rule [page-title] with target \"\" (Search: contains, Contains: undefined): isMatch=true","timestamp":"2026-06-14 00:10:11"}
{"level":"info","message":"   -> Evaluated Rule [page-title-length] with target \"10\" (Search: contains, Contains: undefined): isMatch=false","timestamp":"2026-06-14 00:10:11"}
{"level":"info","message":"   -> Evaluated Rule [page-url] with target \"\" (Search: contains, Contains: undefined): isMatch=true","timestamp":"2026-06-14 00:10:11"}
{"level":"info","message":"   -> Evaluated Rule [link] with target \"\" (Search: contains, Contains: undefined): isMatch=true","timestamp":"2026-06-14 00:10:11"}
{"level":"info","message":"   -> Evaluated Rule [link-text] with target \"\" (Search: contains, Contains: undefined): isMatch=true","timestamp":"2026-06-14 00:10:11"}
{"level":"info","message":"   -> Evaluated Rule [link-text-length] with target \"5\" (Search: contains, Contains: undefined): isMatch=false","timestamp":"2026-06-14 00:10:11"}
{"level":"info","message":"   -> Evaluated Rule [file-size] with target \"10\" (Search: contains, Contains: KB): isMatch=false","timestamp":"2026-06-14 00:10:11"}
{"level":"info","message":"   -> Evaluated Rule [image-size] with target \"10\" (Search: contains, Contains: KB): isMatch=false","timestamp":"2026-06-14 00:10:11"}
{"level":"info","message":"   -> Evaluated Rule [image-text] with target \"\" (Search: contains, Contains: undefined): isMatch=true","timestamp":"2026-06-14 00:10:11"}
{"level":"info","message":"   -> Evaluated Rule [image-text-length] with target \"5\" (Search: contains, Contains: undefined): isMatch=false","timestamp":"2026-06-14 00:10:11"}
{"level":"info","message":"   -> Evaluated Rule [external-link-count] with target \"1\" (Search: contains, Contains: undefined): isMatch=false","timestamp":"2026-06-14 00:10:11"}
{"level":"info","message":"   -> Evaluated Rule [incoming-link-count] with target \"1\" (Search: contains, Contains: undefined): isMatch=false","timestamp":"2026-06-14 00:10:11"}
{"level":"info","message":"   -> Evaluated Rule [heading-text] with target \"\" (Search: contains, Contains: undefined): isMatch=true","timestamp":"2026-06-14 00:10:11"}
{"level":"info","message":"   -> Evaluated Rule [header-text-length] with target \"5\" (Search: contains, Contains: undefined): isMatch=false","timestamp":"2026-06-14 00:10:11"}
{"level":"info","message":"   -> Evaluated Rule [readability-level] with target \"5\" (Search: contains, Contains: undefined): isMatch=false","timestamp":"2026-06-14 00:10:11"}
{"level":"info","message":"   -> Evaluated Rule [meta-header] with target \"\" (Search: contains, Contains: undefined): isMatch=true","timestamp":"2026-06-14 00:10:11"}
{"level":"info","message":"   -> Evaluated Rule [meta-header-length] with target \"5\" (Search: contains, Contains: undefined): isMatch=false","timestamp":"2026-06-14 00:10:11"}
{"level":"info","message":"   -> Evaluated Rule [page-html] with target \"\" (Search: contains, Contains: undefined): isMatch=true","timestamp":"2026-06-14 00:10:11"}
{"level":"info","message":"   -> Evaluated Rule [text] with target \"\" (Search: contains, Contains: undefined): isMatch=true","timestamp":"2026-06-14 00:10:11"}
{"level":"info","message":"   -> Evaluated Rule [page-title] with target \"\" (Search: contains, Contains: undefined): isMatch=true","timestamp":"2026-06-14 00:10:11"}
{"level":"info","message":"   -> Evaluated Rule [page-title-length] with target \"10\" (Search: contains, Contains: undefined): isMatch=false","timestamp":"2026-06-14 00:10:11"}
{"level":"info","message":"   -> Evaluated Rule [page-url] with target \"\" (Search: contains, Contains: undefined): isMatch=true","timestamp":"2026-06-14 00:10:11"}
{"level":"info","message":"   -> Evaluated Rule [link] with target \"\" (Search: contains, Contains: undefined): isMatch=true","timestamp":"2026-06-14 00:10:11"}
{"level":"info","message":"   -> Evaluated Rule [link-text] with target \"\" (Search: contains, Contains: undefined): isMatch=true","timestamp":"2026-06-14 00:10:11"}
{"level":"info","message":"   -> Evaluated Rule [link-text-length] with target \"5\" (Search: contains, Contains: undefined): isMatch=false","timestamp":"2026-06-14 00:10:11"}
{"level":"info","message":"   -> Evaluated Rule [file-size] with target \"10\" (Search: contains, Contains: KB): isMatch=false","timestamp":"2026-06-14 00:10:11"}
{"level":"info","message":"   -> Evaluated Rule [image-size] with target \"10\" (Search: contains, Contains: KB): isMatch=false","timestamp":"2026-06-14 00:10:11"}
{"level":"info","message":"   -> Evaluated Rule [image-text] with target \"\" (Search: contains, Contains: undefined): isMatch=true","timestamp":"2026-06-14 00:10:11"}
{"level":"info","message":"   -> Evaluated Rule [image-text-length] with target \"5\" (Search: contains, Contains: undefined): isMatch=false","timestamp":"2026-06-14 00:10:11"}
{"level":"info","message":"   -> Evaluated Rule [external-link-count] with target \"1\" (Search: contains, Contains: undefined): isMatch=false","timestamp":"2026-06-14 00:10:11"}
{"level":"info","message":"   -> Evaluated Rule [incoming-link-count] with target \"1\" (Search: contains, Contains: undefined): isMatch=false","timestamp":"2026-06-14 00:10:11"}
{"level":"info","message":"   -> Evaluated Rule [heading-text] with target \"\" (Search: contains, Contains: undefined): isMatch=true","timestamp":"2026-06-14 00:10:11"}
{"level":"info","message":"   -> Evaluated Rule [header-text-length] with target \"5\" (Search: contains, Contains: undefined): isMatch=false","timestamp":"2026-06-14 00:10:11"}
{"level":"info","message":"   -> Evaluated Rule [readability-level] with target \"5\" (Search: contains, Contains: undefined): isMatch=false","timestamp":"2026-06-14 00:10:11"}
{"level":"info","message":"   -> Evaluated Rule [meta-header] with target \"\" (Search: contains, Contains: undefined): isMatch=true","timestamp":"2026-06-14 00:10:11"}
{"level":"info","message":"   -> Evaluated Rule [meta-header-length] with target \"5\" (Search: contains, Contains: undefined): isMatch=false","timestamp":"2026-06-14 00:10:11"}
{"level":"info","message":"   -> Evaluated Rule [page-html] with target \"\" (Search: contains, Contains: undefined): isMatch=true","timestamp":"2026-06-14 00:10:11"}
{"level":"info","message":"   -> Evaluated Rule [text] with target \"\" (Search: contains, Contains: undefined): isMatch=true","timestamp":"2026-06-14 00:10:11"}
{"level":"info","message":"   -> Evaluated Rule [page-title] with target \"\" (Search: contains, Contains: undefined): isMatch=true","timestamp":"2026-06-14 00:10:11"}
{"level":"info","message":"   -> Evaluated Rule [page-title-length] with target \"10\" (Search: contains, Contains: undefined): isMatch=false","timestamp":"2026-06-14 00:10:11"}
{"level":"info","message":"   -> Evaluated Rule [page-url] with target \"\" (Search: contains, Contains: undefined): isMatch=true","timestamp":"2026-06-14 00:10:11"}
{"level":"info","message":"   -> Evaluated Rule [link] with target \"\" (Search: contains, Contains: undefined): isMatch=true","timestamp":"2026-06-14 00:10:11"}
{"level":"info","message":"   -> Evaluated Rule [link-text] with target \"\" (Search: contains, Contains: undefined): isMatch=true","timestamp":"2026-06-14 00:10:11"}
{"level":"info","message":"   -> Evaluated Rule [link-text-length] with target \"5\" (Search: contains, Contains: undefined): isMatch=false","timestamp":"2026-06-14 00:10:11"}
{"level":"info","message":"   -> Evaluated Rule [file-size] with target \"10\" (Search: contains, Contains: KB): isMatch=false","timestamp":"2026-06-14 00:10:11"}
{"level":"info","message":"   -> Evaluated Rule [image-size] with target \"10\" (Search: contains, Contains: KB): isMatch=false","timestamp":"2026-06-14 00:10:11"}
{"level":"info","message":"   -> Evaluated Rule [image-text] with target \"\" (Search: contains, Contains: undefined): isMatch=true","timestamp":"2026-06-14 00:10:11"}
{"level":"info","message":"   -> Evaluated Rule [image-text-length] with target \"5\" (Search: contains, Contains: undefined): isMatch=false","timestamp":"2026-06-14 00:10:11"}
{"level":"info","message":"   -> Evaluated Rule [external-link-count] with target \"1\" (Search: contains, Contains: undefined): isMatch=false","timestamp":"2026-06-14 00:10:11"}
{"level":"info","message":"   -> Evaluated Rule [incoming-link-count] with target \"1\" (Search: contains, Contains: undefined): isMatch=false","timestamp":"2026-06-14 00:10:11"}
{"level":"info","message":"   -> Evaluated Rule [heading-text] with target \"\" (Search: contains, Contains: undefined): isMatch=true","timestamp":"2026-06-14 00:10:11"}
{"level":"info","message":"   -> Evaluated Rule [header-text-length] with target \"5\" (Search: contains, Contains: undefined): isMatch=false","timestamp":"2026-06-14 00:10:11"}
{"level":"info","message":"   -> Evaluated Rule [readability-level] with target \"5\" (Search: contains, Contains: undefined): isMatch=false","timestamp":"2026-06-14 00:10:11"}
{"level":"info","message":"   -> Evaluated Rule [meta-header] with target \"\" (Search: contains, Contains: undefined): isMatch=true","timestamp":"2026-06-14 00:10:11"}
{"level":"info","message":"   -> Evaluated Rule [meta-header-length] with target \"5\" (Search: contains, Contains: undefined): isMatch=false","timestamp":"2026-06-14 00:10:11"}
{"level":"info","message":"   -> Evaluated Rule [page-html] with target \"\" (Search: contains, Contains: undefined): isMatch=true","timestamp":"2026-06-14 00:10:11"}
{"level":"info","message":"✅ [https://jewellmaster.com] Saved 10 pages to database tenant_sbi.","timestamp":"2026-06-14 00:10:11"}
{"level":"info","message":"📊 [https://jewellmaster.com] Domain summary created in tenant_sbi. Final Score: 29","timestamp":"2026-06-14 00:10:11"}
{"level":"info","message":"📋 [jewellmaster.com] Compiling detailed audit data snapshot for jobId: 4-1781375761263...","timestamp":"2026-06-14 00:10:11"}
{"level":"info","message":"✅ [https://jewellmaster.com] Saved 10 pages to database tenant_sbi.","timestamp":"2026-06-14 00:10:11"}
{"level":"info","message":"💾 [jewellmaster.com] Saved complete Audit details & summary snap to DB for jobId: 4-1781375761263","timestamp":"2026-06-14 00:10:11"}
{"level":"info","message":"📊 [https://jewellmaster.com] Domain summary created in tenant_sbi. Final Score: 29","timestamp":"2026-06-14 00:10:11"}
{"level":"info","message":"📋 [jewellmaster.com] Compiling detailed audit data snapshot for jobId: 2-1781375719649...","timestamp":"2026-06-14 00:10:11"}
{"level":"info","message":"💾 [jewellmaster.com] Saved complete Audit details & summary snap to DB for jobId: 2-1781375719649","timestamp":"2026-06-14 00:10:11"}
{"level":"info","message":"📋 [jewellmaster.com] QA scan saved: 10 pages, jobId 4-1781375761263","timestamp":"2026-06-14 00:10:12"}
{"level":"info","message":"♿ [jewellmaster.com] Starting Accessibility scan for 10 pages...","timestamp":"2026-06-14 00:10:12"}
{"level":"info","message":"📋 [jewellmaster.com] QA scan saved: 10 pages, jobId 2-1781375719649","timestamp":"2026-06-14 00:10:12"}
{"level":"info","message":"♿ [jewellmaster.com] Starting Accessibility scan for 10 pages...","timestamp":"2026-06-14 00:10:12"}
{"level":"info","message":"🚀 [PageSpeed API] Fetching metrics for https://jewellmaster.com/features/accounting-financial-management...","timestamp":"2026-06-14 00:10:14"}
{"level":"info","message":"♿ [jewellmaster.com] Axe-core scanned 5/10","timestamp":"2026-06-14 00:10:30"}
{"level":"info","message":"♿ [jewellmaster.com] Axe-core scanned 5/10","timestamp":"2026-06-14 00:10:30"}
{"level":"info","message":"✅ [PageSpeed API] Score for https://jewellmaster.com/features/accounting-financial-management: 90","timestamp":"2026-06-14 00:10:32"}
{"level":"info","message":"📊 [Lighthouse] Results for https://jewellmaster.com/features/accounting-financial-management: Performance: 90, SEO: 92, Accessibility: 100","timestamp":"2026-06-14 00:10:32"}
{"level":"info","message":"🔍 [Domain: jewellmaster.com] [Page 7/10] Found 11 internal links on https://jewellmaster.com/features/accounting-financial-management","timestamp":"2026-06-14 00:10:32"}
{"level":"info","message":"🔍 [Crawl] Queue: 5 | Visited: 8 | Scanning: https://jewellmaster.com/features/ai-powered-reports","timestamp":"2026-06-14 00:10:32"}
{"level":"info","message":"🔍 [Domain: jewellmaster.com] [Page 8/10] Scanning: https://jewellmaster.com/features/ai-powered-reports","timestamp":"2026-06-14 00:10:32"}
{"level":"error","message":"Axe-core failed for https://jewellmaster.com/features/multi-branch-management: Page/Frame is not ready","timestamp":"2026-06-14 00:10:37"}
{"level":"info","message":"🔍 [Scraper] HTML length: 10800 | Body length: 4124 | Total <a> tags: 11","timestamp":"2026-06-14 00:10:39"}
{"level":"info","message":"🔗 [Link Extraction] Page: https://jewellmaster.com/features/ai-powered-reports | hostNorm: jewellmaster.com | Found 11 total links (11 internal)","timestamp":"2026-06-14 00:10:39"}
{"level":"info","message":"🚀 [PageSpeed API] Fetching metrics for https://jewellmaster.com/features/ai-powered-reports...","timestamp":"2026-06-14 00:10:42"}
{"level":"info","message":"♿ [jewellmaster.com] Axe-core scanned 10/10","timestamp":"2026-06-14 00:10:43"}
{"level":"info","message":"♿ [jewellmaster.com] Axe-core scanned 10/10","timestamp":"2026-06-14 00:10:43"}
{"level":"info","message":"✅ [jewellmaster.com] Accessibility scan saved: 9 pages, jobId 4-1781375761263","timestamp":"2026-06-14 00:10:44"}
{"level":"info","message":"Job 4 (https://jewellmaster.com) completed successfully.","timestamp":"2026-06-14 00:10:45"}
{"level":"info","message":"[Job repeat:c10eea93bf68cc56fd5c63b351df3d32:1781375880000] 🚀 Executing scheduled global orchestration...","timestamp":"2026-06-14 00:10:45"}
{"level":"info","message":"Orchestrator: Starting global scan orchestration... ","timestamp":"2026-06-14 00:10:45"}
{"level":"info","message":"🔗 Connecting to MASTER database: master","timestamp":"2026-06-14 00:10:45"}
{"level":"info","message":"✅ [jewellmaster.com] Accessibility scan saved: 10 pages, jobId 2-1781375719649","timestamp":"2026-06-14 00:10:45"}
{"level":"info","message":"Job 2 (https://jewellmaster.com) completed successfully.","timestamp":"2026-06-14 00:10:45"}
{"level":"info","message":"Orchestrator: Found 2 tenants to process.","timestamp":"2026-06-14 00:10:45"}
{"level":"info","message":"📁 Switching to CLIENT database: tenant_rbi (Tenant: rbi)","timestamp":"2026-06-14 00:10:45"}
{"level":"info","message":"Orchestrator: No domains found for tenant rbi (excluding those currently scanning).","timestamp":"2026-06-14 00:10:45"}
{"level":"info","message":"📁 Switching to CLIENT database: tenant_sbi (Tenant: sbi)","timestamp":"2026-06-14 00:10:45"}
{"level":"info","message":"Orchestrator: No domains found for tenant sbi (excluding those currently scanning).","timestamp":"2026-06-14 00:10:45"}
{"level":"info","message":"Orchestrator: Master DB connection closed.","timestamp":"2026-06-14 00:10:45"}
{"level":"info","message":"✅ Orchestrator: Finished. Total jobs enqueued: 0","timestamp":"2026-06-14 00:10:45"}
{"level":"info","message":"Job repeat:c10eea93bf68cc56fd5c63b351df3d32:1781375880000 (Orchestrator) completed successfully.","timestamp":"2026-06-14 00:10:45"}
{"level":"info","message":"[Job repeat:c10eea93bf68cc56fd5c63b351df3d32:1781376060000] 🚀 Executing scheduled global orchestration...","timestamp":"2026-06-14 00:11:00"}
{"level":"info","message":"Orchestrator: Starting global scan orchestration... ","timestamp":"2026-06-14 00:11:00"}
{"level":"info","message":"🔗 Connecting to MASTER database: master","timestamp":"2026-06-14 00:11:00"}
{"level":"info","message":"Orchestrator: Found 2 tenants to process.","timestamp":"2026-06-14 00:11:00"}
{"level":"info","message":"📁 Switching to CLIENT database: tenant_rbi (Tenant: rbi)","timestamp":"2026-06-14 00:11:00"}
{"level":"info","message":"Orchestrator: No domains found for tenant rbi (excluding those currently scanning).","timestamp":"2026-06-14 00:11:01"}
{"level":"info","message":"📁 Switching to CLIENT database: tenant_sbi (Tenant: sbi)","timestamp":"2026-06-14 00:11:01"}
{"level":"info","message":"Orchestrator: No domains found for tenant sbi (excluding those currently scanning).","timestamp":"2026-06-14 00:11:01"}
{"level":"info","message":"Orchestrator: Master DB connection closed.","timestamp":"2026-06-14 00:11:01"}
{"level":"info","message":"✅ Orchestrator: Finished. Total jobs enqueued: 0","timestamp":"2026-06-14 00:11:01"}
{"level":"info","message":"Job repeat:c10eea93bf68cc56fd5c63b351df3d32:1781376060000 (Orchestrator) completed successfully.","timestamp":"2026-06-14 00:11:01"}
{"level":"info","message":"✅ [PageSpeed API] Score for https://jewellmaster.com/features/ai-powered-reports: 89","timestamp":"2026-06-14 00:11:02"}
{"level":"info","message":"📊 [Lighthouse] Results for https://jewellmaster.com/features/ai-powered-reports: Performance: 89, SEO: 92, Accessibility: 100","timestamp":"2026-06-14 00:11:02"}
{"level":"info","message":"🔍 [Domain: jewellmaster.com] [Page 8/10] Found 11 internal links on https://jewellmaster.com/features/ai-powered-reports","timestamp":"2026-06-14 00:11:02"}
{"level":"info","message":"🔍 [Crawl] Queue: 4 | Visited: 9 | Scanning: https://jewellmaster.com/features/multi-branch-management","timestamp":"2026-06-14 00:11:02"}
{"level":"info","message":"🔍 [Domain: jewellmaster.com] [Page 9/10] Scanning: https://jewellmaster.com/features/multi-branch-management","timestamp":"2026-06-14 00:11:02"}
{"level":"warn","message":"Failed to goto https://jewellmaster.com/features/multi-branch-management: net::ERR_CONNECTION_CLOSED at https://jewellmaster.com/features/multi-branch-management","timestamp":"2026-06-14 00:11:02"}
{"level":"error","message":"Error scanning page https://jewellmaster.com/features/multi-branch-management: Could not reach the domain: https://jewellmaster.com/features/multi-branch-management. HTTP Status: 0","timestamp":"2026-06-14 00:11:02"}
{"level":"info","message":"🔍 [Crawl] Queue: 3 | Visited: 10 | Scanning: https://jewellmaster.com/features/mobile-app","timestamp":"2026-06-14 00:11:02"}
{"level":"info","message":"🔍 [Domain: jewellmaster.com] [Page 9/10] Scanning: https://jewellmaster.com/features/mobile-app","timestamp":"2026-06-14 00:11:02"}
{"level":"info","message":"🔍 [Scraper] HTML length: 10784 | Body length: 4099 | Total <a> tags: 11","timestamp":"2026-06-14 00:11:05"}
{"level":"info","message":"🔗 [Link Extraction] Page: https://jewellmaster.com/features/mobile-app | hostNorm: jewellmaster.com | Found 11 total links (11 internal)","timestamp":"2026-06-14 00:11:05"}
{"level":"info","message":"🚀 [PageSpeed API] Fetching metrics for https://jewellmaster.com/features/mobile-app...","timestamp":"2026-06-14 00:11:08"}
{"level":"info","message":"✅ [PageSpeed API] Score for https://jewellmaster.com/features/mobile-app: 90","timestamp":"2026-06-14 00:11:26"}
{"level":"info","message":"📊 [Lighthouse] Results for https://jewellmaster.com/features/mobile-app: Performance: 90, SEO: 92, Accessibility: 100","timestamp":"2026-06-14 00:11:26"}
{"level":"info","message":"🔍 [Domain: jewellmaster.com] [Page 9/10] Found 11 internal links on https://jewellmaster.com/features/mobile-app","timestamp":"2026-06-14 00:11:26"}
{"level":"info","message":"🔍 [Crawl] Queue: 2 | Visited: 11 | Scanning: https://jewellmaster.com/features/integrations","timestamp":"2026-06-14 00:11:26"}
{"level":"info","message":"🔍 [Domain: jewellmaster.com] [Page 10/10] Scanning: https://jewellmaster.com/features/integrations","timestamp":"2026-06-14 00:11:26"}
{"level":"info","message":"🔍 [Scraper] HTML length: 10802 | Body length: 4114 | Total <a> tags: 11","timestamp":"2026-06-14 00:11:30"}
{"level":"info","message":"🔗 [Link Extraction] Page: https://jewellmaster.com/features/integrations | hostNorm: jewellmaster.com | Found 11 total links (11 internal)","timestamp":"2026-06-14 00:11:30"}
{"level":"info","message":"🚀 [PageSpeed API] Fetching metrics for https://jewellmaster.com/features/integrations...","timestamp":"2026-06-14 00:11:33"}
{"level":"info","message":"✅ [PageSpeed API] Score for https://jewellmaster.com/features/integrations: 91","timestamp":"2026-06-14 00:11:50"}
{"level":"info","message":"📊 [Lighthouse] Results for https://jewellmaster.com/features/integrations: Performance: 91, SEO: 92, Accessibility: 100","timestamp":"2026-06-14 00:11:50"}
{"level":"info","message":"🔍 [Domain: jewellmaster.com] [Page 10/10] Found 11 internal links on https://jewellmaster.com/features/integrations","timestamp":"2026-06-14 00:11:50"}
{"level":"info","message":"[https://jewellmaster.com] Evaluating 1 policies against 10 pages.","timestamp":"2026-06-14 00:11:50"}
{"level":"info","message":"   -> Evaluated Rule [text] with target \"\" (Search: contains, Contains: undefined): isMatch=true","timestamp":"2026-06-14 00:11:50"}
{"level":"info","message":"   -> Evaluated Rule [page-title] with target \"\" (Search: contains, Contains: undefined): isMatch=true","timestamp":"2026-06-14 00:11:50"}
{"level":"info","message":"   -> Evaluated Rule [page-title-length] with target \"10\" (Search: contains, Contains: undefined): isMatch=false","timestamp":"2026-06-14 00:11:50"}
{"level":"info","message":"   -> Evaluated Rule [page-url] with target \"\" (Search: contains, Contains: undefined): isMatch=true","timestamp":"2026-06-14 00:11:50"}
{"level":"info","message":"   -> Evaluated Rule [link] with target \"\" (Search: contains, Contains: undefined): isMatch=true","timestamp":"2026-06-14 00:11:50"}
{"level":"info","message":"   -> Evaluated Rule [link-text] with target \"\" (Search: contains, Contains: undefined): isMatch=true","timestamp":"2026-06-14 00:11:50"}
{"level":"info","message":"   -> Evaluated Rule [link-text-length] with target \"5\" (Search: contains, Contains: undefined): isMatch=false","timestamp":"2026-06-14 00:11:50"}
{"level":"info","message":"   -> Evaluated Rule [file-size] with target \"10\" (Search: contains, Contains: KB): isMatch=false","timestamp":"2026-06-14 00:11:50"}
{"level":"info","message":"   -> Evaluated Rule [image-size] with target \"10\" (Search: contains, Contains: KB): isMatch=false","timestamp":"2026-06-14 00:11:50"}
{"level":"info","message":"   -> Evaluated Rule [image-text] with target \"\" (Search: contains, Contains: undefined): isMatch=true","timestamp":"2026-06-14 00:11:50"}
{"level":"info","message":"   -> Evaluated Rule [image-text-length] with target \"5\" (Search: contains, Contains: undefined): isMatch=false","timestamp":"2026-06-14 00:11:50"}
{"level":"info","message":"   -> Evaluated Rule [external-link-count] with target \"1\" (Search: contains, Contains: undefined): isMatch=false","timestamp":"2026-06-14 00:11:50"}
{"level":"info","message":"   -> Evaluated Rule [incoming-link-count] with target \"1\" (Search: contains, Contains: undefined): isMatch=false","timestamp":"2026-06-14 00:11:50"}
{"level":"info","message":"   -> Evaluated Rule [heading-text] with target \"\" (Search: contains, Contains: undefined): isMatch=true","timestamp":"2026-06-14 00:11:50"}
{"level":"info","message":"   -> Evaluated Rule [header-text-length] with target \"5\" (Search: contains, Contains: undefined): isMatch=false","timestamp":"2026-06-14 00:11:50"}
{"level":"info","message":"   -> Evaluated Rule [readability-level] with target \"5\" (Search: contains, Contains: undefined): isMatch=false","timestamp":"2026-06-14 00:11:50"}
{"level":"info","message":"   -> Evaluated Rule [meta-header] with target \"\" (Search: contains, Contains: undefined): isMatch=true","timestamp":"2026-06-14 00:11:50"}
{"level":"info","message":"   -> Evaluated Rule [meta-header-length] with target \"5\" (Search: contains, Contains: undefined): isMatch=false","timestamp":"2026-06-14 00:11:50"}
{"level":"info","message":"   -> Evaluated Rule [page-html] with target \"\" (Search: contains, Contains: undefined): isMatch=true","timestamp":"2026-06-14 00:11:50"}
{"level":"info","message":"   -> Evaluated Rule [text] with target \"\" (Search: contains, Contains: undefined): isMatch=true","timestamp":"2026-06-14 00:11:50"}
{"level":"info","message":"   -> Evaluated Rule [page-title] with target \"\" (Search: contains, Contains: undefined): isMatch=true","timestamp":"2026-06-14 00:11:50"}
{"level":"info","message":"   -> Evaluated Rule [page-title-length] with target \"10\" (Search: contains, Contains: undefined): isMatch=false","timestamp":"2026-06-14 00:11:50"}
{"level":"info","message":"   -> Evaluated Rule [page-url] with target \"\" (Search: contains, Contains: undefined): isMatch=true","timestamp":"2026-06-14 00:11:50"}
{"level":"info","message":"   -> Evaluated Rule [link] with target \"\" (Search: contains, Contains: undefined): isMatch=true","timestamp":"2026-06-14 00:11:50"}
{"level":"info","message":"   -> Evaluated Rule [link-text] with target \"\" (Search: contains, Contains: undefined): isMatch=true","timestamp":"2026-06-14 00:11:50"}
{"level":"info","message":"   -> Evaluated Rule [link-text-length] with target \"5\" (Search: contains, Contains: undefined): isMatch=false","timestamp":"2026-06-14 00:11:50"}
{"level":"info","message":"   -> Evaluated Rule [file-size] with target \"10\" (Search: contains, Contains: KB): isMatch=false","timestamp":"2026-06-14 00:11:50"}
{"level":"info","message":"   -> Evaluated Rule [image-size] with target \"10\" (Search: contains, Contains: KB): isMatch=false","timestamp":"2026-06-14 00:11:50"}
{"level":"info","message":"   -> Evaluated Rule [image-text] with target \"\" (Search: contains, Contains: undefined): isMatch=true","timestamp":"2026-06-14 00:11:50"}
{"level":"info","message":"   -> Evaluated Rule [image-text-length] with target \"5\" (Search: contains, Contains: undefined): isMatch=false","timestamp":"2026-06-14 00:11:50"}
{"level":"info","message":"   -> Evaluated Rule [external-link-count] with target \"1\" (Search: contains, Contains: undefined): isMatch=false","timestamp":"2026-06-14 00:11:50"}
{"level":"info","message":"   -> Evaluated Rule [incoming-link-count] with target \"1\" (Search: contains, Contains: undefined): isMatch=false","timestamp":"2026-06-14 00:11:50"}
{"level":"info","message":"   -> Evaluated Rule [heading-text] with target \"\" (Search: contains, Contains: undefined): isMatch=true","timestamp":"2026-06-14 00:11:50"}
{"level":"info","message":"   -> Evaluated Rule [header-text-length] with target \"5\" (Search: contains, Contains: undefined): isMatch=false","timestamp":"2026-06-14 00:11:50"}
{"level":"info","message":"   -> Evaluated Rule [readability-level] with target \"5\" (Search: contains, Contains: undefined): isMatch=false","timestamp":"2026-06-14 00:11:50"}
{"level":"info","message":"   -> Evaluated Rule [meta-header] with target \"\" (Search: contains, Contains: undefined): isMatch=true","timestamp":"2026-06-14 00:11:50"}
{"level":"info","message":"   -> Evaluated Rule [meta-header-length] with target \"5\" (Search: contains, Contains: undefined): isMatch=false","timestamp":"2026-06-14 00:11:50"}
{"level":"info","message":"   -> Evaluated Rule [page-html] with target \"\" (Search: contains, Contains: undefined): isMatch=true","timestamp":"2026-06-14 00:11:50"}
{"level":"info","message":"   -> Evaluated Rule [text] with target \"\" (Search: contains, Contains: undefined): isMatch=true","timestamp":"2026-06-14 00:11:50"}
{"level":"info","message":"   -> Evaluated Rule [page-title] with target \"\" (Search: contains, Contains: undefined): isMatch=true","timestamp":"2026-06-14 00:11:50"}
{"level":"info","message":"   -> Evaluated Rule [page-title-length] with target \"10\" (Search: contains, Contains: undefined): isMatch=false","timestamp":"2026-06-14 00:11:50"}
{"level":"info","message":"   -> Evaluated Rule [page-url] with target \"\" (Search: contains, Contains: undefined): isMatch=true","timestamp":"2026-06-14 00:11:50"}
{"level":"info","message":"   -> Evaluated Rule [link] with target \"\" (Search: contains, Contains: undefined): isMatch=true","timestamp":"2026-06-14 00:11:50"}
{"level":"info","message":"   -> Evaluated Rule [link-text] with target \"\" (Search: contains, Contains: undefined): isMatch=true","timestamp":"2026-06-14 00:11:50"}
{"level":"info","message":"   -> Evaluated Rule [link-text-length] with target \"5\" (Search: contains, Contains: undefined): isMatch=false","timestamp":"2026-06-14 00:11:50"}
{"level":"info","message":"   -> Evaluated Rule [file-size] with target \"10\" (Search: contains, Contains: KB): isMatch=false","timestamp":"2026-06-14 00:11:50"}
{"level":"info","message":"   -> Evaluated Rule [image-size] with target \"10\" (Search: contains, Contains: KB): isMatch=false","timestamp":"2026-06-14 00:11:50"}
{"level":"info","message":"   -> Evaluated Rule [image-text] with target \"\" (Search: contains, Contains: undefined): isMatch=true","timestamp":"2026-06-14 00:11:50"}
{"level":"info","message":"   -> Evaluated Rule [image-text-length] with target \"5\" (Search: contains, Contains: undefined): isMatch=false","timestamp":"2026-06-14 00:11:50"}
{"level":"info","message":"   -> Evaluated Rule [external-link-count] with target \"1\" (Search: contains, Contains: undefined): isMatch=false","timestamp":"2026-06-14 00:11:50"}
{"level":"info","message":"   -> Evaluated Rule [incoming-link-count] with target \"1\" (Search: contains, Contains: undefined): isMatch=false","timestamp":"2026-06-14 00:11:50"}
{"level":"info","message":"   -> Evaluated Rule [heading-text] with target \"\" (Search: contains, Contains: undefined): isMatch=true","timestamp":"2026-06-14 00:11:50"}
{"level":"info","message":"   -> Evaluated Rule [header-text-length] with target \"5\" (Search: contains, Contains: undefined): isMatch=false","timestamp":"2026-06-14 00:11:50"}
{"level":"info","message":"   -> Evaluated Rule [readability-level] with target \"5\" (Search: contains, Contains: undefined): isMatch=false","timestamp":"2026-06-14 00:11:50"}
{"level":"info","message":"   -> Evaluated Rule [meta-header] with target \"\" (Search: contains, Contains: undefined): isMatch=true","timestamp":"2026-06-14 00:11:50"}
{"level":"info","message":"   -> Evaluated Rule [meta-header-length] with target \"5\" (Search: contains, Contains: undefined): isMatch=false","timestamp":"2026-06-14 00:11:50"}
{"level":"info","message":"   -> Evaluated Rule [page-html] with target \"\" (Search: contains, Contains: undefined): isMatch=true","timestamp":"2026-06-14 00:11:50"}
{"level":"info","message":"   -> Evaluated Rule [text] with target \"\" (Search: contains, Contains: undefined): isMatch=true","timestamp":"2026-06-14 00:11:50"}
{"level":"info","message":"   -> Evaluated Rule [page-title] with target \"\" (Search: contains, Contains: undefined): isMatch=true","timestamp":"2026-06-14 00:11:50"}
{"level":"info","message":"   -> Evaluated Rule [page-title-length] with target \"10\" (Search: contains, Contains: undefined): isMatch=false","timestamp":"2026-06-14 00:11:50"}
{"level":"info","message":"   -> Evaluated Rule [page-url] with target \"\" (Search: contains, Contains: undefined): isMatch=true","timestamp":"2026-06-14 00:11:50"}
{"level":"info","message":"   -> Evaluated Rule [link] with target \"\" (Search: contains, Contains: undefined): isMatch=true","timestamp":"2026-06-14 00:11:50"}
{"level":"info","message":"   -> Evaluated Rule [link-text] with target \"\" (Search: contains, Contains: undefined): isMatch=true","timestamp":"2026-06-14 00:11:50"}
{"level":"info","message":"   -> Evaluated Rule [link-text-length] with target \"5\" (Search: contains, Contains: undefined): isMatch=false","timestamp":"2026-06-14 00:11:50"}
{"level":"info","message":"   -> Evaluated Rule [file-size] with target \"10\" (Search: contains, Contains: KB): isMatch=false","timestamp":"2026-06-14 00:11:50"}
{"level":"info","message":"   -> Evaluated Rule [image-size] with target \"10\" (Search: contains, Contains: KB): isMatch=false","timestamp":"2026-06-14 00:11:50"}
{"level":"info","message":"   -> Evaluated Rule [image-text] with target \"\" (Search: contains, Contains: undefined): isMatch=true","timestamp":"2026-06-14 00:11:50"}
{"level":"info","message":"   -> Evaluated Rule [image-text-length] with target \"5\" (Search: contains, Contains: undefined): isMatch=false","timestamp":"2026-06-14 00:11:50"}
{"level":"info","message":"   -> Evaluated Rule [external-link-count] with target \"1\" (Search: contains, Contains: undefined): isMatch=false","timestamp":"2026-06-14 00:11:50"}
{"level":"info","message":"   -> Evaluated Rule [incoming-link-count] with target \"1\" (Search: contains, Contains: undefined): isMatch=false","timestamp":"2026-06-14 00:11:50"}
{"level":"info","message":"   -> Evaluated Rule [heading-text] with target \"\" (Search: contains, Contains: undefined): isMatch=true","timestamp":"2026-06-14 00:11:50"}
{"level":"info","message":"   -> Evaluated Rule [header-text-length] with target \"5\" (Search: contains, Contains: undefined): isMatch=false","timestamp":"2026-06-14 00:11:50"}
{"level":"info","message":"   -> Evaluated Rule [readability-level] with target \"5\" (Search: contains, Contains: undefined): isMatch=false","timestamp":"2026-06-14 00:11:50"}
{"level":"info","message":"   -> Evaluated Rule [meta-header] with target \"\" (Search: contains, Contains: undefined): isMatch=true","timestamp":"2026-06-14 00:11:50"}
{"level":"info","message":"   -> Evaluated Rule [meta-header-length] with target \"5\" (Search: contains, Contains: undefined): isMatch=false","timestamp":"2026-06-14 00:11:50"}
{"level":"info","message":"   -> Evaluated Rule [page-html] with target \"\" (Search: contains, Contains: undefined): isMatch=true","timestamp":"2026-06-14 00:11:50"}
{"level":"info","message":"   -> Evaluated Rule [text] with target \"\" (Search: contains, Contains: undefined): isMatch=true","timestamp":"2026-06-14 00:11:50"}
{"level":"info","message":"   -> Evaluated Rule [page-title] with target \"\" (Search: contains, Contains: undefined): isMatch=true","timestamp":"2026-06-14 00:11:50"}
{"level":"info","message":"   -> Evaluated Rule [page-title-length] with target \"10\" (Search: contains, Contains: undefined): isMatch=false","timestamp":"2026-06-14 00:11:50"}
{"level":"info","message":"   -> Evaluated Rule [page-url] with target \"\" (Search: contains, Contains: undefined): isMatch=true","timestamp":"2026-06-14 00:11:50"}
{"level":"info","message":"   -> Evaluated Rule [link] with target \"\" (Search: contains, Contains: undefined): isMatch=true","timestamp":"2026-06-14 00:11:50"}
{"level":"info","message":"   -> Evaluated Rule [link-text] with target \"\" (Search: contains, Contains: undefined): isMatch=true","timestamp":"2026-06-14 00:11:50"}
{"level":"info","message":"   -> Evaluated Rule [link-text-length] with target \"5\" (Search: contains, Contains: undefined): isMatch=false","timestamp":"2026-06-14 00:11:50"}
{"level":"info","message":"   -> Evaluated Rule [file-size] with target \"10\" (Search: contains, Contains: KB): isMatch=false","timestamp":"2026-06-14 00:11:50"}
{"level":"info","message":"   -> Evaluated Rule [image-size] with target \"10\" (Search: contains, Contains: KB): isMatch=false","timestamp":"2026-06-14 00:11:50"}
{"level":"info","message":"   -> Evaluated Rule [image-text] with target \"\" (Search: contains, Contains: undefined): isMatch=true","timestamp":"2026-06-14 00:11:50"}
{"level":"info","message":"   -> Evaluated Rule [image-text-length] with target \"5\" (Search: contains, Contains: undefined): isMatch=false","timestamp":"2026-06-14 00:11:50"}
{"level":"info","message":"   -> Evaluated Rule [external-link-count] with target \"1\" (Search: contains, Contains: undefined): isMatch=false","timestamp":"2026-06-14 00:11:50"}
{"level":"info","message":"   -> Evaluated Rule [incoming-link-count] with target \"1\" (Search: contains, Contains: undefined): isMatch=false","timestamp":"2026-06-14 00:11:50"}
{"level":"info","message":"   -> Evaluated Rule [heading-text] with target \"\" (Search: contains, Contains: undefined): isMatch=true","timestamp":"2026-06-14 00:11:50"}
{"level":"info","message":"   -> Evaluated Rule [header-text-length] with target \"5\" (Search: contains, Contains: undefined): isMatch=false","timestamp":"2026-06-14 00:11:50"}
{"level":"info","message":"   -> Evaluated Rule [readability-level] with target \"5\" (Search: contains, Contains: undefined): isMatch=false","timestamp":"2026-06-14 00:11:50"}
{"level":"info","message":"   -> Evaluated Rule [meta-header] with target \"\" (Search: contains, Contains: undefined): isMatch=true","timestamp":"2026-06-14 00:11:50"}
{"level":"info","message":"   -> Evaluated Rule [meta-header-length] with target \"5\" (Search: contains, Contains: undefined): isMatch=false","timestamp":"2026-06-14 00:11:50"}
{"level":"info","message":"   -> Evaluated Rule [page-html] with target \"\" (Search: contains, Contains: undefined): isMatch=true","timestamp":"2026-06-14 00:11:50"}
{"level":"info","message":"   -> Evaluated Rule [text] with target \"\" (Search: contains, Contains: undefined): isMatch=true","timestamp":"2026-06-14 00:11:50"}
{"level":"info","message":"   -> Evaluated Rule [page-title] with target \"\" (Search: contains, Contains: undefined): isMatch=true","timestamp":"2026-06-14 00:11:50"}
{"level":"info","message":"   -> Evaluated Rule [page-title-length] with target \"10\" (Search: contains, Contains: undefined): isMatch=false","timestamp":"2026-06-14 00:11:50"}
{"level":"info","message":"   -> Evaluated Rule [page-url] with target \"\" (Search: contains, Contains: undefined): isMatch=true","timestamp":"2026-06-14 00:11:50"}
{"level":"info","message":"   -> Evaluated Rule [link] with target \"\" (Search: contains, Contains: undefined): isMatch=true","timestamp":"2026-06-14 00:11:50"}
{"level":"info","message":"   -> Evaluated Rule [link-text] with target \"\" (Search: contains, Contains: undefined): isMatch=true","timestamp":"2026-06-14 00:11:50"}
{"level":"info","message":"   -> Evaluated Rule [link-text-length] with target \"5\" (Search: contains, Contains: undefined): isMatch=false","timestamp":"2026-06-14 00:11:50"}
{"level":"info","message":"   -> Evaluated Rule [file-size] with target \"10\" (Search: contains, Contains: KB): isMatch=false","timestamp":"2026-06-14 00:11:50"}
{"level":"info","message":"   -> Evaluated Rule [image-size] with target \"10\" (Search: contains, Contains: KB): isMatch=false","timestamp":"2026-06-14 00:11:50"}
{"level":"info","message":"   -> Evaluated Rule [image-text] with target \"\" (Search: contains, Contains: undefined): isMatch=true","timestamp":"2026-06-14 00:11:50"}
{"level":"info","message":"   -> Evaluated Rule [image-text-length] with target \"5\" (Search: contains, Contains: undefined): isMatch=false","timestamp":"2026-06-14 00:11:50"}
{"level":"info","message":"   -> Evaluated Rule [external-link-count] with target \"1\" (Search: contains, Contains: undefined): isMatch=false","timestamp":"2026-06-14 00:11:50"}
{"level":"info","message":"   -> Evaluated Rule [incoming-link-count] with target \"1\" (Search: contains, Contains: undefined): isMatch=false","timestamp":"2026-06-14 00:11:50"}
{"level":"info","message":"   -> Evaluated Rule [heading-text] with target \"\" (Search: contains, Contains: undefined): isMatch=true","timestamp":"2026-06-14 00:11:50"}
{"level":"info","message":"   -> Evaluated Rule [header-text-length] with target \"5\" (Search: contains, Contains: undefined): isMatch=false","timestamp":"2026-06-14 00:11:50"}
{"level":"info","message":"   -> Evaluated Rule [readability-level] with target \"5\" (Search: contains, Contains: undefined): isMatch=false","timestamp":"2026-06-14 00:11:50"}
{"level":"info","message":"   -> Evaluated Rule [meta-header] with target \"\" (Search: contains, Contains: undefined): isMatch=true","timestamp":"2026-06-14 00:11:50"}
{"level":"info","message":"   -> Evaluated Rule [meta-header-length] with target \"5\" (Search: contains, Contains: undefined): isMatch=false","timestamp":"2026-06-14 00:11:50"}
{"level":"info","message":"   -> Evaluated Rule [page-html] with target \"\" (Search: contains, Contains: undefined): isMatch=true","timestamp":"2026-06-14 00:11:50"}
{"level":"info","message":"   -> Evaluated Rule [text] with target \"\" (Search: contains, Contains: undefined): isMatch=true","timestamp":"2026-06-14 00:11:50"}
{"level":"info","message":"   -> Evaluated Rule [page-title] with target \"\" (Search: contains, Contains: undefined): isMatch=true","timestamp":"2026-06-14 00:11:50"}
{"level":"info","message":"   -> Evaluated Rule [page-title-length] with target \"10\" (Search: contains, Contains: undefined): isMatch=false","timestamp":"2026-06-14 00:11:50"}
{"level":"info","message":"   -> Evaluated Rule [page-url] with target \"\" (Search: contains, Contains: undefined): isMatch=true","timestamp":"2026-06-14 00:11:50"}
{"level":"info","message":"   -> Evaluated Rule [link] with target \"\" (Search: contains, Contains: undefined): isMatch=true","timestamp":"2026-06-14 00:11:50"}
{"level":"info","message":"   -> Evaluated Rule [link-text] with target \"\" (Search: contains, Contains: undefined): isMatch=true","timestamp":"2026-06-14 00:11:50"}
{"level":"info","message":"   -> Evaluated Rule [link-text-length] with target \"5\" (Search: contains, Contains: undefined): isMatch=false","timestamp":"2026-06-14 00:11:50"}
{"level":"info","message":"   -> Evaluated Rule [file-size] with target \"10\" (Search: contains, Contains: KB): isMatch=false","timestamp":"2026-06-14 00:11:50"}
{"level":"info","message":"   -> Evaluated Rule [image-size] with target \"10\" (Search: contains, Contains: KB): isMatch=false","timestamp":"2026-06-14 00:11:50"}
{"level":"info","message":"   -> Evaluated Rule [image-text] with target \"\" (Search: contains, Contains: undefined): isMatch=true","timestamp":"2026-06-14 00:11:50"}
{"level":"info","message":"   -> Evaluated Rule [image-text-length] with target \"5\" (Search: contains, Contains: undefined): isMatch=false","timestamp":"2026-06-14 00:11:50"}
{"level":"info","message":"   -> Evaluated Rule [external-link-count] with target \"1\" (Search: contains, Contains: undefined): isMatch=false","timestamp":"2026-06-14 00:11:50"}
{"level":"info","message":"   -> Evaluated Rule [incoming-link-count] with target \"1\" (Search: contains, Contains: undefined): isMatch=false","timestamp":"2026-06-14 00:11:50"}
{"level":"info","message":"   -> Evaluated Rule [heading-text] with target \"\" (Search: contains, Contains: undefined): isMatch=true","timestamp":"2026-06-14 00:11:50"}
{"level":"info","message":"   -> Evaluated Rule [header-text-length] with target \"5\" (Search: contains, Contains: undefined): isMatch=false","timestamp":"2026-06-14 00:11:50"}
{"level":"info","message":"   -> Evaluated Rule [readability-level] with target \"5\" (Search: contains, Contains: undefined): isMatch=false","timestamp":"2026-06-14 00:11:50"}
{"level":"info","message":"   -> Evaluated Rule [meta-header] with target \"\" (Search: contains, Contains: undefined): isMatch=true","timestamp":"2026-06-14 00:11:50"}
{"level":"info","message":"   -> Evaluated Rule [meta-header-length] with target \"5\" (Search: contains, Contains: undefined): isMatch=false","timestamp":"2026-06-14 00:11:50"}
{"level":"info","message":"   -> Evaluated Rule [page-html] with target \"\" (Search: contains, Contains: undefined): isMatch=true","timestamp":"2026-06-14 00:11:50"}
{"level":"info","message":"   -> Evaluated Rule [text] with target \"\" (Search: contains, Contains: undefined): isMatch=true","timestamp":"2026-06-14 00:11:50"}
{"level":"info","message":"   -> Evaluated Rule [page-title] with target \"\" (Search: contains, Contains: undefined): isMatch=true","timestamp":"2026-06-14 00:11:50"}
{"level":"info","message":"   -> Evaluated Rule [page-title-length] with target \"10\" (Search: contains, Contains: undefined): isMatch=false","timestamp":"2026-06-14 00:11:50"}
{"level":"info","message":"   -> Evaluated Rule [page-url] with target \"\" (Search: contains, Contains: undefined): isMatch=true","timestamp":"2026-06-14 00:11:50"}
{"level":"info","message":"   -> Evaluated Rule [link] with target \"\" (Search: contains, Contains: undefined): isMatch=true","timestamp":"2026-06-14 00:11:50"}
{"level":"info","message":"   -> Evaluated Rule [link-text] with target \"\" (Search: contains, Contains: undefined): isMatch=true","timestamp":"2026-06-14 00:11:50"}
{"level":"info","message":"   -> Evaluated Rule [link-text-length] with target \"5\" (Search: contains, Contains: undefined): isMatch=false","timestamp":"2026-06-14 00:11:50"}
{"level":"info","message":"   -> Evaluated Rule [file-size] with target \"10\" (Search: contains, Contains: KB): isMatch=false","timestamp":"2026-06-14 00:11:50"}
{"level":"info","message":"   -> Evaluated Rule [image-size] with target \"10\" (Search: contains, Contains: KB): isMatch=false","timestamp":"2026-06-14 00:11:50"}
{"level":"info","message":"   -> Evaluated Rule [image-text] with target \"\" (Search: contains, Contains: undefined): isMatch=true","timestamp":"2026-06-14 00:11:50"}
{"level":"info","message":"   -> Evaluated Rule [image-text-length] with target \"5\" (Search: contains, Contains: undefined): isMatch=false","timestamp":"2026-06-14 00:11:50"}
{"level":"info","message":"   -> Evaluated Rule [external-link-count] with target \"1\" (Search: contains, Contains: undefined): isMatch=false","timestamp":"2026-06-14 00:11:50"}
{"level":"info","message":"   -> Evaluated Rule [incoming-link-count] with target \"1\" (Search: contains, Contains: undefined): isMatch=false","timestamp":"2026-06-14 00:11:50"}
{"level":"info","message":"   -> Evaluated Rule [heading-text] with target \"\" (Search: contains, Contains: undefined): isMatch=true","timestamp":"2026-06-14 00:11:50"}
{"level":"info","message":"   -> Evaluated Rule [header-text-length] with target \"5\" (Search: contains, Contains: undefined): isMatch=false","timestamp":"2026-06-14 00:11:50"}
{"level":"info","message":"   -> Evaluated Rule [readability-level] with target \"5\" (Search: contains, Contains: undefined): isMatch=false","timestamp":"2026-06-14 00:11:50"}
{"level":"info","message":"   -> Evaluated Rule [meta-header] with target \"\" (Search: contains, Contains: undefined): isMatch=true","timestamp":"2026-06-14 00:11:50"}
{"level":"info","message":"   -> Evaluated Rule [meta-header-length] with target \"5\" (Search: contains, Contains: undefined): isMatch=false","timestamp":"2026-06-14 00:11:50"}
{"level":"info","message":"   -> Evaluated Rule [page-html] with target \"\" (Search: contains, Contains: undefined): isMatch=true","timestamp":"2026-06-14 00:11:50"}
{"level":"info","message":"   -> Evaluated Rule [text] with target \"\" (Search: contains, Contains: undefined): isMatch=true","timestamp":"2026-06-14 00:11:50"}
{"level":"info","message":"   -> Evaluated Rule [page-title] with target \"\" (Search: contains, Contains: undefined): isMatch=true","timestamp":"2026-06-14 00:11:50"}
{"level":"info","message":"   -> Evaluated Rule [page-title-length] with target \"10\" (Search: contains, Contains: undefined): isMatch=false","timestamp":"2026-06-14 00:11:50"}
{"level":"info","message":"   -> Evaluated Rule [page-url] with target \"\" (Search: contains, Contains: undefined): isMatch=true","timestamp":"2026-06-14 00:11:50"}
{"level":"info","message":"   -> Evaluated Rule [link] with target \"\" (Search: contains, Contains: undefined): isMatch=true","timestamp":"2026-06-14 00:11:50"}
{"level":"info","message":"   -> Evaluated Rule [link-text] with target \"\" (Search: contains, Contains: undefined): isMatch=true","timestamp":"2026-06-14 00:11:50"}
{"level":"info","message":"   -> Evaluated Rule [link-text-length] with target \"5\" (Search: contains, Contains: undefined): isMatch=false","timestamp":"2026-06-14 00:11:50"}
{"level":"info","message":"   -> Evaluated Rule [file-size] with target \"10\" (Search: contains, Contains: KB): isMatch=false","timestamp":"2026-06-14 00:11:50"}
{"level":"info","message":"   -> Evaluated Rule [image-size] with target \"10\" (Search: contains, Contains: KB): isMatch=false","timestamp":"2026-06-14 00:11:50"}
{"level":"info","message":"   -> Evaluated Rule [image-text] with target \"\" (Search: contains, Contains: undefined): isMatch=true","timestamp":"2026-06-14 00:11:50"}
{"level":"info","message":"   -> Evaluated Rule [image-text-length] with target \"5\" (Search: contains, Contains: undefined): isMatch=false","timestamp":"2026-06-14 00:11:50"}
{"level":"info","message":"   -> Evaluated Rule [external-link-count] with target \"1\" (Search: contains, Contains: undefined): isMatch=false","timestamp":"2026-06-14 00:11:50"}
{"level":"info","message":"   -> Evaluated Rule [incoming-link-count] with target \"1\" (Search: contains, Contains: undefined): isMatch=false","timestamp":"2026-06-14 00:11:50"}
{"level":"info","message":"   -> Evaluated Rule [heading-text] with target \"\" (Search: contains, Contains: undefined): isMatch=true","timestamp":"2026-06-14 00:11:50"}
{"level":"info","message":"   -> Evaluated Rule [header-text-length] with target \"5\" (Search: contains, Contains: undefined): isMatch=false","timestamp":"2026-06-14 00:11:50"}
{"level":"info","message":"   -> Evaluated Rule [readability-level] with target \"5\" (Search: contains, Contains: undefined): isMatch=false","timestamp":"2026-06-14 00:11:50"}
{"level":"info","message":"   -> Evaluated Rule [meta-header] with target \"\" (Search: contains, Contains: undefined): isMatch=true","timestamp":"2026-06-14 00:11:50"}
{"level":"info","message":"   -> Evaluated Rule [meta-header-length] with target \"5\" (Search: contains, Contains: undefined): isMatch=false","timestamp":"2026-06-14 00:11:50"}
{"level":"info","message":"   -> Evaluated Rule [page-html] with target \"\" (Search: contains, Contains: undefined): isMatch=true","timestamp":"2026-06-14 00:11:50"}
{"level":"info","message":"   -> Evaluated Rule [text] with target \"\" (Search: contains, Contains: undefined): isMatch=true","timestamp":"2026-06-14 00:11:50"}
{"level":"info","message":"   -> Evaluated Rule [page-title] with target \"\" (Search: contains, Contains: undefined): isMatch=true","timestamp":"2026-06-14 00:11:50"}
{"level":"info","message":"   -> Evaluated Rule [page-title-length] with target \"10\" (Search: contains, Contains: undefined): isMatch=false","timestamp":"2026-06-14 00:11:50"}
{"level":"info","message":"   -> Evaluated Rule [page-url] with target \"\" (Search: contains, Contains: undefined): isMatch=true","timestamp":"2026-06-14 00:11:50"}
{"level":"info","message":"   -> Evaluated Rule [link] with target \"\" (Search: contains, Contains: undefined): isMatch=true","timestamp":"2026-06-14 00:11:50"}
{"level":"info","message":"   -> Evaluated Rule [link-text] with target \"\" (Search: contains, Contains: undefined): isMatch=true","timestamp":"2026-06-14 00:11:50"}
{"level":"info","message":"   -> Evaluated Rule [link-text-length] with target \"5\" (Search: contains, Contains: undefined): isMatch=false","timestamp":"2026-06-14 00:11:50"}
{"level":"info","message":"   -> Evaluated Rule [file-size] with target \"10\" (Search: contains, Contains: KB): isMatch=false","timestamp":"2026-06-14 00:11:50"}
{"level":"info","message":"   -> Evaluated Rule [image-size] with target \"10\" (Search: contains, Contains: KB): isMatch=false","timestamp":"2026-06-14 00:11:50"}
{"level":"info","message":"   -> Evaluated Rule [image-text] with target \"\" (Search: contains, Contains: undefined): isMatch=true","timestamp":"2026-06-14 00:11:50"}
{"level":"info","message":"   -> Evaluated Rule [image-text-length] with target \"5\" (Search: contains, Contains: undefined): isMatch=false","timestamp":"2026-06-14 00:11:50"}
{"level":"info","message":"   -> Evaluated Rule [external-link-count] with target \"1\" (Search: contains, Contains: undefined): isMatch=false","timestamp":"2026-06-14 00:11:50"}
{"level":"info","message":"   -> Evaluated Rule [incoming-link-count] with target \"1\" (Search: contains, Contains: undefined): isMatch=false","timestamp":"2026-06-14 00:11:50"}
{"level":"info","message":"   -> Evaluated Rule [heading-text] with target \"\" (Search: contains, Contains: undefined): isMatch=true","timestamp":"2026-06-14 00:11:50"}
{"level":"info","message":"   -> Evaluated Rule [header-text-length] with target \"5\" (Search: contains, Contains: undefined): isMatch=false","timestamp":"2026-06-14 00:11:50"}
{"level":"info","message":"   -> Evaluated Rule [readability-level] with target \"5\" (Search: contains, Contains: undefined): isMatch=false","timestamp":"2026-06-14 00:11:50"}
{"level":"info","message":"   -> Evaluated Rule [meta-header] with target \"\" (Search: contains, Contains: undefined): isMatch=true","timestamp":"2026-06-14 00:11:50"}
{"level":"info","message":"   -> Evaluated Rule [meta-header-length] with target \"5\" (Search: contains, Contains: undefined): isMatch=false","timestamp":"2026-06-14 00:11:50"}
{"level":"info","message":"   -> Evaluated Rule [page-html] with target \"\" (Search: contains, Contains: undefined): isMatch=true","timestamp":"2026-06-14 00:11:50"}
{"level":"info","message":"✅ [https://jewellmaster.com] Saved 10 pages to database tenant_sbi.","timestamp":"2026-06-14 00:11:51"}
{"level":"info","message":"📊 [https://jewellmaster.com] Domain summary created in tenant_sbi. Final Score: 27","timestamp":"2026-06-14 00:11:51"}
{"level":"info","message":"📋 [jewellmaster.com] Compiling detailed audit data snapshot for jobId: 6-1781375821365...","timestamp":"2026-06-14 00:11:51"}
{"level":"info","message":"💾 [jewellmaster.com] Saved complete Audit details & summary snap to DB for jobId: 6-1781375821365","timestamp":"2026-06-14 00:11:51"}
{"level":"info","message":"📋 [jewellmaster.com] QA scan saved: 10 pages, jobId 6-1781375821365","timestamp":"2026-06-14 00:11:51"}
{"level":"info","message":"♿ [jewellmaster.com] Starting Accessibility scan for 10 pages...","timestamp":"2026-06-14 00:11:51"}
{"level":"info","message":"BullBoard dashboard available at http://localhost:4100/admin/queues","timestamp":"2026-06-14 00:11:58"}
{"level":"info","message":"SEO Scan Worker initialized.","timestamp":"2026-06-14 00:11:58"}
{"level":"info","message":"🧹 Queue \"seo-scan-queue\" cleared recursively.","timestamp":"2026-06-14 00:11:58"}
{"level":"info","message":"⏰ Scheduled global orchestration every 1 minutes.","timestamp":"2026-06-14 00:11:58"}
{"level":"info","message":"SEO Scanner Service running on port 4100","timestamp":"2026-06-14 00:11:58"}
{"level":"info","message":"🚀 SCAN_ON_STARTUP is enabled. Triggering global orchestration...","timestamp":"2026-06-14 00:11:58"}
{"level":"info","message":"Orchestrator: Starting global scan orchestration... [STARTUP MODE]","timestamp":"2026-06-14 00:11:58"}
{"level":"info","message":"🔗 Connecting to MASTER database: master","timestamp":"2026-06-14 00:11:58"}
{"level":"info","message":"Orchestrator: Found 2 tenants to process.","timestamp":"2026-06-14 00:11:59"}
{"level":"info","message":"📁 Switching to CLIENT database: tenant_rbi (Tenant: rbi)","timestamp":"2026-06-14 00:11:59"}
{"level":"info","message":"✅ Successfully connected to database: tenant_rbi","timestamp":"2026-06-14 00:11:59"}
{"level":"info","message":"Orchestrator: No domains found for tenant rbi (excluding those currently scanning).","timestamp":"2026-06-14 00:12:00"}
{"level":"info","message":"📁 Switching to CLIENT database: tenant_sbi (Tenant: sbi)","timestamp":"2026-06-14 00:12:00"}
{"level":"info","message":"✅ Successfully connected to database: tenant_sbi","timestamp":"2026-06-14 00:12:00"}
{"level":"info","message":"Orchestrator: No domains found for tenant sbi (excluding those currently scanning).","timestamp":"2026-06-14 00:12:00"}
{"level":"info","message":"Orchestrator: Master DB connection closed.","timestamp":"2026-06-14 00:12:00"}
{"level":"info","message":"✅ Orchestrator: Finished. Total jobs enqueued: 0","timestamp":"2026-06-14 00:12:00"}
{"level":"info","message":"✅ Initial global scan orchestration completed.","timestamp":"2026-06-14 00:12:00"}
{"level":"info","message":"[Job repeat:c10eea93bf68cc56fd5c63b351df3d32:1781376120000] 🚀 Executing scheduled global orchestration...","timestamp":"2026-06-14 00:12:00"}
{"level":"info","message":"Orchestrator: Starting global scan orchestration... ","timestamp":"2026-06-14 00:12:00"}
{"level":"info","message":"🔗 Connecting to MASTER database: master","timestamp":"2026-06-14 00:12:00"}
{"level":"info","message":"Orchestrator: Found 2 tenants to process.","timestamp":"2026-06-14 00:12:01"}
{"level":"info","message":"📁 Switching to CLIENT database: tenant_rbi (Tenant: rbi)","timestamp":"2026-06-14 00:12:01"}
{"level":"info","message":"Orchestrator: No domains found for tenant rbi (excluding those currently scanning).","timestamp":"2026-06-14 00:12:01"}
{"level":"info","message":"📁 Switching to CLIENT database: tenant_sbi (Tenant: sbi)","timestamp":"2026-06-14 00:12:01"}
{"level":"info","message":"Orchestrator: No domains found for tenant sbi (excluding those currently scanning).","timestamp":"2026-06-14 00:12:01"}
{"level":"info","message":"Orchestrator: Master DB connection closed.","timestamp":"2026-06-14 00:12:01"}
{"level":"info","message":"✅ Orchestrator: Finished. Total jobs enqueued: 0","timestamp":"2026-06-14 00:12:01"}
{"level":"info","message":"Job repeat:c10eea93bf68cc56fd5c63b351df3d32:1781376120000 (Orchestrator) completed successfully.","timestamp":"2026-06-14 00:12:01"}
{"level":"info","message":"[Job repeat:c10eea93bf68cc56fd5c63b351df3d32:1781376180000] 🚀 Executing scheduled global orchestration...","timestamp":"2026-06-14 00:13:00"}
{"level":"info","message":"Orchestrator: Starting global scan orchestration... ","timestamp":"2026-06-14 00:13:00"}
{"level":"info","message":"🔗 Connecting to MASTER database: master","timestamp":"2026-06-14 00:13:00"}
{"level":"info","message":"Orchestrator: Found 2 tenants to process.","timestamp":"2026-06-14 00:13:00"}
{"level":"info","message":"📁 Switching to CLIENT database: tenant_rbi (Tenant: rbi)","timestamp":"2026-06-14 00:13:00"}
{"level":"info","message":"Orchestrator: No domains found for tenant rbi (excluding those currently scanning).","timestamp":"2026-06-14 00:13:00"}
{"level":"info","message":"📁 Switching to CLIENT database: tenant_sbi (Tenant: sbi)","timestamp":"2026-06-14 00:13:00"}
{"level":"info","message":"Orchestrator: No domains found for tenant sbi (excluding those currently scanning).","timestamp":"2026-06-14 00:13:00"}
{"level":"info","message":"Orchestrator: Master DB connection closed.","timestamp":"2026-06-14 00:13:00"}
{"level":"info","message":"✅ Orchestrator: Finished. Total jobs enqueued: 0","timestamp":"2026-06-14 00:13:00"}
{"level":"info","message":"Job repeat:c10eea93bf68cc56fd5c63b351df3d32:1781376180000 (Orchestrator) completed successfully.","timestamp":"2026-06-14 00:13:00"}
{"level":"info","message":"BullBoard dashboard available at http://localhost:4100/admin/queues","timestamp":"2026-06-14 00:13:23"}
{"level":"info","message":"SEO Scan Worker initialized.","timestamp":"2026-06-14 00:13:23"}
{"level":"info","message":"🧹 Queue \"seo-scan-queue\" cleared recursively.","timestamp":"2026-06-14 00:13:23"}
{"level":"info","message":"⏰ Scheduled global orchestration every 1 minutes.","timestamp":"2026-06-14 00:13:23"}
{"level":"info","message":"SEO Scanner Service running on port 4100","timestamp":"2026-06-14 00:13:23"}
{"level":"info","message":"🚀 SCAN_ON_STARTUP is enabled. Triggering global orchestration...","timestamp":"2026-06-14 00:13:23"}
{"level":"info","message":"Orchestrator: Starting global scan orchestration... [STARTUP MODE]","timestamp":"2026-06-14 00:13:23"}
{"level":"info","message":"🔗 Connecting to MASTER database: master","timestamp":"2026-06-14 00:13:23"}
{"level":"info","message":"Orchestrator: Found 2 tenants to process.","timestamp":"2026-06-14 00:13:24"}
{"level":"info","message":"📁 Switching to CLIENT database: tenant_rbi (Tenant: rbi)","timestamp":"2026-06-14 00:13:24"}
{"level":"info","message":"✅ Successfully connected to database: tenant_rbi","timestamp":"2026-06-14 00:13:24"}
{"level":"info","message":"Orchestrator: No domains found for tenant rbi (excluding those currently scanning).","timestamp":"2026-06-14 00:13:24"}
{"level":"info","message":"📁 Switching to CLIENT database: tenant_sbi (Tenant: sbi)","timestamp":"2026-06-14 00:13:24"}
{"level":"info","message":"✅ Successfully connected to database: tenant_sbi","timestamp":"2026-06-14 00:13:25"}
{"level":"info","message":"Orchestrator: No domains found for tenant sbi (excluding those currently scanning).","timestamp":"2026-06-14 00:13:25"}
{"level":"info","message":"Orchestrator: Master DB connection closed.","timestamp":"2026-06-14 00:13:25"}
{"level":"info","message":"✅ Orchestrator: Finished. Total jobs enqueued: 0","timestamp":"2026-06-14 00:13:25"}
{"level":"info","message":"✅ Initial global scan orchestration completed.","timestamp":"2026-06-14 00:13:25"}
{"level":"info","message":"[Job repeat:c10eea93bf68cc56fd5c63b351df3d32:1781376240000] 🚀 Executing scheduled global orchestration...","timestamp":"2026-06-14 00:14:00"}
{"level":"info","message":"Orchestrator: Starting global scan orchestration... ","timestamp":"2026-06-14 00:14:00"}
{"level":"info","message":"🔗 Connecting to MASTER database: master","timestamp":"2026-06-14 00:14:00"}
{"level":"info","message":"Orchestrator: Found 2 tenants to process.","timestamp":"2026-06-14 00:14:01"}
{"level":"info","message":"📁 Switching to CLIENT database: tenant_rbi (Tenant: rbi)","timestamp":"2026-06-14 00:14:01"}
{"level":"info","message":"Orchestrator: No domains found for tenant rbi (excluding those currently scanning).","timestamp":"2026-06-14 00:14:01"}
{"level":"info","message":"📁 Switching to CLIENT database: tenant_sbi (Tenant: sbi)","timestamp":"2026-06-14 00:14:01"}
{"level":"info","message":"Orchestrator: No domains found for tenant sbi (excluding those currently scanning).","timestamp":"2026-06-14 00:14:01"}
{"level":"info","message":"Orchestrator: Master DB connection closed.","timestamp":"2026-06-14 00:14:01"}
{"level":"info","message":"✅ Orchestrator: Finished. Total jobs enqueued: 0","timestamp":"2026-06-14 00:14:01"}
{"level":"info","message":"Job repeat:c10eea93bf68cc56fd5c63b351df3d32:1781376240000 (Orchestrator) completed successfully.","timestamp":"2026-06-14 00:14:01"}
{"level":"info","message":"Added Policy Scan Job for omunim to queue, Job ID: 3","timestamp":"2026-06-14 00:14:42"}
{"level":"info","message":"[Job 3] 🛡️ Starting Policy scan for: omunim","timestamp":"2026-06-14 00:14:42"}
{"level":"info","message":"🛡️ [omunim] Starting standalone Policy Scan (job 3)...","timestamp":"2026-06-14 00:14:42"}
{"level":"info","message":"📑 [omunim] Retrieved 4 recent domain reports for evaluation.","timestamp":"2026-06-14 00:14:43"}
{"level":"info","message":"⚖️ [omunim] Evaluating 4 policies against 4 pages.","timestamp":"2026-06-14 00:14:43"}
{"level":"info","message":"📋 Policy: \"find jewellery keywords\"","timestamp":"2026-06-14 00:14:43"}
{"level":"info","message":"   Rule 1: Type=[text], Target=[jewellery], SearchType=[Contains], Contains/Unit=[containing]","timestamp":"2026-06-14 00:14:43"}
{"level":"info","message":"📋 Policy: \"Images greater than 100kB\"","timestamp":"2026-06-14 00:14:43"}
{"level":"info","message":"   Rule 1: Type=[image-size], Target=[100], SearchType=[Greater than], Contains/Unit=[KB]","timestamp":"2026-06-14 00:14:43"}
{"level":"info","message":"📋 Policy: \"Sample Policy with All Rules (Test)\"","timestamp":"2026-06-14 00:14:43"}
{"level":"info","message":"   Rule 1: Type=[text], Target=[jewellery], SearchType=[Contains], Contains/Unit=[containing]","timestamp":"2026-06-14 00:14:43"}
{"level":"info","message":"   Rule 2: Type=[page-title], Target=[jewellery], SearchType=[Contains], Contains/Unit=[containing]","timestamp":"2026-06-14 00:14:43"}
{"level":"info","message":"   Rule 3: Type=[page-title-length], Target=[60], SearchType=[Greater than], Contains/Unit=[]","timestamp":"2026-06-14 00:14:43"}
{"level":"info","message":"   Rule 4: Type=[page-url], Target=[shop], SearchType=[Contains], Contains/Unit=[containing]","timestamp":"2026-06-14 00:14:43"}
{"level":"info","message":"   Rule 5: Type=[link], Target=[contact], SearchType=[Contains], Contains/Unit=[containing]","timestamp":"2026-06-14 00:14:43"}
{"level":"info","message":"   Rule 6: Type=[link-text], Target=[buy], SearchType=[Contains], Contains/Unit=[containing]","timestamp":"2026-06-14 00:14:43"}
{"level":"info","message":"   Rule 7: Type=[link-text-length], Target=[50], SearchType=[Greater than], Contains/Unit=[]","timestamp":"2026-06-14 00:14:43"}
{"level":"info","message":"   Rule 8: Type=[file-size], Target=[5], SearchType=[Greater than], Contains/Unit=[MB]","timestamp":"2026-06-14 00:14:43"}
{"level":"info","message":"   Rule 9: Type=[image-size], Target=[100], SearchType=[Greater than], Contains/Unit=[KB]","timestamp":"2026-06-14 00:14:43"}
{"level":"info","message":"   Rule 10: Type=[image-text], Target=[logo], SearchType=[Contains], Contains/Unit=[containing]","timestamp":"2026-06-14 00:14:43"}
{"level":"info","message":"   Rule 11: Type=[image-text-length], Target=[100], SearchType=[Greater than], Contains/Unit=[]","timestamp":"2026-06-14 00:14:43"}
{"level":"info","message":"   Rule 12: Type=[external-link-count], Target=[10], SearchType=[Greater than], Contains/Unit=[]","timestamp":"2026-06-14 00:14:43"}
{"level":"info","message":"   Rule 13: Type=[incoming-link-count], Target=[5], SearchType=[Greater than], Contains/Unit=[]","timestamp":"2026-06-14 00:14:43"}
{"level":"info","message":"   Rule 14: Type=[heading-text], Target=[price], SearchType=[Contains], Contains/Unit=[containing]","timestamp":"2026-06-14 00:14:43"}
{"level":"info","message":"   Rule 15: Type=[header-text-length], Target=[80], SearchType=[Greater than], Contains/Unit=[]","timestamp":"2026-06-14 00:14:43"}
{"level":"info","message":"   Rule 16: Type=[readability-level], Target=[12], SearchType=[Greater than], Contains/Unit=[]","timestamp":"2026-06-14 00:14:43"}
{"level":"info","message":"   Rule 17: Type=[meta-header], Target=[keyword], SearchType=[Contains], Contains/Unit=[containing]","timestamp":"2026-06-14 00:14:43"}
{"level":"info","message":"   Rule 18: Type=[meta-header-length], Target=[160], SearchType=[Greater than], Contains/Unit=[]","timestamp":"2026-06-14 00:14:43"}
{"level":"info","message":"   Rule 19: Type=[page-html], Target=[<script>], SearchType=[Contains], Contains/Unit=[containing]","timestamp":"2026-06-14 00:14:43"}
{"level":"info","message":"📋 Policy: \"Sample Policy with All Rules (Global)\"","timestamp":"2026-06-14 00:14:43"}
{"level":"info","message":"   Rule 1: Type=[text], Target=[jewellery], SearchType=[Contains], Contains/Unit=[containing]","timestamp":"2026-06-14 00:14:43"}
{"level":"info","message":"   Rule 2: Type=[page-title], Target=[jewellery], SearchType=[Contains], Contains/Unit=[containing]","timestamp":"2026-06-14 00:14:43"}
{"level":"info","message":"   Rule 3: Type=[page-title-length], Target=[60], SearchType=[Greater than], Contains/Unit=[]","timestamp":"2026-06-14 00:14:43"}
{"level":"info","message":"   Rule 4: Type=[page-url], Target=[shop], SearchType=[Contains], Contains/Unit=[containing]","timestamp":"2026-06-14 00:14:43"}
{"level":"info","message":"   Rule 5: Type=[link], Target=[contact], SearchType=[Contains], Contains/Unit=[containing]","timestamp":"2026-06-14 00:14:43"}
{"level":"info","message":"   Rule 6: Type=[link-text], Target=[buy], SearchType=[Contains], Contains/Unit=[containing]","timestamp":"2026-06-14 00:14:43"}
{"level":"info","message":"   Rule 7: Type=[link-text-length], Target=[50], SearchType=[Greater than], Contains/Unit=[]","timestamp":"2026-06-14 00:14:43"}
{"level":"info","message":"   Rule 8: Type=[file-size], Target=[5], SearchType=[Greater than], Contains/Unit=[MB]","timestamp":"2026-06-14 00:14:43"}
{"level":"info","message":"   Rule 9: Type=[image-size], Target=[100], SearchType=[Greater than], Contains/Unit=[KB]","timestamp":"2026-06-14 00:14:43"}
{"level":"info","message":"   Rule 10: Type=[image-text], Target=[logo], SearchType=[Contains], Contains/Unit=[containing]","timestamp":"2026-06-14 00:14:43"}
{"level":"info","message":"   Rule 11: Type=[image-text-length], Target=[100], SearchType=[Greater than], Contains/Unit=[]","timestamp":"2026-06-14 00:14:43"}
{"level":"info","message":"   Rule 12: Type=[external-link-count], Target=[10], SearchType=[Greater than], Contains/Unit=[]","timestamp":"2026-06-14 00:14:43"}
{"level":"info","message":"   Rule 13: Type=[incoming-link-count], Target=[5], SearchType=[Greater than], Contains/Unit=[]","timestamp":"2026-06-14 00:14:43"}
{"level":"info","message":"   Rule 14: Type=[heading-text], Target=[price], SearchType=[Contains], Contains/Unit=[containing]","timestamp":"2026-06-14 00:14:43"}
{"level":"info","message":"   Rule 15: Type=[header-text-length], Target=[80], SearchType=[Greater than], Contains/Unit=[]","timestamp":"2026-06-14 00:14:43"}
{"level":"info","message":"   Rule 16: Type=[readability-level], Target=[12], SearchType=[Greater than], Contains/Unit=[]","timestamp":"2026-06-14 00:14:43"}
{"level":"info","message":"   Rule 17: Type=[meta-header], Target=[keyword], SearchType=[Contains], Contains/Unit=[containing]","timestamp":"2026-06-14 00:14:43"}
{"level":"info","message":"   Rule 18: Type=[meta-header-length], Target=[160], SearchType=[Greater than], Contains/Unit=[]","timestamp":"2026-06-14 00:14:43"}
{"level":"info","message":"   Rule 19: Type=[page-html], Target=[<script>], SearchType=[Contains], Contains/Unit=[containing]","timestamp":"2026-06-14 00:14:43"}
{"level":"info","message":"🌐 [omunim] Fetching live HTML content for 4 pages (text-based rules detected)...","timestamp":"2026-06-14 00:14:43"}
{"level":"info","message":"   -> Evaluated Rule [text] with target \"jewellery\" (Search: contains, Contains: containing): isMatch=true","timestamp":"2026-06-14 00:14:43"}
{"level":"info","message":"   -> Evaluated Rule [image-size] with target \"100\" (Search: contains, Contains: KB): isMatch=false","timestamp":"2026-06-14 00:14:43"}
{"level":"info","message":"   -> Evaluated Rule [text] with target \"jewellery\" (Search: contains, Contains: containing): isMatch=true","timestamp":"2026-06-14 00:14:43"}
{"level":"info","message":"   -> Evaluated Rule [page-title] with target \"jewellery\" (Search: contains, Contains: containing): isMatch=true","timestamp":"2026-06-14 00:14:43"}
{"level":"info","message":"   -> Evaluated Rule [page-title-length] with target \"60\" (Search: contains, Contains: undefined): isMatch=false","timestamp":"2026-06-14 00:14:43"}
{"level":"info","message":"   -> Evaluated Rule [page-url] with target \"shop\" (Search: contains, Contains: containing): isMatch=false","timestamp":"2026-06-14 00:14:43"}
{"level":"info","message":"   -> Evaluated Rule [link] with target \"contact\" (Search: contains, Contains: containing): isMatch=false","timestamp":"2026-06-14 00:14:43"}
{"level":"info","message":"   -> Evaluated Rule [link-text] with target \"buy\" (Search: contains, Contains: containing): isMatch=false","timestamp":"2026-06-14 00:14:43"}
{"level":"info","message":"   -> Evaluated Rule [link-text-length] with target \"50\" (Search: contains, Contains: undefined): isMatch=false","timestamp":"2026-06-14 00:14:43"}
{"level":"info","message":"   -> Evaluated Rule [file-size] with target \"5\" (Search: contains, Contains: MB): isMatch=false","timestamp":"2026-06-14 00:14:43"}
{"level":"info","message":"   -> Evaluated Rule [image-size] with target \"100\" (Search: contains, Contains: KB): isMatch=false","timestamp":"2026-06-14 00:14:43"}
{"level":"info","message":"   -> Evaluated Rule [image-text] with target \"logo\" (Search: contains, Contains: containing): isMatch=false","timestamp":"2026-06-14 00:14:43"}
{"level":"info","message":"   -> Evaluated Rule [image-text-length] with target \"100\" (Search: contains, Contains: undefined): isMatch=false","timestamp":"2026-06-14 00:14:43"}
{"level":"info","message":"   -> Evaluated Rule [external-link-count] with target \"10\" (Search: contains, Contains: undefined): isMatch=true","timestamp":"2026-06-14 00:14:43"}
{"level":"info","message":"   -> Evaluated Rule [incoming-link-count] with target \"5\" (Search: contains, Contains: undefined): isMatch=true","timestamp":"2026-06-14 00:14:43"}
{"level":"info","message":"   -> Evaluated Rule [heading-text] with target \"price\" (Search: contains, Contains: containing): isMatch=false","timestamp":"2026-06-14 00:14:43"}
{"level":"info","message":"   -> Evaluated Rule [header-text-length] with target \"80\" (Search: contains, Contains: undefined): isMatch=false","timestamp":"2026-06-14 00:14:43"}
{"level":"info","message":"   -> Evaluated Rule [readability-level] with target \"12\" (Search: contains, Contains: undefined): isMatch=false","timestamp":"2026-06-14 00:14:43"}
{"level":"info","message":"   -> Evaluated Rule [meta-header] with target \"keyword\" (Search: contains, Contains: containing): isMatch=false","timestamp":"2026-06-14 00:14:43"}
{"level":"info","message":"   -> Evaluated Rule [meta-header-length] with target \"160\" (Search: contains, Contains: undefined): isMatch=false","timestamp":"2026-06-14 00:14:43"}
{"level":"info","message":"   -> Evaluated Rule [page-html] with target \"<script>\" (Search: contains, Contains: containing): isMatch=true","timestamp":"2026-06-14 00:14:43"}
{"level":"info","message":"   -> Evaluated Rule [text] with target \"jewellery\" (Search: contains, Contains: containing): isMatch=true","timestamp":"2026-06-14 00:14:43"}
{"level":"info","message":"   -> Evaluated Rule [page-title] with target \"jewellery\" (Search: contains, Contains: containing): isMatch=true","timestamp":"2026-06-14 00:14:43"}
{"level":"info","message":"   -> Evaluated Rule [page-title-length] with target \"60\" (Search: contains, Contains: undefined): isMatch=false","timestamp":"2026-06-14 00:14:43"}
{"level":"info","message":"   -> Evaluated Rule [page-url] with target \"shop\" (Search: contains, Contains: containing): isMatch=false","timestamp":"2026-06-14 00:14:43"}
{"level":"info","message":"   -> Evaluated Rule [link] with target \"contact\" (Search: contains, Contains: containing): isMatch=false","timestamp":"2026-06-14 00:14:43"}
{"level":"info","message":"   -> Evaluated Rule [link-text] with target \"buy\" (Search: contains, Contains: containing): isMatch=false","timestamp":"2026-06-14 00:14:43"}
{"level":"info","message":"   -> Evaluated Rule [link-text-length] with target \"50\" (Search: contains, Contains: undefined): isMatch=false","timestamp":"2026-06-14 00:14:43"}
{"level":"info","message":"   -> Evaluated Rule [file-size] with target \"5\" (Search: contains, Contains: MB): isMatch=false","timestamp":"2026-06-14 00:14:43"}
{"level":"info","message":"   -> Evaluated Rule [image-size] with target \"100\" (Search: contains, Contains: KB): isMatch=false","timestamp":"2026-06-14 00:14:43"}
{"level":"info","message":"   -> Evaluated Rule [image-text] with target \"logo\" (Search: contains, Contains: containing): isMatch=false","timestamp":"2026-06-14 00:14:43"}
{"level":"info","message":"   -> Evaluated Rule [image-text-length] with target \"100\" (Search: contains, Contains: undefined): isMatch=false","timestamp":"2026-06-14 00:14:43"}
{"level":"info","message":"   -> Evaluated Rule [external-link-count] with target \"10\" (Search: contains, Contains: undefined): isMatch=true","timestamp":"2026-06-14 00:14:43"}
{"level":"info","message":"   -> Evaluated Rule [incoming-link-count] with target \"5\" (Search: contains, Contains: undefined): isMatch=true","timestamp":"2026-06-14 00:14:43"}
{"level":"info","message":"   -> Evaluated Rule [heading-text] with target \"price\" (Search: contains, Contains: containing): isMatch=false","timestamp":"2026-06-14 00:14:43"}
{"level":"info","message":"   -> Evaluated Rule [header-text-length] with target \"80\" (Search: contains, Contains: undefined): isMatch=false","timestamp":"2026-06-14 00:14:43"}
{"level":"info","message":"   -> Evaluated Rule [readability-level] with target \"12\" (Search: contains, Contains: undefined): isMatch=false","timestamp":"2026-06-14 00:14:43"}
{"level":"info","message":"   -> Evaluated Rule [meta-header] with target \"keyword\" (Search: contains, Contains: containing): isMatch=false","timestamp":"2026-06-14 00:14:43"}
{"level":"info","message":"   -> Evaluated Rule [meta-header-length] with target \"160\" (Search: contains, Contains: undefined): isMatch=false","timestamp":"2026-06-14 00:14:43"}
{"level":"info","message":"   -> Evaluated Rule [page-html] with target \"<script>\" (Search: contains, Contains: containing): isMatch=true","timestamp":"2026-06-14 00:14:43"}
{"level":"info","message":"   -> Evaluated Rule [text] with target \"jewellery\" (Search: contains, Contains: containing): isMatch=true","timestamp":"2026-06-14 00:14:43"}
{"level":"info","message":"   -> Evaluated Rule [image-size] with target \"100\" (Search: contains, Contains: KB): isMatch=true","timestamp":"2026-06-14 00:14:43"}
{"level":"info","message":"   -> Evaluated Rule [text] with target \"jewellery\" (Search: contains, Contains: containing): isMatch=true","timestamp":"2026-06-14 00:14:43"}
{"level":"info","message":"   -> Evaluated Rule [page-title] with target \"jewellery\" (Search: contains, Contains: containing): isMatch=true","timestamp":"2026-06-14 00:14:43"}
{"level":"info","message":"   -> Evaluated Rule [page-title-length] with target \"60\" (Search: contains, Contains: undefined): isMatch=false","timestamp":"2026-06-14 00:14:43"}
{"level":"info","message":"   -> Evaluated Rule [page-url] with target \"shop\" (Search: contains, Contains: containing): isMatch=false","timestamp":"2026-06-14 00:14:43"}
{"level":"info","message":"   -> Evaluated Rule [link] with target \"contact\" (Search: contains, Contains: containing): isMatch=false","timestamp":"2026-06-14 00:14:43"}
{"level":"info","message":"   -> Evaluated Rule [link-text] with target \"buy\" (Search: contains, Contains: containing): isMatch=false","timestamp":"2026-06-14 00:14:43"}
{"level":"info","message":"   -> Evaluated Rule [link-text-length] with target \"50\" (Search: contains, Contains: undefined): isMatch=false","timestamp":"2026-06-14 00:14:43"}
{"level":"info","message":"   -> Evaluated Rule [file-size] with target \"5\" (Search: contains, Contains: MB): isMatch=false","timestamp":"2026-06-14 00:14:43"}
{"level":"info","message":"   -> Evaluated Rule [image-size] with target \"100\" (Search: contains, Contains: KB): isMatch=true","timestamp":"2026-06-14 00:14:43"}
{"level":"info","message":"   -> Evaluated Rule [image-text] with target \"logo\" (Search: contains, Contains: containing): isMatch=false","timestamp":"2026-06-14 00:14:43"}
{"level":"info","message":"   -> Evaluated Rule [image-text-length] with target \"100\" (Search: contains, Contains: undefined): isMatch=false","timestamp":"2026-06-14 00:14:43"}
{"level":"info","message":"   -> Evaluated Rule [external-link-count] with target \"10\" (Search: contains, Contains: undefined): isMatch=true","timestamp":"2026-06-14 00:14:43"}
{"level":"info","message":"   -> Evaluated Rule [incoming-link-count] with target \"5\" (Search: contains, Contains: undefined): isMatch=true","timestamp":"2026-06-14 00:14:43"}
{"level":"info","message":"   -> Evaluated Rule [heading-text] with target \"price\" (Search: contains, Contains: containing): isMatch=false","timestamp":"2026-06-14 00:14:43"}
{"level":"info","message":"   -> Evaluated Rule [header-text-length] with target \"80\" (Search: contains, Contains: undefined): isMatch=false","timestamp":"2026-06-14 00:14:43"}
{"level":"info","message":"   -> Evaluated Rule [readability-level] with target \"12\" (Search: contains, Contains: undefined): isMatch=false","timestamp":"2026-06-14 00:14:43"}
{"level":"info","message":"   -> Evaluated Rule [meta-header] with target \"keyword\" (Search: contains, Contains: containing): isMatch=false","timestamp":"2026-06-14 00:14:43"}
{"level":"info","message":"   -> Evaluated Rule [meta-header-length] with target \"160\" (Search: contains, Contains: undefined): isMatch=false","timestamp":"2026-06-14 00:14:43"}
{"level":"info","message":"   -> Evaluated Rule [page-html] with target \"<script>\" (Search: contains, Contains: containing): isMatch=true","timestamp":"2026-06-14 00:14:43"}
{"level":"info","message":"   -> Evaluated Rule [text] with target \"jewellery\" (Search: contains, Contains: containing): isMatch=true","timestamp":"2026-06-14 00:14:43"}
{"level":"info","message":"   -> Evaluated Rule [page-title] with target \"jewellery\" (Search: contains, Contains: containing): isMatch=true","timestamp":"2026-06-14 00:14:43"}
{"level":"info","message":"   -> Evaluated Rule [page-title-length] with target \"60\" (Search: contains, Contains: undefined): isMatch=false","timestamp":"2026-06-14 00:14:43"}
{"level":"info","message":"   -> Evaluated Rule [page-url] with target \"shop\" (Search: contains, Contains: containing): isMatch=false","timestamp":"2026-06-14 00:14:43"}
{"level":"info","message":"   -> Evaluated Rule [link] with target \"contact\" (Search: contains, Contains: containing): isMatch=false","timestamp":"2026-06-14 00:14:43"}
{"level":"info","message":"   -> Evaluated Rule [link-text] with target \"buy\" (Search: contains, Contains: containing): isMatch=false","timestamp":"2026-06-14 00:14:43"}
{"level":"info","message":"   -> Evaluated Rule [link-text-length] with target \"50\" (Search: contains, Contains: undefined): isMatch=false","timestamp":"2026-06-14 00:14:43"}
{"level":"info","message":"   -> Evaluated Rule [file-size] with target \"5\" (Search: contains, Contains: MB): isMatch=false","timestamp":"2026-06-14 00:14:43"}
{"level":"info","message":"   -> Evaluated Rule [image-size] with target \"100\" (Search: contains, Contains: KB): isMatch=true","timestamp":"2026-06-14 00:14:43"}
{"level":"info","message":"   -> Evaluated Rule [image-text] with target \"logo\" (Search: contains, Contains: containing): isMatch=false","timestamp":"2026-06-14 00:14:43"}
{"level":"info","message":"   -> Evaluated Rule [image-text-length] with target \"100\" (Search: contains, Contains: undefined): isMatch=false","timestamp":"2026-06-14 00:14:43"}
{"level":"info","message":"   -> Evaluated Rule [external-link-count] with target \"10\" (Search: contains, Contains: undefined): isMatch=true","timestamp":"2026-06-14 00:14:43"}
{"level":"info","message":"   -> Evaluated Rule [incoming-link-count] with target \"5\" (Search: contains, Contains: undefined): isMatch=true","timestamp":"2026-06-14 00:14:43"}
{"level":"info","message":"   -> Evaluated Rule [heading-text] with target \"price\" (Search: contains, Contains: containing): isMatch=false","timestamp":"2026-06-14 00:14:43"}
{"level":"info","message":"   -> Evaluated Rule [header-text-length] with target \"80\" (Search: contains, Contains: undefined): isMatch=false","timestamp":"2026-06-14 00:14:43"}
{"level":"info","message":"   -> Evaluated Rule [readability-level] with target \"12\" (Search: contains, Contains: undefined): isMatch=false","timestamp":"2026-06-14 00:14:43"}
{"level":"info","message":"   -> Evaluated Rule [meta-header] with target \"keyword\" (Search: contains, Contains: containing): isMatch=false","timestamp":"2026-06-14 00:14:43"}
{"level":"info","message":"   -> Evaluated Rule [meta-header-length] with target \"160\" (Search: contains, Contains: undefined): isMatch=false","timestamp":"2026-06-14 00:14:43"}
{"level":"info","message":"   -> Evaluated Rule [page-html] with target \"<script>\" (Search: contains, Contains: containing): isMatch=true","timestamp":"2026-06-14 00:14:43"}
{"level":"info","message":"   -> Evaluated Rule [text] with target \"jewellery\" (Search: contains, Contains: containing): isMatch=true","timestamp":"2026-06-14 00:14:43"}
{"level":"info","message":"   -> Evaluated Rule [image-size] with target \"100\" (Search: contains, Contains: KB): isMatch=false","timestamp":"2026-06-14 00:14:43"}
{"level":"info","message":"   -> Evaluated Rule [text] with target \"jewellery\" (Search: contains, Contains: containing): isMatch=true","timestamp":"2026-06-14 00:14:43"}
{"level":"info","message":"   -> Evaluated Rule [page-title] with target \"jewellery\" (Search: contains, Contains: containing): isMatch=true","timestamp":"2026-06-14 00:14:43"}
{"level":"info","message":"   -> Evaluated Rule [page-title-length] with target \"60\" (Search: contains, Contains: undefined): isMatch=false","timestamp":"2026-06-14 00:14:43"}
{"level":"info","message":"   -> Evaluated Rule [page-url] with target \"shop\" (Search: contains, Contains: containing): isMatch=false","timestamp":"2026-06-14 00:14:43"}
{"level":"info","message":"   -> Evaluated Rule [link] with target \"contact\" (Search: contains, Contains: containing): isMatch=false","timestamp":"2026-06-14 00:14:43"}
{"level":"info","message":"   -> Evaluated Rule [link-text] with target \"buy\" (Search: contains, Contains: containing): isMatch=false","timestamp":"2026-06-14 00:14:43"}
{"level":"info","message":"   -> Evaluated Rule [link-text-length] with target \"50\" (Search: contains, Contains: undefined): isMatch=false","timestamp":"2026-06-14 00:14:43"}
{"level":"info","message":"   -> Evaluated Rule [file-size] with target \"5\" (Search: contains, Contains: MB): isMatch=false","timestamp":"2026-06-14 00:14:43"}
{"level":"info","message":"   -> Evaluated Rule [image-size] with target \"100\" (Search: contains, Contains: KB): isMatch=false","timestamp":"2026-06-14 00:14:43"}
{"level":"info","message":"   -> Evaluated Rule [image-text] with target \"logo\" (Search: contains, Contains: containing): isMatch=false","timestamp":"2026-06-14 00:14:43"}
{"level":"info","message":"   -> Evaluated Rule [image-text-length] with target \"100\" (Search: contains, Contains: undefined): isMatch=false","timestamp":"2026-06-14 00:14:43"}
{"level":"info","message":"   -> Evaluated Rule [external-link-count] with target \"10\" (Search: contains, Contains: undefined): isMatch=true","timestamp":"2026-06-14 00:14:43"}
{"level":"info","message":"   -> Evaluated Rule [incoming-link-count] with target \"5\" (Search: contains, Contains: undefined): isMatch=true","timestamp":"2026-06-14 00:14:43"}
{"level":"info","message":"   -> Evaluated Rule [heading-text] with target \"price\" (Search: contains, Contains: containing): isMatch=false","timestamp":"2026-06-14 00:14:43"}
{"level":"info","message":"   -> Evaluated Rule [header-text-length] with target \"80\" (Search: contains, Contains: undefined): isMatch=false","timestamp":"2026-06-14 00:14:43"}
{"level":"info","message":"   -> Evaluated Rule [readability-level] with target \"12\" (Search: contains, Contains: undefined): isMatch=false","timestamp":"2026-06-14 00:14:43"}
{"level":"info","message":"   -> Evaluated Rule [meta-header] with target \"keyword\" (Search: contains, Contains: containing): isMatch=false","timestamp":"2026-06-14 00:14:43"}
{"level":"info","message":"   -> Evaluated Rule [meta-header-length] with target \"160\" (Search: contains, Contains: undefined): isMatch=false","timestamp":"2026-06-14 00:14:43"}
{"level":"info","message":"   -> Evaluated Rule [page-html] with target \"<script>\" (Search: contains, Contains: containing): isMatch=true","timestamp":"2026-06-14 00:14:43"}
{"level":"info","message":"   -> Evaluated Rule [text] with target \"jewellery\" (Search: contains, Contains: containing): isMatch=true","timestamp":"2026-06-14 00:14:43"}
{"level":"info","message":"   -> Evaluated Rule [page-title] with target \"jewellery\" (Search: contains, Contains: containing): isMatch=true","timestamp":"2026-06-14 00:14:43"}
{"level":"info","message":"   -> Evaluated Rule [page-title-length] with target \"60\" (Search: contains, Contains: undefined): isMatch=false","timestamp":"2026-06-14 00:14:43"}
{"level":"info","message":"   -> Evaluated Rule [page-url] with target \"shop\" (Search: contains, Contains: containing): isMatch=false","timestamp":"2026-06-14 00:14:43"}
{"level":"info","message":"   -> Evaluated Rule [link] with target \"contact\" (Search: contains, Contains: containing): isMatch=false","timestamp":"2026-06-14 00:14:43"}
{"level":"info","message":"   -> Evaluated Rule [link-text] with target \"buy\" (Search: contains, Contains: containing): isMatch=false","timestamp":"2026-06-14 00:14:43"}
{"level":"info","message":"   -> Evaluated Rule [link-text-length] with target \"50\" (Search: contains, Contains: undefined): isMatch=false","timestamp":"2026-06-14 00:14:43"}
{"level":"info","message":"   -> Evaluated Rule [file-size] with target \"5\" (Search: contains, Contains: MB): isMatch=false","timestamp":"2026-06-14 00:14:43"}
{"level":"info","message":"   -> Evaluated Rule [image-size] with target \"100\" (Search: contains, Contains: KB): isMatch=false","timestamp":"2026-06-14 00:14:43"}
{"level":"info","message":"   -> Evaluated Rule [image-text] with target \"logo\" (Search: contains, Contains: containing): isMatch=false","timestamp":"2026-06-14 00:14:43"}
{"level":"info","message":"   -> Evaluated Rule [image-text-length] with target \"100\" (Search: contains, Contains: undefined): isMatch=false","timestamp":"2026-06-14 00:14:43"}
{"level":"info","message":"   -> Evaluated Rule [external-link-count] with target \"10\" (Search: contains, Contains: undefined): isMatch=true","timestamp":"2026-06-14 00:14:43"}
{"level":"info","message":"   -> Evaluated Rule [incoming-link-count] with target \"5\" (Search: contains, Contains: undefined): isMatch=true","timestamp":"2026-06-14 00:14:43"}
{"level":"info","message":"   -> Evaluated Rule [heading-text] with target \"price\" (Search: contains, Contains: containing): isMatch=false","timestamp":"2026-06-14 00:14:43"}
{"level":"info","message":"   -> Evaluated Rule [header-text-length] with target \"80\" (Search: contains, Contains: undefined): isMatch=false","timestamp":"2026-06-14 00:14:43"}
{"level":"info","message":"   -> Evaluated Rule [readability-level] with target \"12\" (Search: contains, Contains: undefined): isMatch=false","timestamp":"2026-06-14 00:14:43"}
{"level":"info","message":"   -> Evaluated Rule [meta-header] with target \"keyword\" (Search: contains, Contains: containing): isMatch=false","timestamp":"2026-06-14 00:14:43"}
{"level":"info","message":"   -> Evaluated Rule [meta-header-length] with target \"160\" (Search: contains, Contains: undefined): isMatch=false","timestamp":"2026-06-14 00:14:43"}
{"level":"info","message":"   -> Evaluated Rule [page-html] with target \"<script>\" (Search: contains, Contains: containing): isMatch=true","timestamp":"2026-06-14 00:14:43"}
{"level":"info","message":"   -> Evaluated Rule [text] with target \"jewellery\" (Search: contains, Contains: containing): isMatch=true","timestamp":"2026-06-14 00:14:43"}
{"level":"info","message":"   -> Evaluated Rule [image-size] with target \"100\" (Search: contains, Contains: KB): isMatch=true","timestamp":"2026-06-14 00:14:43"}
{"level":"info","message":"   -> Evaluated Rule [text] with target \"jewellery\" (Search: contains, Contains: containing): isMatch=true","timestamp":"2026-06-14 00:14:43"}
{"level":"info","message":"   -> Evaluated Rule [page-title] with target \"jewellery\" (Search: contains, Contains: containing): isMatch=true","timestamp":"2026-06-14 00:14:43"}
{"level":"info","message":"   -> Evaluated Rule [page-title-length] with target \"60\" (Search: contains, Contains: undefined): isMatch=true","timestamp":"2026-06-14 00:14:43"}
{"level":"info","message":"   -> Evaluated Rule [page-url] with target \"shop\" (Search: contains, Contains: containing): isMatch=false","timestamp":"2026-06-14 00:14:43"}
{"level":"info","message":"   -> Evaluated Rule [link] with target \"contact\" (Search: contains, Contains: containing): isMatch=false","timestamp":"2026-06-14 00:14:43"}
{"level":"info","message":"   -> Evaluated Rule [link-text] with target \"buy\" (Search: contains, Contains: containing): isMatch=false","timestamp":"2026-06-14 00:14:43"}
{"level":"info","message":"   -> Evaluated Rule [link-text-length] with target \"50\" (Search: contains, Contains: undefined): isMatch=false","timestamp":"2026-06-14 00:14:43"}
{"level":"info","message":"   -> Evaluated Rule [file-size] with target \"5\" (Search: contains, Contains: MB): isMatch=false","timestamp":"2026-06-14 00:14:43"}
{"level":"info","message":"   -> Evaluated Rule [image-size] with target \"100\" (Search: contains, Contains: KB): isMatch=true","timestamp":"2026-06-14 00:14:43"}
{"level":"info","message":"   -> Evaluated Rule [image-text] with target \"logo\" (Search: contains, Contains: containing): isMatch=false","timestamp":"2026-06-14 00:14:43"}
{"level":"info","message":"   -> Evaluated Rule [image-text-length] with target \"100\" (Search: contains, Contains: undefined): isMatch=false","timestamp":"2026-06-14 00:14:43"}
{"level":"info","message":"   -> Evaluated Rule [external-link-count] with target \"10\" (Search: contains, Contains: undefined): isMatch=true","timestamp":"2026-06-14 00:14:43"}
{"level":"info","message":"   -> Evaluated Rule [incoming-link-count] with target \"5\" (Search: contains, Contains: undefined): isMatch=true","timestamp":"2026-06-14 00:14:43"}
{"level":"info","message":"   -> Evaluated Rule [heading-text] with target \"price\" (Search: contains, Contains: containing): isMatch=false","timestamp":"2026-06-14 00:14:43"}
{"level":"info","message":"   -> Evaluated Rule [header-text-length] with target \"80\" (Search: contains, Contains: undefined): isMatch=false","timestamp":"2026-06-14 00:14:43"}
{"level":"info","message":"   -> Evaluated Rule [readability-level] with target \"12\" (Search: contains, Contains: undefined): isMatch=false","timestamp":"2026-06-14 00:14:43"}
{"level":"info","message":"   -> Evaluated Rule [meta-header] with target \"keyword\" (Search: contains, Contains: containing): isMatch=false","timestamp":"2026-06-14 00:14:43"}
{"level":"info","message":"   -> Evaluated Rule [meta-header-length] with target \"160\" (Search: contains, Contains: undefined): isMatch=true","timestamp":"2026-06-14 00:14:43"}
{"level":"info","message":"   -> Evaluated Rule [page-html] with target \"<script>\" (Search: contains, Contains: containing): isMatch=true","timestamp":"2026-06-14 00:14:43"}
{"level":"info","message":"   -> Evaluated Rule [text] with target \"jewellery\" (Search: contains, Contains: containing): isMatch=true","timestamp":"2026-06-14 00:14:43"}
{"level":"info","message":"   -> Evaluated Rule [page-title] with target \"jewellery\" (Search: contains, Contains: containing): isMatch=true","timestamp":"2026-06-14 00:14:43"}
{"level":"info","message":"   -> Evaluated Rule [page-title-length] with target \"60\" (Search: contains, Contains: undefined): isMatch=true","timestamp":"2026-06-14 00:14:43"}
{"level":"info","message":"   -> Evaluated Rule [page-url] with target \"shop\" (Search: contains, Contains: containing): isMatch=false","timestamp":"2026-06-14 00:14:43"}
{"level":"info","message":"   -> Evaluated Rule [link] with target \"contact\" (Search: contains, Contains: containing): isMatch=false","timestamp":"2026-06-14 00:14:43"}
{"level":"info","message":"   -> Evaluated Rule [link-text] with target \"buy\" (Search: contains, Contains: containing): isMatch=false","timestamp":"2026-06-14 00:14:43"}
{"level":"info","message":"   -> Evaluated Rule [link-text-length] with target \"50\" (Search: contains, Contains: undefined): isMatch=false","timestamp":"2026-06-14 00:14:43"}
{"level":"info","message":"   -> Evaluated Rule [file-size] with target \"5\" (Search: contains, Contains: MB): isMatch=false","timestamp":"2026-06-14 00:14:43"}
{"level":"info","message":"   -> Evaluated Rule [image-size] with target \"100\" (Search: contains, Contains: KB): isMatch=true","timestamp":"2026-06-14 00:14:43"}
{"level":"info","message":"   -> Evaluated Rule [image-text] with target \"logo\" (Search: contains, Contains: containing): isMatch=false","timestamp":"2026-06-14 00:14:43"}
{"level":"info","message":"   -> Evaluated Rule [image-text-length] with target \"100\" (Search: contains, Contains: undefined): isMatch=false","timestamp":"2026-06-14 00:14:43"}
{"level":"info","message":"   -> Evaluated Rule [external-link-count] with target \"10\" (Search: contains, Contains: undefined): isMatch=true","timestamp":"2026-06-14 00:14:43"}
{"level":"info","message":"   -> Evaluated Rule [incoming-link-count] with target \"5\" (Search: contains, Contains: undefined): isMatch=true","timestamp":"2026-06-14 00:14:43"}
{"level":"info","message":"   -> Evaluated Rule [heading-text] with target \"price\" (Search: contains, Contains: containing): isMatch=false","timestamp":"2026-06-14 00:14:43"}
{"level":"info","message":"   -> Evaluated Rule [header-text-length] with target \"80\" (Search: contains, Contains: undefined): isMatch=false","timestamp":"2026-06-14 00:14:43"}
{"level":"info","message":"   -> Evaluated Rule [readability-level] with target \"12\" (Search: contains, Contains: undefined): isMatch=false","timestamp":"2026-06-14 00:14:43"}
{"level":"info","message":"   -> Evaluated Rule [meta-header] with target \"keyword\" (Search: contains, Contains: containing): isMatch=false","timestamp":"2026-06-14 00:14:43"}
{"level":"info","message":"   -> Evaluated Rule [meta-header-length] with target \"160\" (Search: contains, Contains: undefined): isMatch=true","timestamp":"2026-06-14 00:14:43"}
{"level":"info","message":"   -> Evaluated Rule [page-html] with target \"<script>\" (Search: contains, Contains: containing): isMatch=true","timestamp":"2026-06-14 00:14:43"}
{"level":"info","message":"🚨 [omunim] Saved 6 policy hits to database tenant_sbi.","timestamp":"2026-06-14 00:14:43"}
{"level":"info","message":"📊 [omunim] Saved PolicySummary snapshot.","timestamp":"2026-06-14 00:14:44"}
{"level":"info","message":"✅ Policy scan completed for omunim in 1679ms","timestamp":"2026-06-14 00:14:44"}
{"level":"info","message":"Job 3 (omunim) completed successfully.","timestamp":"2026-06-14 00:14:44"}
{"level":"info","message":"[Job repeat:c10eea93bf68cc56fd5c63b351df3d32:1781376300000] 🚀 Executing scheduled global orchestration...","timestamp":"2026-06-14 00:15:00"}
{"level":"info","message":"Orchestrator: Starting global scan orchestration... ","timestamp":"2026-06-14 00:15:00"}
{"level":"info","message":"🔗 Connecting to MASTER database: master","timestamp":"2026-06-14 00:15:00"}
{"level":"info","message":"Orchestrator: Found 2 tenants to process.","timestamp":"2026-06-14 00:15:01"}
{"level":"info","message":"📁 Switching to CLIENT database: tenant_rbi (Tenant: rbi)","timestamp":"2026-06-14 00:15:01"}
{"level":"info","message":"Orchestrator: No domains found for tenant rbi (excluding those currently scanning).","timestamp":"2026-06-14 00:15:01"}
{"level":"info","message":"📁 Switching to CLIENT database: tenant_sbi (Tenant: sbi)","timestamp":"2026-06-14 00:15:01"}
{"level":"info","message":"Orchestrator: No domains found for tenant sbi (excluding those currently scanning).","timestamp":"2026-06-14 00:15:01"}
{"level":"info","message":"Orchestrator: Master DB connection closed.","timestamp":"2026-06-14 00:15:01"}
{"level":"info","message":"✅ Orchestrator: Finished. Total jobs enqueued: 0","timestamp":"2026-06-14 00:15:01"}
{"level":"info","message":"Job repeat:c10eea93bf68cc56fd5c63b351df3d32:1781376300000 (Orchestrator) completed successfully.","timestamp":"2026-06-14 00:15:01"}
{"level":"info","message":"[Job repeat:c10eea93bf68cc56fd5c63b351df3d32:1781376360000] 🚀 Executing scheduled global orchestration...","timestamp":"2026-06-14 00:16:00"}
{"level":"info","message":"Orchestrator: Starting global scan orchestration... ","timestamp":"2026-06-14 00:16:00"}
{"level":"info","message":"🔗 Connecting to MASTER database: master","timestamp":"2026-06-14 00:16:00"}
{"level":"info","message":"Orchestrator: Found 2 tenants to process.","timestamp":"2026-06-14 00:16:01"}
{"level":"info","message":"📁 Switching to CLIENT database: tenant_rbi (Tenant: rbi)","timestamp":"2026-06-14 00:16:01"}
{"level":"info","message":"Orchestrator: No domains found for tenant rbi (excluding those currently scanning).","timestamp":"2026-06-14 00:16:01"}
{"level":"info","message":"📁 Switching to CLIENT database: tenant_sbi (Tenant: sbi)","timestamp":"2026-06-14 00:16:01"}
{"level":"info","message":"Orchestrator: No domains found for tenant sbi (excluding those currently scanning).","timestamp":"2026-06-14 00:16:01"}
{"level":"info","message":"Orchestrator: Master DB connection closed.","timestamp":"2026-06-14 00:16:01"}
{"level":"info","message":"✅ Orchestrator: Finished. Total jobs enqueued: 0","timestamp":"2026-06-14 00:16:01"}
{"level":"info","message":"Job repeat:c10eea93bf68cc56fd5c63b351df3d32:1781376360000 (Orchestrator) completed successfully.","timestamp":"2026-06-14 00:16:01"}
{"level":"info","message":"[Job repeat:c10eea93bf68cc56fd5c63b351df3d32:1781376420000] 🚀 Executing scheduled global orchestration...","timestamp":"2026-06-14 00:17:00"}
{"level":"info","message":"Orchestrator: Starting global scan orchestration... ","timestamp":"2026-06-14 00:17:00"}
{"level":"info","message":"🔗 Connecting to MASTER database: master","timestamp":"2026-06-14 00:17:00"}
{"level":"info","message":"Orchestrator: Found 2 tenants to process.","timestamp":"2026-06-14 00:17:00"}
{"level":"info","message":"📁 Switching to CLIENT database: tenant_rbi (Tenant: rbi)","timestamp":"2026-06-14 00:17:00"}
{"level":"info","message":"Orchestrator: No domains found for tenant rbi (excluding those currently scanning).","timestamp":"2026-06-14 00:17:00"}
{"level":"info","message":"📁 Switching to CLIENT database: tenant_sbi (Tenant: sbi)","timestamp":"2026-06-14 00:17:00"}
{"level":"info","message":"Orchestrator: No domains found for tenant sbi (excluding those currently scanning).","timestamp":"2026-06-14 00:17:00"}
{"level":"info","message":"Orchestrator: Master DB connection closed.","timestamp":"2026-06-14 00:17:00"}
{"level":"info","message":"✅ Orchestrator: Finished. Total jobs enqueued: 0","timestamp":"2026-06-14 00:17:00"}
{"level":"info","message":"Job repeat:c10eea93bf68cc56fd5c63b351df3d32:1781376420000 (Orchestrator) completed successfully.","timestamp":"2026-06-14 00:17:00"}
{"level":"info","message":"[Job repeat:c10eea93bf68cc56fd5c63b351df3d32:1781376480000] 🚀 Executing scheduled global orchestration...","timestamp":"2026-06-14 00:18:00"}
{"level":"info","message":"Orchestrator: Starting global scan orchestration... ","timestamp":"2026-06-14 00:18:00"}
{"level":"info","message":"🔗 Connecting to MASTER database: master","timestamp":"2026-06-14 00:18:00"}
{"level":"info","message":"Orchestrator: Found 2 tenants to process.","timestamp":"2026-06-14 00:18:01"}
{"level":"info","message":"📁 Switching to CLIENT database: tenant_rbi (Tenant: rbi)","timestamp":"2026-06-14 00:18:01"}
{"level":"info","message":"Orchestrator: No domains found for tenant rbi (excluding those currently scanning).","timestamp":"2026-06-14 00:18:01"}
{"level":"info","message":"📁 Switching to CLIENT database: tenant_sbi (Tenant: sbi)","timestamp":"2026-06-14 00:18:01"}
{"level":"info","message":"Orchestrator: No domains found for tenant sbi (excluding those currently scanning).","timestamp":"2026-06-14 00:18:01"}
{"level":"info","message":"Orchestrator: Master DB connection closed.","timestamp":"2026-06-14 00:18:01"}
{"level":"info","message":"✅ Orchestrator: Finished. Total jobs enqueued: 0","timestamp":"2026-06-14 00:18:01"}
{"level":"info","message":"Job repeat:c10eea93bf68cc56fd5c63b351df3d32:1781376480000 (Orchestrator) completed successfully.","timestamp":"2026-06-14 00:18:01"}
{"level":"info","message":"[Job repeat:c10eea93bf68cc56fd5c63b351df3d32:1781376540000] 🚀 Executing scheduled global orchestration...","timestamp":"2026-06-14 00:19:00"}
{"level":"info","message":"Orchestrator: Starting global scan orchestration... ","timestamp":"2026-06-14 00:19:00"}
{"level":"info","message":"🔗 Connecting to MASTER database: master","timestamp":"2026-06-14 00:19:00"}
{"level":"info","message":"Orchestrator: Found 2 tenants to process.","timestamp":"2026-06-14 00:19:00"}
{"level":"info","message":"📁 Switching to CLIENT database: tenant_rbi (Tenant: rbi)","timestamp":"2026-06-14 00:19:00"}
{"level":"info","message":"Orchestrator: No domains found for tenant rbi (excluding those currently scanning).","timestamp":"2026-06-14 00:19:00"}
{"level":"info","message":"📁 Switching to CLIENT database: tenant_sbi (Tenant: sbi)","timestamp":"2026-06-14 00:19:00"}
{"level":"info","message":"Orchestrator: No domains found for tenant sbi (excluding those currently scanning).","timestamp":"2026-06-14 00:19:00"}
{"level":"info","message":"Orchestrator: Master DB connection closed.","timestamp":"2026-06-14 00:19:00"}
{"level":"info","message":"✅ Orchestrator: Finished. Total jobs enqueued: 0","timestamp":"2026-06-14 00:19:00"}
{"level":"info","message":"Job repeat:c10eea93bf68cc56fd5c63b351df3d32:1781376540000 (Orchestrator) completed successfully.","timestamp":"2026-06-14 00:19:00"}
{"level":"info","message":"[Job repeat:c10eea93bf68cc56fd5c63b351df3d32:1781376600000] 🚀 Executing scheduled global orchestration...","timestamp":"2026-06-14 00:20:00"}
{"level":"info","message":"Orchestrator: Starting global scan orchestration... ","timestamp":"2026-06-14 00:20:00"}
{"level":"info","message":"🔗 Connecting to MASTER database: master","timestamp":"2026-06-14 00:20:00"}
{"level":"info","message":"Orchestrator: Found 2 tenants to process.","timestamp":"2026-06-14 00:20:01"}
{"level":"info","message":"📁 Switching to CLIENT database: tenant_rbi (Tenant: rbi)","timestamp":"2026-06-14 00:20:01"}
{"level":"info","message":"Orchestrator: No domains found for tenant rbi (excluding those currently scanning).","timestamp":"2026-06-14 00:20:01"}
{"level":"info","message":"📁 Switching to CLIENT database: tenant_sbi (Tenant: sbi)","timestamp":"2026-06-14 00:20:01"}
{"level":"info","message":"Orchestrator: No domains found for tenant sbi (excluding those currently scanning).","timestamp":"2026-06-14 00:20:01"}
{"level":"info","message":"Orchestrator: Master DB connection closed.","timestamp":"2026-06-14 00:20:01"}
{"level":"info","message":"✅ Orchestrator: Finished. Total jobs enqueued: 0","timestamp":"2026-06-14 00:20:01"}
{"level":"info","message":"Job repeat:c10eea93bf68cc56fd5c63b351df3d32:1781376600000 (Orchestrator) completed successfully.","timestamp":"2026-06-14 00:20:01"}
{"level":"info","message":"Added Policy Scan Job for omunim to queue, Job ID: 10","timestamp":"2026-06-14 00:20:55"}
{"level":"info","message":"[Job 10] 🛡️ Starting Policy scan for: omunim","timestamp":"2026-06-14 00:20:55"}
{"level":"info","message":"🛡️ [omunim] Starting standalone Policy Scan (job 10)...","timestamp":"2026-06-14 00:20:55"}
{"level":"info","message":"📑 [omunim] Retrieved 4 recent domain reports for evaluation.","timestamp":"2026-06-14 00:20:56"}
{"level":"info","message":"⚖️ [omunim] Evaluating 4 policies against 4 pages.","timestamp":"2026-06-14 00:20:56"}
{"level":"info","message":"📋 Policy: \"find jewellery keywords\"","timestamp":"2026-06-14 00:20:56"}
{"level":"info","message":"   Rule 1: Type=[text], Target=[jewellery], SearchType=[Contains], Contains/Unit=[containing]","timestamp":"2026-06-14 00:20:56"}
{"level":"info","message":"📋 Policy: \"Images greater than 100kB\"","timestamp":"2026-06-14 00:20:56"}
{"level":"info","message":"   Rule 1: Type=[image-size], Target=[100], SearchType=[Greater than], Contains/Unit=[KB]","timestamp":"2026-06-14 00:20:56"}
{"level":"info","message":"📋 Policy: \"Sample Policy with All Rules (Test)\"","timestamp":"2026-06-14 00:20:56"}
{"level":"info","message":"   Rule 1: Type=[text], Target=[jewellery], SearchType=[Contains], Contains/Unit=[containing]","timestamp":"2026-06-14 00:20:56"}
{"level":"info","message":"   Rule 2: Type=[page-title], Target=[jewellery], SearchType=[Contains], Contains/Unit=[containing]","timestamp":"2026-06-14 00:20:56"}
{"level":"info","message":"   Rule 3: Type=[page-title-length], Target=[60], SearchType=[Greater than], Contains/Unit=[]","timestamp":"2026-06-14 00:20:56"}
{"level":"info","message":"   Rule 4: Type=[page-url], Target=[shop], SearchType=[Contains], Contains/Unit=[containing]","timestamp":"2026-06-14 00:20:56"}
{"level":"info","message":"   Rule 5: Type=[link], Target=[contact], SearchType=[Contains], Contains/Unit=[containing]","timestamp":"2026-06-14 00:20:56"}
{"level":"info","message":"   Rule 6: Type=[link-text], Target=[buy], SearchType=[Contains], Contains/Unit=[containing]","timestamp":"2026-06-14 00:20:56"}
{"level":"info","message":"   Rule 7: Type=[link-text-length], Target=[50], SearchType=[Greater than], Contains/Unit=[]","timestamp":"2026-06-14 00:20:56"}
{"level":"info","message":"   Rule 8: Type=[file-size], Target=[5], SearchType=[Greater than], Contains/Unit=[MB]","timestamp":"2026-06-14 00:20:56"}
{"level":"info","message":"   Rule 9: Type=[image-size], Target=[100], SearchType=[Greater than], Contains/Unit=[KB]","timestamp":"2026-06-14 00:20:56"}
{"level":"info","message":"   Rule 10: Type=[image-text], Target=[logo], SearchType=[Contains], Contains/Unit=[containing]","timestamp":"2026-06-14 00:20:56"}
{"level":"info","message":"   Rule 11: Type=[image-text-length], Target=[100], SearchType=[Greater than], Contains/Unit=[]","timestamp":"2026-06-14 00:20:56"}
{"level":"info","message":"   Rule 12: Type=[external-link-count], Target=[10], SearchType=[Greater than], Contains/Unit=[]","timestamp":"2026-06-14 00:20:56"}
{"level":"info","message":"   Rule 13: Type=[incoming-link-count], Target=[5], SearchType=[Greater than], Contains/Unit=[]","timestamp":"2026-06-14 00:20:56"}
{"level":"info","message":"   Rule 14: Type=[heading-text], Target=[price], SearchType=[Contains], Contains/Unit=[containing]","timestamp":"2026-06-14 00:20:56"}
{"level":"info","message":"   Rule 15: Type=[header-text-length], Target=[80], SearchType=[Greater than], Contains/Unit=[]","timestamp":"2026-06-14 00:20:56"}
{"level":"info","message":"   Rule 16: Type=[readability-level], Target=[12], SearchType=[Greater than], Contains/Unit=[]","timestamp":"2026-06-14 00:20:56"}
{"level":"info","message":"   Rule 17: Type=[meta-header], Target=[keyword], SearchType=[Contains], Contains/Unit=[containing]","timestamp":"2026-06-14 00:20:56"}
{"level":"info","message":"   Rule 18: Type=[meta-header-length], Target=[160], SearchType=[Greater than], Contains/Unit=[]","timestamp":"2026-06-14 00:20:56"}
{"level":"info","message":"   Rule 19: Type=[page-html], Target=[<script>], SearchType=[Contains], Contains/Unit=[containing]","timestamp":"2026-06-14 00:20:56"}
{"level":"info","message":"📋 Policy: \"Sample Policy with All Rules (Global)\"","timestamp":"2026-06-14 00:20:56"}
{"level":"info","message":"   Rule 1: Type=[text], Target=[jewellery], SearchType=[Contains], Contains/Unit=[containing]","timestamp":"2026-06-14 00:20:56"}
{"level":"info","message":"   Rule 2: Type=[page-title], Target=[jewellery], SearchType=[Contains], Contains/Unit=[containing]","timestamp":"2026-06-14 00:20:56"}
{"level":"info","message":"   Rule 3: Type=[page-title-length], Target=[60], SearchType=[Greater than], Contains/Unit=[]","timestamp":"2026-06-14 00:20:56"}
{"level":"info","message":"   Rule 4: Type=[page-url], Target=[shop], SearchType=[Contains], Contains/Unit=[containing]","timestamp":"2026-06-14 00:20:56"}
{"level":"info","message":"   Rule 5: Type=[link], Target=[contact], SearchType=[Contains], Contains/Unit=[containing]","timestamp":"2026-06-14 00:20:56"}
{"level":"info","message":"   Rule 6: Type=[link-text], Target=[buy], SearchType=[Contains], Contains/Unit=[containing]","timestamp":"2026-06-14 00:20:56"}
{"level":"info","message":"   Rule 7: Type=[link-text-length], Target=[50], SearchType=[Greater than], Contains/Unit=[]","timestamp":"2026-06-14 00:20:56"}
{"level":"info","message":"   Rule 8: Type=[file-size], Target=[5], SearchType=[Greater than], Contains/Unit=[MB]","timestamp":"2026-06-14 00:20:56"}
{"level":"info","message":"   Rule 9: Type=[image-size], Target=[100], SearchType=[Greater than], Contains/Unit=[KB]","timestamp":"2026-06-14 00:20:56"}
{"level":"info","message":"   Rule 10: Type=[image-text], Target=[logo], SearchType=[Contains], Contains/Unit=[containing]","timestamp":"2026-06-14 00:20:56"}
{"level":"info","message":"   Rule 11: Type=[image-text-length], Target=[100], SearchType=[Greater than], Contains/Unit=[]","timestamp":"2026-06-14 00:20:56"}
{"level":"info","message":"   Rule 12: Type=[external-link-count], Target=[10], SearchType=[Greater than], Contains/Unit=[]","timestamp":"2026-06-14 00:20:56"}
{"level":"info","message":"   Rule 13: Type=[incoming-link-count], Target=[5], SearchType=[Greater than], Contains/Unit=[]","timestamp":"2026-06-14 00:20:56"}
{"level":"info","message":"   Rule 14: Type=[heading-text], Target=[price], SearchType=[Contains], Contains/Unit=[containing]","timestamp":"2026-06-14 00:20:56"}
{"level":"info","message":"   Rule 15: Type=[header-text-length], Target=[80], SearchType=[Greater than], Contains/Unit=[]","timestamp":"2026-06-14 00:20:56"}
{"level":"info","message":"   Rule 16: Type=[readability-level], Target=[12], SearchType=[Greater than], Contains/Unit=[]","timestamp":"2026-06-14 00:20:56"}
{"level":"info","message":"   Rule 17: Type=[meta-header], Target=[keyword], SearchType=[Contains], Contains/Unit=[containing]","timestamp":"2026-06-14 00:20:56"}
{"level":"info","message":"   Rule 18: Type=[meta-header-length], Target=[160], SearchType=[Greater than], Contains/Unit=[]","timestamp":"2026-06-14 00:20:56"}
{"level":"info","message":"   Rule 19: Type=[page-html], Target=[<script>], SearchType=[Contains], Contains/Unit=[containing]","timestamp":"2026-06-14 00:20:56"}
{"level":"info","message":"🌐 [omunim] Fetching live HTML content for 4 pages (text-based rules detected)...","timestamp":"2026-06-14 00:20:56"}
{"level":"info","message":"   -> Evaluated Rule [text] with target \"jewellery\" (Search: contains, Contains: containing): isMatch=true","timestamp":"2026-06-14 00:20:56"}
{"level":"info","message":"   -> Evaluated Rule [image-size] with target \"100\" (Search: contains, Contains: KB): isMatch=true","timestamp":"2026-06-14 00:20:56"}
{"level":"info","message":"   -> Evaluated Rule [text] with target \"jewellery\" (Search: contains, Contains: containing): isMatch=true","timestamp":"2026-06-14 00:20:56"}
{"level":"info","message":"   -> Evaluated Rule [page-title] with target \"jewellery\" (Search: contains, Contains: containing): isMatch=true","timestamp":"2026-06-14 00:20:56"}
{"level":"info","message":"   -> Evaluated Rule [page-title-length] with target \"60\" (Search: contains, Contains: undefined): isMatch=false","timestamp":"2026-06-14 00:20:56"}
{"level":"info","message":"   -> Evaluated Rule [page-url] with target \"shop\" (Search: contains, Contains: containing): isMatch=false","timestamp":"2026-06-14 00:20:56"}
{"level":"info","message":"   -> Evaluated Rule [link] with target \"contact\" (Search: contains, Contains: containing): isMatch=false","timestamp":"2026-06-14 00:20:56"}
{"level":"info","message":"   -> Evaluated Rule [link-text] with target \"buy\" (Search: contains, Contains: containing): isMatch=false","timestamp":"2026-06-14 00:20:56"}
{"level":"info","message":"   -> Evaluated Rule [link-text-length] with target \"50\" (Search: contains, Contains: undefined): isMatch=false","timestamp":"2026-06-14 00:20:56"}
{"level":"info","message":"   -> Evaluated Rule [file-size] with target \"5\" (Search: contains, Contains: MB): isMatch=false","timestamp":"2026-06-14 00:20:56"}
{"level":"info","message":"   -> Evaluated Rule [image-size] with target \"100\" (Search: contains, Contains: KB): isMatch=true","timestamp":"2026-06-14 00:20:56"}
{"level":"info","message":"   -> Evaluated Rule [image-text] with target \"logo\" (Search: contains, Contains: containing): isMatch=false","timestamp":"2026-06-14 00:20:56"}
{"level":"info","message":"   -> Evaluated Rule [image-text-length] with target \"100\" (Search: contains, Contains: undefined): isMatch=false","timestamp":"2026-06-14 00:20:56"}
{"level":"info","message":"   -> Evaluated Rule [external-link-count] with target \"10\" (Search: contains, Contains: undefined): isMatch=true","timestamp":"2026-06-14 00:20:56"}
{"level":"info","message":"   -> Evaluated Rule [incoming-link-count] with target \"5\" (Search: contains, Contains: undefined): isMatch=true","timestamp":"2026-06-14 00:20:56"}
{"level":"info","message":"   -> Evaluated Rule [heading-text] with target \"price\" (Search: contains, Contains: containing): isMatch=false","timestamp":"2026-06-14 00:20:56"}
{"level":"info","message":"   -> Evaluated Rule [header-text-length] with target \"80\" (Search: contains, Contains: undefined): isMatch=false","timestamp":"2026-06-14 00:20:56"}
{"level":"info","message":"   -> Evaluated Rule [readability-level] with target \"12\" (Search: contains, Contains: undefined): isMatch=false","timestamp":"2026-06-14 00:20:56"}
{"level":"info","message":"   -> Evaluated Rule [meta-header] with target \"keyword\" (Search: contains, Contains: containing): isMatch=false","timestamp":"2026-06-14 00:20:56"}
{"level":"info","message":"   -> Evaluated Rule [meta-header-length] with target \"160\" (Search: contains, Contains: undefined): isMatch=false","timestamp":"2026-06-14 00:20:56"}
{"level":"info","message":"   -> Evaluated Rule [page-html] with target \"<script>\" (Search: contains, Contains: containing): isMatch=true","timestamp":"2026-06-14 00:20:56"}
{"level":"info","message":"   -> Evaluated Rule [text] with target \"jewellery\" (Search: contains, Contains: containing): isMatch=true","timestamp":"2026-06-14 00:20:56"}
{"level":"info","message":"   -> Evaluated Rule [page-title] with target \"jewellery\" (Search: contains, Contains: containing): isMatch=true","timestamp":"2026-06-14 00:20:56"}
{"level":"info","message":"   -> Evaluated Rule [page-title-length] with target \"60\" (Search: contains, Contains: undefined): isMatch=false","timestamp":"2026-06-14 00:20:56"}
{"level":"info","message":"   -> Evaluated Rule [page-url] with target \"shop\" (Search: contains, Contains: containing): isMatch=false","timestamp":"2026-06-14 00:20:56"}
{"level":"info","message":"   -> Evaluated Rule [link] with target \"contact\" (Search: contains, Contains: containing): isMatch=false","timestamp":"2026-06-14 00:20:56"}
{"level":"info","message":"   -> Evaluated Rule [link-text] with target \"buy\" (Search: contains, Contains: containing): isMatch=false","timestamp":"2026-06-14 00:20:56"}
{"level":"info","message":"   -> Evaluated Rule [link-text-length] with target \"50\" (Search: contains, Contains: undefined): isMatch=false","timestamp":"2026-06-14 00:20:56"}
{"level":"info","message":"   -> Evaluated Rule [file-size] with target \"5\" (Search: contains, Contains: MB): isMatch=false","timestamp":"2026-06-14 00:20:56"}
{"level":"info","message":"   -> Evaluated Rule [image-size] with target \"100\" (Search: contains, Contains: KB): isMatch=true","timestamp":"2026-06-14 00:20:56"}
{"level":"info","message":"   -> Evaluated Rule [image-text] with target \"logo\" (Search: contains, Contains: containing): isMatch=false","timestamp":"2026-06-14 00:20:56"}
{"level":"info","message":"   -> Evaluated Rule [image-text-length] with target \"100\" (Search: contains, Contains: undefined): isMatch=false","timestamp":"2026-06-14 00:20:56"}
{"level":"info","message":"   -> Evaluated Rule [external-link-count] with target \"10\" (Search: contains, Contains: undefined): isMatch=true","timestamp":"2026-06-14 00:20:56"}
{"level":"info","message":"   -> Evaluated Rule [incoming-link-count] with target \"5\" (Search: contains, Contains: undefined): isMatch=true","timestamp":"2026-06-14 00:20:56"}
{"level":"info","message":"   -> Evaluated Rule [heading-text] with target \"price\" (Search: contains, Contains: containing): isMatch=false","timestamp":"2026-06-14 00:20:56"}
{"level":"info","message":"   -> Evaluated Rule [header-text-length] with target \"80\" (Search: contains, Contains: undefined): isMatch=false","timestamp":"2026-06-14 00:20:56"}
{"level":"info","message":"   -> Evaluated Rule [readability-level] with target \"12\" (Search: contains, Contains: undefined): isMatch=false","timestamp":"2026-06-14 00:20:56"}
{"level":"info","message":"   -> Evaluated Rule [meta-header] with target \"keyword\" (Search: contains, Contains: containing): isMatch=false","timestamp":"2026-06-14 00:20:56"}
{"level":"info","message":"   -> Evaluated Rule [meta-header-length] with target \"160\" (Search: contains, Contains: undefined): isMatch=false","timestamp":"2026-06-14 00:20:56"}
{"level":"info","message":"   -> Evaluated Rule [page-html] with target \"<script>\" (Search: contains, Contains: containing): isMatch=true","timestamp":"2026-06-14 00:20:56"}
{"level":"info","message":"   -> Evaluated Rule [text] with target \"jewellery\" (Search: contains, Contains: containing): isMatch=true","timestamp":"2026-06-14 00:20:56"}
{"level":"info","message":"   -> Evaluated Rule [image-size] with target \"100\" (Search: contains, Contains: KB): isMatch=false","timestamp":"2026-06-14 00:20:56"}
{"level":"info","message":"   -> Evaluated Rule [text] with target \"jewellery\" (Search: contains, Contains: containing): isMatch=true","timestamp":"2026-06-14 00:20:56"}
{"level":"info","message":"   -> Evaluated Rule [page-title] with target \"jewellery\" (Search: contains, Contains: containing): isMatch=true","timestamp":"2026-06-14 00:20:56"}
{"level":"info","message":"   -> Evaluated Rule [page-title-length] with target \"60\" (Search: contains, Contains: undefined): isMatch=false","timestamp":"2026-06-14 00:20:56"}
{"level":"info","message":"   -> Evaluated Rule [page-url] with target \"shop\" (Search: contains, Contains: containing): isMatch=false","timestamp":"2026-06-14 00:20:56"}
{"level":"info","message":"   -> Evaluated Rule [link] with target \"contact\" (Search: contains, Contains: containing): isMatch=false","timestamp":"2026-06-14 00:20:56"}
{"level":"info","message":"   -> Evaluated Rule [link-text] with target \"buy\" (Search: contains, Contains: containing): isMatch=false","timestamp":"2026-06-14 00:20:56"}
{"level":"info","message":"   -> Evaluated Rule [link-text-length] with target \"50\" (Search: contains, Contains: undefined): isMatch=false","timestamp":"2026-06-14 00:20:56"}
{"level":"info","message":"   -> Evaluated Rule [file-size] with target \"5\" (Search: contains, Contains: MB): isMatch=false","timestamp":"2026-06-14 00:20:56"}
{"level":"info","message":"   -> Evaluated Rule [image-size] with target \"100\" (Search: contains, Contains: KB): isMatch=false","timestamp":"2026-06-14 00:20:56"}
{"level":"info","message":"   -> Evaluated Rule [image-text] with target \"logo\" (Search: contains, Contains: containing): isMatch=false","timestamp":"2026-06-14 00:20:56"}
{"level":"info","message":"   -> Evaluated Rule [image-text-length] with target \"100\" (Search: contains, Contains: undefined): isMatch=false","timestamp":"2026-06-14 00:20:56"}
{"level":"info","message":"   -> Evaluated Rule [external-link-count] with target \"10\" (Search: contains, Contains: undefined): isMatch=true","timestamp":"2026-06-14 00:20:56"}
{"level":"info","message":"   -> Evaluated Rule [incoming-link-count] with target \"5\" (Search: contains, Contains: undefined): isMatch=true","timestamp":"2026-06-14 00:20:56"}
{"level":"info","message":"   -> Evaluated Rule [heading-text] with target \"price\" (Search: contains, Contains: containing): isMatch=false","timestamp":"2026-06-14 00:20:56"}
{"level":"info","message":"   -> Evaluated Rule [header-text-length] with target \"80\" (Search: contains, Contains: undefined): isMatch=false","timestamp":"2026-06-14 00:20:56"}
{"level":"info","message":"   -> Evaluated Rule [readability-level] with target \"12\" (Search: contains, Contains: undefined): isMatch=false","timestamp":"2026-06-14 00:20:56"}
{"level":"info","message":"   -> Evaluated Rule [meta-header] with target \"keyword\" (Search: contains, Contains: containing): isMatch=false","timestamp":"2026-06-14 00:20:56"}
{"level":"info","message":"   -> Evaluated Rule [meta-header-length] with target \"160\" (Search: contains, Contains: undefined): isMatch=false","timestamp":"2026-06-14 00:20:56"}
{"level":"info","message":"   -> Evaluated Rule [page-html] with target \"<script>\" (Search: contains, Contains: containing): isMatch=true","timestamp":"2026-06-14 00:20:56"}
{"level":"info","message":"   -> Evaluated Rule [text] with target \"jewellery\" (Search: contains, Contains: containing): isMatch=true","timestamp":"2026-06-14 00:20:56"}
{"level":"info","message":"   -> Evaluated Rule [page-title] with target \"jewellery\" (Search: contains, Contains: containing): isMatch=true","timestamp":"2026-06-14 00:20:56"}
{"level":"info","message":"   -> Evaluated Rule [page-title-length] with target \"60\" (Search: contains, Contains: undefined): isMatch=false","timestamp":"2026-06-14 00:20:56"}
{"level":"info","message":"   -> Evaluated Rule [page-url] with target \"shop\" (Search: contains, Contains: containing): isMatch=false","timestamp":"2026-06-14 00:20:56"}
{"level":"info","message":"   -> Evaluated Rule [link] with target \"contact\" (Search: contains, Contains: containing): isMatch=false","timestamp":"2026-06-14 00:20:56"}
{"level":"info","message":"   -> Evaluated Rule [link-text] with target \"buy\" (Search: contains, Contains: containing): isMatch=false","timestamp":"2026-06-14 00:20:56"}
{"level":"info","message":"   -> Evaluated Rule [link-text-length] with target \"50\" (Search: contains, Contains: undefined): isMatch=false","timestamp":"2026-06-14 00:20:56"}
{"level":"info","message":"   -> Evaluated Rule [file-size] with target \"5\" (Search: contains, Contains: MB): isMatch=false","timestamp":"2026-06-14 00:20:56"}
{"level":"info","message":"   -> Evaluated Rule [image-size] with target \"100\" (Search: contains, Contains: KB): isMatch=false","timestamp":"2026-06-14 00:20:56"}
{"level":"info","message":"   -> Evaluated Rule [image-text] with target \"logo\" (Search: contains, Contains: containing): isMatch=false","timestamp":"2026-06-14 00:20:56"}
{"level":"info","message":"   -> Evaluated Rule [image-text-length] with target \"100\" (Search: contains, Contains: undefined): isMatch=false","timestamp":"2026-06-14 00:20:56"}
{"level":"info","message":"   -> Evaluated Rule [external-link-count] with target \"10\" (Search: contains, Contains: undefined): isMatch=true","timestamp":"2026-06-14 00:20:56"}
{"level":"info","message":"   -> Evaluated Rule [incoming-link-count] with target \"5\" (Search: contains, Contains: undefined): isMatch=true","timestamp":"2026-06-14 00:20:56"}
{"level":"info","message":"   -> Evaluated Rule [heading-text] with target \"price\" (Search: contains, Contains: containing): isMatch=false","timestamp":"2026-06-14 00:20:56"}
{"level":"info","message":"   -> Evaluated Rule [header-text-length] with target \"80\" (Search: contains, Contains: undefined): isMatch=false","timestamp":"2026-06-14 00:20:56"}
{"level":"info","message":"   -> Evaluated Rule [readability-level] with target \"12\" (Search: contains, Contains: undefined): isMatch=false","timestamp":"2026-06-14 00:20:56"}
{"level":"info","message":"   -> Evaluated Rule [meta-header] with target \"keyword\" (Search: contains, Contains: containing): isMatch=false","timestamp":"2026-06-14 00:20:56"}
{"level":"info","message":"   -> Evaluated Rule [meta-header-length] with target \"160\" (Search: contains, Contains: undefined): isMatch=false","timestamp":"2026-06-14 00:20:56"}
{"level":"info","message":"   -> Evaluated Rule [page-html] with target \"<script>\" (Search: contains, Contains: containing): isMatch=true","timestamp":"2026-06-14 00:20:56"}
{"level":"info","message":"   -> Evaluated Rule [text] with target \"jewellery\" (Search: contains, Contains: containing): isMatch=true","timestamp":"2026-06-14 00:20:56"}
{"level":"info","message":"   -> Evaluated Rule [image-size] with target \"100\" (Search: contains, Contains: KB): isMatch=true","timestamp":"2026-06-14 00:20:56"}
{"level":"info","message":"   -> Evaluated Rule [text] with target \"jewellery\" (Search: contains, Contains: containing): isMatch=true","timestamp":"2026-06-14 00:20:56"}
{"level":"info","message":"   -> Evaluated Rule [page-title] with target \"jewellery\" (Search: contains, Contains: containing): isMatch=true","timestamp":"2026-06-14 00:20:56"}
{"level":"info","message":"   -> Evaluated Rule [page-title-length] with target \"60\" (Search: contains, Contains: undefined): isMatch=true","timestamp":"2026-06-14 00:20:56"}
{"level":"info","message":"   -> Evaluated Rule [page-url] with target \"shop\" (Search: contains, Contains: containing): isMatch=false","timestamp":"2026-06-14 00:20:56"}
{"level":"info","message":"   -> Evaluated Rule [link] with target \"contact\" (Search: contains, Contains: containing): isMatch=false","timestamp":"2026-06-14 00:20:56"}
{"level":"info","message":"   -> Evaluated Rule [link-text] with target \"buy\" (Search: contains, Contains: containing): isMatch=false","timestamp":"2026-06-14 00:20:56"}
{"level":"info","message":"   -> Evaluated Rule [link-text-length] with target \"50\" (Search: contains, Contains: undefined): isMatch=false","timestamp":"2026-06-14 00:20:56"}
{"level":"info","message":"   -> Evaluated Rule [file-size] with target \"5\" (Search: contains, Contains: MB): isMatch=false","timestamp":"2026-06-14 00:20:56"}
{"level":"info","message":"   -> Evaluated Rule [image-size] with target \"100\" (Search: contains, Contains: KB): isMatch=true","timestamp":"2026-06-14 00:20:56"}
{"level":"info","message":"   -> Evaluated Rule [image-text] with target \"logo\" (Search: contains, Contains: containing): isMatch=false","timestamp":"2026-06-14 00:20:56"}
{"level":"info","message":"   -> Evaluated Rule [image-text-length] with target \"100\" (Search: contains, Contains: undefined): isMatch=false","timestamp":"2026-06-14 00:20:56"}
{"level":"info","message":"   -> Evaluated Rule [external-link-count] with target \"10\" (Search: contains, Contains: undefined): isMatch=true","timestamp":"2026-06-14 00:20:56"}
{"level":"info","message":"   -> Evaluated Rule [incoming-link-count] with target \"5\" (Search: contains, Contains: undefined): isMatch=true","timestamp":"2026-06-14 00:20:56"}
{"level":"info","message":"   -> Evaluated Rule [heading-text] with target \"price\" (Search: contains, Contains: containing): isMatch=false","timestamp":"2026-06-14 00:20:56"}
{"level":"info","message":"   -> Evaluated Rule [header-text-length] with target \"80\" (Search: contains, Contains: undefined): isMatch=false","timestamp":"2026-06-14 00:20:56"}
{"level":"info","message":"   -> Evaluated Rule [readability-level] with target \"12\" (Search: contains, Contains: undefined): isMatch=false","timestamp":"2026-06-14 00:20:56"}
{"level":"info","message":"   -> Evaluated Rule [meta-header] with target \"keyword\" (Search: contains, Contains: containing): isMatch=false","timestamp":"2026-06-14 00:20:56"}
{"level":"info","message":"   -> Evaluated Rule [meta-header-length] with target \"160\" (Search: contains, Contains: undefined): isMatch=true","timestamp":"2026-06-14 00:20:56"}
{"level":"info","message":"   -> Evaluated Rule [page-html] with target \"<script>\" (Search: contains, Contains: containing): isMatch=true","timestamp":"2026-06-14 00:20:56"}
{"level":"info","message":"   -> Evaluated Rule [text] with target \"jewellery\" (Search: contains, Contains: containing): isMatch=true","timestamp":"2026-06-14 00:20:56"}
{"level":"info","message":"   -> Evaluated Rule [page-title] with target \"jewellery\" (Search: contains, Contains: containing): isMatch=true","timestamp":"2026-06-14 00:20:56"}
{"level":"info","message":"   -> Evaluated Rule [page-title-length] with target \"60\" (Search: contains, Contains: undefined): isMatch=true","timestamp":"2026-06-14 00:20:56"}
{"level":"info","message":"   -> Evaluated Rule [page-url] with target \"shop\" (Search: contains, Contains: containing): isMatch=false","timestamp":"2026-06-14 00:20:56"}
{"level":"info","message":"   -> Evaluated Rule [link] with target \"contact\" (Search: contains, Contains: containing): isMatch=false","timestamp":"2026-06-14 00:20:56"}
{"level":"info","message":"   -> Evaluated Rule [link-text] with target \"buy\" (Search: contains, Contains: containing): isMatch=false","timestamp":"2026-06-14 00:20:56"}
{"level":"info","message":"   -> Evaluated Rule [link-text-length] with target \"50\" (Search: contains, Contains: undefined): isMatch=false","timestamp":"2026-06-14 00:20:56"}
{"level":"info","message":"   -> Evaluated Rule [file-size] with target \"5\" (Search: contains, Contains: MB): isMatch=false","timestamp":"2026-06-14 00:20:56"}
{"level":"info","message":"   -> Evaluated Rule [image-size] with target \"100\" (Search: contains, Contains: KB): isMatch=true","timestamp":"2026-06-14 00:20:56"}
{"level":"info","message":"   -> Evaluated Rule [image-text] with target \"logo\" (Search: contains, Contains: containing): isMatch=false","timestamp":"2026-06-14 00:20:56"}
{"level":"info","message":"   -> Evaluated Rule [image-text-length] with target \"100\" (Search: contains, Contains: undefined): isMatch=false","timestamp":"2026-06-14 00:20:56"}
{"level":"info","message":"   -> Evaluated Rule [external-link-count] with target \"10\" (Search: contains, Contains: undefined): isMatch=true","timestamp":"2026-06-14 00:20:56"}
{"level":"info","message":"   -> Evaluated Rule [incoming-link-count] with target \"5\" (Search: contains, Contains: undefined): isMatch=true","timestamp":"2026-06-14 00:20:56"}
{"level":"info","message":"   -> Evaluated Rule [heading-text] with target \"price\" (Search: contains, Contains: containing): isMatch=false","timestamp":"2026-06-14 00:20:56"}
{"level":"info","message":"   -> Evaluated Rule [header-text-length] with target \"80\" (Search: contains, Contains: undefined): isMatch=false","timestamp":"2026-06-14 00:20:56"}
{"level":"info","message":"   -> Evaluated Rule [readability-level] with target \"12\" (Search: contains, Contains: undefined): isMatch=false","timestamp":"2026-06-14 00:20:56"}
{"level":"info","message":"   -> Evaluated Rule [meta-header] with target \"keyword\" (Search: contains, Contains: containing): isMatch=false","timestamp":"2026-06-14 00:20:56"}
{"level":"info","message":"   -> Evaluated Rule [meta-header-length] with target \"160\" (Search: contains, Contains: undefined): isMatch=true","timestamp":"2026-06-14 00:20:56"}
{"level":"info","message":"   -> Evaluated Rule [page-html] with target \"<script>\" (Search: contains, Contains: containing): isMatch=true","timestamp":"2026-06-14 00:20:56"}
{"level":"info","message":"   -> Evaluated Rule [text] with target \"jewellery\" (Search: contains, Contains: containing): isMatch=true","timestamp":"2026-06-14 00:20:56"}
{"level":"info","message":"   -> Evaluated Rule [image-size] with target \"100\" (Search: contains, Contains: KB): isMatch=false","timestamp":"2026-06-14 00:20:56"}
{"level":"info","message":"   -> Evaluated Rule [text] with target \"jewellery\" (Search: contains, Contains: containing): isMatch=true","timestamp":"2026-06-14 00:20:56"}
{"level":"info","message":"   -> Evaluated Rule [page-title] with target \"jewellery\" (Search: contains, Contains: containing): isMatch=true","timestamp":"2026-06-14 00:20:56"}
{"level":"info","message":"   -> Evaluated Rule [page-title-length] with target \"60\" (Search: contains, Contains: undefined): isMatch=false","timestamp":"2026-06-14 00:20:56"}
{"level":"info","message":"   -> Evaluated Rule [page-url] with target \"shop\" (Search: contains, Contains: containing): isMatch=false","timestamp":"2026-06-14 00:20:56"}
{"level":"info","message":"   -> Evaluated Rule [link] with target \"contact\" (Search: contains, Contains: containing): isMatch=false","timestamp":"2026-06-14 00:20:56"}
{"level":"info","message":"   -> Evaluated Rule [link-text] with target \"buy\" (Search: contains, Contains: containing): isMatch=false","timestamp":"2026-06-14 00:20:56"}
{"level":"info","message":"   -> Evaluated Rule [link-text-length] with target \"50\" (Search: contains, Contains: undefined): isMatch=false","timestamp":"2026-06-14 00:20:56"}
{"level":"info","message":"   -> Evaluated Rule [file-size] with target \"5\" (Search: contains, Contains: MB): isMatch=false","timestamp":"2026-06-14 00:20:56"}
{"level":"info","message":"   -> Evaluated Rule [image-size] with target \"100\" (Search: contains, Contains: KB): isMatch=false","timestamp":"2026-06-14 00:20:56"}
{"level":"info","message":"   -> Evaluated Rule [image-text] with target \"logo\" (Search: contains, Contains: containing): isMatch=false","timestamp":"2026-06-14 00:20:56"}
{"level":"info","message":"   -> Evaluated Rule [image-text-length] with target \"100\" (Search: contains, Contains: undefined): isMatch=false","timestamp":"2026-06-14 00:20:56"}
{"level":"info","message":"   -> Evaluated Rule [external-link-count] with target \"10\" (Search: contains, Contains: undefined): isMatch=true","timestamp":"2026-06-14 00:20:56"}
{"level":"info","message":"   -> Evaluated Rule [incoming-link-count] with target \"5\" (Search: contains, Contains: undefined): isMatch=true","timestamp":"2026-06-14 00:20:56"}
{"level":"info","message":"   -> Evaluated Rule [heading-text] with target \"price\" (Search: contains, Contains: containing): isMatch=false","timestamp":"2026-06-14 00:20:56"}
{"level":"info","message":"   -> Evaluated Rule [header-text-length] with target \"80\" (Search: contains, Contains: undefined): isMatch=false","timestamp":"2026-06-14 00:20:56"}
{"level":"info","message":"   -> Evaluated Rule [readability-level] with target \"12\" (Search: contains, Contains: undefined): isMatch=false","timestamp":"2026-06-14 00:20:56"}
{"level":"info","message":"   -> Evaluated Rule [meta-header] with target \"keyword\" (Search: contains, Contains: containing): isMatch=false","timestamp":"2026-06-14 00:20:56"}
{"level":"info","message":"   -> Evaluated Rule [meta-header-length] with target \"160\" (Search: contains, Contains: undefined): isMatch=false","timestamp":"2026-06-14 00:20:56"}
{"level":"info","message":"   -> Evaluated Rule [page-html] with target \"<script>\" (Search: contains, Contains: containing): isMatch=true","timestamp":"2026-06-14 00:20:56"}
{"level":"info","message":"   -> Evaluated Rule [text] with target \"jewellery\" (Search: contains, Contains: containing): isMatch=true","timestamp":"2026-06-14 00:20:56"}
{"level":"info","message":"   -> Evaluated Rule [page-title] with target \"jewellery\" (Search: contains, Contains: containing): isMatch=true","timestamp":"2026-06-14 00:20:56"}
{"level":"info","message":"   -> Evaluated Rule [page-title-length] with target \"60\" (Search: contains, Contains: undefined): isMatch=false","timestamp":"2026-06-14 00:20:56"}
{"level":"info","message":"   -> Evaluated Rule [page-url] with target \"shop\" (Search: contains, Contains: containing): isMatch=false","timestamp":"2026-06-14 00:20:56"}
{"level":"info","message":"   -> Evaluated Rule [link] with target \"contact\" (Search: contains, Contains: containing): isMatch=false","timestamp":"2026-06-14 00:20:56"}
{"level":"info","message":"   -> Evaluated Rule [link-text] with target \"buy\" (Search: contains, Contains: containing): isMatch=false","timestamp":"2026-06-14 00:20:56"}
{"level":"info","message":"   -> Evaluated Rule [link-text-length] with target \"50\" (Search: contains, Contains: undefined): isMatch=false","timestamp":"2026-06-14 00:20:56"}
{"level":"info","message":"   -> Evaluated Rule [file-size] with target \"5\" (Search: contains, Contains: MB): isMatch=false","timestamp":"2026-06-14 00:20:56"}
{"level":"info","message":"   -> Evaluated Rule [image-size] with target \"100\" (Search: contains, Contains: KB): isMatch=false","timestamp":"2026-06-14 00:20:56"}
{"level":"info","message":"   -> Evaluated Rule [image-text] with target \"logo\" (Search: contains, Contains: containing): isMatch=false","timestamp":"2026-06-14 00:20:56"}
{"level":"info","message":"   -> Evaluated Rule [image-text-length] with target \"100\" (Search: contains, Contains: undefined): isMatch=false","timestamp":"2026-06-14 00:20:56"}
{"level":"info","message":"   -> Evaluated Rule [external-link-count] with target \"10\" (Search: contains, Contains: undefined): isMatch=true","timestamp":"2026-06-14 00:20:56"}
{"level":"info","message":"   -> Evaluated Rule [incoming-link-count] with target \"5\" (Search: contains, Contains: undefined): isMatch=true","timestamp":"2026-06-14 00:20:56"}
{"level":"info","message":"   -> Evaluated Rule [heading-text] with target \"price\" (Search: contains, Contains: containing): isMatch=false","timestamp":"2026-06-14 00:20:56"}
{"level":"info","message":"   -> Evaluated Rule [header-text-length] with target \"80\" (Search: contains, Contains: undefined): isMatch=false","timestamp":"2026-06-14 00:20:56"}
{"level":"info","message":"   -> Evaluated Rule [readability-level] with target \"12\" (Search: contains, Contains: undefined): isMatch=false","timestamp":"2026-06-14 00:20:56"}
{"level":"info","message":"   -> Evaluated Rule [meta-header] with target \"keyword\" (Search: contains, Contains: containing): isMatch=false","timestamp":"2026-06-14 00:20:56"}
{"level":"info","message":"   -> Evaluated Rule [meta-header-length] with target \"160\" (Search: contains, Contains: undefined): isMatch=false","timestamp":"2026-06-14 00:20:56"}
{"level":"info","message":"   -> Evaluated Rule [page-html] with target \"<script>\" (Search: contains, Contains: containing): isMatch=true","timestamp":"2026-06-14 00:20:56"}
{"level":"info","message":"🚨 [omunim] Saved 6 policy hits to database tenant_sbi.","timestamp":"2026-06-14 00:20:56"}
{"level":"info","message":"📊 [omunim] Saved PolicySummary snapshot.","timestamp":"2026-06-14 00:20:56"}
{"level":"info","message":"✅ Policy scan completed for omunim in 860ms","timestamp":"2026-06-14 00:20:56"}
{"level":"info","message":"Job 10 (omunim) completed successfully.","timestamp":"2026-06-14 00:20:56"}
{"level":"info","message":"[Job repeat:c10eea93bf68cc56fd5c63b351df3d32:1781376660000] 🚀 Executing scheduled global orchestration...","timestamp":"2026-06-14 00:21:00"}
{"level":"info","message":"Orchestrator: Starting global scan orchestration... ","timestamp":"2026-06-14 00:21:00"}
{"level":"info","message":"🔗 Connecting to MASTER database: master","timestamp":"2026-06-14 00:21:00"}
{"level":"info","message":"Orchestrator: Found 2 tenants to process.","timestamp":"2026-06-14 00:21:01"}
{"level":"info","message":"📁 Switching to CLIENT database: tenant_rbi (Tenant: rbi)","timestamp":"2026-06-14 00:21:01"}
{"level":"info","message":"Orchestrator: No domains found for tenant rbi (excluding those currently scanning).","timestamp":"2026-06-14 00:21:01"}
{"level":"info","message":"📁 Switching to CLIENT database: tenant_sbi (Tenant: sbi)","timestamp":"2026-06-14 00:21:01"}
{"level":"info","message":"Orchestrator: No domains found for tenant sbi (excluding those currently scanning).","timestamp":"2026-06-14 00:21:01"}
{"level":"info","message":"Orchestrator: Master DB connection closed.","timestamp":"2026-06-14 00:21:01"}
{"level":"info","message":"✅ Orchestrator: Finished. Total jobs enqueued: 0","timestamp":"2026-06-14 00:21:01"}
{"level":"info","message":"Job repeat:c10eea93bf68cc56fd5c63b351df3d32:1781376660000 (Orchestrator) completed successfully.","timestamp":"2026-06-14 00:21:01"}
{"level":"info","message":"[Job repeat:c10eea93bf68cc56fd5c63b351df3d32:1781376720000] 🚀 Executing scheduled global orchestration...","timestamp":"2026-06-14 00:22:00"}
{"level":"info","message":"Orchestrator: Starting global scan orchestration... ","timestamp":"2026-06-14 00:22:00"}
{"level":"info","message":"🔗 Connecting to MASTER database: master","timestamp":"2026-06-14 00:22:00"}
{"level":"info","message":"Orchestrator: Found 2 tenants to process.","timestamp":"2026-06-14 00:22:01"}
{"level":"info","message":"📁 Switching to CLIENT database: tenant_rbi (Tenant: rbi)","timestamp":"2026-06-14 00:22:01"}
{"level":"info","message":"Orchestrator: No domains found for tenant rbi (excluding those currently scanning).","timestamp":"2026-06-14 00:22:01"}
{"level":"info","message":"📁 Switching to CLIENT database: tenant_sbi (Tenant: sbi)","timestamp":"2026-06-14 00:22:01"}
{"level":"info","message":"Orchestrator: No domains found for tenant sbi (excluding those currently scanning).","timestamp":"2026-06-14 00:22:01"}
{"level":"info","message":"Orchestrator: Master DB connection closed.","timestamp":"2026-06-14 00:22:01"}
{"level":"info","message":"✅ Orchestrator: Finished. Total jobs enqueued: 0","timestamp":"2026-06-14 00:22:01"}
{"level":"info","message":"Job repeat:c10eea93bf68cc56fd5c63b351df3d32:1781376720000 (Orchestrator) completed successfully.","timestamp":"2026-06-14 00:22:01"}
{"level":"info","message":"[Job repeat:c10eea93bf68cc56fd5c63b351df3d32:1781376780000] 🚀 Executing scheduled global orchestration...","timestamp":"2026-06-14 00:23:00"}
{"level":"info","message":"Orchestrator: Starting global scan orchestration... ","timestamp":"2026-06-14 00:23:00"}
{"level":"info","message":"🔗 Connecting to MASTER database: master","timestamp":"2026-06-14 00:23:00"}
{"level":"info","message":"Orchestrator: Found 2 tenants to process.","timestamp":"2026-06-14 00:23:01"}
{"level":"info","message":"📁 Switching to CLIENT database: tenant_rbi (Tenant: rbi)","timestamp":"2026-06-14 00:23:01"}
{"level":"info","message":"Orchestrator: No domains found for tenant rbi (excluding those currently scanning).","timestamp":"2026-06-14 00:23:01"}
{"level":"info","message":"📁 Switching to CLIENT database: tenant_sbi (Tenant: sbi)","timestamp":"2026-06-14 00:23:01"}
{"level":"info","message":"Orchestrator: No domains found for tenant sbi (excluding those currently scanning).","timestamp":"2026-06-14 00:23:01"}
{"level":"info","message":"Orchestrator: Master DB connection closed.","timestamp":"2026-06-14 00:23:01"}
{"level":"info","message":"✅ Orchestrator: Finished. Total jobs enqueued: 0","timestamp":"2026-06-14 00:23:01"}
{"level":"info","message":"Job repeat:c10eea93bf68cc56fd5c63b351df3d32:1781376780000 (Orchestrator) completed successfully.","timestamp":"2026-06-14 00:23:01"}
{"level":"info","message":"[Job repeat:c10eea93bf68cc56fd5c63b351df3d32:1781376840000] 🚀 Executing scheduled global orchestration...","timestamp":"2026-06-14 00:24:00"}
{"level":"info","message":"Orchestrator: Starting global scan orchestration... ","timestamp":"2026-06-14 00:24:00"}
{"level":"info","message":"🔗 Connecting to MASTER database: master","timestamp":"2026-06-14 00:24:00"}
{"level":"info","message":"Orchestrator: Found 2 tenants to process.","timestamp":"2026-06-14 00:24:00"}
{"level":"info","message":"📁 Switching to CLIENT database: tenant_rbi (Tenant: rbi)","timestamp":"2026-06-14 00:24:00"}
{"level":"info","message":"Orchestrator: No domains found for tenant rbi (excluding those currently scanning).","timestamp":"2026-06-14 00:24:00"}
{"level":"info","message":"📁 Switching to CLIENT database: tenant_sbi (Tenant: sbi)","timestamp":"2026-06-14 00:24:00"}
{"level":"info","message":"Orchestrator: No domains found for tenant sbi (excluding those currently scanning).","timestamp":"2026-06-14 00:24:00"}
{"level":"info","message":"Orchestrator: Master DB connection closed.","timestamp":"2026-06-14 00:24:00"}
{"level":"info","message":"✅ Orchestrator: Finished. Total jobs enqueued: 0","timestamp":"2026-06-14 00:24:00"}
{"level":"info","message":"Job repeat:c10eea93bf68cc56fd5c63b351df3d32:1781376840000 (Orchestrator) completed successfully.","timestamp":"2026-06-14 00:24:00"}
{"level":"info","message":"[Job repeat:c10eea93bf68cc56fd5c63b351df3d32:1781376900000] 🚀 Executing scheduled global orchestration...","timestamp":"2026-06-14 00:25:00"}
{"level":"info","message":"Orchestrator: Starting global scan orchestration... ","timestamp":"2026-06-14 00:25:00"}
{"level":"info","message":"🔗 Connecting to MASTER database: master","timestamp":"2026-06-14 00:25:00"}
{"level":"info","message":"Orchestrator: Found 2 tenants to process.","timestamp":"2026-06-14 00:25:01"}
{"level":"info","message":"📁 Switching to CLIENT database: tenant_rbi (Tenant: rbi)","timestamp":"2026-06-14 00:25:01"}
{"level":"info","message":"Orchestrator: No domains found for tenant rbi (excluding those currently scanning).","timestamp":"2026-06-14 00:25:01"}
{"level":"info","message":"📁 Switching to CLIENT database: tenant_sbi (Tenant: sbi)","timestamp":"2026-06-14 00:25:01"}
{"level":"info","message":"Orchestrator: No domains found for tenant sbi (excluding those currently scanning).","timestamp":"2026-06-14 00:25:01"}
{"level":"info","message":"Orchestrator: Master DB connection closed.","timestamp":"2026-06-14 00:25:01"}
{"level":"info","message":"✅ Orchestrator: Finished. Total jobs enqueued: 0","timestamp":"2026-06-14 00:25:01"}
{"level":"info","message":"Job repeat:c10eea93bf68cc56fd5c63b351df3d32:1781376900000 (Orchestrator) completed successfully.","timestamp":"2026-06-14 00:25:01"}
{"level":"info","message":"[Job repeat:c10eea93bf68cc56fd5c63b351df3d32:1781376960000] 🚀 Executing scheduled global orchestration...","timestamp":"2026-06-14 00:26:00"}
{"level":"info","message":"Orchestrator: Starting global scan orchestration... ","timestamp":"2026-06-14 00:26:00"}
{"level":"info","message":"🔗 Connecting to MASTER database: master","timestamp":"2026-06-14 00:26:00"}
{"level":"info","message":"Orchestrator: Found 2 tenants to process.","timestamp":"2026-06-14 00:26:01"}
{"level":"info","message":"📁 Switching to CLIENT database: tenant_rbi (Tenant: rbi)","timestamp":"2026-06-14 00:26:01"}
{"level":"info","message":"Orchestrator: No domains found for tenant rbi (excluding those currently scanning).","timestamp":"2026-06-14 00:26:01"}
{"level":"info","message":"📁 Switching to CLIENT database: tenant_sbi (Tenant: sbi)","timestamp":"2026-06-14 00:26:01"}
{"level":"info","message":"Orchestrator: No domains found for tenant sbi (excluding those currently scanning).","timestamp":"2026-06-14 00:26:01"}
{"level":"info","message":"Orchestrator: Master DB connection closed.","timestamp":"2026-06-14 00:26:01"}
{"level":"info","message":"✅ Orchestrator: Finished. Total jobs enqueued: 0","timestamp":"2026-06-14 00:26:01"}
{"level":"info","message":"Job repeat:c10eea93bf68cc56fd5c63b351df3d32:1781376960000 (Orchestrator) completed successfully.","timestamp":"2026-06-14 00:26:01"}
{"level":"info","message":"[Job repeat:c10eea93bf68cc56fd5c63b351df3d32:1781377020000] 🚀 Executing scheduled global orchestration...","timestamp":"2026-06-14 00:27:00"}
{"level":"info","message":"Orchestrator: Starting global scan orchestration... ","timestamp":"2026-06-14 00:27:00"}
{"level":"info","message":"🔗 Connecting to MASTER database: master","timestamp":"2026-06-14 00:27:00"}
{"level":"info","message":"Orchestrator: Found 2 tenants to process.","timestamp":"2026-06-14 00:27:00"}
{"level":"info","message":"📁 Switching to CLIENT database: tenant_rbi (Tenant: rbi)","timestamp":"2026-06-14 00:27:00"}
{"level":"info","message":"Orchestrator: No domains found for tenant rbi (excluding those currently scanning).","timestamp":"2026-06-14 00:27:00"}
{"level":"info","message":"📁 Switching to CLIENT database: tenant_sbi (Tenant: sbi)","timestamp":"2026-06-14 00:27:00"}
{"level":"info","message":"Orchestrator: No domains found for tenant sbi (excluding those currently scanning).","timestamp":"2026-06-14 00:27:00"}
{"level":"info","message":"Orchestrator: Master DB connection closed.","timestamp":"2026-06-14 00:27:00"}
{"level":"info","message":"✅ Orchestrator: Finished. Total jobs enqueued: 0","timestamp":"2026-06-14 00:27:00"}
{"level":"info","message":"Job repeat:c10eea93bf68cc56fd5c63b351df3d32:1781377020000 (Orchestrator) completed successfully.","timestamp":"2026-06-14 00:27:00"}
{"level":"info","message":"[Job repeat:c10eea93bf68cc56fd5c63b351df3d32:1781377080000] 🚀 Executing scheduled global orchestration...","timestamp":"2026-06-14 00:28:00"}
{"level":"info","message":"Orchestrator: Starting global scan orchestration... ","timestamp":"2026-06-14 00:28:00"}
{"level":"info","message":"🔗 Connecting to MASTER database: master","timestamp":"2026-06-14 00:28:00"}
{"level":"info","message":"Orchestrator: Found 2 tenants to process.","timestamp":"2026-06-14 00:28:00"}
{"level":"info","message":"📁 Switching to CLIENT database: tenant_rbi (Tenant: rbi)","timestamp":"2026-06-14 00:28:00"}
{"level":"info","message":"Orchestrator: No domains found for tenant rbi (excluding those currently scanning).","timestamp":"2026-06-14 00:28:00"}
{"level":"info","message":"📁 Switching to CLIENT database: tenant_sbi (Tenant: sbi)","timestamp":"2026-06-14 00:28:00"}
{"level":"info","message":"Orchestrator: No domains found for tenant sbi (excluding those currently scanning).","timestamp":"2026-06-14 00:28:00"}
{"level":"info","message":"Orchestrator: Master DB connection closed.","timestamp":"2026-06-14 00:28:00"}
{"level":"info","message":"✅ Orchestrator: Finished. Total jobs enqueued: 0","timestamp":"2026-06-14 00:28:00"}
{"level":"info","message":"Job repeat:c10eea93bf68cc56fd5c63b351df3d32:1781377080000 (Orchestrator) completed successfully.","timestamp":"2026-06-14 00:28:00"}
{"level":"info","message":"[Job repeat:c10eea93bf68cc56fd5c63b351df3d32:1781377140000] 🚀 Executing scheduled global orchestration...","timestamp":"2026-06-14 00:29:00"}
{"level":"info","message":"Orchestrator: Starting global scan orchestration... ","timestamp":"2026-06-14 00:29:00"}
{"level":"info","message":"🔗 Connecting to MASTER database: master","timestamp":"2026-06-14 00:29:00"}
{"level":"info","message":"Orchestrator: Found 2 tenants to process.","timestamp":"2026-06-14 00:29:01"}
{"level":"info","message":"📁 Switching to CLIENT database: tenant_rbi (Tenant: rbi)","timestamp":"2026-06-14 00:29:01"}
{"level":"info","message":"Orchestrator: No domains found for tenant rbi (excluding those currently scanning).","timestamp":"2026-06-14 00:29:01"}
{"level":"info","message":"📁 Switching to CLIENT database: tenant_sbi (Tenant: sbi)","timestamp":"2026-06-14 00:29:01"}
{"level":"info","message":"Orchestrator: No domains found for tenant sbi (excluding those currently scanning).","timestamp":"2026-06-14 00:29:01"}
{"level":"info","message":"Orchestrator: Master DB connection closed.","timestamp":"2026-06-14 00:29:01"}
{"level":"info","message":"✅ Orchestrator: Finished. Total jobs enqueued: 0","timestamp":"2026-06-14 00:29:01"}
{"level":"info","message":"Job repeat:c10eea93bf68cc56fd5c63b351df3d32:1781377140000 (Orchestrator) completed successfully.","timestamp":"2026-06-14 00:29:01"}
{"level":"info","message":"BullBoard dashboard available at http://localhost:4100/admin/queues","timestamp":"2026-06-14 00:29:59"}
{"level":"info","message":"SEO Scan Worker initialized.","timestamp":"2026-06-14 00:29:59"}
{"level":"info","message":"🧹 Queue \"seo-scan-queue\" cleared recursively.","timestamp":"2026-06-14 00:29:59"}
{"level":"info","message":"⏰ Scheduled global orchestration every 1 minutes.","timestamp":"2026-06-14 00:29:59"}
{"level":"info","message":"SEO Scanner Service running on port 4100","timestamp":"2026-06-14 00:29:59"}
{"level":"info","message":"🚀 SCAN_ON_STARTUP is enabled. Triggering global orchestration...","timestamp":"2026-06-14 00:29:59"}
{"level":"info","message":"Orchestrator: Starting global scan orchestration... [STARTUP MODE]","timestamp":"2026-06-14 00:29:59"}
{"level":"info","message":"🔗 Connecting to MASTER database: master","timestamp":"2026-06-14 00:29:59"}
{"level":"info","message":"Orchestrator: Found 2 tenants to process.","timestamp":"2026-06-14 00:30:00"}
{"level":"info","message":"📁 Switching to CLIENT database: tenant_rbi (Tenant: rbi)","timestamp":"2026-06-14 00:30:00"}
{"level":"info","message":"✅ Successfully connected to database: tenant_rbi","timestamp":"2026-06-14 00:30:00"}
{"level":"info","message":"[Job repeat:c10eea93bf68cc56fd5c63b351df3d32:1781377200000] 🚀 Executing scheduled global orchestration...","timestamp":"2026-06-14 00:30:00"}
{"level":"info","message":"Orchestrator: Starting global scan orchestration... ","timestamp":"2026-06-14 00:30:00"}
{"level":"info","message":"🔗 Connecting to MASTER database: master","timestamp":"2026-06-14 00:30:00"}
{"level":"info","message":"Orchestrator: No domains found for tenant rbi (excluding those currently scanning).","timestamp":"2026-06-14 00:30:00"}
{"level":"info","message":"📁 Switching to CLIENT database: tenant_sbi (Tenant: sbi)","timestamp":"2026-06-14 00:30:00"}
{"level":"info","message":"✅ Successfully connected to database: tenant_sbi","timestamp":"2026-06-14 00:30:01"}
{"level":"info","message":"Orchestrator: Found 2 tenants to process.","timestamp":"2026-06-14 00:30:01"}
{"level":"info","message":"📁 Switching to CLIENT database: tenant_rbi (Tenant: rbi)","timestamp":"2026-06-14 00:30:01"}
{"level":"info","message":"Orchestrator: No domains found for tenant rbi (excluding those currently scanning).","timestamp":"2026-06-14 00:30:01"}
{"level":"info","message":"📁 Switching to CLIENT database: tenant_sbi (Tenant: sbi)","timestamp":"2026-06-14 00:30:01"}
{"level":"info","message":"Orchestrator: No domains found for tenant sbi (excluding those currently scanning).","timestamp":"2026-06-14 00:30:01"}
{"level":"info","message":"Orchestrator: Master DB connection closed.","timestamp":"2026-06-14 00:30:01"}
{"level":"info","message":"✅ Orchestrator: Finished. Total jobs enqueued: 0","timestamp":"2026-06-14 00:30:01"}
{"level":"info","message":"Job repeat:c10eea93bf68cc56fd5c63b351df3d32:1781377200000 (Orchestrator) completed successfully.","timestamp":"2026-06-14 00:30:01"}
{"level":"info","message":"Orchestrator: No domains found for tenant sbi (excluding those currently scanning).","timestamp":"2026-06-14 00:30:01"}
{"level":"info","message":"Orchestrator: Master DB connection closed.","timestamp":"2026-06-14 00:30:01"}
{"level":"info","message":"✅ Orchestrator: Finished. Total jobs enqueued: 0","timestamp":"2026-06-14 00:30:01"}
{"level":"info","message":"✅ Initial global scan orchestration completed.","timestamp":"2026-06-14 00:30:01"}
{"level":"info","message":"BullBoard dashboard available at http://localhost:4100/admin/queues","timestamp":"2026-06-14 00:30:16"}
{"level":"info","message":"SEO Scan Worker initialized.","timestamp":"2026-06-14 00:30:16"}
{"level":"info","message":"🧹 Queue \"seo-scan-queue\" cleared recursively.","timestamp":"2026-06-14 00:30:16"}
{"level":"info","message":"⏰ Scheduled global orchestration every 1 minutes.","timestamp":"2026-06-14 00:30:16"}
{"level":"info","message":"SEO Scanner Service running on port 4100","timestamp":"2026-06-14 00:30:16"}
{"level":"info","message":"🚀 SCAN_ON_STARTUP is enabled. Triggering global orchestration...","timestamp":"2026-06-14 00:30:16"}
{"level":"info","message":"Orchestrator: Starting global scan orchestration... [STARTUP MODE]","timestamp":"2026-06-14 00:30:16"}
{"level":"info","message":"🔗 Connecting to MASTER database: master","timestamp":"2026-06-14 00:30:16"}
{"level":"info","message":"Orchestrator: Found 2 tenants to process.","timestamp":"2026-06-14 00:30:17"}
{"level":"info","message":"📁 Switching to CLIENT database: tenant_rbi (Tenant: rbi)","timestamp":"2026-06-14 00:30:17"}
{"level":"info","message":"✅ Successfully connected to database: tenant_rbi","timestamp":"2026-06-14 00:30:18"}
{"level":"info","message":"Orchestrator: No domains found for tenant rbi (excluding those currently scanning).","timestamp":"2026-06-14 00:30:18"}
{"level":"info","message":"📁 Switching to CLIENT database: tenant_sbi (Tenant: sbi)","timestamp":"2026-06-14 00:30:18"}
{"level":"info","message":"✅ Successfully connected to database: tenant_sbi","timestamp":"2026-06-14 00:30:18"}
{"level":"info","message":"Orchestrator: No domains found for tenant sbi (excluding those currently scanning).","timestamp":"2026-06-14 00:30:18"}
{"level":"info","message":"Orchestrator: Master DB connection closed.","timestamp":"2026-06-14 00:30:18"}
{"level":"info","message":"✅ Orchestrator: Finished. Total jobs enqueued: 0","timestamp":"2026-06-14 00:30:18"}
{"level":"info","message":"✅ Initial global scan orchestration completed.","timestamp":"2026-06-14 00:30:18"}
{"level":"info","message":"BullBoard dashboard available at http://localhost:4100/admin/queues","timestamp":"2026-06-14 00:30:33"}
{"level":"info","message":"SEO Scan Worker initialized.","timestamp":"2026-06-14 00:30:33"}
{"level":"info","message":"🧹 Queue \"seo-scan-queue\" cleared recursively.","timestamp":"2026-06-14 00:30:33"}
{"level":"info","message":"⏰ Scheduled global orchestration every 1 minutes.","timestamp":"2026-06-14 00:30:33"}
{"level":"info","message":"SEO Scanner Service running on port 4100","timestamp":"2026-06-14 00:30:33"}
{"level":"info","message":"🚀 SCAN_ON_STARTUP is enabled. Triggering global orchestration...","timestamp":"2026-06-14 00:30:33"}
{"level":"info","message":"Orchestrator: Starting global scan orchestration... [STARTUP MODE]","timestamp":"2026-06-14 00:30:33"}
{"level":"info","message":"🔗 Connecting to MASTER database: master","timestamp":"2026-06-14 00:30:33"}
{"level":"info","message":"Orchestrator: Found 2 tenants to process.","timestamp":"2026-06-14 00:30:34"}
{"level":"info","message":"📁 Switching to CLIENT database: tenant_rbi (Tenant: rbi)","timestamp":"2026-06-14 00:30:34"}
{"level":"info","message":"✅ Successfully connected to database: tenant_rbi","timestamp":"2026-06-14 00:30:34"}
{"level":"info","message":"Orchestrator: No domains found for tenant rbi (excluding those currently scanning).","timestamp":"2026-06-14 00:30:35"}
{"level":"info","message":"📁 Switching to CLIENT database: tenant_sbi (Tenant: sbi)","timestamp":"2026-06-14 00:30:35"}
{"level":"info","message":"✅ Successfully connected to database: tenant_sbi","timestamp":"2026-06-14 00:30:35"}
{"level":"info","message":"Orchestrator: No domains found for tenant sbi (excluding those currently scanning).","timestamp":"2026-06-14 00:30:35"}
{"level":"info","message":"Orchestrator: Master DB connection closed.","timestamp":"2026-06-14 00:30:35"}
{"level":"info","message":"✅ Orchestrator: Finished. Total jobs enqueued: 0","timestamp":"2026-06-14 00:30:35"}
{"level":"info","message":"✅ Initial global scan orchestration completed.","timestamp":"2026-06-14 00:30:35"}
{"level":"info","message":"BullBoard dashboard available at http://localhost:4100/admin/queues","timestamp":"2026-06-14 00:30:43"}
{"level":"info","message":"SEO Scan Worker initialized.","timestamp":"2026-06-14 00:30:43"}
{"level":"info","message":"🧹 Queue \"seo-scan-queue\" cleared recursively.","timestamp":"2026-06-14 00:30:43"}
{"level":"info","message":"⏰ Scheduled global orchestration every 1 minutes.","timestamp":"2026-06-14 00:30:43"}
{"level":"info","message":"SEO Scanner Service running on port 4100","timestamp":"2026-06-14 00:30:43"}
{"level":"info","message":"🚀 SCAN_ON_STARTUP is enabled. Triggering global orchestration...","timestamp":"2026-06-14 00:30:43"}
{"level":"info","message":"Orchestrator: Starting global scan orchestration... [STARTUP MODE]","timestamp":"2026-06-14 00:30:43"}
{"level":"info","message":"🔗 Connecting to MASTER database: master","timestamp":"2026-06-14 00:30:43"}
{"level":"info","message":"Orchestrator: Found 2 tenants to process.","timestamp":"2026-06-14 00:30:43"}
{"level":"info","message":"📁 Switching to CLIENT database: tenant_rbi (Tenant: rbi)","timestamp":"2026-06-14 00:30:43"}
{"level":"info","message":"✅ Successfully connected to database: tenant_rbi","timestamp":"2026-06-14 00:30:44"}
{"level":"info","message":"Orchestrator: No domains found for tenant rbi (excluding those currently scanning).","timestamp":"2026-06-14 00:30:44"}
{"level":"info","message":"📁 Switching to CLIENT database: tenant_sbi (Tenant: sbi)","timestamp":"2026-06-14 00:30:44"}
{"level":"info","message":"✅ Successfully connected to database: tenant_sbi","timestamp":"2026-06-14 00:30:44"}
{"level":"info","message":"Orchestrator: No domains found for tenant sbi (excluding those currently scanning).","timestamp":"2026-06-14 00:30:45"}
{"level":"info","message":"Orchestrator: Master DB connection closed.","timestamp":"2026-06-14 00:30:45"}
{"level":"info","message":"✅ Orchestrator: Finished. Total jobs enqueued: 0","timestamp":"2026-06-14 00:30:45"}
{"level":"info","message":"✅ Initial global scan orchestration completed.","timestamp":"2026-06-14 00:30:45"}
{"level":"info","message":"[Job repeat:c10eea93bf68cc56fd5c63b351df3d32:1781377260000] 🚀 Executing scheduled global orchestration...","timestamp":"2026-06-14 00:31:00"}
{"level":"info","message":"Orchestrator: Starting global scan orchestration... ","timestamp":"2026-06-14 00:31:00"}
{"level":"info","message":"🔗 Connecting to MASTER database: master","timestamp":"2026-06-14 00:31:00"}
{"level":"info","message":"Orchestrator: Found 2 tenants to process.","timestamp":"2026-06-14 00:31:01"}
{"level":"info","message":"📁 Switching to CLIENT database: tenant_rbi (Tenant: rbi)","timestamp":"2026-06-14 00:31:01"}
{"level":"info","message":"Orchestrator: No domains found for tenant rbi (excluding those currently scanning).","timestamp":"2026-06-14 00:31:01"}
{"level":"info","message":"📁 Switching to CLIENT database: tenant_sbi (Tenant: sbi)","timestamp":"2026-06-14 00:31:01"}
{"level":"info","message":"Orchestrator: No domains found for tenant sbi (excluding those currently scanning).","timestamp":"2026-06-14 00:31:01"}
{"level":"info","message":"Orchestrator: Master DB connection closed.","timestamp":"2026-06-14 00:31:01"}
{"level":"info","message":"✅ Orchestrator: Finished. Total jobs enqueued: 0","timestamp":"2026-06-14 00:31:01"}
{"level":"info","message":"Job repeat:c10eea93bf68cc56fd5c63b351df3d32:1781377260000 (Orchestrator) completed successfully.","timestamp":"2026-06-14 00:31:01"}
{"level":"info","message":"[Job repeat:c10eea93bf68cc56fd5c63b351df3d32:1781377320000] 🚀 Executing scheduled global orchestration...","timestamp":"2026-06-14 00:32:01"}
{"level":"info","message":"Orchestrator: Starting global scan orchestration... ","timestamp":"2026-06-14 00:32:01"}
{"level":"info","message":"🔗 Connecting to MASTER database: master","timestamp":"2026-06-14 00:32:01"}
{"level":"info","message":"Orchestrator: Found 2 tenants to process.","timestamp":"2026-06-14 00:32:01"}
{"level":"info","message":"📁 Switching to CLIENT database: tenant_rbi (Tenant: rbi)","timestamp":"2026-06-14 00:32:01"}
{"level":"info","message":"Orchestrator: No domains found for tenant rbi (excluding those currently scanning).","timestamp":"2026-06-14 00:32:01"}
{"level":"info","message":"📁 Switching to CLIENT database: tenant_sbi (Tenant: sbi)","timestamp":"2026-06-14 00:32:01"}
{"level":"info","message":"Orchestrator: No domains found for tenant sbi (excluding those currently scanning).","timestamp":"2026-06-14 00:32:01"}
{"level":"info","message":"Orchestrator: Master DB connection closed.","timestamp":"2026-06-14 00:32:01"}
{"level":"info","message":"✅ Orchestrator: Finished. Total jobs enqueued: 0","timestamp":"2026-06-14 00:32:01"}
{"level":"info","message":"Job repeat:c10eea93bf68cc56fd5c63b351df3d32:1781377320000 (Orchestrator) completed successfully.","timestamp":"2026-06-14 00:32:01"}
{"level":"info","message":"Added Policy Scan Job for omunim to queue, Job ID: 4","timestamp":"2026-06-14 00:32:04"}
{"level":"info","message":"[Job 4] 🛡️ Starting Policy scan for: omunim","timestamp":"2026-06-14 00:32:04"}
{"level":"info","message":"🛡️ [omunim] Starting standalone Policy Scan (job 4)...","timestamp":"2026-06-14 00:32:04"}
{"level":"info","message":"📑 [omunim] Retrieved 4 recent domain reports for evaluation.","timestamp":"2026-06-14 00:32:04"}
{"level":"info","message":"⚖️ [omunim] Evaluating 4 policies against 4 pages.","timestamp":"2026-06-14 00:32:04"}
{"level":"info","message":"📋 Policy: \"find jewellery keywords\"","timestamp":"2026-06-14 00:32:04"}
{"level":"info","message":"   Rule 1: Type=[text], Target=[jewellery], SearchType=[Contains], Contains/Unit=[containing]","timestamp":"2026-06-14 00:32:04"}
{"level":"info","message":"📋 Policy: \"Images greater than 100kB\"","timestamp":"2026-06-14 00:32:04"}
{"level":"info","message":"   Rule 1: Type=[image-size], Target=[100], SearchType=[Greater than], Contains/Unit=[KB]","timestamp":"2026-06-14 00:32:04"}
{"level":"info","message":"📋 Policy: \"Sample Policy with All Rules (Test)\"","timestamp":"2026-06-14 00:32:04"}
{"level":"info","message":"   Rule 1: Type=[text], Target=[jewellery], SearchType=[Contains], Contains/Unit=[containing]","timestamp":"2026-06-14 00:32:04"}
{"level":"info","message":"   Rule 2: Type=[page-title], Target=[jewellery], SearchType=[Contains], Contains/Unit=[containing]","timestamp":"2026-06-14 00:32:04"}
{"level":"info","message":"   Rule 3: Type=[page-title-length], Target=[60], SearchType=[Greater than], Contains/Unit=[]","timestamp":"2026-06-14 00:32:04"}
{"level":"info","message":"   Rule 4: Type=[page-url], Target=[shop], SearchType=[Contains], Contains/Unit=[containing]","timestamp":"2026-06-14 00:32:04"}
{"level":"info","message":"   Rule 5: Type=[link], Target=[contact], SearchType=[Contains], Contains/Unit=[containing]","timestamp":"2026-06-14 00:32:04"}
{"level":"info","message":"   Rule 6: Type=[link-text], Target=[buy], SearchType=[Contains], Contains/Unit=[containing]","timestamp":"2026-06-14 00:32:04"}
{"level":"info","message":"   Rule 7: Type=[link-text-length], Target=[50], SearchType=[Greater than], Contains/Unit=[]","timestamp":"2026-06-14 00:32:04"}
{"level":"info","message":"   Rule 8: Type=[file-size], Target=[5], SearchType=[Greater than], Contains/Unit=[MB]","timestamp":"2026-06-14 00:32:04"}
{"level":"info","message":"   Rule 9: Type=[image-size], Target=[100], SearchType=[Greater than], Contains/Unit=[KB]","timestamp":"2026-06-14 00:32:04"}
{"level":"info","message":"   Rule 10: Type=[image-text], Target=[logo], SearchType=[Contains], Contains/Unit=[containing]","timestamp":"2026-06-14 00:32:04"}
{"level":"info","message":"   Rule 11: Type=[image-text-length], Target=[100], SearchType=[Greater than], Contains/Unit=[]","timestamp":"2026-06-14 00:32:04"}
{"level":"info","message":"   Rule 12: Type=[external-link-count], Target=[10], SearchType=[Greater than], Contains/Unit=[]","timestamp":"2026-06-14 00:32:04"}
{"level":"info","message":"   Rule 13: Type=[incoming-link-count], Target=[5], SearchType=[Greater than], Contains/Unit=[]","timestamp":"2026-06-14 00:32:04"}
{"level":"info","message":"   Rule 14: Type=[heading-text], Target=[price], SearchType=[Contains], Contains/Unit=[containing]","timestamp":"2026-06-14 00:32:04"}
{"level":"info","message":"   Rule 15: Type=[header-text-length], Target=[80], SearchType=[Greater than], Contains/Unit=[]","timestamp":"2026-06-14 00:32:04"}
{"level":"info","message":"   Rule 16: Type=[readability-level], Target=[12], SearchType=[Greater than], Contains/Unit=[]","timestamp":"2026-06-14 00:32:04"}
{"level":"info","message":"   Rule 17: Type=[meta-header], Target=[keyword], SearchType=[Contains], Contains/Unit=[containing]","timestamp":"2026-06-14 00:32:04"}
{"level":"info","message":"   Rule 18: Type=[meta-header-length], Target=[160], SearchType=[Greater than], Contains/Unit=[]","timestamp":"2026-06-14 00:32:04"}
{"level":"info","message":"   Rule 19: Type=[page-html], Target=[<script>], SearchType=[Contains], Contains/Unit=[containing]","timestamp":"2026-06-14 00:32:04"}
{"level":"info","message":"📋 Policy: \"Sample Policy with All Rules (Global)\"","timestamp":"2026-06-14 00:32:04"}
{"level":"info","message":"   Rule 1: Type=[text], Target=[jewellery], SearchType=[Contains], Contains/Unit=[containing]","timestamp":"2026-06-14 00:32:04"}
{"level":"info","message":"   Rule 2: Type=[page-title], Target=[jewellery], SearchType=[Contains], Contains/Unit=[containing]","timestamp":"2026-06-14 00:32:04"}
{"level":"info","message":"   Rule 3: Type=[page-title-length], Target=[60], SearchType=[Greater than], Contains/Unit=[]","timestamp":"2026-06-14 00:32:04"}
{"level":"info","message":"   Rule 4: Type=[page-url], Target=[shop], SearchType=[Contains], Contains/Unit=[containing]","timestamp":"2026-06-14 00:32:04"}
{"level":"info","message":"   Rule 5: Type=[link], Target=[contact], SearchType=[Contains], Contains/Unit=[containing]","timestamp":"2026-06-14 00:32:04"}
{"level":"info","message":"   Rule 6: Type=[link-text], Target=[buy], SearchType=[Contains], Contains/Unit=[containing]","timestamp":"2026-06-14 00:32:04"}
{"level":"info","message":"   Rule 7: Type=[link-text-length], Target=[50], SearchType=[Greater than], Contains/Unit=[]","timestamp":"2026-06-14 00:32:04"}
{"level":"info","message":"   Rule 8: Type=[file-size], Target=[5], SearchType=[Greater than], Contains/Unit=[MB]","timestamp":"2026-06-14 00:32:04"}
{"level":"info","message":"   Rule 9: Type=[image-size], Target=[100], SearchType=[Greater than], Contains/Unit=[KB]","timestamp":"2026-06-14 00:32:04"}
{"level":"info","message":"   Rule 10: Type=[image-text], Target=[logo], SearchType=[Contains], Contains/Unit=[containing]","timestamp":"2026-06-14 00:32:04"}
{"level":"info","message":"   Rule 11: Type=[image-text-length], Target=[100], SearchType=[Greater than], Contains/Unit=[]","timestamp":"2026-06-14 00:32:04"}
{"level":"info","message":"   Rule 12: Type=[external-link-count], Target=[10], SearchType=[Greater than], Contains/Unit=[]","timestamp":"2026-06-14 00:32:04"}
{"level":"info","message":"   Rule 13: Type=[incoming-link-count], Target=[5], SearchType=[Greater than], Contains/Unit=[]","timestamp":"2026-06-14 00:32:04"}
{"level":"info","message":"   Rule 14: Type=[heading-text], Target=[price], SearchType=[Contains], Contains/Unit=[containing]","timestamp":"2026-06-14 00:32:04"}
{"level":"info","message":"   Rule 15: Type=[header-text-length], Target=[80], SearchType=[Greater than], Contains/Unit=[]","timestamp":"2026-06-14 00:32:04"}
{"level":"info","message":"   Rule 16: Type=[readability-level], Target=[12], SearchType=[Greater than], Contains/Unit=[]","timestamp":"2026-06-14 00:32:04"}
{"level":"info","message":"   Rule 17: Type=[meta-header], Target=[keyword], SearchType=[Contains], Contains/Unit=[containing]","timestamp":"2026-06-14 00:32:04"}
{"level":"info","message":"   Rule 18: Type=[meta-header-length], Target=[160], SearchType=[Greater than], Contains/Unit=[]","timestamp":"2026-06-14 00:32:04"}
{"level":"info","message":"   Rule 19: Type=[page-html], Target=[<script>], SearchType=[Contains], Contains/Unit=[containing]","timestamp":"2026-06-14 00:32:04"}
{"level":"info","message":"🌐 [omunim] Fetching live HTML content for 4 pages (text-based rules detected)...","timestamp":"2026-06-14 00:32:04"}
{"level":"info","message":"   -> Evaluated Rule [text] with target \"jewellery\" (Search: contains, Contains: containing): isMatch=true","timestamp":"2026-06-14 00:32:05"}
{"level":"info","message":"   -> Evaluated Rule [image-size] with target \"100\" (Search: contains, Contains: KB): isMatch=true","timestamp":"2026-06-14 00:32:05"}
{"level":"info","message":"   -> Evaluated Rule [text] with target \"jewellery\" (Search: contains, Contains: containing): isMatch=true","timestamp":"2026-06-14 00:32:05"}
{"level":"info","message":"   -> Evaluated Rule [page-title] with target \"jewellery\" (Search: contains, Contains: containing): isMatch=true","timestamp":"2026-06-14 00:32:05"}
{"level":"info","message":"   -> Evaluated Rule [page-title-length] with target \"60\" (Search: contains, Contains: undefined): isMatch=false","timestamp":"2026-06-14 00:32:05"}
{"level":"info","message":"   -> Evaluated Rule [page-url] with target \"shop\" (Search: contains, Contains: containing): isMatch=false","timestamp":"2026-06-14 00:32:05"}
{"level":"info","message":"   -> Evaluated Rule [link] with target \"contact\" (Search: contains, Contains: containing): isMatch=false","timestamp":"2026-06-14 00:32:05"}
{"level":"info","message":"   -> Evaluated Rule [link-text] with target \"buy\" (Search: contains, Contains: containing): isMatch=false","timestamp":"2026-06-14 00:32:05"}
{"level":"info","message":"   -> Evaluated Rule [link-text-length] with target \"50\" (Search: contains, Contains: undefined): isMatch=false","timestamp":"2026-06-14 00:32:05"}
{"level":"info","message":"   -> Evaluated Rule [file-size] with target \"5\" (Search: contains, Contains: MB): isMatch=false","timestamp":"2026-06-14 00:32:05"}
{"level":"info","message":"   -> Evaluated Rule [image-size] with target \"100\" (Search: contains, Contains: KB): isMatch=true","timestamp":"2026-06-14 00:32:05"}
{"level":"info","message":"   -> Evaluated Rule [image-text] with target \"logo\" (Search: contains, Contains: containing): isMatch=false","timestamp":"2026-06-14 00:32:05"}
{"level":"info","message":"   -> Evaluated Rule [image-text-length] with target \"100\" (Search: contains, Contains: undefined): isMatch=false","timestamp":"2026-06-14 00:32:05"}
{"level":"info","message":"   -> Evaluated Rule [external-link-count] with target \"10\" (Search: contains, Contains: undefined): isMatch=true","timestamp":"2026-06-14 00:32:05"}
{"level":"info","message":"   -> Evaluated Rule [incoming-link-count] with target \"5\" (Search: contains, Contains: undefined): isMatch=true","timestamp":"2026-06-14 00:32:05"}
{"level":"info","message":"   -> Evaluated Rule [heading-text] with target \"price\" (Search: contains, Contains: containing): isMatch=false","timestamp":"2026-06-14 00:32:05"}
{"level":"info","message":"   -> Evaluated Rule [header-text-length] with target \"80\" (Search: contains, Contains: undefined): isMatch=false","timestamp":"2026-06-14 00:32:05"}
{"level":"info","message":"   -> Evaluated Rule [readability-level] with target \"12\" (Search: contains, Contains: undefined): isMatch=false","timestamp":"2026-06-14 00:32:05"}
{"level":"info","message":"   -> Evaluated Rule [meta-header] with target \"keyword\" (Search: contains, Contains: containing): isMatch=false","timestamp":"2026-06-14 00:32:05"}
{"level":"info","message":"   -> Evaluated Rule [meta-header-length] with target \"160\" (Search: contains, Contains: undefined): isMatch=false","timestamp":"2026-06-14 00:32:05"}
{"level":"info","message":"   -> Evaluated Rule [page-html] with target \"<script>\" (Search: contains, Contains: containing): isMatch=true","timestamp":"2026-06-14 00:32:05"}
{"level":"info","message":"   -> Evaluated Rule [text] with target \"jewellery\" (Search: contains, Contains: containing): isMatch=true","timestamp":"2026-06-14 00:32:05"}
{"level":"info","message":"   -> Evaluated Rule [page-title] with target \"jewellery\" (Search: contains, Contains: containing): isMatch=true","timestamp":"2026-06-14 00:32:05"}
{"level":"info","message":"   -> Evaluated Rule [page-title-length] with target \"60\" (Search: contains, Contains: undefined): isMatch=false","timestamp":"2026-06-14 00:32:05"}
{"level":"info","message":"   -> Evaluated Rule [page-url] with target \"shop\" (Search: contains, Contains: containing): isMatch=false","timestamp":"2026-06-14 00:32:05"}
{"level":"info","message":"   -> Evaluated Rule [link] with target \"contact\" (Search: contains, Contains: containing): isMatch=false","timestamp":"2026-06-14 00:32:05"}
{"level":"info","message":"   -> Evaluated Rule [link-text] with target \"buy\" (Search: contains, Contains: containing): isMatch=false","timestamp":"2026-06-14 00:32:05"}
{"level":"info","message":"   -> Evaluated Rule [link-text-length] with target \"50\" (Search: contains, Contains: undefined): isMatch=false","timestamp":"2026-06-14 00:32:05"}
{"level":"info","message":"   -> Evaluated Rule [file-size] with target \"5\" (Search: contains, Contains: MB): isMatch=false","timestamp":"2026-06-14 00:32:05"}
{"level":"info","message":"   -> Evaluated Rule [image-size] with target \"100\" (Search: contains, Contains: KB): isMatch=true","timestamp":"2026-06-14 00:32:05"}
{"level":"info","message":"   -> Evaluated Rule [image-text] with target \"logo\" (Search: contains, Contains: containing): isMatch=false","timestamp":"2026-06-14 00:32:05"}
{"level":"info","message":"   -> Evaluated Rule [image-text-length] with target \"100\" (Search: contains, Contains: undefined): isMatch=false","timestamp":"2026-06-14 00:32:05"}
{"level":"info","message":"   -> Evaluated Rule [external-link-count] with target \"10\" (Search: contains, Contains: undefined): isMatch=true","timestamp":"2026-06-14 00:32:05"}
{"level":"info","message":"   -> Evaluated Rule [incoming-link-count] with target \"5\" (Search: contains, Contains: undefined): isMatch=true","timestamp":"2026-06-14 00:32:05"}
{"level":"info","message":"   -> Evaluated Rule [heading-text] with target \"price\" (Search: contains, Contains: containing): isMatch=false","timestamp":"2026-06-14 00:32:05"}
{"level":"info","message":"   -> Evaluated Rule [header-text-length] with target \"80\" (Search: contains, Contains: undefined): isMatch=false","timestamp":"2026-06-14 00:32:05"}
{"level":"info","message":"   -> Evaluated Rule [readability-level] with target \"12\" (Search: contains, Contains: undefined): isMatch=false","timestamp":"2026-06-14 00:32:05"}
{"level":"info","message":"   -> Evaluated Rule [meta-header] with target \"keyword\" (Search: contains, Contains: containing): isMatch=false","timestamp":"2026-06-14 00:32:05"}
{"level":"info","message":"   -> Evaluated Rule [meta-header-length] with target \"160\" (Search: contains, Contains: undefined): isMatch=false","timestamp":"2026-06-14 00:32:05"}
{"level":"info","message":"   -> Evaluated Rule [page-html] with target \"<script>\" (Search: contains, Contains: containing): isMatch=true","timestamp":"2026-06-14 00:32:05"}
{"level":"info","message":"   -> Evaluated Rule [text] with target \"jewellery\" (Search: contains, Contains: containing): isMatch=true","timestamp":"2026-06-14 00:32:05"}
{"level":"info","message":"   -> Evaluated Rule [image-size] with target \"100\" (Search: contains, Contains: KB): isMatch=false","timestamp":"2026-06-14 00:32:05"}
{"level":"info","message":"   -> Evaluated Rule [text] with target \"jewellery\" (Search: contains, Contains: containing): isMatch=true","timestamp":"2026-06-14 00:32:05"}
{"level":"info","message":"   -> Evaluated Rule [page-title] with target \"jewellery\" (Search: contains, Contains: containing): isMatch=true","timestamp":"2026-06-14 00:32:05"}
{"level":"info","message":"   -> Evaluated Rule [page-title-length] with target \"60\" (Search: contains, Contains: undefined): isMatch=false","timestamp":"2026-06-14 00:32:05"}
{"level":"info","message":"   -> Evaluated Rule [page-url] with target \"shop\" (Search: contains, Contains: containing): isMatch=false","timestamp":"2026-06-14 00:32:05"}
{"level":"info","message":"   -> Evaluated Rule [link] with target \"contact\" (Search: contains, Contains: containing): isMatch=false","timestamp":"2026-06-14 00:32:05"}
{"level":"info","message":"   -> Evaluated Rule [link-text] with target \"buy\" (Search: contains, Contains: containing): isMatch=false","timestamp":"2026-06-14 00:32:05"}
{"level":"info","message":"   -> Evaluated Rule [link-text-length] with target \"50\" (Search: contains, Contains: undefined): isMatch=false","timestamp":"2026-06-14 00:32:05"}
{"level":"info","message":"   -> Evaluated Rule [file-size] with target \"5\" (Search: contains, Contains: MB): isMatch=false","timestamp":"2026-06-14 00:32:05"}
{"level":"info","message":"   -> Evaluated Rule [image-size] with target \"100\" (Search: contains, Contains: KB): isMatch=false","timestamp":"2026-06-14 00:32:05"}
{"level":"info","message":"   -> Evaluated Rule [image-text] with target \"logo\" (Search: contains, Contains: containing): isMatch=false","timestamp":"2026-06-14 00:32:05"}
{"level":"info","message":"   -> Evaluated Rule [image-text-length] with target \"100\" (Search: contains, Contains: undefined): isMatch=false","timestamp":"2026-06-14 00:32:05"}
{"level":"info","message":"   -> Evaluated Rule [external-link-count] with target \"10\" (Search: contains, Contains: undefined): isMatch=true","timestamp":"2026-06-14 00:32:05"}
{"level":"info","message":"   -> Evaluated Rule [incoming-link-count] with target \"5\" (Search: contains, Contains: undefined): isMatch=true","timestamp":"2026-06-14 00:32:05"}
{"level":"info","message":"   -> Evaluated Rule [heading-text] with target \"price\" (Search: contains, Contains: containing): isMatch=false","timestamp":"2026-06-14 00:32:05"}
{"level":"info","message":"   -> Evaluated Rule [header-text-length] with target \"80\" (Search: contains, Contains: undefined): isMatch=false","timestamp":"2026-06-14 00:32:05"}
{"level":"info","message":"   -> Evaluated Rule [readability-level] with target \"12\" (Search: contains, Contains: undefined): isMatch=false","timestamp":"2026-06-14 00:32:05"}
{"level":"info","message":"   -> Evaluated Rule [meta-header] with target \"keyword\" (Search: contains, Contains: containing): isMatch=false","timestamp":"2026-06-14 00:32:05"}
{"level":"info","message":"   -> Evaluated Rule [meta-header-length] with target \"160\" (Search: contains, Contains: undefined): isMatch=false","timestamp":"2026-06-14 00:32:05"}
{"level":"info","message":"   -> Evaluated Rule [page-html] with target \"<script>\" (Search: contains, Contains: containing): isMatch=true","timestamp":"2026-06-14 00:32:05"}
{"level":"info","message":"   -> Evaluated Rule [text] with target \"jewellery\" (Search: contains, Contains: containing): isMatch=true","timestamp":"2026-06-14 00:32:05"}
{"level":"info","message":"   -> Evaluated Rule [page-title] with target \"jewellery\" (Search: contains, Contains: containing): isMatch=true","timestamp":"2026-06-14 00:32:05"}
{"level":"info","message":"   -> Evaluated Rule [page-title-length] with target \"60\" (Search: contains, Contains: undefined): isMatch=false","timestamp":"2026-06-14 00:32:05"}
{"level":"info","message":"   -> Evaluated Rule [page-url] with target \"shop\" (Search: contains, Contains: containing): isMatch=false","timestamp":"2026-06-14 00:32:05"}
{"level":"info","message":"   -> Evaluated Rule [link] with target \"contact\" (Search: contains, Contains: containing): isMatch=false","timestamp":"2026-06-14 00:32:05"}
{"level":"info","message":"   -> Evaluated Rule [link-text] with target \"buy\" (Search: contains, Contains: containing): isMatch=false","timestamp":"2026-06-14 00:32:05"}
{"level":"info","message":"   -> Evaluated Rule [link-text-length] with target \"50\" (Search: contains, Contains: undefined): isMatch=false","timestamp":"2026-06-14 00:32:05"}
{"level":"info","message":"   -> Evaluated Rule [file-size] with target \"5\" (Search: contains, Contains: MB): isMatch=false","timestamp":"2026-06-14 00:32:05"}
{"level":"info","message":"   -> Evaluated Rule [image-size] with target \"100\" (Search: contains, Contains: KB): isMatch=false","timestamp":"2026-06-14 00:32:05"}
{"level":"info","message":"   -> Evaluated Rule [image-text] with target \"logo\" (Search: contains, Contains: containing): isMatch=false","timestamp":"2026-06-14 00:32:05"}
{"level":"info","message":"   -> Evaluated Rule [image-text-length] with target \"100\" (Search: contains, Contains: undefined): isMatch=false","timestamp":"2026-06-14 00:32:05"}
{"level":"info","message":"   -> Evaluated Rule [external-link-count] with target \"10\" (Search: contains, Contains: undefined): isMatch=true","timestamp":"2026-06-14 00:32:05"}
{"level":"info","message":"   -> Evaluated Rule [incoming-link-count] with target \"5\" (Search: contains, Contains: undefined): isMatch=true","timestamp":"2026-06-14 00:32:05"}
{"level":"info","message":"   -> Evaluated Rule [heading-text] with target \"price\" (Search: contains, Contains: containing): isMatch=false","timestamp":"2026-06-14 00:32:05"}
{"level":"info","message":"   -> Evaluated Rule [header-text-length] with target \"80\" (Search: contains, Contains: undefined): isMatch=false","timestamp":"2026-06-14 00:32:05"}
{"level":"info","message":"   -> Evaluated Rule [readability-level] with target \"12\" (Search: contains, Contains: undefined): isMatch=false","timestamp":"2026-06-14 00:32:05"}
{"level":"info","message":"   -> Evaluated Rule [meta-header] with target \"keyword\" (Search: contains, Contains: containing): isMatch=false","timestamp":"2026-06-14 00:32:05"}
{"level":"info","message":"   -> Evaluated Rule [meta-header-length] with target \"160\" (Search: contains, Contains: undefined): isMatch=false","timestamp":"2026-06-14 00:32:05"}
{"level":"info","message":"   -> Evaluated Rule [page-html] with target \"<script>\" (Search: contains, Contains: containing): isMatch=true","timestamp":"2026-06-14 00:32:05"}
{"level":"info","message":"   -> Evaluated Rule [text] with target \"jewellery\" (Search: contains, Contains: containing): isMatch=true","timestamp":"2026-06-14 00:32:05"}
{"level":"info","message":"   -> Evaluated Rule [image-size] with target \"100\" (Search: contains, Contains: KB): isMatch=true","timestamp":"2026-06-14 00:32:05"}
{"level":"info","message":"   -> Evaluated Rule [text] with target \"jewellery\" (Search: contains, Contains: containing): isMatch=true","timestamp":"2026-06-14 00:32:05"}
{"level":"info","message":"   -> Evaluated Rule [page-title] with target \"jewellery\" (Search: contains, Contains: containing): isMatch=true","timestamp":"2026-06-14 00:32:05"}
{"level":"info","message":"   -> Evaluated Rule [page-title-length] with target \"60\" (Search: contains, Contains: undefined): isMatch=true","timestamp":"2026-06-14 00:32:05"}
{"level":"info","message":"   -> Evaluated Rule [page-url] with target \"shop\" (Search: contains, Contains: containing): isMatch=false","timestamp":"2026-06-14 00:32:05"}
{"level":"info","message":"   -> Evaluated Rule [link] with target \"contact\" (Search: contains, Contains: containing): isMatch=false","timestamp":"2026-06-14 00:32:05"}
{"level":"info","message":"   -> Evaluated Rule [link-text] with target \"buy\" (Search: contains, Contains: containing): isMatch=false","timestamp":"2026-06-14 00:32:05"}
{"level":"info","message":"   -> Evaluated Rule [link-text-length] with target \"50\" (Search: contains, Contains: undefined): isMatch=false","timestamp":"2026-06-14 00:32:05"}
{"level":"info","message":"   -> Evaluated Rule [file-size] with target \"5\" (Search: contains, Contains: MB): isMatch=false","timestamp":"2026-06-14 00:32:05"}
{"level":"info","message":"   -> Evaluated Rule [image-size] with target \"100\" (Search: contains, Contains: KB): isMatch=true","timestamp":"2026-06-14 00:32:05"}
{"level":"info","message":"   -> Evaluated Rule [image-text] with target \"logo\" (Search: contains, Contains: containing): isMatch=false","timestamp":"2026-06-14 00:32:05"}
{"level":"info","message":"   -> Evaluated Rule [image-text-length] with target \"100\" (Search: contains, Contains: undefined): isMatch=false","timestamp":"2026-06-14 00:32:05"}
{"level":"info","message":"   -> Evaluated Rule [external-link-count] with target \"10\" (Search: contains, Contains: undefined): isMatch=true","timestamp":"2026-06-14 00:32:05"}
{"level":"info","message":"   -> Evaluated Rule [incoming-link-count] with target \"5\" (Search: contains, Contains: undefined): isMatch=true","timestamp":"2026-06-14 00:32:05"}
{"level":"info","message":"   -> Evaluated Rule [heading-text] with target \"price\" (Search: contains, Contains: containing): isMatch=false","timestamp":"2026-06-14 00:32:05"}
{"level":"info","message":"   -> Evaluated Rule [header-text-length] with target \"80\" (Search: contains, Contains: undefined): isMatch=false","timestamp":"2026-06-14 00:32:05"}
{"level":"info","message":"   -> Evaluated Rule [readability-level] with target \"12\" (Search: contains, Contains: undefined): isMatch=false","timestamp":"2026-06-14 00:32:05"}
{"level":"info","message":"   -> Evaluated Rule [meta-header] with target \"keyword\" (Search: contains, Contains: containing): isMatch=false","timestamp":"2026-06-14 00:32:05"}
{"level":"info","message":"   -> Evaluated Rule [meta-header-length] with target \"160\" (Search: contains, Contains: undefined): isMatch=true","timestamp":"2026-06-14 00:32:05"}
{"level":"info","message":"   -> Evaluated Rule [page-html] with target \"<script>\" (Search: contains, Contains: containing): isMatch=true","timestamp":"2026-06-14 00:32:05"}
{"level":"info","message":"   -> Evaluated Rule [text] with target \"jewellery\" (Search: contains, Contains: containing): isMatch=true","timestamp":"2026-06-14 00:32:05"}
{"level":"info","message":"   -> Evaluated Rule [page-title] with target \"jewellery\" (Search: contains, Contains: containing): isMatch=true","timestamp":"2026-06-14 00:32:05"}
{"level":"info","message":"   -> Evaluated Rule [page-title-length] with target \"60\" (Search: contains, Contains: undefined): isMatch=true","timestamp":"2026-06-14 00:32:05"}
{"level":"info","message":"   -> Evaluated Rule [page-url] with target \"shop\" (Search: contains, Contains: containing): isMatch=false","timestamp":"2026-06-14 00:32:05"}
{"level":"info","message":"   -> Evaluated Rule [link] with target \"contact\" (Search: contains, Contains: containing): isMatch=false","timestamp":"2026-06-14 00:32:05"}
{"level":"info","message":"   -> Evaluated Rule [link-text] with target \"buy\" (Search: contains, Contains: containing): isMatch=false","timestamp":"2026-06-14 00:32:05"}
{"level":"info","message":"   -> Evaluated Rule [link-text-length] with target \"50\" (Search: contains, Contains: undefined): isMatch=false","timestamp":"2026-06-14 00:32:05"}
{"level":"info","message":"   -> Evaluated Rule [file-size] with target \"5\" (Search: contains, Contains: MB): isMatch=false","timestamp":"2026-06-14 00:32:05"}
{"level":"info","message":"   -> Evaluated Rule [image-size] with target \"100\" (Search: contains, Contains: KB): isMatch=true","timestamp":"2026-06-14 00:32:05"}
{"level":"info","message":"   -> Evaluated Rule [image-text] with target \"logo\" (Search: contains, Contains: containing): isMatch=false","timestamp":"2026-06-14 00:32:05"}
{"level":"info","message":"   -> Evaluated Rule [image-text-length] with target \"100\" (Search: contains, Contains: undefined): isMatch=false","timestamp":"2026-06-14 00:32:05"}
{"level":"info","message":"   -> Evaluated Rule [external-link-count] with target \"10\" (Search: contains, Contains: undefined): isMatch=true","timestamp":"2026-06-14 00:32:05"}
{"level":"info","message":"   -> Evaluated Rule [incoming-link-count] with target \"5\" (Search: contains, Contains: undefined): isMatch=true","timestamp":"2026-06-14 00:32:05"}
{"level":"info","message":"   -> Evaluated Rule [heading-text] with target \"price\" (Search: contains, Contains: containing): isMatch=false","timestamp":"2026-06-14 00:32:05"}
{"level":"info","message":"   -> Evaluated Rule [header-text-length] with target \"80\" (Search: contains, Contains: undefined): isMatch=false","timestamp":"2026-06-14 00:32:05"}
{"level":"info","message":"   -> Evaluated Rule [readability-level] with target \"12\" (Search: contains, Contains: undefined): isMatch=false","timestamp":"2026-06-14 00:32:05"}
{"level":"info","message":"   -> Evaluated Rule [meta-header] with target \"keyword\" (Search: contains, Contains: containing): isMatch=false","timestamp":"2026-06-14 00:32:05"}
{"level":"info","message":"   -> Evaluated Rule [meta-header-length] with target \"160\" (Search: contains, Contains: undefined): isMatch=true","timestamp":"2026-06-14 00:32:05"}
{"level":"info","message":"   -> Evaluated Rule [page-html] with target \"<script>\" (Search: contains, Contains: containing): isMatch=true","timestamp":"2026-06-14 00:32:05"}
{"level":"info","message":"   -> Evaluated Rule [text] with target \"jewellery\" (Search: contains, Contains: containing): isMatch=true","timestamp":"2026-06-14 00:32:05"}
{"level":"info","message":"   -> Evaluated Rule [image-size] with target \"100\" (Search: contains, Contains: KB): isMatch=false","timestamp":"2026-06-14 00:32:05"}
{"level":"info","message":"   -> Evaluated Rule [text] with target \"jewellery\" (Search: contains, Contains: containing): isMatch=true","timestamp":"2026-06-14 00:32:05"}
{"level":"info","message":"   -> Evaluated Rule [page-title] with target \"jewellery\" (Search: contains, Contains: containing): isMatch=true","timestamp":"2026-06-14 00:32:05"}
{"level":"info","message":"   -> Evaluated Rule [page-title-length] with target \"60\" (Search: contains, Contains: undefined): isMatch=false","timestamp":"2026-06-14 00:32:05"}
{"level":"info","message":"   -> Evaluated Rule [page-url] with target \"shop\" (Search: contains, Contains: containing): isMatch=false","timestamp":"2026-06-14 00:32:05"}
{"level":"info","message":"   -> Evaluated Rule [link] with target \"contact\" (Search: contains, Contains: containing): isMatch=false","timestamp":"2026-06-14 00:32:05"}
{"level":"info","message":"   -> Evaluated Rule [link-text] with target \"buy\" (Search: contains, Contains: containing): isMatch=false","timestamp":"2026-06-14 00:32:05"}
{"level":"info","message":"   -> Evaluated Rule [link-text-length] with target \"50\" (Search: contains, Contains: undefined): isMatch=false","timestamp":"2026-06-14 00:32:05"}
{"level":"info","message":"   -> Evaluated Rule [file-size] with target \"5\" (Search: contains, Contains: MB): isMatch=false","timestamp":"2026-06-14 00:32:05"}
{"level":"info","message":"   -> Evaluated Rule [image-size] with target \"100\" (Search: contains, Contains: KB): isMatch=false","timestamp":"2026-06-14 00:32:05"}
{"level":"info","message":"   -> Evaluated Rule [image-text] with target \"logo\" (Search: contains, Contains: containing): isMatch=false","timestamp":"2026-06-14 00:32:05"}
{"level":"info","message":"   -> Evaluated Rule [image-text-length] with target \"100\" (Search: contains, Contains: undefined): isMatch=false","timestamp":"2026-06-14 00:32:05"}
{"level":"info","message":"   -> Evaluated Rule [external-link-count] with target \"10\" (Search: contains, Contains: undefined): isMatch=true","timestamp":"2026-06-14 00:32:05"}
{"level":"info","message":"   -> Evaluated Rule [incoming-link-count] with target \"5\" (Search: contains, Contains: undefined): isMatch=true","timestamp":"2026-06-14 00:32:05"}
{"level":"info","message":"   -> Evaluated Rule [heading-text] with target \"price\" (Search: contains, Contains: containing): isMatch=false","timestamp":"2026-06-14 00:32:05"}
{"level":"info","message":"   -> Evaluated Rule [header-text-length] with target \"80\" (Search: contains, Contains: undefined): isMatch=false","timestamp":"2026-06-14 00:32:05"}
{"level":"info","message":"   -> Evaluated Rule [readability-level] with target \"12\" (Search: contains, Contains: undefined): isMatch=false","timestamp":"2026-06-14 00:32:05"}
{"level":"info","message":"   -> Evaluated Rule [meta-header] with target \"keyword\" (Search: contains, Contains: containing): isMatch=false","timestamp":"2026-06-14 00:32:05"}
{"level":"info","message":"   -> Evaluated Rule [meta-header-length] with target \"160\" (Search: contains, Contains: undefined): isMatch=false","timestamp":"2026-06-14 00:32:05"}
{"level":"info","message":"   -> Evaluated Rule [page-html] with target \"<script>\" (Search: contains, Contains: containing): isMatch=true","timestamp":"2026-06-14 00:32:05"}
{"level":"info","message":"   -> Evaluated Rule [text] with target \"jewellery\" (Search: contains, Contains: containing): isMatch=true","timestamp":"2026-06-14 00:32:05"}
{"level":"info","message":"   -> Evaluated Rule [page-title] with target \"jewellery\" (Search: contains, Contains: containing): isMatch=true","timestamp":"2026-06-14 00:32:05"}
{"level":"info","message":"   -> Evaluated Rule [page-title-length] with target \"60\" (Search: contains, Contains: undefined): isMatch=false","timestamp":"2026-06-14 00:32:05"}
{"level":"info","message":"   -> Evaluated Rule [page-url] with target \"shop\" (Search: contains, Contains: containing): isMatch=false","timestamp":"2026-06-14 00:32:05"}
{"level":"info","message":"   -> Evaluated Rule [link] with target \"contact\" (Search: contains, Contains: containing): isMatch=false","timestamp":"2026-06-14 00:32:05"}
{"level":"info","message":"   -> Evaluated Rule [link-text] with target \"buy\" (Search: contains, Contains: containing): isMatch=false","timestamp":"2026-06-14 00:32:05"}
{"level":"info","message":"   -> Evaluated Rule [link-text-length] with target \"50\" (Search: contains, Contains: undefined): isMatch=false","timestamp":"2026-06-14 00:32:05"}
{"level":"info","message":"   -> Evaluated Rule [file-size] with target \"5\" (Search: contains, Contains: MB): isMatch=false","timestamp":"2026-06-14 00:32:05"}
{"level":"info","message":"   -> Evaluated Rule [image-size] with target \"100\" (Search: contains, Contains: KB): isMatch=false","timestamp":"2026-06-14 00:32:05"}
{"level":"info","message":"   -> Evaluated Rule [image-text] with target \"logo\" (Search: contains, Contains: containing): isMatch=false","timestamp":"2026-06-14 00:32:05"}
{"level":"info","message":"   -> Evaluated Rule [image-text-length] with target \"100\" (Search: contains, Contains: undefined): isMatch=false","timestamp":"2026-06-14 00:32:05"}
{"level":"info","message":"   -> Evaluated Rule [external-link-count] with target \"10\" (Search: contains, Contains: undefined): isMatch=true","timestamp":"2026-06-14 00:32:05"}
{"level":"info","message":"   -> Evaluated Rule [incoming-link-count] with target \"5\" (Search: contains, Contains: undefined): isMatch=true","timestamp":"2026-06-14 00:32:05"}
{"level":"info","message":"   -> Evaluated Rule [heading-text] with target \"price\" (Search: contains, Contains: containing): isMatch=false","timestamp":"2026-06-14 00:32:05"}
{"level":"info","message":"   -> Evaluated Rule [header-text-length] with target \"80\" (Search: contains, Contains: undefined): isMatch=false","timestamp":"2026-06-14 00:32:05"}
{"level":"info","message":"   -> Evaluated Rule [readability-level] with target \"12\" (Search: contains, Contains: undefined): isMatch=false","timestamp":"2026-06-14 00:32:05"}
{"level":"info","message":"   -> Evaluated Rule [meta-header] with target \"keyword\" (Search: contains, Contains: containing): isMatch=false","timestamp":"2026-06-14 00:32:05"}
{"level":"info","message":"   -> Evaluated Rule [meta-header-length] with target \"160\" (Search: contains, Contains: undefined): isMatch=false","timestamp":"2026-06-14 00:32:05"}
{"level":"info","message":"   -> Evaluated Rule [page-html] with target \"<script>\" (Search: contains, Contains: containing): isMatch=true","timestamp":"2026-06-14 00:32:05"}
{"level":"info","message":"🚨 [omunim] Saved 6 policy hits to database tenant_sbi.","timestamp":"2026-06-14 00:32:05"}
{"level":"info","message":"📊 [omunim] Saved PolicySummary snapshot.","timestamp":"2026-06-14 00:32:05"}
{"level":"info","message":"✅ Policy scan completed for omunim in 1263ms","timestamp":"2026-06-14 00:32:05"}
{"level":"info","message":"Job 4 (omunim) completed successfully.","timestamp":"2026-06-14 00:32:05"}
{"level":"info","message":"[Job repeat:c10eea93bf68cc56fd5c63b351df3d32:1781377380000] 🚀 Executing scheduled global orchestration...","timestamp":"2026-06-14 00:33:00"}
{"level":"info","message":"Orchestrator: Starting global scan orchestration... ","timestamp":"2026-06-14 00:33:00"}
{"level":"info","message":"🔗 Connecting to MASTER database: master","timestamp":"2026-06-14 00:33:00"}
{"level":"info","message":"Orchestrator: Found 2 tenants to process.","timestamp":"2026-06-14 00:33:01"}
{"level":"info","message":"📁 Switching to CLIENT database: tenant_rbi (Tenant: rbi)","timestamp":"2026-06-14 00:33:01"}
{"level":"info","message":"Orchestrator: No domains found for tenant rbi (excluding those currently scanning).","timestamp":"2026-06-14 00:33:01"}
{"level":"info","message":"📁 Switching to CLIENT database: tenant_sbi (Tenant: sbi)","timestamp":"2026-06-14 00:33:01"}
{"level":"info","message":"Orchestrator: No domains found for tenant sbi (excluding those currently scanning).","timestamp":"2026-06-14 00:33:01"}
{"level":"info","message":"Orchestrator: Master DB connection closed.","timestamp":"2026-06-14 00:33:01"}
{"level":"info","message":"✅ Orchestrator: Finished. Total jobs enqueued: 0","timestamp":"2026-06-14 00:33:01"}
{"level":"info","message":"Job repeat:c10eea93bf68cc56fd5c63b351df3d32:1781377380000 (Orchestrator) completed successfully.","timestamp":"2026-06-14 00:33:01"}
{"level":"info","message":"BullBoard dashboard available at http://localhost:4100/admin/queues","timestamp":"2026-06-14 00:33:17"}
{"level":"info","message":"SEO Scan Worker initialized.","timestamp":"2026-06-14 00:33:17"}
{"level":"info","message":"🧹 Queue \"seo-scan-queue\" cleared recursively.","timestamp":"2026-06-14 00:33:17"}
{"level":"info","message":"⏰ Scheduled global orchestration every 1 minutes.","timestamp":"2026-06-14 00:33:17"}
{"level":"info","message":"SEO Scanner Service running on port 4100","timestamp":"2026-06-14 00:33:17"}
{"level":"info","message":"🚀 SCAN_ON_STARTUP is enabled. Triggering global orchestration...","timestamp":"2026-06-14 00:33:17"}
{"level":"info","message":"Orchestrator: Starting global scan orchestration... [STARTUP MODE]","timestamp":"2026-06-14 00:33:17"}
{"level":"info","message":"🔗 Connecting to MASTER database: master","timestamp":"2026-06-14 00:33:17"}
{"level":"info","message":"Orchestrator: Found 2 tenants to process.","timestamp":"2026-06-14 00:33:18"}
{"level":"info","message":"📁 Switching to CLIENT database: tenant_rbi (Tenant: rbi)","timestamp":"2026-06-14 00:33:18"}
{"level":"info","message":"✅ Successfully connected to database: tenant_rbi","timestamp":"2026-06-14 00:33:18"}
{"level":"info","message":"Orchestrator: No domains found for tenant rbi (excluding those currently scanning).","timestamp":"2026-06-14 00:33:18"}
{"level":"info","message":"📁 Switching to CLIENT database: tenant_sbi (Tenant: sbi)","timestamp":"2026-06-14 00:33:18"}
{"level":"info","message":"✅ Successfully connected to database: tenant_sbi","timestamp":"2026-06-14 00:33:18"}
{"level":"info","message":"Orchestrator: No domains found for tenant sbi (excluding those currently scanning).","timestamp":"2026-06-14 00:33:19"}
{"level":"info","message":"Orchestrator: Master DB connection closed.","timestamp":"2026-06-14 00:33:19"}
{"level":"info","message":"✅ Orchestrator: Finished. Total jobs enqueued: 0","timestamp":"2026-06-14 00:33:19"}
{"level":"info","message":"✅ Initial global scan orchestration completed.","timestamp":"2026-06-14 00:33:19"}
{"level":"info","message":"[Job repeat:c10eea93bf68cc56fd5c63b351df3d32:1781377440000] 🚀 Executing scheduled global orchestration...","timestamp":"2026-06-14 00:34:00"}
{"level":"info","message":"Orchestrator: Starting global scan orchestration... ","timestamp":"2026-06-14 00:34:00"}
{"level":"info","message":"🔗 Connecting to MASTER database: master","timestamp":"2026-06-14 00:34:00"}
{"level":"info","message":"Orchestrator: Found 2 tenants to process.","timestamp":"2026-06-14 00:34:01"}
{"level":"info","message":"📁 Switching to CLIENT database: tenant_rbi (Tenant: rbi)","timestamp":"2026-06-14 00:34:01"}
{"level":"info","message":"Orchestrator: No domains found for tenant rbi (excluding those currently scanning).","timestamp":"2026-06-14 00:34:01"}
{"level":"info","message":"📁 Switching to CLIENT database: tenant_sbi (Tenant: sbi)","timestamp":"2026-06-14 00:34:01"}
{"level":"info","message":"Orchestrator: No domains found for tenant sbi (excluding those currently scanning).","timestamp":"2026-06-14 00:34:01"}
{"level":"info","message":"Orchestrator: Master DB connection closed.","timestamp":"2026-06-14 00:34:01"}
{"level":"info","message":"✅ Orchestrator: Finished. Total jobs enqueued: 0","timestamp":"2026-06-14 00:34:01"}
{"level":"info","message":"Job repeat:c10eea93bf68cc56fd5c63b351df3d32:1781377440000 (Orchestrator) completed successfully.","timestamp":"2026-06-14 00:34:01"}
{"level":"info","message":"BullBoard dashboard available at http://localhost:4100/admin/queues","timestamp":"2026-06-14 00:34:54"}
{"level":"info","message":"SEO Scan Worker initialized.","timestamp":"2026-06-14 00:34:54"}
{"level":"info","message":"🧹 Queue \"seo-scan-queue\" cleared recursively.","timestamp":"2026-06-14 00:34:54"}
{"level":"info","message":"⏰ Scheduled global orchestration every 1 minutes.","timestamp":"2026-06-14 00:34:54"}
{"level":"info","message":"SEO Scanner Service running on port 4100","timestamp":"2026-06-14 00:34:54"}
{"level":"info","message":"🚀 SCAN_ON_STARTUP is enabled. Triggering global orchestration...","timestamp":"2026-06-14 00:34:54"}
{"level":"info","message":"Orchestrator: Starting global scan orchestration... [STARTUP MODE]","timestamp":"2026-06-14 00:34:54"}
{"level":"info","message":"🔗 Connecting to MASTER database: master","timestamp":"2026-06-14 00:34:54"}
{"level":"info","message":"Orchestrator: Found 2 tenants to process.","timestamp":"2026-06-14 00:34:54"}
{"level":"info","message":"📁 Switching to CLIENT database: tenant_rbi (Tenant: rbi)","timestamp":"2026-06-14 00:34:54"}
{"level":"info","message":"✅ Successfully connected to database: tenant_rbi","timestamp":"2026-06-14 00:34:55"}
{"level":"info","message":"Orchestrator: No domains found for tenant rbi (excluding those currently scanning).","timestamp":"2026-06-14 00:34:55"}
{"level":"info","message":"📁 Switching to CLIENT database: tenant_sbi (Tenant: sbi)","timestamp":"2026-06-14 00:34:55"}
{"level":"info","message":"✅ Successfully connected to database: tenant_sbi","timestamp":"2026-06-14 00:34:55"}
{"level":"info","message":"Orchestrator: No domains found for tenant sbi (excluding those currently scanning).","timestamp":"2026-06-14 00:34:55"}
{"level":"info","message":"Orchestrator: Master DB connection closed.","timestamp":"2026-06-14 00:34:55"}
{"level":"info","message":"✅ Orchestrator: Finished. Total jobs enqueued: 0","timestamp":"2026-06-14 00:34:55"}
{"level":"info","message":"✅ Initial global scan orchestration completed.","timestamp":"2026-06-14 00:34:55"}
{"level":"info","message":"[Job repeat:c10eea93bf68cc56fd5c63b351df3d32:1781377500000] 🚀 Executing scheduled global orchestration...","timestamp":"2026-06-14 00:35:00"}
{"level":"info","message":"Orchestrator: Starting global scan orchestration... ","timestamp":"2026-06-14 00:35:00"}
{"level":"info","message":"🔗 Connecting to MASTER database: master","timestamp":"2026-06-14 00:35:00"}
{"level":"info","message":"Orchestrator: Found 2 tenants to process.","timestamp":"2026-06-14 00:35:00"}
{"level":"info","message":"📁 Switching to CLIENT database: tenant_rbi (Tenant: rbi)","timestamp":"2026-06-14 00:35:00"}
{"level":"info","message":"Orchestrator: No domains found for tenant rbi (excluding those currently scanning).","timestamp":"2026-06-14 00:35:00"}
{"level":"info","message":"📁 Switching to CLIENT database: tenant_sbi (Tenant: sbi)","timestamp":"2026-06-14 00:35:00"}
{"level":"info","message":"Orchestrator: No domains found for tenant sbi (excluding those currently scanning).","timestamp":"2026-06-14 00:35:01"}
{"level":"info","message":"Orchestrator: Master DB connection closed.","timestamp":"2026-06-14 00:35:01"}
{"level":"info","message":"✅ Orchestrator: Finished. Total jobs enqueued: 0","timestamp":"2026-06-14 00:35:01"}
{"level":"info","message":"Job repeat:c10eea93bf68cc56fd5c63b351df3d32:1781377500000 (Orchestrator) completed successfully.","timestamp":"2026-06-14 00:35:01"}
{"level":"info","message":"Added Policy Scan Job for omunim to queue, Job ID: 3","timestamp":"2026-06-14 00:35:09"}
{"level":"info","message":"[Job 3] 🛡️ Starting Policy scan for: omunim","timestamp":"2026-06-14 00:35:09"}
{"level":"info","message":"🛡️ [omunim] Starting standalone Policy Scan (job 3)...","timestamp":"2026-06-14 00:35:09"}
{"level":"info","message":"📑 [omunim] Retrieved 4 recent domain reports for evaluation.","timestamp":"2026-06-14 00:35:09"}
{"level":"info","message":"⚖️ [omunim] Evaluating 4 policies against 4 pages.","timestamp":"2026-06-14 00:35:09"}
{"level":"info","message":"📋 Policy: \"find jewellery keywords\"","timestamp":"2026-06-14 00:35:09"}
{"level":"info","message":"   Rule 1: Type=[text], Target=[jewellery], SearchType=[Contains], Contains/Unit=[containing]","timestamp":"2026-06-14 00:35:09"}
{"level":"info","message":"📋 Policy: \"Images greater than 100kB\"","timestamp":"2026-06-14 00:35:09"}
{"level":"info","message":"   Rule 1: Type=[image-size], Target=[100], SearchType=[Greater than], Contains/Unit=[KB]","timestamp":"2026-06-14 00:35:09"}
{"level":"info","message":"📋 Policy: \"Sample Policy with All Rules (Test)\"","timestamp":"2026-06-14 00:35:09"}
{"level":"info","message":"   Rule 1: Type=[text], Target=[jewellery], SearchType=[Contains], Contains/Unit=[containing]","timestamp":"2026-06-14 00:35:09"}
{"level":"info","message":"   Rule 2: Type=[page-title], Target=[jewellery], SearchType=[Contains], Contains/Unit=[containing]","timestamp":"2026-06-14 00:35:09"}
{"level":"info","message":"   Rule 3: Type=[page-title-length], Target=[60], SearchType=[Greater than], Contains/Unit=[]","timestamp":"2026-06-14 00:35:09"}
{"level":"info","message":"   Rule 4: Type=[page-url], Target=[shop], SearchType=[Contains], Contains/Unit=[containing]","timestamp":"2026-06-14 00:35:09"}
{"level":"info","message":"   Rule 5: Type=[link], Target=[contact], SearchType=[Contains], Contains/Unit=[containing]","timestamp":"2026-06-14 00:35:09"}
{"level":"info","message":"   Rule 6: Type=[link-text], Target=[buy], SearchType=[Contains], Contains/Unit=[containing]","timestamp":"2026-06-14 00:35:09"}
{"level":"info","message":"   Rule 7: Type=[link-text-length], Target=[50], SearchType=[Greater than], Contains/Unit=[]","timestamp":"2026-06-14 00:35:09"}
{"level":"info","message":"   Rule 8: Type=[file-size], Target=[5], SearchType=[Greater than], Contains/Unit=[MB]","timestamp":"2026-06-14 00:35:09"}
{"level":"info","message":"   Rule 9: Type=[image-size], Target=[100], SearchType=[Greater than], Contains/Unit=[KB]","timestamp":"2026-06-14 00:35:09"}
{"level":"info","message":"   Rule 10: Type=[image-text], Target=[logo], SearchType=[Contains], Contains/Unit=[containing]","timestamp":"2026-06-14 00:35:09"}
{"level":"info","message":"   Rule 11: Type=[image-text-length], Target=[100], SearchType=[Greater than], Contains/Unit=[]","timestamp":"2026-06-14 00:35:09"}
{"level":"info","message":"   Rule 12: Type=[external-link-count], Target=[10], SearchType=[Greater than], Contains/Unit=[]","timestamp":"2026-06-14 00:35:09"}
{"level":"info","message":"   Rule 13: Type=[incoming-link-count], Target=[5], SearchType=[Greater than], Contains/Unit=[]","timestamp":"2026-06-14 00:35:09"}
{"level":"info","message":"   Rule 14: Type=[heading-text], Target=[price], SearchType=[Contains], Contains/Unit=[containing]","timestamp":"2026-06-14 00:35:09"}
{"level":"info","message":"   Rule 15: Type=[header-text-length], Target=[80], SearchType=[Greater than], Contains/Unit=[]","timestamp":"2026-06-14 00:35:09"}
{"level":"info","message":"   Rule 16: Type=[readability-level], Target=[12], SearchType=[Greater than], Contains/Unit=[]","timestamp":"2026-06-14 00:35:09"}
{"level":"info","message":"   Rule 17: Type=[meta-header], Target=[keyword], SearchType=[Contains], Contains/Unit=[containing]","timestamp":"2026-06-14 00:35:09"}
{"level":"info","message":"   Rule 18: Type=[meta-header-length], Target=[160], SearchType=[Greater than], Contains/Unit=[]","timestamp":"2026-06-14 00:35:09"}
{"level":"info","message":"   Rule 19: Type=[page-html], Target=[<script>], SearchType=[Contains], Contains/Unit=[containing]","timestamp":"2026-06-14 00:35:09"}
{"level":"info","message":"📋 Policy: \"Sample Policy with All Rules (Global)\"","timestamp":"2026-06-14 00:35:09"}
{"level":"info","message":"   Rule 1: Type=[text], Target=[jewellery], SearchType=[Contains], Contains/Unit=[containing]","timestamp":"2026-06-14 00:35:09"}
{"level":"info","message":"   Rule 2: Type=[page-title], Target=[jewellery], SearchType=[Contains], Contains/Unit=[containing]","timestamp":"2026-06-14 00:35:09"}
{"level":"info","message":"   Rule 3: Type=[page-title-length], Target=[60], SearchType=[Greater than], Contains/Unit=[]","timestamp":"2026-06-14 00:35:09"}
{"level":"info","message":"   Rule 4: Type=[page-url], Target=[shop], SearchType=[Contains], Contains/Unit=[containing]","timestamp":"2026-06-14 00:35:09"}
{"level":"info","message":"   Rule 5: Type=[link], Target=[contact], SearchType=[Contains], Contains/Unit=[containing]","timestamp":"2026-06-14 00:35:09"}
{"level":"info","message":"   Rule 6: Type=[link-text], Target=[buy], SearchType=[Contains], Contains/Unit=[containing]","timestamp":"2026-06-14 00:35:09"}
{"level":"info","message":"   Rule 7: Type=[link-text-length], Target=[50], SearchType=[Greater than], Contains/Unit=[]","timestamp":"2026-06-14 00:35:09"}
{"level":"info","message":"   Rule 8: Type=[file-size], Target=[5], SearchType=[Greater than], Contains/Unit=[MB]","timestamp":"2026-06-14 00:35:09"}
{"level":"info","message":"   Rule 9: Type=[image-size], Target=[100], SearchType=[Greater than], Contains/Unit=[KB]","timestamp":"2026-06-14 00:35:09"}
{"level":"info","message":"   Rule 10: Type=[image-text], Target=[logo], SearchType=[Contains], Contains/Unit=[containing]","timestamp":"2026-06-14 00:35:09"}
{"level":"info","message":"   Rule 11: Type=[image-text-length], Target=[100], SearchType=[Greater than], Contains/Unit=[]","timestamp":"2026-06-14 00:35:09"}
{"level":"info","message":"   Rule 12: Type=[external-link-count], Target=[10], SearchType=[Greater than], Contains/Unit=[]","timestamp":"2026-06-14 00:35:09"}
{"level":"info","message":"   Rule 13: Type=[incoming-link-count], Target=[5], SearchType=[Greater than], Contains/Unit=[]","timestamp":"2026-06-14 00:35:09"}
{"level":"info","message":"   Rule 14: Type=[heading-text], Target=[price], SearchType=[Contains], Contains/Unit=[containing]","timestamp":"2026-06-14 00:35:09"}
{"level":"info","message":"   Rule 15: Type=[header-text-length], Target=[80], SearchType=[Greater than], Contains/Unit=[]","timestamp":"2026-06-14 00:35:09"}
{"level":"info","message":"   Rule 16: Type=[readability-level], Target=[12], SearchType=[Greater than], Contains/Unit=[]","timestamp":"2026-06-14 00:35:09"}
{"level":"info","message":"   Rule 17: Type=[meta-header], Target=[keyword], SearchType=[Contains], Contains/Unit=[containing]","timestamp":"2026-06-14 00:35:09"}
{"level":"info","message":"   Rule 18: Type=[meta-header-length], Target=[160], SearchType=[Greater than], Contains/Unit=[]","timestamp":"2026-06-14 00:35:09"}
{"level":"info","message":"   Rule 19: Type=[page-html], Target=[<script>], SearchType=[Contains], Contains/Unit=[containing]","timestamp":"2026-06-14 00:35:09"}
{"level":"info","message":"🌐 [omunim] Fetching live HTML content for 4 pages (text-based rules detected)...","timestamp":"2026-06-14 00:35:09"}
{"level":"info","message":"   -> 🔍 Scan [text] | Target: \"jewellery\" (containing) | Operator: \"contains\" | Actual: [Content length: 4862] | Result: ✅ MATCH","timestamp":"2026-06-14 00:35:09"}
{"level":"info","message":"   -> 🔍 Scan [image-size] | Target: \"100\" (KB) | Operator: \"Greater than\" | Actual: [22 images] | Result: ✅ MATCH","timestamp":"2026-06-14 00:35:09"}
{"level":"info","message":"   -> 🔍 Scan [text] | Target: \"jewellery\" (containing) | Operator: \"contains\" | Actual: [Content length: 4862] | Result: ✅ MATCH","timestamp":"2026-06-14 00:35:09"}
{"level":"info","message":"   -> 🔍 Scan [page-title] | Target: \"jewellery\" (containing) | Operator: \"contains\" | Actual: \"Jewellery Software | Jewellery\" | Result: ✅ MATCH","timestamp":"2026-06-14 00:35:09"}
{"level":"info","message":"   -> 🔍 Scan [page-title-length] | Target: \"60\" | Operator: \"Greater than\" | Actual: 60 | Result: ❌ NO MATCH","timestamp":"2026-06-14 00:35:09"}
{"level":"info","message":"   -> 🔍 Scan [page-url] | Target: \"shop\" (containing) | Operator: \"contains\" | Actual: \"https://omunim.com/signin\" | Result: ❌ NO MATCH","timestamp":"2026-06-14 00:35:09"}
{"level":"info","message":"   -> 🔍 Scan [link] | Target: \"contact\" (containing) | Operator: \"contains\" | Actual: [0 links] | Result: ❌ NO MATCH","timestamp":"2026-06-14 00:35:09"}
{"level":"info","message":"   -> 🔍 Scan [link-text] | Target: \"buy\" (containing) | Operator: \"contains\" | Actual: [0 links] | Result: ❌ NO MATCH","timestamp":"2026-06-14 00:35:09"}
{"level":"info","message":"   -> 🔍 Scan [link-text-length] | Target: \"50\" | Operator: \"Greater than\" | Actual: [0 links] | Result: ❌ NO MATCH","timestamp":"2026-06-14 00:35:09"}
{"level":"info","message":"   -> 🔍 Scan [file-size] | Target: \"5\" (MB) | Operator: \"Greater than\" | Actual: 1506.169921875 | Result: ❌ NO MATCH","timestamp":"2026-06-14 00:35:09"}
{"level":"info","message":"   -> 🔍 Scan [image-size] | Target: \"100\" (KB) | Operator: \"Greater than\" | Actual: [22 images] | Result: ✅ MATCH","timestamp":"2026-06-14 00:35:09"}
{"level":"info","message":"   -> 🔍 Scan [image-text] | Target: \"logo\" (containing) | Operator: \"contains\" | Actual: [22 images] | Result: ❌ NO MATCH","timestamp":"2026-06-14 00:35:09"}
{"level":"info","message":"   -> 🔍 Scan [image-text-length] | Target: \"100\" | Operator: \"Greater than\" | Actual: [22 images] | Result: ❌ NO MATCH","timestamp":"2026-06-14 00:35:09"}
{"level":"info","message":"   -> 🔍 Scan [external-link-count] | Target: \"10\" | Operator: \"Greater than\" | Actual: 13 | Result: ✅ MATCH","timestamp":"2026-06-14 00:35:09"}
{"level":"info","message":"   -> 🔍 Scan [incoming-link-count] | Target: \"5\" | Operator: \"Greater than\" | Actual: 18 | Result: ✅ MATCH","timestamp":"2026-06-14 00:35:09"}
{"level":"info","message":"   -> 🔍 Scan [heading-text] | Target: \"price\" (containing) | Operator: \"contains\" | Actual: [0 headings] | Result: ❌ NO MATCH","timestamp":"2026-06-14 00:35:09"}
{"level":"info","message":"   -> 🔍 Scan [header-text-length] | Target: \"80\" | Operator: \"Greater than\" | Actual: [0 headings] | Result: ❌ NO MATCH","timestamp":"2026-06-14 00:35:09"}
{"level":"info","message":"   -> 🔍 Scan [readability-level] | Target: \"12\" | Operator: \"Greater than\" | Actual: 0 | Result: ❌ NO MATCH","timestamp":"2026-06-14 00:35:09"}
{"level":"info","message":"   -> 🔍 Scan [meta-header] | Target: \"keyword\" (containing) | Operator: \"contains\" | Actual: [Content length: 4862] | Result: ❌ NO MATCH","timestamp":"2026-06-14 00:35:09"}
{"level":"info","message":"   -> 🔍 Scan [meta-header-length] | Target: \"160\" | Operator: \"Greater than\" | Actual: 160 | Result: ❌ NO MATCH","timestamp":"2026-06-14 00:35:09"}
{"level":"info","message":"   -> 🔍 Scan [page-html] | Target: \"<script>\" (containing) | Operator: \"contains\" | Actual: [Content length: 4862] | Result: ✅ MATCH","timestamp":"2026-06-14 00:35:09"}
{"level":"info","message":"   -> 🔍 Scan [text] | Target: \"jewellery\" (containing) | Operator: \"contains\" | Actual: [Content length: 4862] | Result: ✅ MATCH","timestamp":"2026-06-14 00:35:09"}
{"level":"info","message":"   -> 🔍 Scan [page-title] | Target: \"jewellery\" (containing) | Operator: \"contains\" | Actual: \"Jewellery Software | Jewellery\" | Result: ✅ MATCH","timestamp":"2026-06-14 00:35:09"}
{"level":"info","message":"   -> 🔍 Scan [page-title-length] | Target: \"60\" | Operator: \"Greater than\" | Actual: 60 | Result: ❌ NO MATCH","timestamp":"2026-06-14 00:35:09"}
{"level":"info","message":"   -> 🔍 Scan [page-url] | Target: \"shop\" (containing) | Operator: \"contains\" | Actual: \"https://omunim.com/signin\" | Result: ❌ NO MATCH","timestamp":"2026-06-14 00:35:09"}
{"level":"info","message":"   -> 🔍 Scan [link] | Target: \"contact\" (containing) | Operator: \"contains\" | Actual: [0 links] | Result: ❌ NO MATCH","timestamp":"2026-06-14 00:35:09"}
{"level":"info","message":"   -> 🔍 Scan [link-text] | Target: \"buy\" (containing) | Operator: \"contains\" | Actual: [0 links] | Result: ❌ NO MATCH","timestamp":"2026-06-14 00:35:09"}
{"level":"info","message":"   -> 🔍 Scan [link-text-length] | Target: \"50\" | Operator: \"Greater than\" | Actual: [0 links] | Result: ❌ NO MATCH","timestamp":"2026-06-14 00:35:09"}
{"level":"info","message":"   -> 🔍 Scan [file-size] | Target: \"5\" (MB) | Operator: \"Greater than\" | Actual: 1506.169921875 | Result: ❌ NO MATCH","timestamp":"2026-06-14 00:35:09"}
{"level":"info","message":"   -> 🔍 Scan [image-size] | Target: \"100\" (KB) | Operator: \"Greater than\" | Actual: [22 images] | Result: ✅ MATCH","timestamp":"2026-06-14 00:35:09"}
{"level":"info","message":"   -> 🔍 Scan [image-text] | Target: \"logo\" (containing) | Operator: \"contains\" | Actual: [22 images] | Result: ❌ NO MATCH","timestamp":"2026-06-14 00:35:09"}
{"level":"info","message":"   -> 🔍 Scan [image-text-length] | Target: \"100\" | Operator: \"Greater than\" | Actual: [22 images] | Result: ❌ NO MATCH","timestamp":"2026-06-14 00:35:09"}
{"level":"info","message":"   -> 🔍 Scan [external-link-count] | Target: \"10\" | Operator: \"Greater than\" | Actual: 13 | Result: ✅ MATCH","timestamp":"2026-06-14 00:35:09"}
{"level":"info","message":"   -> 🔍 Scan [incoming-link-count] | Target: \"5\" | Operator: \"Greater than\" | Actual: 18 | Result: ✅ MATCH","timestamp":"2026-06-14 00:35:09"}
{"level":"info","message":"   -> 🔍 Scan [heading-text] | Target: \"price\" (containing) | Operator: \"contains\" | Actual: [0 headings] | Result: ❌ NO MATCH","timestamp":"2026-06-14 00:35:09"}
{"level":"info","message":"   -> 🔍 Scan [header-text-length] | Target: \"80\" | Operator: \"Greater than\" | Actual: [0 headings] | Result: ❌ NO MATCH","timestamp":"2026-06-14 00:35:09"}
{"level":"info","message":"   -> 🔍 Scan [readability-level] | Target: \"12\" | Operator: \"Greater than\" | Actual: 0 | Result: ❌ NO MATCH","timestamp":"2026-06-14 00:35:09"}
{"level":"info","message":"   -> 🔍 Scan [meta-header] | Target: \"keyword\" (containing) | Operator: \"contains\" | Actual: [Content length: 4862] | Result: ❌ NO MATCH","timestamp":"2026-06-14 00:35:09"}
{"level":"info","message":"   -> 🔍 Scan [meta-header-length] | Target: \"160\" | Operator: \"Greater than\" | Actual: 160 | Result: ❌ NO MATCH","timestamp":"2026-06-14 00:35:09"}
{"level":"info","message":"   -> 🔍 Scan [page-html] | Target: \"<script>\" (containing) | Operator: \"contains\" | Actual: [Content length: 4862] | Result: ✅ MATCH","timestamp":"2026-06-14 00:35:09"}
{"level":"info","message":"   -> 🔍 Scan [text] | Target: \"jewellery\" (containing) | Operator: \"contains\" | Actual: [Content length: 16317] | Result: ✅ MATCH","timestamp":"2026-06-14 00:35:09"}
{"level":"info","message":"   -> 🔍 Scan [image-size] | Target: \"100\" (KB) | Operator: \"Greater than\" | Actual: [104 images] | Result: ❌ NO MATCH","timestamp":"2026-06-14 00:35:09"}
{"level":"info","message":"   -> 🔍 Scan [text] | Target: \"jewellery\" (containing) | Operator: \"contains\" | Actual: [Content length: 16317] | Result: ✅ MATCH","timestamp":"2026-06-14 00:35:09"}
{"level":"info","message":"   -> 🔍 Scan [page-title] | Target: \"jewellery\" (containing) | Operator: \"contains\" | Actual: \"Jewellery Software | Jewellery\" | Result: ✅ MATCH","timestamp":"2026-06-14 00:35:09"}
{"level":"info","message":"   -> 🔍 Scan [page-title-length] | Target: \"60\" | Operator: \"Greater than\" | Actual: 60 | Result: ❌ NO MATCH","timestamp":"2026-06-14 00:35:09"}
{"level":"info","message":"   -> 🔍 Scan [page-url] | Target: \"shop\" (containing) | Operator: \"contains\" | Actual: \"https://omunim.com/\" | Result: ❌ NO MATCH","timestamp":"2026-06-14 00:35:09"}
{"level":"info","message":"   -> 🔍 Scan [link] | Target: \"contact\" (containing) | Operator: \"contains\" | Actual: [0 links] | Result: ❌ NO MATCH","timestamp":"2026-06-14 00:35:09"}
{"level":"info","message":"   -> 🔍 Scan [link-text] | Target: \"buy\" (containing) | Operator: \"contains\" | Actual: [0 links] | Result: ❌ NO MATCH","timestamp":"2026-06-14 00:35:09"}
{"level":"info","message":"   -> 🔍 Scan [link-text-length] | Target: \"50\" | Operator: \"Greater than\" | Actual: [0 links] | Result: ❌ NO MATCH","timestamp":"2026-06-14 00:35:09"}
{"level":"info","message":"   -> 🔍 Scan [file-size] | Target: \"5\" (MB) | Operator: \"Greater than\" | Actual: 2085.486328125 | Result: ❌ NO MATCH","timestamp":"2026-06-14 00:35:09"}
{"level":"info","message":"   -> 🔍 Scan [image-size] | Target: \"100\" (KB) | Operator: \"Greater than\" | Actual: [104 images] | Result: ❌ NO MATCH","timestamp":"2026-06-14 00:35:09"}
{"level":"info","message":"   -> 🔍 Scan [image-text] | Target: \"logo\" (containing) | Operator: \"contains\" | Actual: [104 images] | Result: ❌ NO MATCH","timestamp":"2026-06-14 00:35:09"}
{"level":"info","message":"   -> 🔍 Scan [image-text-length] | Target: \"100\" | Operator: \"Greater than\" | Actual: [104 images] | Result: ❌ NO MATCH","timestamp":"2026-06-14 00:35:09"}
{"level":"info","message":"   -> 🔍 Scan [external-link-count] | Target: \"10\" | Operator: \"Greater than\" | Actual: 17 | Result: ✅ MATCH","timestamp":"2026-06-14 00:35:09"}
{"level":"info","message":"   -> 🔍 Scan [incoming-link-count] | Target: \"5\" | Operator: \"Greater than\" | Actual: 21 | Result: ✅ MATCH","timestamp":"2026-06-14 00:35:09"}
{"level":"info","message":"   -> 🔍 Scan [heading-text] | Target: \"price\" (containing) | Operator: \"contains\" | Actual: [0 headings] | Result: ❌ NO MATCH","timestamp":"2026-06-14 00:35:09"}
{"level":"info","message":"   -> 🔍 Scan [header-text-length] | Target: \"80\" | Operator: \"Greater than\" | Actual: [0 headings] | Result: ❌ NO MATCH","timestamp":"2026-06-14 00:35:09"}
{"level":"info","message":"   -> 🔍 Scan [readability-level] | Target: \"12\" | Operator: \"Greater than\" | Actual: 0 | Result: ❌ NO MATCH","timestamp":"2026-06-14 00:35:09"}
{"level":"info","message":"   -> 🔍 Scan [meta-header] | Target: \"keyword\" (containing) | Operator: \"contains\" | Actual: [Content length: 16317] | Result: ❌ NO MATCH","timestamp":"2026-06-14 00:35:09"}
{"level":"info","message":"   -> 🔍 Scan [meta-header-length] | Target: \"160\" | Operator: \"Greater than\" | Actual: 160 | Result: ❌ NO MATCH","timestamp":"2026-06-14 00:35:09"}
{"level":"info","message":"   -> 🔍 Scan [page-html] | Target: \"<script>\" (containing) | Operator: \"contains\" | Actual: [Content length: 16317] | Result: ✅ MATCH","timestamp":"2026-06-14 00:35:09"}
{"level":"info","message":"   -> 🔍 Scan [text] | Target: \"jewellery\" (containing) | Operator: \"contains\" | Actual: [Content length: 16317] | Result: ✅ MATCH","timestamp":"2026-06-14 00:35:09"}
{"level":"info","message":"   -> 🔍 Scan [page-title] | Target: \"jewellery\" (containing) | Operator: \"contains\" | Actual: \"Jewellery Software | Jewellery\" | Result: ✅ MATCH","timestamp":"2026-06-14 00:35:09"}
{"level":"info","message":"   -> 🔍 Scan [page-title-length] | Target: \"60\" | Operator: \"Greater than\" | Actual: 60 | Result: ❌ NO MATCH","timestamp":"2026-06-14 00:35:09"}
{"level":"info","message":"   -> 🔍 Scan [page-url] | Target: \"shop\" (containing) | Operator: \"contains\" | Actual: \"https://omunim.com/\" | Result: ❌ NO MATCH","timestamp":"2026-06-14 00:35:09"}
{"level":"info","message":"   -> 🔍 Scan [link] | Target: \"contact\" (containing) | Operator: \"contains\" | Actual: [0 links] | Result: ❌ NO MATCH","timestamp":"2026-06-14 00:35:09"}
{"level":"info","message":"   -> 🔍 Scan [link-text] | Target: \"buy\" (containing) | Operator: \"contains\" | Actual: [0 links] | Result: ❌ NO MATCH","timestamp":"2026-06-14 00:35:09"}
{"level":"info","message":"   -> 🔍 Scan [link-text-length] | Target: \"50\" | Operator: \"Greater than\" | Actual: [0 links] | Result: ❌ NO MATCH","timestamp":"2026-06-14 00:35:09"}
{"level":"info","message":"   -> 🔍 Scan [file-size] | Target: \"5\" (MB) | Operator: \"Greater than\" | Actual: 2085.486328125 | Result: ❌ NO MATCH","timestamp":"2026-06-14 00:35:09"}
{"level":"info","message":"   -> 🔍 Scan [image-size] | Target: \"100\" (KB) | Operator: \"Greater than\" | Actual: [104 images] | Result: ❌ NO MATCH","timestamp":"2026-06-14 00:35:09"}
{"level":"info","message":"   -> 🔍 Scan [image-text] | Target: \"logo\" (containing) | Operator: \"contains\" | Actual: [104 images] | Result: ❌ NO MATCH","timestamp":"2026-06-14 00:35:09"}
{"level":"info","message":"   -> 🔍 Scan [image-text-length] | Target: \"100\" | Operator: \"Greater than\" | Actual: [104 images] | Result: ❌ NO MATCH","timestamp":"2026-06-14 00:35:09"}
{"level":"info","message":"   -> 🔍 Scan [external-link-count] | Target: \"10\" | Operator: \"Greater than\" | Actual: 17 | Result: ✅ MATCH","timestamp":"2026-06-14 00:35:09"}
{"level":"info","message":"   -> 🔍 Scan [incoming-link-count] | Target: \"5\" | Operator: \"Greater than\" | Actual: 21 | Result: ✅ MATCH","timestamp":"2026-06-14 00:35:09"}
{"level":"info","message":"   -> 🔍 Scan [heading-text] | Target: \"price\" (containing) | Operator: \"contains\" | Actual: [0 headings] | Result: ❌ NO MATCH","timestamp":"2026-06-14 00:35:09"}
{"level":"info","message":"   -> 🔍 Scan [header-text-length] | Target: \"80\" | Operator: \"Greater than\" | Actual: [0 headings] | Result: ❌ NO MATCH","timestamp":"2026-06-14 00:35:09"}
{"level":"info","message":"   -> 🔍 Scan [readability-level] | Target: \"12\" | Operator: \"Greater than\" | Actual: 0 | Result: ❌ NO MATCH","timestamp":"2026-06-14 00:35:09"}
{"level":"info","message":"   -> 🔍 Scan [meta-header] | Target: \"keyword\" (containing) | Operator: \"contains\" | Actual: [Content length: 16317] | Result: ❌ NO MATCH","timestamp":"2026-06-14 00:35:09"}
{"level":"info","message":"   -> 🔍 Scan [meta-header-length] | Target: \"160\" | Operator: \"Greater than\" | Actual: 160 | Result: ❌ NO MATCH","timestamp":"2026-06-14 00:35:09"}
{"level":"info","message":"   -> 🔍 Scan [page-html] | Target: \"<script>\" (containing) | Operator: \"contains\" | Actual: [Content length: 16317] | Result: ✅ MATCH","timestamp":"2026-06-14 00:35:09"}
{"level":"info","message":"   -> 🔍 Scan [text] | Target: \"jewellery\" (containing) | Operator: \"contains\" | Actual: [Content length: 9820] | Result: ✅ MATCH","timestamp":"2026-06-14 00:35:09"}
{"level":"info","message":"   -> 🔍 Scan [image-size] | Target: \"100\" (KB) | Operator: \"Greater than\" | Actual: [53 images] | Result: ✅ MATCH","timestamp":"2026-06-14 00:35:09"}
{"level":"info","message":"   -> 🔍 Scan [text] | Target: \"jewellery\" (containing) | Operator: \"contains\" | Actual: [Content length: 9820] | Result: ✅ MATCH","timestamp":"2026-06-14 00:35:09"}
{"level":"info","message":"   -> 🔍 Scan [page-title] | Target: \"jewellery\" (containing) | Operator: \"contains\" | Actual: \"Best Jewellery Billing Softwar\" | Result: ✅ MATCH","timestamp":"2026-06-14 00:35:09"}
{"level":"info","message":"   -> 🔍 Scan [page-title-length] | Target: \"60\" | Operator: \"Greater than\" | Actual: 69 | Result: ✅ MATCH","timestamp":"2026-06-14 00:35:09"}
{"level":"info","message":"   -> 🔍 Scan [page-url] | Target: \"shop\" (containing) | Operator: \"contains\" | Actual: \"https://omunim.com/jewellery-billing-software\" | Result: ❌ NO MATCH","timestamp":"2026-06-14 00:35:09"}
{"level":"info","message":"   -> 🔍 Scan [link] | Target: \"contact\" (containing) | Operator: \"contains\" | Actual: [0 links] | Result: ❌ NO MATCH","timestamp":"2026-06-14 00:35:09"}
{"level":"info","message":"   -> 🔍 Scan [link-text] | Target: \"buy\" (containing) | Operator: \"contains\" | Actual: [0 links] | Result: ❌ NO MATCH","timestamp":"2026-06-14 00:35:09"}
{"level":"info","message":"   -> 🔍 Scan [link-text-length] | Target: \"50\" | Operator: \"Greater than\" | Actual: [0 links] | Result: ❌ NO MATCH","timestamp":"2026-06-14 00:35:09"}
{"level":"info","message":"   -> 🔍 Scan [file-size] | Target: \"5\" (MB) | Operator: \"Greater than\" | Actual: 2997.67578125 | Result: ❌ NO MATCH","timestamp":"2026-06-14 00:35:09"}
{"level":"info","message":"   -> 🔍 Scan [image-size] | Target: \"100\" (KB) | Operator: \"Greater than\" | Actual: [53 images] | Result: ✅ MATCH","timestamp":"2026-06-14 00:35:09"}
{"level":"info","message":"   -> 🔍 Scan [image-text] | Target: \"logo\" (containing) | Operator: \"contains\" | Actual: [53 images] | Result: ❌ NO MATCH","timestamp":"2026-06-14 00:35:09"}
{"level":"info","message":"   -> 🔍 Scan [image-text-length] | Target: \"100\" | Operator: \"Greater than\" | Actual: [53 images] | Result: ❌ NO MATCH","timestamp":"2026-06-14 00:35:09"}
{"level":"info","message":"   -> 🔍 Scan [external-link-count] | Target: \"10\" | Operator: \"Greater than\" | Actual: 13 | Result: ✅ MATCH","timestamp":"2026-06-14 00:35:09"}
{"level":"info","message":"   -> 🔍 Scan [incoming-link-count] | Target: \"5\" | Operator: \"Greater than\" | Actual: 19 | Result: ✅ MATCH","timestamp":"2026-06-14 00:35:09"}
{"level":"info","message":"   -> 🔍 Scan [heading-text] | Target: \"price\" (containing) | Operator: \"contains\" | Actual: [0 headings] | Result: ❌ NO MATCH","timestamp":"2026-06-14 00:35:09"}
{"level":"info","message":"   -> 🔍 Scan [header-text-length] | Target: \"80\" | Operator: \"Greater than\" | Actual: [0 headings] | Result: ❌ NO MATCH","timestamp":"2026-06-14 00:35:09"}
{"level":"info","message":"   -> 🔍 Scan [readability-level] | Target: \"12\" | Operator: \"Greater than\" | Actual: 0 | Result: ❌ NO MATCH","timestamp":"2026-06-14 00:35:09"}
{"level":"info","message":"   -> 🔍 Scan [meta-header] | Target: \"keyword\" (containing) | Operator: \"contains\" | Actual: [Content length: 9820] | Result: ❌ NO MATCH","timestamp":"2026-06-14 00:35:09"}
{"level":"info","message":"   -> 🔍 Scan [meta-header-length] | Target: \"160\" | Operator: \"Greater than\" | Actual: 162 | Result: ✅ MATCH","timestamp":"2026-06-14 00:35:09"}
{"level":"info","message":"   -> 🔍 Scan [page-html] | Target: \"<script>\" (containing) | Operator: \"contains\" | Actual: [Content length: 9820] | Result: ✅ MATCH","timestamp":"2026-06-14 00:35:09"}
{"level":"info","message":"   -> 🔍 Scan [text] | Target: \"jewellery\" (containing) | Operator: \"contains\" | Actual: [Content length: 9820] | Result: ✅ MATCH","timestamp":"2026-06-14 00:35:09"}
{"level":"info","message":"   -> 🔍 Scan [page-title] | Target: \"jewellery\" (containing) | Operator: \"contains\" | Actual: \"Best Jewellery Billing Softwar\" | Result: ✅ MATCH","timestamp":"2026-06-14 00:35:09"}
{"level":"info","message":"   -> 🔍 Scan [page-title-length] | Target: \"60\" | Operator: \"Greater than\" | Actual: 69 | Result: ✅ MATCH","timestamp":"2026-06-14 00:35:09"}
{"level":"info","message":"   -> 🔍 Scan [page-url] | Target: \"shop\" (containing) | Operator: \"contains\" | Actual: \"https://omunim.com/jewellery-billing-software\" | Result: ❌ NO MATCH","timestamp":"2026-06-14 00:35:09"}
{"level":"info","message":"   -> 🔍 Scan [link] | Target: \"contact\" (containing) | Operator: \"contains\" | Actual: [0 links] | Result: ❌ NO MATCH","timestamp":"2026-06-14 00:35:09"}
{"level":"info","message":"   -> 🔍 Scan [link-text] | Target: \"buy\" (containing) | Operator: \"contains\" | Actual: [0 links] | Result: ❌ NO MATCH","timestamp":"2026-06-14 00:35:09"}
{"level":"info","message":"   -> 🔍 Scan [link-text-length] | Target: \"50\" | Operator: \"Greater than\" | Actual: [0 links] | Result: ❌ NO MATCH","timestamp":"2026-06-14 00:35:09"}
{"level":"info","message":"   -> 🔍 Scan [file-size] | Target: \"5\" (MB) | Operator: \"Greater than\" | Actual: 2997.67578125 | Result: ❌ NO MATCH","timestamp":"2026-06-14 00:35:09"}
{"level":"info","message":"   -> 🔍 Scan [image-size] | Target: \"100\" (KB) | Operator: \"Greater than\" | Actual: [53 images] | Result: ✅ MATCH","timestamp":"2026-06-14 00:35:09"}
{"level":"info","message":"   -> 🔍 Scan [image-text] | Target: \"logo\" (containing) | Operator: \"contains\" | Actual: [53 images] | Result: ❌ NO MATCH","timestamp":"2026-06-14 00:35:09"}
{"level":"info","message":"   -> 🔍 Scan [image-text-length] | Target: \"100\" | Operator: \"Greater than\" | Actual: [53 images] | Result: ❌ NO MATCH","timestamp":"2026-06-14 00:35:09"}
{"level":"info","message":"   -> 🔍 Scan [external-link-count] | Target: \"10\" | Operator: \"Greater than\" | Actual: 13 | Result: ✅ MATCH","timestamp":"2026-06-14 00:35:09"}
{"level":"info","message":"   -> 🔍 Scan [incoming-link-count] | Target: \"5\" | Operator: \"Greater than\" | Actual: 19 | Result: ✅ MATCH","timestamp":"2026-06-14 00:35:09"}
{"level":"info","message":"   -> 🔍 Scan [heading-text] | Target: \"price\" (containing) | Operator: \"contains\" | Actual: [0 headings] | Result: ❌ NO MATCH","timestamp":"2026-06-14 00:35:09"}
{"level":"info","message":"   -> 🔍 Scan [header-text-length] | Target: \"80\" | Operator: \"Greater than\" | Actual: [0 headings] | Result: ❌ NO MATCH","timestamp":"2026-06-14 00:35:09"}
{"level":"info","message":"   -> 🔍 Scan [readability-level] | Target: \"12\" | Operator: \"Greater than\" | Actual: 0 | Result: ❌ NO MATCH","timestamp":"2026-06-14 00:35:09"}
{"level":"info","message":"   -> 🔍 Scan [meta-header] | Target: \"keyword\" (containing) | Operator: \"contains\" | Actual: [Content length: 9820] | Result: ❌ NO MATCH","timestamp":"2026-06-14 00:35:09"}
{"level":"info","message":"   -> 🔍 Scan [meta-header-length] | Target: \"160\" | Operator: \"Greater than\" | Actual: 162 | Result: ✅ MATCH","timestamp":"2026-06-14 00:35:09"}
{"level":"info","message":"   -> 🔍 Scan [page-html] | Target: \"<script>\" (containing) | Operator: \"contains\" | Actual: [Content length: 9820] | Result: ✅ MATCH","timestamp":"2026-06-14 00:35:09"}
{"level":"info","message":"   -> 🔍 Scan [text] | Target: \"jewellery\" (containing) | Operator: \"contains\" | Actual: [Content length: 16317] | Result: ✅ MATCH","timestamp":"2026-06-14 00:35:09"}
{"level":"info","message":"   -> 🔍 Scan [image-size] | Target: \"100\" (KB) | Operator: \"Greater than\" | Actual: [104 images] | Result: ❌ NO MATCH","timestamp":"2026-06-14 00:35:09"}
{"level":"info","message":"   -> 🔍 Scan [text] | Target: \"jewellery\" (containing) | Operator: \"contains\" | Actual: [Content length: 16317] | Result: ✅ MATCH","timestamp":"2026-06-14 00:35:09"}
{"level":"info","message":"   -> 🔍 Scan [page-title] | Target: \"jewellery\" (containing) | Operator: \"contains\" | Actual: \"Jewellery Software | Jewellery\" | Result: ✅ MATCH","timestamp":"2026-06-14 00:35:09"}
{"level":"info","message":"   -> 🔍 Scan [page-title-length] | Target: \"60\" | Operator: \"Greater than\" | Actual: 60 | Result: ❌ NO MATCH","timestamp":"2026-06-14 00:35:09"}
{"level":"info","message":"   -> 🔍 Scan [page-url] | Target: \"shop\" (containing) | Operator: \"contains\" | Actual: \"https://omunim.com/jewellery-software\" | Result: ❌ NO MATCH","timestamp":"2026-06-14 00:35:09"}
{"level":"info","message":"   -> 🔍 Scan [link] | Target: \"contact\" (containing) | Operator: \"contains\" | Actual: [0 links] | Result: ❌ NO MATCH","timestamp":"2026-06-14 00:35:09"}
{"level":"info","message":"   -> 🔍 Scan [link-text] | Target: \"buy\" (containing) | Operator: \"contains\" | Actual: [0 links] | Result: ❌ NO MATCH","timestamp":"2026-06-14 00:35:09"}
{"level":"info","message":"   -> 🔍 Scan [link-text-length] | Target: \"50\" | Operator: \"Greater than\" | Actual: [0 links] | Result: ❌ NO MATCH","timestamp":"2026-06-14 00:35:09"}
{"level":"info","message":"   -> 🔍 Scan [file-size] | Target: \"5\" (MB) | Operator: \"Greater than\" | Actual: 2084.912109375 | Result: ❌ NO MATCH","timestamp":"2026-06-14 00:35:09"}
{"level":"info","message":"   -> 🔍 Scan [image-size] | Target: \"100\" (KB) | Operator: \"Greater than\" | Actual: [104 images] | Result: ❌ NO MATCH","timestamp":"2026-06-14 00:35:09"}
{"level":"info","message":"   -> 🔍 Scan [image-text] | Target: \"logo\" (containing) | Operator: \"contains\" | Actual: [104 images] | Result: ❌ NO MATCH","timestamp":"2026-06-14 00:35:09"}
{"level":"info","message":"   -> 🔍 Scan [image-text-length] | Target: \"100\" | Operator: \"Greater than\" | Actual: [104 images] | Result: ❌ NO MATCH","timestamp":"2026-06-14 00:35:09"}
{"level":"info","message":"   -> 🔍 Scan [external-link-count] | Target: \"10\" | Operator: \"Greater than\" | Actual: 17 | Result: ✅ MATCH","timestamp":"2026-06-14 00:35:09"}
{"level":"info","message":"   -> 🔍 Scan [incoming-link-count] | Target: \"5\" | Operator: \"Greater than\" | Actual: 21 | Result: ✅ MATCH","timestamp":"2026-06-14 00:35:09"}
{"level":"info","message":"   -> 🔍 Scan [heading-text] | Target: \"price\" (containing) | Operator: \"contains\" | Actual: [0 headings] | Result: ❌ NO MATCH","timestamp":"2026-06-14 00:35:09"}
{"level":"info","message":"   -> 🔍 Scan [header-text-length] | Target: \"80\" | Operator: \"Greater than\" | Actual: [0 headings] | Result: ❌ NO MATCH","timestamp":"2026-06-14 00:35:09"}
{"level":"info","message":"   -> 🔍 Scan [readability-level] | Target: \"12\" | Operator: \"Greater than\" | Actual: 0 | Result: ❌ NO MATCH","timestamp":"2026-06-14 00:35:09"}
{"level":"info","message":"   -> 🔍 Scan [meta-header] | Target: \"keyword\" (containing) | Operator: \"contains\" | Actual: [Content length: 16317] | Result: ❌ NO MATCH","timestamp":"2026-06-14 00:35:09"}
{"level":"info","message":"   -> 🔍 Scan [meta-header-length] | Target: \"160\" | Operator: \"Greater than\" | Actual: 160 | Result: ❌ NO MATCH","timestamp":"2026-06-14 00:35:09"}
{"level":"info","message":"   -> 🔍 Scan [page-html] | Target: \"<script>\" (containing) | Operator: \"contains\" | Actual: [Content length: 16317] | Result: ✅ MATCH","timestamp":"2026-06-14 00:35:09"}
{"level":"info","message":"   -> 🔍 Scan [text] | Target: \"jewellery\" (containing) | Operator: \"contains\" | Actual: [Content length: 16317] | Result: ✅ MATCH","timestamp":"2026-06-14 00:35:09"}
{"level":"info","message":"   -> 🔍 Scan [page-title] | Target: \"jewellery\" (containing) | Operator: \"contains\" | Actual: \"Jewellery Software | Jewellery\" | Result: ✅ MATCH","timestamp":"2026-06-14 00:35:09"}
{"level":"info","message":"   -> 🔍 Scan [page-title-length] | Target: \"60\" | Operator: \"Greater than\" | Actual: 60 | Result: ❌ NO MATCH","timestamp":"2026-06-14 00:35:09"}
{"level":"info","message":"   -> 🔍 Scan [page-url] | Target: \"shop\" (containing) | Operator: \"contains\" | Actual: \"https://omunim.com/jewellery-software\" | Result: ❌ NO MATCH","timestamp":"2026-06-14 00:35:09"}
{"level":"info","message":"   -> 🔍 Scan [link] | Target: \"contact\" (containing) | Operator: \"contains\" | Actual: [0 links] | Result: ❌ NO MATCH","timestamp":"2026-06-14 00:35:09"}
{"level":"info","message":"   -> 🔍 Scan [link-text] | Target: \"buy\" (containing) | Operator: \"contains\" | Actual: [0 links] | Result: ❌ NO MATCH","timestamp":"2026-06-14 00:35:09"}
{"level":"info","message":"   -> 🔍 Scan [link-text-length] | Target: \"50\" | Operator: \"Greater than\" | Actual: [0 links] | Result: ❌ NO MATCH","timestamp":"2026-06-14 00:35:09"}
{"level":"info","message":"   -> 🔍 Scan [file-size] | Target: \"5\" (MB) | Operator: \"Greater than\" | Actual: 2084.912109375 | Result: ❌ NO MATCH","timestamp":"2026-06-14 00:35:09"}
{"level":"info","message":"   -> 🔍 Scan [image-size] | Target: \"100\" (KB) | Operator: \"Greater than\" | Actual: [104 images] | Result: ❌ NO MATCH","timestamp":"2026-06-14 00:35:09"}
{"level":"info","message":"   -> 🔍 Scan [image-text] | Target: \"logo\" (containing) | Operator: \"contains\" | Actual: [104 images] | Result: ❌ NO MATCH","timestamp":"2026-06-14 00:35:09"}
{"level":"info","message":"   -> 🔍 Scan [image-text-length] | Target: \"100\" | Operator: \"Greater than\" | Actual: [104 images] | Result: ❌ NO MATCH","timestamp":"2026-06-14 00:35:09"}
{"level":"info","message":"   -> 🔍 Scan [external-link-count] | Target: \"10\" | Operator: \"Greater than\" | Actual: 17 | Result: ✅ MATCH","timestamp":"2026-06-14 00:35:09"}
{"level":"info","message":"   -> 🔍 Scan [incoming-link-count] | Target: \"5\" | Operator: \"Greater than\" | Actual: 21 | Result: ✅ MATCH","timestamp":"2026-06-14 00:35:09"}
{"level":"info","message":"   -> 🔍 Scan [heading-text] | Target: \"price\" (containing) | Operator: \"contains\" | Actual: [0 headings] | Result: ❌ NO MATCH","timestamp":"2026-06-14 00:35:09"}
{"level":"info","message":"   -> 🔍 Scan [header-text-length] | Target: \"80\" | Operator: \"Greater than\" | Actual: [0 headings] | Result: ❌ NO MATCH","timestamp":"2026-06-14 00:35:09"}
{"level":"info","message":"   -> 🔍 Scan [readability-level] | Target: \"12\" | Operator: \"Greater than\" | Actual: 0 | Result: ❌ NO MATCH","timestamp":"2026-06-14 00:35:09"}
{"level":"info","message":"   -> 🔍 Scan [meta-header] | Target: \"keyword\" (containing) | Operator: \"contains\" | Actual: [Content length: 16317] | Result: ❌ NO MATCH","timestamp":"2026-06-14 00:35:09"}
{"level":"info","message":"   -> 🔍 Scan [meta-header-length] | Target: \"160\" | Operator: \"Greater than\" | Actual: 160 | Result: ❌ NO MATCH","timestamp":"2026-06-14 00:35:09"}
{"level":"info","message":"   -> 🔍 Scan [page-html] | Target: \"<script>\" (containing) | Operator: \"contains\" | Actual: [Content length: 16317] | Result: ✅ MATCH","timestamp":"2026-06-14 00:35:09"}
{"level":"info","message":"🚨 [omunim] Saved 6 policy hits to database tenant_sbi.","timestamp":"2026-06-14 00:35:10"}
{"level":"info","message":"📊 [omunim] Saved PolicySummary snapshot.","timestamp":"2026-06-14 00:35:10"}
{"level":"info","message":"✅ Policy scan completed for omunim in 1098ms","timestamp":"2026-06-14 00:35:10"}
{"level":"info","message":"Job 3 (omunim) completed successfully.","timestamp":"2026-06-14 00:35:10"}
{"level":"info","message":"[Job repeat:c10eea93bf68cc56fd5c63b351df3d32:1781377560000] 🚀 Executing scheduled global orchestration...","timestamp":"2026-06-14 00:36:00"}
{"level":"info","message":"Orchestrator: Starting global scan orchestration... ","timestamp":"2026-06-14 00:36:00"}
{"level":"info","message":"🔗 Connecting to MASTER database: master","timestamp":"2026-06-14 00:36:00"}
{"level":"info","message":"Orchestrator: Found 2 tenants to process.","timestamp":"2026-06-14 00:36:01"}
{"level":"info","message":"📁 Switching to CLIENT database: tenant_rbi (Tenant: rbi)","timestamp":"2026-06-14 00:36:01"}
{"level":"info","message":"Orchestrator: No domains found for tenant rbi (excluding those currently scanning).","timestamp":"2026-06-14 00:36:01"}
{"level":"info","message":"📁 Switching to CLIENT database: tenant_sbi (Tenant: sbi)","timestamp":"2026-06-14 00:36:01"}
{"level":"info","message":"Orchestrator: No domains found for tenant sbi (excluding those currently scanning).","timestamp":"2026-06-14 00:36:01"}
{"level":"info","message":"Orchestrator: Master DB connection closed.","timestamp":"2026-06-14 00:36:01"}
{"level":"info","message":"✅ Orchestrator: Finished. Total jobs enqueued: 0","timestamp":"2026-06-14 00:36:01"}
{"level":"info","message":"Job repeat:c10eea93bf68cc56fd5c63b351df3d32:1781377560000 (Orchestrator) completed successfully.","timestamp":"2026-06-14 00:36:01"}
{"level":"info","message":"[Job repeat:c10eea93bf68cc56fd5c63b351df3d32:1781377620000] 🚀 Executing scheduled global orchestration...","timestamp":"2026-06-14 00:37:00"}
{"level":"info","message":"Orchestrator: Starting global scan orchestration... ","timestamp":"2026-06-14 00:37:00"}
{"level":"info","message":"🔗 Connecting to MASTER database: master","timestamp":"2026-06-14 00:37:00"}
{"level":"info","message":"Orchestrator: Found 2 tenants to process.","timestamp":"2026-06-14 00:37:00"}
{"level":"info","message":"📁 Switching to CLIENT database: tenant_rbi (Tenant: rbi)","timestamp":"2026-06-14 00:37:00"}
{"level":"info","message":"Orchestrator: No domains found for tenant rbi (excluding those currently scanning).","timestamp":"2026-06-14 00:37:00"}
{"level":"info","message":"📁 Switching to CLIENT database: tenant_sbi (Tenant: sbi)","timestamp":"2026-06-14 00:37:00"}
{"level":"info","message":"Orchestrator: No domains found for tenant sbi (excluding those currently scanning).","timestamp":"2026-06-14 00:37:00"}
{"level":"info","message":"Orchestrator: Master DB connection closed.","timestamp":"2026-06-14 00:37:00"}
{"level":"info","message":"✅ Orchestrator: Finished. Total jobs enqueued: 0","timestamp":"2026-06-14 00:37:00"}
{"level":"info","message":"Job repeat:c10eea93bf68cc56fd5c63b351df3d32:1781377620000 (Orchestrator) completed successfully.","timestamp":"2026-06-14 00:37:00"}
{"level":"info","message":"[Job repeat:c10eea93bf68cc56fd5c63b351df3d32:1781377680000] 🚀 Executing scheduled global orchestration...","timestamp":"2026-06-14 00:38:00"}
{"level":"info","message":"Orchestrator: Starting global scan orchestration... ","timestamp":"2026-06-14 00:38:00"}
{"level":"info","message":"🔗 Connecting to MASTER database: master","timestamp":"2026-06-14 00:38:00"}
{"level":"info","message":"Orchestrator: Found 2 tenants to process.","timestamp":"2026-06-14 00:38:00"}
{"level":"info","message":"📁 Switching to CLIENT database: tenant_rbi (Tenant: rbi)","timestamp":"2026-06-14 00:38:00"}
{"level":"info","message":"Orchestrator: No domains found for tenant rbi (excluding those currently scanning).","timestamp":"2026-06-14 00:38:00"}
{"level":"info","message":"📁 Switching to CLIENT database: tenant_sbi (Tenant: sbi)","timestamp":"2026-06-14 00:38:00"}
{"level":"info","message":"Orchestrator: No domains found for tenant sbi (excluding those currently scanning).","timestamp":"2026-06-14 00:38:01"}
{"level":"info","message":"Orchestrator: Master DB connection closed.","timestamp":"2026-06-14 00:38:01"}
{"level":"info","message":"✅ Orchestrator: Finished. Total jobs enqueued: 0","timestamp":"2026-06-14 00:38:01"}
{"level":"info","message":"Job repeat:c10eea93bf68cc56fd5c63b351df3d32:1781377680000 (Orchestrator) completed successfully.","timestamp":"2026-06-14 00:38:01"}
{"level":"info","message":"BullBoard dashboard available at http://localhost:4100/admin/queues","timestamp":"2026-06-14 00:38:08"}
{"level":"info","message":"SEO Scan Worker initialized.","timestamp":"2026-06-14 00:38:08"}
{"level":"info","message":"🧹 Queue \"seo-scan-queue\" cleared recursively.","timestamp":"2026-06-14 00:38:08"}
{"level":"info","message":"⏰ Scheduled global orchestration every 1 minutes.","timestamp":"2026-06-14 00:38:09"}
{"level":"info","message":"SEO Scanner Service running on port 4100","timestamp":"2026-06-14 00:38:09"}
{"level":"info","message":"🚀 SCAN_ON_STARTUP is enabled. Triggering global orchestration...","timestamp":"2026-06-14 00:38:09"}
{"level":"info","message":"Orchestrator: Starting global scan orchestration... [STARTUP MODE]","timestamp":"2026-06-14 00:38:09"}
{"level":"info","message":"🔗 Connecting to MASTER database: master","timestamp":"2026-06-14 00:38:09"}
{"level":"info","message":"Orchestrator: Found 2 tenants to process.","timestamp":"2026-06-14 00:38:09"}
{"level":"info","message":"📁 Switching to CLIENT database: tenant_rbi (Tenant: rbi)","timestamp":"2026-06-14 00:38:09"}
{"level":"info","message":"✅ Successfully connected to database: tenant_rbi","timestamp":"2026-06-14 00:38:10"}
{"level":"info","message":"Orchestrator: No domains found for tenant rbi (excluding those currently scanning).","timestamp":"2026-06-14 00:38:10"}
{"level":"info","message":"📁 Switching to CLIENT database: tenant_sbi (Tenant: sbi)","timestamp":"2026-06-14 00:38:10"}
{"level":"info","message":"✅ Successfully connected to database: tenant_sbi","timestamp":"2026-06-14 00:38:10"}
{"level":"info","message":"Orchestrator: No domains found for tenant sbi (excluding those currently scanning).","timestamp":"2026-06-14 00:38:10"}
{"level":"info","message":"Orchestrator: Master DB connection closed.","timestamp":"2026-06-14 00:38:10"}
{"level":"info","message":"✅ Orchestrator: Finished. Total jobs enqueued: 0","timestamp":"2026-06-14 00:38:10"}
{"level":"info","message":"✅ Initial global scan orchestration completed.","timestamp":"2026-06-14 00:38:10"}
{"level":"info","message":"[Job repeat:c10eea93bf68cc56fd5c63b351df3d32:1781377740000] 🚀 Executing scheduled global orchestration...","timestamp":"2026-06-14 00:39:00"}
{"level":"info","message":"Orchestrator: Starting global scan orchestration... ","timestamp":"2026-06-14 00:39:00"}
{"level":"info","message":"🔗 Connecting to MASTER database: master","timestamp":"2026-06-14 00:39:00"}
{"level":"info","message":"Orchestrator: Found 2 tenants to process.","timestamp":"2026-06-14 00:39:00"}
{"level":"info","message":"📁 Switching to CLIENT database: tenant_rbi (Tenant: rbi)","timestamp":"2026-06-14 00:39:00"}
{"level":"info","message":"Orchestrator: No domains found for tenant rbi (excluding those currently scanning).","timestamp":"2026-06-14 00:39:00"}
{"level":"info","message":"📁 Switching to CLIENT database: tenant_sbi (Tenant: sbi)","timestamp":"2026-06-14 00:39:00"}
{"level":"info","message":"Orchestrator: No domains found for tenant sbi (excluding those currently scanning).","timestamp":"2026-06-14 00:39:00"}
{"level":"info","message":"Orchestrator: Master DB connection closed.","timestamp":"2026-06-14 00:39:00"}
{"level":"info","message":"✅ Orchestrator: Finished. Total jobs enqueued: 0","timestamp":"2026-06-14 00:39:00"}
{"level":"info","message":"Job repeat:c10eea93bf68cc56fd5c63b351df3d32:1781377740000 (Orchestrator) completed successfully.","timestamp":"2026-06-14 00:39:00"}
{"level":"info","message":"[Job repeat:c10eea93bf68cc56fd5c63b351df3d32:1781377800000] 🚀 Executing scheduled global orchestration...","timestamp":"2026-06-14 00:40:00"}
{"level":"info","message":"Orchestrator: Starting global scan orchestration... ","timestamp":"2026-06-14 00:40:00"}
{"level":"info","message":"🔗 Connecting to MASTER database: master","timestamp":"2026-06-14 00:40:00"}
{"level":"info","message":"Orchestrator: Found 2 tenants to process.","timestamp":"2026-06-14 00:40:01"}
{"level":"info","message":"📁 Switching to CLIENT database: tenant_rbi (Tenant: rbi)","timestamp":"2026-06-14 00:40:01"}
{"level":"info","message":"Orchestrator: No domains found for tenant rbi (excluding those currently scanning).","timestamp":"2026-06-14 00:40:01"}
{"level":"info","message":"📁 Switching to CLIENT database: tenant_sbi (Tenant: sbi)","timestamp":"2026-06-14 00:40:01"}
{"level":"info","message":"Orchestrator: No domains found for tenant sbi (excluding those currently scanning).","timestamp":"2026-06-14 00:40:01"}
{"level":"info","message":"Orchestrator: Master DB connection closed.","timestamp":"2026-06-14 00:40:01"}
{"level":"info","message":"✅ Orchestrator: Finished. Total jobs enqueued: 0","timestamp":"2026-06-14 00:40:01"}
{"level":"info","message":"Job repeat:c10eea93bf68cc56fd5c63b351df3d32:1781377800000 (Orchestrator) completed successfully.","timestamp":"2026-06-14 00:40:01"}
{"level":"info","message":"[Job repeat:c10eea93bf68cc56fd5c63b351df3d32:1781377860000] 🚀 Executing scheduled global orchestration...","timestamp":"2026-06-14 00:41:01"}
{"level":"info","message":"Orchestrator: Starting global scan orchestration... ","timestamp":"2026-06-14 00:41:01"}
{"level":"info","message":"🔗 Connecting to MASTER database: master","timestamp":"2026-06-14 00:41:01"}
{"level":"info","message":"Orchestrator: Found 2 tenants to process.","timestamp":"2026-06-14 00:41:01"}
{"level":"info","message":"📁 Switching to CLIENT database: tenant_rbi (Tenant: rbi)","timestamp":"2026-06-14 00:41:01"}
{"level":"info","message":"Orchestrator: No domains found for tenant rbi (excluding those currently scanning).","timestamp":"2026-06-14 00:41:01"}
{"level":"info","message":"📁 Switching to CLIENT database: tenant_sbi (Tenant: sbi)","timestamp":"2026-06-14 00:41:01"}
{"level":"info","message":"Orchestrator: No domains found for tenant sbi (excluding those currently scanning).","timestamp":"2026-06-14 00:41:01"}
{"level":"info","message":"Orchestrator: Master DB connection closed.","timestamp":"2026-06-14 00:41:01"}
{"level":"info","message":"✅ Orchestrator: Finished. Total jobs enqueued: 0","timestamp":"2026-06-14 00:41:01"}
{"level":"info","message":"Job repeat:c10eea93bf68cc56fd5c63b351df3d32:1781377860000 (Orchestrator) completed successfully.","timestamp":"2026-06-14 00:41:01"}
{"level":"info","message":"Added Policy Scan Job for omunim to queue, Job ID: 5","timestamp":"2026-06-14 00:41:54"}
{"level":"info","message":"[Job 5] 🛡️ Starting Policy scan for: omunim","timestamp":"2026-06-14 00:41:54"}
{"level":"info","message":"🛡️ [omunim] Starting standalone Policy Scan (job 5)...","timestamp":"2026-06-14 00:41:54"}
{"level":"info","message":"📑 [omunim] Retrieved 4 recent domain reports for evaluation.","timestamp":"2026-06-14 00:41:54"}
{"level":"info","message":"⚖️ [omunim] Evaluating 23 policies against 4 pages.","timestamp":"2026-06-14 00:41:54"}
{"level":"info","message":"📋 Policy: \"find jewellery keywords\"","timestamp":"2026-06-14 00:41:54"}
{"level":"info","message":"   Rule 1: Type=[text], Target=[jewellery], SearchType=[Contains], Contains/Unit=[containing]","timestamp":"2026-06-14 00:41:54"}
{"level":"info","message":"📋 Policy: \"Images greater than 100kB\"","timestamp":"2026-06-14 00:41:54"}
{"level":"info","message":"   Rule 1: Type=[image-size], Target=[100], SearchType=[Greater than], Contains/Unit=[KB]","timestamp":"2026-06-14 00:41:54"}
{"level":"info","message":"📋 Policy: \"Sample Policy with All Rules (Test)\"","timestamp":"2026-06-14 00:41:54"}
{"level":"info","message":"   Rule 1: Type=[text], Target=[jewellery], SearchType=[Contains], Contains/Unit=[containing]","timestamp":"2026-06-14 00:41:54"}
{"level":"info","message":"   Rule 2: Type=[page-title], Target=[jewellery], SearchType=[Contains], Contains/Unit=[containing]","timestamp":"2026-06-14 00:41:54"}
{"level":"info","message":"   Rule 3: Type=[page-title-length], Target=[60], SearchType=[Greater than], Contains/Unit=[]","timestamp":"2026-06-14 00:41:54"}
{"level":"info","message":"   Rule 4: Type=[page-url], Target=[shop], SearchType=[Contains], Contains/Unit=[containing]","timestamp":"2026-06-14 00:41:54"}
{"level":"info","message":"   Rule 5: Type=[link], Target=[contact], SearchType=[Contains], Contains/Unit=[containing]","timestamp":"2026-06-14 00:41:54"}
{"level":"info","message":"   Rule 6: Type=[link-text], Target=[buy], SearchType=[Contains], Contains/Unit=[containing]","timestamp":"2026-06-14 00:41:54"}
{"level":"info","message":"   Rule 7: Type=[link-text-length], Target=[50], SearchType=[Greater than], Contains/Unit=[]","timestamp":"2026-06-14 00:41:54"}
{"level":"info","message":"   Rule 8: Type=[file-size], Target=[5], SearchType=[Greater than], Contains/Unit=[MB]","timestamp":"2026-06-14 00:41:54"}
{"level":"info","message":"   Rule 9: Type=[image-size], Target=[100], SearchType=[Greater than], Contains/Unit=[KB]","timestamp":"2026-06-14 00:41:54"}
{"level":"info","message":"   Rule 10: Type=[image-text], Target=[logo], SearchType=[Contains], Contains/Unit=[containing]","timestamp":"2026-06-14 00:41:54"}
{"level":"info","message":"   Rule 11: Type=[image-text-length], Target=[100], SearchType=[Greater than], Contains/Unit=[]","timestamp":"2026-06-14 00:41:54"}
{"level":"info","message":"   Rule 12: Type=[external-link-count], Target=[10], SearchType=[Greater than], Contains/Unit=[]","timestamp":"2026-06-14 00:41:54"}
{"level":"info","message":"   Rule 13: Type=[incoming-link-count], Target=[5], SearchType=[Greater than], Contains/Unit=[]","timestamp":"2026-06-14 00:41:54"}
{"level":"info","message":"   Rule 14: Type=[heading-text], Target=[price], SearchType=[Contains], Contains/Unit=[containing]","timestamp":"2026-06-14 00:41:54"}
{"level":"info","message":"   Rule 15: Type=[header-text-length], Target=[80], SearchType=[Greater than], Contains/Unit=[]","timestamp":"2026-06-14 00:41:54"}
{"level":"info","message":"   Rule 16: Type=[readability-level], Target=[12], SearchType=[Greater than], Contains/Unit=[]","timestamp":"2026-06-14 00:41:54"}
{"level":"info","message":"   Rule 17: Type=[meta-header], Target=[keyword], SearchType=[Contains], Contains/Unit=[containing]","timestamp":"2026-06-14 00:41:54"}
{"level":"info","message":"   Rule 18: Type=[meta-header-length], Target=[160], SearchType=[Greater than], Contains/Unit=[]","timestamp":"2026-06-14 00:41:54"}
{"level":"info","message":"   Rule 19: Type=[page-html], Target=[<script>], SearchType=[Contains], Contains/Unit=[containing]","timestamp":"2026-06-14 00:41:54"}
{"level":"info","message":"📋 Policy: \"Sample Policy with All Rules (Global)\"","timestamp":"2026-06-14 00:41:54"}
{"level":"info","message":"   Rule 1: Type=[text], Target=[jewellery], SearchType=[Contains], Contains/Unit=[containing]","timestamp":"2026-06-14 00:41:54"}
{"level":"info","message":"   Rule 2: Type=[page-title], Target=[jewellery], SearchType=[Contains], Contains/Unit=[containing]","timestamp":"2026-06-14 00:41:54"}
{"level":"info","message":"   Rule 3: Type=[page-title-length], Target=[60], SearchType=[Greater than], Contains/Unit=[]","timestamp":"2026-06-14 00:41:54"}
{"level":"info","message":"   Rule 4: Type=[page-url], Target=[shop], SearchType=[Contains], Contains/Unit=[containing]","timestamp":"2026-06-14 00:41:54"}
{"level":"info","message":"   Rule 5: Type=[link], Target=[contact], SearchType=[Contains], Contains/Unit=[containing]","timestamp":"2026-06-14 00:41:54"}
{"level":"info","message":"   Rule 6: Type=[link-text], Target=[buy], SearchType=[Contains], Contains/Unit=[containing]","timestamp":"2026-06-14 00:41:54"}
{"level":"info","message":"   Rule 7: Type=[link-text-length], Target=[50], SearchType=[Greater than], Contains/Unit=[]","timestamp":"2026-06-14 00:41:54"}
{"level":"info","message":"   Rule 8: Type=[file-size], Target=[5], SearchType=[Greater than], Contains/Unit=[MB]","timestamp":"2026-06-14 00:41:54"}
{"level":"info","message":"   Rule 9: Type=[image-size], Target=[100], SearchType=[Greater than], Contains/Unit=[KB]","timestamp":"2026-06-14 00:41:54"}
{"level":"info","message":"   Rule 10: Type=[image-text], Target=[logo], SearchType=[Contains], Contains/Unit=[containing]","timestamp":"2026-06-14 00:41:54"}
{"level":"info","message":"   Rule 11: Type=[image-text-length], Target=[100], SearchType=[Greater than], Contains/Unit=[]","timestamp":"2026-06-14 00:41:54"}
{"level":"info","message":"   Rule 12: Type=[external-link-count], Target=[10], SearchType=[Greater than], Contains/Unit=[]","timestamp":"2026-06-14 00:41:54"}
{"level":"info","message":"   Rule 13: Type=[incoming-link-count], Target=[5], SearchType=[Greater than], Contains/Unit=[]","timestamp":"2026-06-14 00:41:54"}
{"level":"info","message":"   Rule 14: Type=[heading-text], Target=[price], SearchType=[Contains], Contains/Unit=[containing]","timestamp":"2026-06-14 00:41:54"}
{"level":"info","message":"   Rule 15: Type=[header-text-length], Target=[80], SearchType=[Greater than], Contains/Unit=[]","timestamp":"2026-06-14 00:41:54"}
{"level":"info","message":"   Rule 16: Type=[readability-level], Target=[12], SearchType=[Greater than], Contains/Unit=[]","timestamp":"2026-06-14 00:41:54"}
{"level":"info","message":"   Rule 17: Type=[meta-header], Target=[keyword], SearchType=[Contains], Contains/Unit=[containing]","timestamp":"2026-06-14 00:41:54"}
{"level":"info","message":"   Rule 18: Type=[meta-header-length], Target=[160], SearchType=[Greater than], Contains/Unit=[]","timestamp":"2026-06-14 00:41:54"}
{"level":"info","message":"   Rule 19: Type=[page-html], Target=[<script>], SearchType=[Contains], Contains/Unit=[containing]","timestamp":"2026-06-14 00:41:54"}
{"level":"info","message":"📋 Policy: \"Test Policy: Single Rule (text)\"","timestamp":"2026-06-14 00:41:54"}
{"level":"info","message":"   Rule 1: Type=[text], Target=[jewellery], SearchType=[Contains], Contains/Unit=[containing]","timestamp":"2026-06-14 00:41:54"}
{"level":"info","message":"📋 Policy: \"Test Policy: Single Rule (page-title)\"","timestamp":"2026-06-14 00:41:54"}
{"level":"info","message":"   Rule 1: Type=[page-title], Target=[jewellery], SearchType=[Contains], Contains/Unit=[containing]","timestamp":"2026-06-14 00:41:54"}
{"level":"info","message":"📋 Policy: \"Test Policy: Single Rule (page-title-length)\"","timestamp":"2026-06-14 00:41:54"}
{"level":"info","message":"   Rule 1: Type=[page-title-length], Target=[60], SearchType=[Greater than], Contains/Unit=[]","timestamp":"2026-06-14 00:41:54"}
{"level":"info","message":"📋 Policy: \"Test Policy: Single Rule (page-url)\"","timestamp":"2026-06-14 00:41:54"}
{"level":"info","message":"   Rule 1: Type=[page-url], Target=[shop], SearchType=[Contains], Contains/Unit=[containing]","timestamp":"2026-06-14 00:41:54"}
{"level":"info","message":"📋 Policy: \"Test Policy: Single Rule (link)\"","timestamp":"2026-06-14 00:41:54"}
{"level":"info","message":"   Rule 1: Type=[link], Target=[contact], SearchType=[Contains], Contains/Unit=[containing]","timestamp":"2026-06-14 00:41:54"}
{"level":"info","message":"📋 Policy: \"Test Policy: Single Rule (link-text)\"","timestamp":"2026-06-14 00:41:54"}
{"level":"info","message":"   Rule 1: Type=[link-text], Target=[buy], SearchType=[Contains], Contains/Unit=[containing]","timestamp":"2026-06-14 00:41:54"}
{"level":"info","message":"📋 Policy: \"Test Policy: Single Rule (link-text-length)\"","timestamp":"2026-06-14 00:41:54"}
{"level":"info","message":"   Rule 1: Type=[link-text-length], Target=[50], SearchType=[Greater than], Contains/Unit=[]","timestamp":"2026-06-14 00:41:54"}
{"level":"info","message":"📋 Policy: \"Test Policy: Single Rule (file-size)\"","timestamp":"2026-06-14 00:41:54"}
{"level":"info","message":"   Rule 1: Type=[file-size], Target=[5], SearchType=[Greater than], Contains/Unit=[MB]","timestamp":"2026-06-14 00:41:54"}
{"level":"info","message":"📋 Policy: \"Test Policy: Single Rule (image-size)\"","timestamp":"2026-06-14 00:41:54"}
{"level":"info","message":"   Rule 1: Type=[image-size], Target=[100], SearchType=[Greater than], Contains/Unit=[KB]","timestamp":"2026-06-14 00:41:54"}
{"level":"info","message":"📋 Policy: \"Test Policy: Single Rule (image-text)\"","timestamp":"2026-06-14 00:41:54"}
{"level":"info","message":"   Rule 1: Type=[image-text], Target=[logo], SearchType=[Contains], Contains/Unit=[containing]","timestamp":"2026-06-14 00:41:54"}
{"level":"info","message":"📋 Policy: \"Test Policy: Single Rule (image-text-length)\"","timestamp":"2026-06-14 00:41:54"}
{"level":"info","message":"   Rule 1: Type=[image-text-length], Target=[100], SearchType=[Greater than], Contains/Unit=[]","timestamp":"2026-06-14 00:41:54"}
{"level":"info","message":"📋 Policy: \"Test Policy: Single Rule (external-link-count)\"","timestamp":"2026-06-14 00:41:54"}
{"level":"info","message":"   Rule 1: Type=[external-link-count], Target=[10], SearchType=[Greater than], Contains/Unit=[]","timestamp":"2026-06-14 00:41:54"}
{"level":"info","message":"📋 Policy: \"Test Policy: Single Rule (incoming-link-count)\"","timestamp":"2026-06-14 00:41:54"}
{"level":"info","message":"   Rule 1: Type=[incoming-link-count], Target=[5], SearchType=[Greater than], Contains/Unit=[]","timestamp":"2026-06-14 00:41:54"}
{"level":"info","message":"📋 Policy: \"Test Policy: Single Rule (heading-text)\"","timestamp":"2026-06-14 00:41:54"}
{"level":"info","message":"   Rule 1: Type=[heading-text], Target=[price], SearchType=[Contains], Contains/Unit=[containing]","timestamp":"2026-06-14 00:41:54"}
{"level":"info","message":"📋 Policy: \"Test Policy: Single Rule (header-text-length)\"","timestamp":"2026-06-14 00:41:54"}
{"level":"info","message":"   Rule 1: Type=[header-text-length], Target=[80], SearchType=[Greater than], Contains/Unit=[]","timestamp":"2026-06-14 00:41:54"}
{"level":"info","message":"📋 Policy: \"Test Policy: Single Rule (readability-level)\"","timestamp":"2026-06-14 00:41:54"}
{"level":"info","message":"   Rule 1: Type=[readability-level], Target=[12], SearchType=[Greater than], Contains/Unit=[]","timestamp":"2026-06-14 00:41:54"}
{"level":"info","message":"📋 Policy: \"Test Policy: Single Rule (meta-header)\"","timestamp":"2026-06-14 00:41:54"}
{"level":"info","message":"   Rule 1: Type=[meta-header], Target=[keyword], SearchType=[Contains], Contains/Unit=[containing]","timestamp":"2026-06-14 00:41:54"}
{"level":"info","message":"📋 Policy: \"Test Policy: Single Rule (meta-header-length)\"","timestamp":"2026-06-14 00:41:54"}
{"level":"info","message":"   Rule 1: Type=[meta-header-length], Target=[160], SearchType=[Greater than], Contains/Unit=[]","timestamp":"2026-06-14 00:41:54"}
{"level":"info","message":"📋 Policy: \"Test Policy: Single Rule (page-html)\"","timestamp":"2026-06-14 00:41:54"}
{"level":"info","message":"   Rule 1: Type=[page-html], Target=[<script>], SearchType=[Contains], Contains/Unit=[containing]","timestamp":"2026-06-14 00:41:54"}
{"level":"info","message":"🌐 [omunim] Fetching live HTML content for 4 pages (text-based rules detected)...","timestamp":"2026-06-14 00:41:54"}
{"level":"info","message":"   -> 🔍 Scan [text] | Target: \"jewellery\" (containing) | Operator: \"contains\" | Actual: [Content length: 16317] | Result: ✅ MATCH","timestamp":"2026-06-14 00:41:55"}
{"level":"info","message":"   -> 🔍 Scan [image-size] | Target: \"100\" (KB) | Operator: \"Greater than\" | Actual: [104 images] | Result: ❌ NO MATCH","timestamp":"2026-06-14 00:41:55"}
{"level":"info","message":"   -> 🔍 Scan [text] | Target: \"jewellery\" (containing) | Operator: \"contains\" | Actual: [Content length: 16317] | Result: ✅ MATCH","timestamp":"2026-06-14 00:41:55"}
{"level":"info","message":"   -> 🔍 Scan [page-title] | Target: \"jewellery\" (containing) | Operator: \"contains\" | Actual: \"Jewellery Software | Jewellery\" | Result: ✅ MATCH","timestamp":"2026-06-14 00:41:55"}
{"level":"info","message":"   -> 🔍 Scan [page-title-length] | Target: \"60\" | Operator: \"Greater than\" | Actual: 60 | Result: ❌ NO MATCH","timestamp":"2026-06-14 00:41:55"}
{"level":"info","message":"   -> 🔍 Scan [page-url] | Target: \"shop\" (containing) | Operator: \"contains\" | Actual: \"https://omunim.com/jewellery-software\" | Result: ❌ NO MATCH","timestamp":"2026-06-14 00:41:55"}
{"level":"info","message":"   -> 🔍 Scan [link] | Target: \"contact\" (containing) | Operator: \"contains\" | Actual: [0 links] | Result: ❌ NO MATCH","timestamp":"2026-06-14 00:41:55"}
{"level":"info","message":"   -> 🔍 Scan [link-text] | Target: \"buy\" (containing) | Operator: \"contains\" | Actual: [0 links] | Result: ❌ NO MATCH","timestamp":"2026-06-14 00:41:55"}
{"level":"info","message":"   -> 🔍 Scan [link-text-length] | Target: \"50\" | Operator: \"Greater than\" | Actual: [0 links] | Result: ❌ NO MATCH","timestamp":"2026-06-14 00:41:55"}
{"level":"info","message":"   -> 🔍 Scan [file-size] | Target: \"5\" (MB) | Operator: \"Greater than\" | Actual: 2084.912109375 | Result: ❌ NO MATCH","timestamp":"2026-06-14 00:41:55"}
{"level":"info","message":"   -> 🔍 Scan [image-size] | Target: \"100\" (KB) | Operator: \"Greater than\" | Actual: [104 images] | Result: ❌ NO MATCH","timestamp":"2026-06-14 00:41:55"}
{"level":"info","message":"   -> 🔍 Scan [image-text] | Target: \"logo\" (containing) | Operator: \"contains\" | Actual: [104 images] | Result: ❌ NO MATCH","timestamp":"2026-06-14 00:41:55"}
{"level":"info","message":"   -> 🔍 Scan [image-text-length] | Target: \"100\" | Operator: \"Greater than\" | Actual: [104 images] | Result: ❌ NO MATCH","timestamp":"2026-06-14 00:41:55"}
{"level":"info","message":"   -> 🔍 Scan [external-link-count] | Target: \"10\" | Operator: \"Greater than\" | Actual: 17 | Result: ✅ MATCH","timestamp":"2026-06-14 00:41:55"}
{"level":"info","message":"   -> 🔍 Scan [incoming-link-count] | Target: \"5\" | Operator: \"Greater than\" | Actual: 21 | Result: ✅ MATCH","timestamp":"2026-06-14 00:41:55"}
{"level":"info","message":"   -> 🔍 Scan [heading-text] | Target: \"price\" (containing) | Operator: \"contains\" | Actual: [0 headings] | Result: ❌ NO MATCH","timestamp":"2026-06-14 00:41:55"}
{"level":"info","message":"   -> 🔍 Scan [header-text-length] | Target: \"80\" | Operator: \"Greater than\" | Actual: [0 headings] | Result: ❌ NO MATCH","timestamp":"2026-06-14 00:41:55"}
{"level":"info","message":"   -> 🔍 Scan [readability-level] | Target: \"12\" | Operator: \"Greater than\" | Actual: 0 | Result: ❌ NO MATCH","timestamp":"2026-06-14 00:41:55"}
{"level":"info","message":"   -> 🔍 Scan [meta-header] | Target: \"keyword\" (containing) | Operator: \"contains\" | Actual: [Content length: 16317] | Result: ❌ NO MATCH","timestamp":"2026-06-14 00:41:55"}
{"level":"info","message":"   -> 🔍 Scan [meta-header-length] | Target: \"160\" | Operator: \"Greater than\" | Actual: 160 | Result: ❌ NO MATCH","timestamp":"2026-06-14 00:41:55"}
{"level":"info","message":"   -> 🔍 Scan [page-html] | Target: \"<script>\" (containing) | Operator: \"contains\" | Actual: [Content length: 16317] | Result: ✅ MATCH","timestamp":"2026-06-14 00:41:55"}
{"level":"info","message":"   -> 🔍 Scan [text] | Target: \"jewellery\" (containing) | Operator: \"contains\" | Actual: [Content length: 16317] | Result: ✅ MATCH","timestamp":"2026-06-14 00:41:55"}
{"level":"info","message":"   -> 🔍 Scan [page-title] | Target: \"jewellery\" (containing) | Operator: \"contains\" | Actual: \"Jewellery Software | Jewellery\" | Result: ✅ MATCH","timestamp":"2026-06-14 00:41:55"}
{"level":"info","message":"   -> 🔍 Scan [page-title-length] | Target: \"60\" | Operator: \"Greater than\" | Actual: 60 | Result: ❌ NO MATCH","timestamp":"2026-06-14 00:41:55"}
{"level":"info","message":"   -> 🔍 Scan [page-url] | Target: \"shop\" (containing) | Operator: \"contains\" | Actual: \"https://omunim.com/jewellery-software\" | Result: ❌ NO MATCH","timestamp":"2026-06-14 00:41:55"}
{"level":"info","message":"   -> 🔍 Scan [link] | Target: \"contact\" (containing) | Operator: \"contains\" | Actual: [0 links] | Result: ❌ NO MATCH","timestamp":"2026-06-14 00:41:55"}
{"level":"info","message":"   -> 🔍 Scan [link-text] | Target: \"buy\" (containing) | Operator: \"contains\" | Actual: [0 links] | Result: ❌ NO MATCH","timestamp":"2026-06-14 00:41:55"}
{"level":"info","message":"   -> 🔍 Scan [link-text-length] | Target: \"50\" | Operator: \"Greater than\" | Actual: [0 links] | Result: ❌ NO MATCH","timestamp":"2026-06-14 00:41:55"}
{"level":"info","message":"   -> 🔍 Scan [file-size] | Target: \"5\" (MB) | Operator: \"Greater than\" | Actual: 2084.912109375 | Result: ❌ NO MATCH","timestamp":"2026-06-14 00:41:55"}
{"level":"info","message":"   -> 🔍 Scan [image-size] | Target: \"100\" (KB) | Operator: \"Greater than\" | Actual: [104 images] | Result: ❌ NO MATCH","timestamp":"2026-06-14 00:41:55"}
{"level":"info","message":"   -> 🔍 Scan [image-text] | Target: \"logo\" (containing) | Operator: \"contains\" | Actual: [104 images] | Result: ❌ NO MATCH","timestamp":"2026-06-14 00:41:55"}
{"level":"info","message":"   -> 🔍 Scan [image-text-length] | Target: \"100\" | Operator: \"Greater than\" | Actual: [104 images] | Result: ❌ NO MATCH","timestamp":"2026-06-14 00:41:55"}
{"level":"info","message":"   -> 🔍 Scan [external-link-count] | Target: \"10\" | Operator: \"Greater than\" | Actual: 17 | Result: ✅ MATCH","timestamp":"2026-06-14 00:41:55"}
{"level":"info","message":"   -> 🔍 Scan [incoming-link-count] | Target: \"5\" | Operator: \"Greater than\" | Actual: 21 | Result: ✅ MATCH","timestamp":"2026-06-14 00:41:55"}
{"level":"info","message":"   -> 🔍 Scan [heading-text] | Target: \"price\" (containing) | Operator: \"contains\" | Actual: [0 headings] | Result: ❌ NO MATCH","timestamp":"2026-06-14 00:41:55"}
{"level":"info","message":"   -> 🔍 Scan [header-text-length] | Target: \"80\" | Operator: \"Greater than\" | Actual: [0 headings] | Result: ❌ NO MATCH","timestamp":"2026-06-14 00:41:55"}
{"level":"info","message":"   -> 🔍 Scan [readability-level] | Target: \"12\" | Operator: \"Greater than\" | Actual: 0 | Result: ❌ NO MATCH","timestamp":"2026-06-14 00:41:55"}
{"level":"info","message":"   -> 🔍 Scan [meta-header] | Target: \"keyword\" (containing) | Operator: \"contains\" | Actual: [Content length: 16317] | Result: ❌ NO MATCH","timestamp":"2026-06-14 00:41:55"}
{"level":"info","message":"   -> 🔍 Scan [meta-header-length] | Target: \"160\" | Operator: \"Greater than\" | Actual: 160 | Result: ❌ NO MATCH","timestamp":"2026-06-14 00:41:55"}
{"level":"info","message":"   -> 🔍 Scan [page-html] | Target: \"<script>\" (containing) | Operator: \"contains\" | Actual: [Content length: 16317] | Result: ✅ MATCH","timestamp":"2026-06-14 00:41:55"}
{"level":"info","message":"   -> 🔍 Scan [text] | Target: \"jewellery\" (containing) | Operator: \"contains\" | Actual: [Content length: 16317] | Result: ✅ MATCH","timestamp":"2026-06-14 00:41:55"}
{"level":"info","message":"   -> 🔍 Scan [page-title] | Target: \"jewellery\" (containing) | Operator: \"contains\" | Actual: \"Jewellery Software | Jewellery\" | Result: ✅ MATCH","timestamp":"2026-06-14 00:41:55"}
{"level":"info","message":"   -> 🔍 Scan [page-title-length] | Target: \"60\" | Operator: \"Greater than\" | Actual: 60 | Result: ❌ NO MATCH","timestamp":"2026-06-14 00:41:55"}
{"level":"info","message":"   -> 🔍 Scan [page-url] | Target: \"shop\" (containing) | Operator: \"contains\" | Actual: \"https://omunim.com/jewellery-software\" | Result: ❌ NO MATCH","timestamp":"2026-06-14 00:41:55"}
{"level":"info","message":"   -> 🔍 Scan [link] | Target: \"contact\" (containing) | Operator: \"contains\" | Actual: [0 links] | Result: ❌ NO MATCH","timestamp":"2026-06-14 00:41:55"}
{"level":"info","message":"   -> 🔍 Scan [link-text] | Target: \"buy\" (containing) | Operator: \"contains\" | Actual: [0 links] | Result: ❌ NO MATCH","timestamp":"2026-06-14 00:41:55"}
{"level":"info","message":"   -> 🔍 Scan [link-text-length] | Target: \"50\" | Operator: \"Greater than\" | Actual: [0 links] | Result: ❌ NO MATCH","timestamp":"2026-06-14 00:41:55"}
{"level":"info","message":"   -> 🔍 Scan [file-size] | Target: \"5\" (MB) | Operator: \"Greater than\" | Actual: 2084.912109375 | Result: ❌ NO MATCH","timestamp":"2026-06-14 00:41:55"}
{"level":"info","message":"   -> 🔍 Scan [image-size] | Target: \"100\" (KB) | Operator: \"Greater than\" | Actual: [104 images] | Result: ❌ NO MATCH","timestamp":"2026-06-14 00:41:55"}
{"level":"info","message":"   -> 🔍 Scan [image-text] | Target: \"logo\" (containing) | Operator: \"contains\" | Actual: [104 images] | Result: ❌ NO MATCH","timestamp":"2026-06-14 00:41:55"}
{"level":"info","message":"   -> 🔍 Scan [image-text-length] | Target: \"100\" | Operator: \"Greater than\" | Actual: [104 images] | Result: ❌ NO MATCH","timestamp":"2026-06-14 00:41:55"}
{"level":"info","message":"   -> 🔍 Scan [external-link-count] | Target: \"10\" | Operator: \"Greater than\" | Actual: 17 | Result: ✅ MATCH","timestamp":"2026-06-14 00:41:55"}
{"level":"info","message":"   -> 🔍 Scan [incoming-link-count] | Target: \"5\" | Operator: \"Greater than\" | Actual: 21 | Result: ✅ MATCH","timestamp":"2026-06-14 00:41:55"}
{"level":"info","message":"   -> 🔍 Scan [heading-text] | Target: \"price\" (containing) | Operator: \"contains\" | Actual: [0 headings] | Result: ❌ NO MATCH","timestamp":"2026-06-14 00:41:55"}
{"level":"info","message":"   -> 🔍 Scan [header-text-length] | Target: \"80\" | Operator: \"Greater than\" | Actual: [0 headings] | Result: ❌ NO MATCH","timestamp":"2026-06-14 00:41:55"}
{"level":"info","message":"   -> 🔍 Scan [readability-level] | Target: \"12\" | Operator: \"Greater than\" | Actual: 0 | Result: ❌ NO MATCH","timestamp":"2026-06-14 00:41:55"}
{"level":"info","message":"   -> 🔍 Scan [meta-header] | Target: \"keyword\" (containing) | Operator: \"contains\" | Actual: [Content length: 16317] | Result: ❌ NO MATCH","timestamp":"2026-06-14 00:41:55"}
{"level":"info","message":"   -> 🔍 Scan [meta-header-length] | Target: \"160\" | Operator: \"Greater than\" | Actual: 160 | Result: ❌ NO MATCH","timestamp":"2026-06-14 00:41:55"}
{"level":"info","message":"   -> 🔍 Scan [page-html] | Target: \"<script>\" (containing) | Operator: \"contains\" | Actual: [Content length: 16317] | Result: ✅ MATCH","timestamp":"2026-06-14 00:41:55"}
{"level":"info","message":"   -> 🔍 Scan [text] | Target: \"jewellery\" (containing) | Operator: \"contains\" | Actual: [Content length: 9820] | Result: ✅ MATCH","timestamp":"2026-06-14 00:41:55"}
{"level":"info","message":"   -> 🔍 Scan [image-size] | Target: \"100\" (KB) | Operator: \"Greater than\" | Actual: [53 images] | Result: ✅ MATCH","timestamp":"2026-06-14 00:41:55"}
{"level":"info","message":"   -> 🔍 Scan [text] | Target: \"jewellery\" (containing) | Operator: \"contains\" | Actual: [Content length: 9820] | Result: ✅ MATCH","timestamp":"2026-06-14 00:41:55"}
{"level":"info","message":"   -> 🔍 Scan [page-title] | Target: \"jewellery\" (containing) | Operator: \"contains\" | Actual: \"Best Jewellery Billing Softwar\" | Result: ✅ MATCH","timestamp":"2026-06-14 00:41:55"}
{"level":"info","message":"   -> 🔍 Scan [page-title-length] | Target: \"60\" | Operator: \"Greater than\" | Actual: 69 | Result: ✅ MATCH","timestamp":"2026-06-14 00:41:55"}
{"level":"info","message":"   -> 🔍 Scan [page-url] | Target: \"shop\" (containing) | Operator: \"contains\" | Actual: \"https://omunim.com/jewellery-billing-software\" | Result: ❌ NO MATCH","timestamp":"2026-06-14 00:41:55"}
{"level":"info","message":"   -> 🔍 Scan [link] | Target: \"contact\" (containing) | Operator: \"contains\" | Actual: [0 links] | Result: ❌ NO MATCH","timestamp":"2026-06-14 00:41:55"}
{"level":"info","message":"   -> 🔍 Scan [link-text] | Target: \"buy\" (containing) | Operator: \"contains\" | Actual: [0 links] | Result: ❌ NO MATCH","timestamp":"2026-06-14 00:41:55"}
{"level":"info","message":"   -> 🔍 Scan [link-text-length] | Target: \"50\" | Operator: \"Greater than\" | Actual: [0 links] | Result: ❌ NO MATCH","timestamp":"2026-06-14 00:41:55"}
{"level":"info","message":"   -> 🔍 Scan [file-size] | Target: \"5\" (MB) | Operator: \"Greater than\" | Actual: 2997.67578125 | Result: ❌ NO MATCH","timestamp":"2026-06-14 00:41:55"}
{"level":"info","message":"   -> 🔍 Scan [image-size] | Target: \"100\" (KB) | Operator: \"Greater than\" | Actual: [53 images] | Result: ✅ MATCH","timestamp":"2026-06-14 00:41:55"}
{"level":"info","message":"   -> 🔍 Scan [image-text] | Target: \"logo\" (containing) | Operator: \"contains\" | Actual: [53 images] | Result: ❌ NO MATCH","timestamp":"2026-06-14 00:41:55"}
{"level":"info","message":"   -> 🔍 Scan [image-text-length] | Target: \"100\" | Operator: \"Greater than\" | Actual: [53 images] | Result: ❌ NO MATCH","timestamp":"2026-06-14 00:41:55"}
{"level":"info","message":"   -> 🔍 Scan [external-link-count] | Target: \"10\" | Operator: \"Greater than\" | Actual: 13 | Result: ✅ MATCH","timestamp":"2026-06-14 00:41:55"}
{"level":"info","message":"   -> 🔍 Scan [incoming-link-count] | Target: \"5\" | Operator: \"Greater than\" | Actual: 19 | Result: ✅ MATCH","timestamp":"2026-06-14 00:41:55"}
{"level":"info","message":"   -> 🔍 Scan [heading-text] | Target: \"price\" (containing) | Operator: \"contains\" | Actual: [0 headings] | Result: ❌ NO MATCH","timestamp":"2026-06-14 00:41:55"}
{"level":"info","message":"   -> 🔍 Scan [header-text-length] | Target: \"80\" | Operator: \"Greater than\" | Actual: [0 headings] | Result: ❌ NO MATCH","timestamp":"2026-06-14 00:41:55"}
{"level":"info","message":"   -> 🔍 Scan [readability-level] | Target: \"12\" | Operator: \"Greater than\" | Actual: 0 | Result: ❌ NO MATCH","timestamp":"2026-06-14 00:41:55"}
{"level":"info","message":"   -> 🔍 Scan [meta-header] | Target: \"keyword\" (containing) | Operator: \"contains\" | Actual: [Content length: 9820] | Result: ❌ NO MATCH","timestamp":"2026-06-14 00:41:55"}
{"level":"info","message":"   -> 🔍 Scan [meta-header-length] | Target: \"160\" | Operator: \"Greater than\" | Actual: 162 | Result: ✅ MATCH","timestamp":"2026-06-14 00:41:55"}
{"level":"info","message":"   -> 🔍 Scan [page-html] | Target: \"<script>\" (containing) | Operator: \"contains\" | Actual: [Content length: 9820] | Result: ✅ MATCH","timestamp":"2026-06-14 00:41:55"}
{"level":"info","message":"   -> 🔍 Scan [text] | Target: \"jewellery\" (containing) | Operator: \"contains\" | Actual: [Content length: 9820] | Result: ✅ MATCH","timestamp":"2026-06-14 00:41:55"}
{"level":"info","message":"   -> 🔍 Scan [page-title] | Target: \"jewellery\" (containing) | Operator: \"contains\" | Actual: \"Best Jewellery Billing Softwar\" | Result: ✅ MATCH","timestamp":"2026-06-14 00:41:55"}
{"level":"info","message":"   -> 🔍 Scan [page-title-length] | Target: \"60\" | Operator: \"Greater than\" | Actual: 69 | Result: ✅ MATCH","timestamp":"2026-06-14 00:41:55"}
{"level":"info","message":"   -> 🔍 Scan [page-url] | Target: \"shop\" (containing) | Operator: \"contains\" | Actual: \"https://omunim.com/jewellery-billing-software\" | Result: ❌ NO MATCH","timestamp":"2026-06-14 00:41:55"}
{"level":"info","message":"   -> 🔍 Scan [link] | Target: \"contact\" (containing) | Operator: \"contains\" | Actual: [0 links] | Result: ❌ NO MATCH","timestamp":"2026-06-14 00:41:55"}
{"level":"info","message":"   -> 🔍 Scan [link-text] | Target: \"buy\" (containing) | Operator: \"contains\" | Actual: [0 links] | Result: ❌ NO MATCH","timestamp":"2026-06-14 00:41:55"}
{"level":"info","message":"   -> 🔍 Scan [link-text-length] | Target: \"50\" | Operator: \"Greater than\" | Actual: [0 links] | Result: ❌ NO MATCH","timestamp":"2026-06-14 00:41:55"}
{"level":"info","message":"   -> 🔍 Scan [file-size] | Target: \"5\" (MB) | Operator: \"Greater than\" | Actual: 2997.67578125 | Result: ❌ NO MATCH","timestamp":"2026-06-14 00:41:55"}
{"level":"info","message":"   -> 🔍 Scan [image-size] | Target: \"100\" (KB) | Operator: \"Greater than\" | Actual: [53 images] | Result: ✅ MATCH","timestamp":"2026-06-14 00:41:55"}
{"level":"info","message":"   -> 🔍 Scan [image-text] | Target: \"logo\" (containing) | Operator: \"contains\" | Actual: [53 images] | Result: ❌ NO MATCH","timestamp":"2026-06-14 00:41:55"}
{"level":"info","message":"   -> 🔍 Scan [image-text-length] | Target: \"100\" | Operator: \"Greater than\" | Actual: [53 images] | Result: ❌ NO MATCH","timestamp":"2026-06-14 00:41:55"}
{"level":"info","message":"   -> 🔍 Scan [external-link-count] | Target: \"10\" | Operator: \"Greater than\" | Actual: 13 | Result: ✅ MATCH","timestamp":"2026-06-14 00:41:55"}
{"level":"info","message":"   -> 🔍 Scan [incoming-link-count] | Target: \"5\" | Operator: \"Greater than\" | Actual: 19 | Result: ✅ MATCH","timestamp":"2026-06-14 00:41:55"}
{"level":"info","message":"   -> 🔍 Scan [heading-text] | Target: \"price\" (containing) | Operator: \"contains\" | Actual: [0 headings] | Result: ❌ NO MATCH","timestamp":"2026-06-14 00:41:55"}
{"level":"info","message":"   -> 🔍 Scan [header-text-length] | Target: \"80\" | Operator: \"Greater than\" | Actual: [0 headings] | Result: ❌ NO MATCH","timestamp":"2026-06-14 00:41:55"}
{"level":"info","message":"   -> 🔍 Scan [readability-level] | Target: \"12\" | Operator: \"Greater than\" | Actual: 0 | Result: ❌ NO MATCH","timestamp":"2026-06-14 00:41:55"}
{"level":"info","message":"   -> 🔍 Scan [meta-header] | Target: \"keyword\" (containing) | Operator: \"contains\" | Actual: [Content length: 9820] | Result: ❌ NO MATCH","timestamp":"2026-06-14 00:41:55"}
{"level":"info","message":"   -> 🔍 Scan [meta-header-length] | Target: \"160\" | Operator: \"Greater than\" | Actual: 162 | Result: ✅ MATCH","timestamp":"2026-06-14 00:41:55"}
{"level":"info","message":"   -> 🔍 Scan [page-html] | Target: \"<script>\" (containing) | Operator: \"contains\" | Actual: [Content length: 9820] | Result: ✅ MATCH","timestamp":"2026-06-14 00:41:55"}
{"level":"info","message":"   -> 🔍 Scan [text] | Target: \"jewellery\" (containing) | Operator: \"contains\" | Actual: [Content length: 9820] | Result: ✅ MATCH","timestamp":"2026-06-14 00:41:55"}
{"level":"info","message":"   -> 🔍 Scan [page-title] | Target: \"jewellery\" (containing) | Operator: \"contains\" | Actual: \"Best Jewellery Billing Softwar\" | Result: ✅ MATCH","timestamp":"2026-06-14 00:41:55"}
{"level":"info","message":"   -> 🔍 Scan [page-title-length] | Target: \"60\" | Operator: \"Greater than\" | Actual: 69 | Result: ✅ MATCH","timestamp":"2026-06-14 00:41:55"}
{"level":"info","message":"   -> 🔍 Scan [page-url] | Target: \"shop\" (containing) | Operator: \"contains\" | Actual: \"https://omunim.com/jewellery-billing-software\" | Result: ❌ NO MATCH","timestamp":"2026-06-14 00:41:55"}
{"level":"info","message":"   -> 🔍 Scan [link] | Target: \"contact\" (containing) | Operator: \"contains\" | Actual: [0 links] | Result: ❌ NO MATCH","timestamp":"2026-06-14 00:41:55"}
{"level":"info","message":"   -> 🔍 Scan [link-text] | Target: \"buy\" (containing) | Operator: \"contains\" | Actual: [0 links] | Result: ❌ NO MATCH","timestamp":"2026-06-14 00:41:55"}
{"level":"info","message":"   -> 🔍 Scan [link-text-length] | Target: \"50\" | Operator: \"Greater than\" | Actual: [0 links] | Result: ❌ NO MATCH","timestamp":"2026-06-14 00:41:55"}
{"level":"info","message":"   -> 🔍 Scan [file-size] | Target: \"5\" (MB) | Operator: \"Greater than\" | Actual: 2997.67578125 | Result: ❌ NO MATCH","timestamp":"2026-06-14 00:41:55"}
{"level":"info","message":"   -> 🔍 Scan [image-size] | Target: \"100\" (KB) | Operator: \"Greater than\" | Actual: [53 images] | Result: ✅ MATCH","timestamp":"2026-06-14 00:41:55"}
{"level":"info","message":"   -> 🔍 Scan [image-text] | Target: \"logo\" (containing) | Operator: \"contains\" | Actual: [53 images] | Result: ❌ NO MATCH","timestamp":"2026-06-14 00:41:55"}
{"level":"info","message":"   -> 🔍 Scan [image-text-length] | Target: \"100\" | Operator: \"Greater than\" | Actual: [53 images] | Result: ❌ NO MATCH","timestamp":"2026-06-14 00:41:55"}
{"level":"info","message":"   -> 🔍 Scan [external-link-count] | Target: \"10\" | Operator: \"Greater than\" | Actual: 13 | Result: ✅ MATCH","timestamp":"2026-06-14 00:41:55"}
{"level":"info","message":"   -> 🔍 Scan [incoming-link-count] | Target: \"5\" | Operator: \"Greater than\" | Actual: 19 | Result: ✅ MATCH","timestamp":"2026-06-14 00:41:55"}
{"level":"info","message":"   -> 🔍 Scan [heading-text] | Target: \"price\" (containing) | Operator: \"contains\" | Actual: [0 headings] | Result: ❌ NO MATCH","timestamp":"2026-06-14 00:41:55"}
{"level":"info","message":"   -> 🔍 Scan [header-text-length] | Target: \"80\" | Operator: \"Greater than\" | Actual: [0 headings] | Result: ❌ NO MATCH","timestamp":"2026-06-14 00:41:55"}
{"level":"info","message":"   -> 🔍 Scan [readability-level] | Target: \"12\" | Operator: \"Greater than\" | Actual: 0 | Result: ❌ NO MATCH","timestamp":"2026-06-14 00:41:55"}
{"level":"info","message":"   -> 🔍 Scan [meta-header] | Target: \"keyword\" (containing) | Operator: \"contains\" | Actual: [Content length: 9820] | Result: ❌ NO MATCH","timestamp":"2026-06-14 00:41:55"}
{"level":"info","message":"   -> 🔍 Scan [meta-header-length] | Target: \"160\" | Operator: \"Greater than\" | Actual: 162 | Result: ✅ MATCH","timestamp":"2026-06-14 00:41:55"}
{"level":"info","message":"   -> 🔍 Scan [page-html] | Target: \"<script>\" (containing) | Operator: \"contains\" | Actual: [Content length: 9820] | Result: ✅ MATCH","timestamp":"2026-06-14 00:41:55"}
{"level":"info","message":"   -> 🔍 Scan [text] | Target: \"jewellery\" (containing) | Operator: \"contains\" | Actual: [Content length: 16317] | Result: ✅ MATCH","timestamp":"2026-06-14 00:41:55"}
{"level":"info","message":"   -> 🔍 Scan [image-size] | Target: \"100\" (KB) | Operator: \"Greater than\" | Actual: [104 images] | Result: ❌ NO MATCH","timestamp":"2026-06-14 00:41:55"}
{"level":"info","message":"   -> 🔍 Scan [text] | Target: \"jewellery\" (containing) | Operator: \"contains\" | Actual: [Content length: 16317] | Result: ✅ MATCH","timestamp":"2026-06-14 00:41:55"}
{"level":"info","message":"   -> 🔍 Scan [page-title] | Target: \"jewellery\" (containing) | Operator: \"contains\" | Actual: \"Jewellery Software | Jewellery\" | Result: ✅ MATCH","timestamp":"2026-06-14 00:41:55"}
{"level":"info","message":"   -> 🔍 Scan [page-title-length] | Target: \"60\" | Operator: \"Greater than\" | Actual: 60 | Result: ❌ NO MATCH","timestamp":"2026-06-14 00:41:55"}
{"level":"info","message":"   -> 🔍 Scan [page-url] | Target: \"shop\" (containing) | Operator: \"contains\" | Actual: \"https://omunim.com/\" | Result: ❌ NO MATCH","timestamp":"2026-06-14 00:41:55"}
{"level":"info","message":"   -> 🔍 Scan [link] | Target: \"contact\" (containing) | Operator: \"contains\" | Actual: [0 links] | Result: ❌ NO MATCH","timestamp":"2026-06-14 00:41:55"}
{"level":"info","message":"   -> 🔍 Scan [link-text] | Target: \"buy\" (containing) | Operator: \"contains\" | Actual: [0 links] | Result: ❌ NO MATCH","timestamp":"2026-06-14 00:41:55"}
{"level":"info","message":"   -> 🔍 Scan [link-text-length] | Target: \"50\" | Operator: \"Greater than\" | Actual: [0 links] | Result: ❌ NO MATCH","timestamp":"2026-06-14 00:41:55"}
{"level":"info","message":"   -> 🔍 Scan [file-size] | Target: \"5\" (MB) | Operator: \"Greater than\" | Actual: 2085.486328125 | Result: ❌ NO MATCH","timestamp":"2026-06-14 00:41:55"}
{"level":"info","message":"   -> 🔍 Scan [image-size] | Target: \"100\" (KB) | Operator: \"Greater than\" | Actual: [104 images] | Result: ❌ NO MATCH","timestamp":"2026-06-14 00:41:55"}
{"level":"info","message":"   -> 🔍 Scan [image-text] | Target: \"logo\" (containing) | Operator: \"contains\" | Actual: [104 images] | Result: ❌ NO MATCH","timestamp":"2026-06-14 00:41:55"}
{"level":"info","message":"   -> 🔍 Scan [image-text-length] | Target: \"100\" | Operator: \"Greater than\" | Actual: [104 images] | Result: ❌ NO MATCH","timestamp":"2026-06-14 00:41:55"}
{"level":"info","message":"   -> 🔍 Scan [external-link-count] | Target: \"10\" | Operator: \"Greater than\" | Actual: 17 | Result: ✅ MATCH","timestamp":"2026-06-14 00:41:55"}
{"level":"info","message":"   -> 🔍 Scan [incoming-link-count] | Target: \"5\" | Operator: \"Greater than\" | Actual: 21 | Result: ✅ MATCH","timestamp":"2026-06-14 00:41:55"}
{"level":"info","message":"   -> 🔍 Scan [heading-text] | Target: \"price\" (containing) | Operator: \"contains\" | Actual: [0 headings] | Result: ❌ NO MATCH","timestamp":"2026-06-14 00:41:55"}
{"level":"info","message":"   -> 🔍 Scan [header-text-length] | Target: \"80\" | Operator: \"Greater than\" | Actual: [0 headings] | Result: ❌ NO MATCH","timestamp":"2026-06-14 00:41:55"}
{"level":"info","message":"   -> 🔍 Scan [readability-level] | Target: \"12\" | Operator: \"Greater than\" | Actual: 0 | Result: ❌ NO MATCH","timestamp":"2026-06-14 00:41:55"}
{"level":"info","message":"   -> 🔍 Scan [meta-header] | Target: \"keyword\" (containing) | Operator: \"contains\" | Actual: [Content length: 16317] | Result: ❌ NO MATCH","timestamp":"2026-06-14 00:41:55"}
{"level":"info","message":"   -> 🔍 Scan [meta-header-length] | Target: \"160\" | Operator: \"Greater than\" | Actual: 160 | Result: ❌ NO MATCH","timestamp":"2026-06-14 00:41:55"}
{"level":"info","message":"   -> 🔍 Scan [page-html] | Target: \"<script>\" (containing) | Operator: \"contains\" | Actual: [Content length: 16317] | Result: ✅ MATCH","timestamp":"2026-06-14 00:41:55"}
{"level":"info","message":"   -> 🔍 Scan [text] | Target: \"jewellery\" (containing) | Operator: \"contains\" | Actual: [Content length: 16317] | Result: ✅ MATCH","timestamp":"2026-06-14 00:41:55"}
{"level":"info","message":"   -> 🔍 Scan [page-title] | Target: \"jewellery\" (containing) | Operator: \"contains\" | Actual: \"Jewellery Software | Jewellery\" | Result: ✅ MATCH","timestamp":"2026-06-14 00:41:55"}
{"level":"info","message":"   -> 🔍 Scan [page-title-length] | Target: \"60\" | Operator: \"Greater than\" | Actual: 60 | Result: ❌ NO MATCH","timestamp":"2026-06-14 00:41:55"}
{"level":"info","message":"   -> 🔍 Scan [page-url] | Target: \"shop\" (containing) | Operator: \"contains\" | Actual: \"https://omunim.com/\" | Result: ❌ NO MATCH","timestamp":"2026-06-14 00:41:55"}
{"level":"info","message":"   -> 🔍 Scan [link] | Target: \"contact\" (containing) | Operator: \"contains\" | Actual: [0 links] | Result: ❌ NO MATCH","timestamp":"2026-06-14 00:41:55"}
{"level":"info","message":"   -> 🔍 Scan [link-text] | Target: \"buy\" (containing) | Operator: \"contains\" | Actual: [0 links] | Result: ❌ NO MATCH","timestamp":"2026-06-14 00:41:55"}
{"level":"info","message":"   -> 🔍 Scan [link-text-length] | Target: \"50\" | Operator: \"Greater than\" | Actual: [0 links] | Result: ❌ NO MATCH","timestamp":"2026-06-14 00:41:55"}
{"level":"info","message":"   -> 🔍 Scan [file-size] | Target: \"5\" (MB) | Operator: \"Greater than\" | Actual: 2085.486328125 | Result: ❌ NO MATCH","timestamp":"2026-06-14 00:41:55"}
{"level":"info","message":"   -> 🔍 Scan [image-size] | Target: \"100\" (KB) | Operator: \"Greater than\" | Actual: [104 images] | Result: ❌ NO MATCH","timestamp":"2026-06-14 00:41:55"}
{"level":"info","message":"   -> 🔍 Scan [image-text] | Target: \"logo\" (containing) | Operator: \"contains\" | Actual: [104 images] | Result: ❌ NO MATCH","timestamp":"2026-06-14 00:41:55"}
{"level":"info","message":"   -> 🔍 Scan [image-text-length] | Target: \"100\" | Operator: \"Greater than\" | Actual: [104 images] | Result: ❌ NO MATCH","timestamp":"2026-06-14 00:41:55"}
{"level":"info","message":"   -> 🔍 Scan [external-link-count] | Target: \"10\" | Operator: \"Greater than\" | Actual: 17 | Result: ✅ MATCH","timestamp":"2026-06-14 00:41:55"}
{"level":"info","message":"   -> 🔍 Scan [incoming-link-count] | Target: \"5\" | Operator: \"Greater than\" | Actual: 21 | Result: ✅ MATCH","timestamp":"2026-06-14 00:41:55"}
{"level":"info","message":"   -> 🔍 Scan [heading-text] | Target: \"price\" (containing) | Operator: \"contains\" | Actual: [0 headings] | Result: ❌ NO MATCH","timestamp":"2026-06-14 00:41:55"}
{"level":"info","message":"   -> 🔍 Scan [header-text-length] | Target: \"80\" | Operator: \"Greater than\" | Actual: [0 headings] | Result: ❌ NO MATCH","timestamp":"2026-06-14 00:41:55"}
{"level":"info","message":"   -> 🔍 Scan [readability-level] | Target: \"12\" | Operator: \"Greater than\" | Actual: 0 | Result: ❌ NO MATCH","timestamp":"2026-06-14 00:41:55"}
{"level":"info","message":"   -> 🔍 Scan [meta-header] | Target: \"keyword\" (containing) | Operator: \"contains\" | Actual: [Content length: 16317] | Result: ❌ NO MATCH","timestamp":"2026-06-14 00:41:55"}
{"level":"info","message":"   -> 🔍 Scan [meta-header-length] | Target: \"160\" | Operator: \"Greater than\" | Actual: 160 | Result: ❌ NO MATCH","timestamp":"2026-06-14 00:41:55"}
{"level":"info","message":"   -> 🔍 Scan [page-html] | Target: \"<script>\" (containing) | Operator: \"contains\" | Actual: [Content length: 16317] | Result: ✅ MATCH","timestamp":"2026-06-14 00:41:55"}
{"level":"info","message":"   -> 🔍 Scan [text] | Target: \"jewellery\" (containing) | Operator: \"contains\" | Actual: [Content length: 16317] | Result: ✅ MATCH","timestamp":"2026-06-14 00:41:55"}
{"level":"info","message":"   -> 🔍 Scan [page-title] | Target: \"jewellery\" (containing) | Operator: \"contains\" | Actual: \"Jewellery Software | Jewellery\" | Result: ✅ MATCH","timestamp":"2026-06-14 00:41:55"}
{"level":"info","message":"   -> 🔍 Scan [page-title-length] | Target: \"60\" | Operator: \"Greater than\" | Actual: 60 | Result: ❌ NO MATCH","timestamp":"2026-06-14 00:41:55"}
{"level":"info","message":"   -> 🔍 Scan [page-url] | Target: \"shop\" (containing) | Operator: \"contains\" | Actual: \"https://omunim.com/\" | Result: ❌ NO MATCH","timestamp":"2026-06-14 00:41:55"}
{"level":"info","message":"   -> 🔍 Scan [link] | Target: \"contact\" (containing) | Operator: \"contains\" | Actual: [0 links] | Result: ❌ NO MATCH","timestamp":"2026-06-14 00:41:55"}
{"level":"info","message":"   -> 🔍 Scan [link-text] | Target: \"buy\" (containing) | Operator: \"contains\" | Actual: [0 links] | Result: ❌ NO MATCH","timestamp":"2026-06-14 00:41:55"}
{"level":"info","message":"   -> 🔍 Scan [link-text-length] | Target: \"50\" | Operator: \"Greater than\" | Actual: [0 links] | Result: ❌ NO MATCH","timestamp":"2026-06-14 00:41:55"}
{"level":"info","message":"   -> 🔍 Scan [file-size] | Target: \"5\" (MB) | Operator: \"Greater than\" | Actual: 2085.486328125 | Result: ❌ NO MATCH","timestamp":"2026-06-14 00:41:55"}
{"level":"info","message":"   -> 🔍 Scan [image-size] | Target: \"100\" (KB) | Operator: \"Greater than\" | Actual: [104 images] | Result: ❌ NO MATCH","timestamp":"2026-06-14 00:41:55"}
{"level":"info","message":"   -> 🔍 Scan [image-text] | Target: \"logo\" (containing) | Operator: \"contains\" | Actual: [104 images] | Result: ❌ NO MATCH","timestamp":"2026-06-14 00:41:55"}
{"level":"info","message":"   -> 🔍 Scan [image-text-length] | Target: \"100\" | Operator: \"Greater than\" | Actual: [104 images] | Result: ❌ NO MATCH","timestamp":"2026-06-14 00:41:55"}
{"level":"info","message":"   -> 🔍 Scan [external-link-count] | Target: \"10\" | Operator: \"Greater than\" | Actual: 17 | Result: ✅ MATCH","timestamp":"2026-06-14 00:41:55"}
{"level":"info","message":"   -> 🔍 Scan [incoming-link-count] | Target: \"5\" | Operator: \"Greater than\" | Actual: 21 | Result: ✅ MATCH","timestamp":"2026-06-14 00:41:55"}
{"level":"info","message":"   -> 🔍 Scan [heading-text] | Target: \"price\" (containing) | Operator: \"contains\" | Actual: [0 headings] | Result: ❌ NO MATCH","timestamp":"2026-06-14 00:41:55"}
{"level":"info","message":"   -> 🔍 Scan [header-text-length] | Target: \"80\" | Operator: \"Greater than\" | Actual: [0 headings] | Result: ❌ NO MATCH","timestamp":"2026-06-14 00:41:55"}
{"level":"info","message":"   -> 🔍 Scan [readability-level] | Target: \"12\" | Operator: \"Greater than\" | Actual: 0 | Result: ❌ NO MATCH","timestamp":"2026-06-14 00:41:55"}
{"level":"info","message":"   -> 🔍 Scan [meta-header] | Target: \"keyword\" (containing) | Operator: \"contains\" | Actual: [Content length: 16317] | Result: ❌ NO MATCH","timestamp":"2026-06-14 00:41:55"}
{"level":"info","message":"   -> 🔍 Scan [meta-header-length] | Target: \"160\" | Operator: \"Greater than\" | Actual: 160 | Result: ❌ NO MATCH","timestamp":"2026-06-14 00:41:55"}
{"level":"info","message":"   -> 🔍 Scan [page-html] | Target: \"<script>\" (containing) | Operator: \"contains\" | Actual: [Content length: 16317] | Result: ✅ MATCH","timestamp":"2026-06-14 00:41:55"}
{"level":"info","message":"   -> 🔍 Scan [text] | Target: \"jewellery\" (containing) | Operator: \"contains\" | Actual: [Content length: 4862] | Result: ✅ MATCH","timestamp":"2026-06-14 00:41:55"}
{"level":"info","message":"   -> 🔍 Scan [image-size] | Target: \"100\" (KB) | Operator: \"Greater than\" | Actual: [22 images] | Result: ✅ MATCH","timestamp":"2026-06-14 00:41:55"}
{"level":"info","message":"   -> 🔍 Scan [text] | Target: \"jewellery\" (containing) | Operator: \"contains\" | Actual: [Content length: 4862] | Result: ✅ MATCH","timestamp":"2026-06-14 00:41:55"}
{"level":"info","message":"   -> 🔍 Scan [page-title] | Target: \"jewellery\" (containing) | Operator: \"contains\" | Actual: \"Jewellery Software | Jewellery\" | Result: ✅ MATCH","timestamp":"2026-06-14 00:41:55"}
{"level":"info","message":"   -> 🔍 Scan [page-title-length] | Target: \"60\" | Operator: \"Greater than\" | Actual: 60 | Result: ❌ NO MATCH","timestamp":"2026-06-14 00:41:55"}
{"level":"info","message":"   -> 🔍 Scan [page-url] | Target: \"shop\" (containing) | Operator: \"contains\" | Actual: \"https://omunim.com/signin\" | Result: ❌ NO MATCH","timestamp":"2026-06-14 00:41:55"}
{"level":"info","message":"   -> 🔍 Scan [link] | Target: \"contact\" (containing) | Operator: \"contains\" | Actual: [0 links] | Result: ❌ NO MATCH","timestamp":"2026-06-14 00:41:55"}
{"level":"info","message":"   -> 🔍 Scan [link-text] | Target: \"buy\" (containing) | Operator: \"contains\" | Actual: [0 links] | Result: ❌ NO MATCH","timestamp":"2026-06-14 00:41:55"}
{"level":"info","message":"   -> 🔍 Scan [link-text-length] | Target: \"50\" | Operator: \"Greater than\" | Actual: [0 links] | Result: ❌ NO MATCH","timestamp":"2026-06-14 00:41:55"}
{"level":"info","message":"   -> 🔍 Scan [file-size] | Target: \"5\" (MB) | Operator: \"Greater than\" | Actual: 1506.169921875 | Result: ❌ NO MATCH","timestamp":"2026-06-14 00:41:55"}
{"level":"info","message":"   -> 🔍 Scan [image-size] | Target: \"100\" (KB) | Operator: \"Greater than\" | Actual: [22 images] | Result: ✅ MATCH","timestamp":"2026-06-14 00:41:55"}
{"level":"info","message":"   -> 🔍 Scan [image-text] | Target: \"logo\" (containing) | Operator: \"contains\" | Actual: [22 images] | Result: ❌ NO MATCH","timestamp":"2026-06-14 00:41:55"}
{"level":"info","message":"   -> 🔍 Scan [image-text-length] | Target: \"100\" | Operator: \"Greater than\" | Actual: [22 images] | Result: ❌ NO MATCH","timestamp":"2026-06-14 00:41:55"}
{"level":"info","message":"   -> 🔍 Scan [external-link-count] | Target: \"10\" | Operator: \"Greater than\" | Actual: 13 | Result: ✅ MATCH","timestamp":"2026-06-14 00:41:55"}
{"level":"info","message":"   -> 🔍 Scan [incoming-link-count] | Target: \"5\" | Operator: \"Greater than\" | Actual: 18 | Result: ✅ MATCH","timestamp":"2026-06-14 00:41:55"}
{"level":"info","message":"   -> 🔍 Scan [heading-text] | Target: \"price\" (containing) | Operator: \"contains\" | Actual: [0 headings] | Result: ❌ NO MATCH","timestamp":"2026-06-14 00:41:55"}
{"level":"info","message":"   -> 🔍 Scan [header-text-length] | Target: \"80\" | Operator: \"Greater than\" | Actual: [0 headings] | Result: ❌ NO MATCH","timestamp":"2026-06-14 00:41:55"}
{"level":"info","message":"   -> 🔍 Scan [readability-level] | Target: \"12\" | Operator: \"Greater than\" | Actual: 0 | Result: ❌ NO MATCH","timestamp":"2026-06-14 00:41:55"}
{"level":"info","message":"   -> 🔍 Scan [meta-header] | Target: \"keyword\" (containing) | Operator: \"contains\" | Actual: [Content length: 4862] | Result: ❌ NO MATCH","timestamp":"2026-06-14 00:41:55"}
{"level":"info","message":"   -> 🔍 Scan [meta-header-length] | Target: \"160\" | Operator: \"Greater than\" | Actual: 160 | Result: ❌ NO MATCH","timestamp":"2026-06-14 00:41:55"}
{"level":"info","message":"   -> 🔍 Scan [page-html] | Target: \"<script>\" (containing) | Operator: \"contains\" | Actual: [Content length: 4862] | Result: ✅ MATCH","timestamp":"2026-06-14 00:41:55"}
{"level":"info","message":"   -> 🔍 Scan [text] | Target: \"jewellery\" (containing) | Operator: \"contains\" | Actual: [Content length: 4862] | Result: ✅ MATCH","timestamp":"2026-06-14 00:41:55"}
{"level":"info","message":"   -> 🔍 Scan [page-title] | Target: \"jewellery\" (containing) | Operator: \"contains\" | Actual: \"Jewellery Software | Jewellery\" | Result: ✅ MATCH","timestamp":"2026-06-14 00:41:55"}
{"level":"info","message":"   -> 🔍 Scan [page-title-length] | Target: \"60\" | Operator: \"Greater than\" | Actual: 60 | Result: ❌ NO MATCH","timestamp":"2026-06-14 00:41:55"}
{"level":"info","message":"   -> 🔍 Scan [page-url] | Target: \"shop\" (containing) | Operator: \"contains\" | Actual: \"https://omunim.com/signin\" | Result: ❌ NO MATCH","timestamp":"2026-06-14 00:41:55"}
{"level":"info","message":"   -> 🔍 Scan [link] | Target: \"contact\" (containing) | Operator: \"contains\" | Actual: [0 links] | Result: ❌ NO MATCH","timestamp":"2026-06-14 00:41:55"}
{"level":"info","message":"   -> 🔍 Scan [link-text] | Target: \"buy\" (containing) | Operator: \"contains\" | Actual: [0 links] | Result: ❌ NO MATCH","timestamp":"2026-06-14 00:41:55"}
{"level":"info","message":"   -> 🔍 Scan [link-text-length] | Target: \"50\" | Operator: \"Greater than\" | Actual: [0 links] | Result: ❌ NO MATCH","timestamp":"2026-06-14 00:41:55"}
{"level":"info","message":"   -> 🔍 Scan [file-size] | Target: \"5\" (MB) | Operator: \"Greater than\" | Actual: 1506.169921875 | Result: ❌ NO MATCH","timestamp":"2026-06-14 00:41:55"}
{"level":"info","message":"   -> 🔍 Scan [image-size] | Target: \"100\" (KB) | Operator: \"Greater than\" | Actual: [22 images] | Result: ✅ MATCH","timestamp":"2026-06-14 00:41:55"}
{"level":"info","message":"   -> 🔍 Scan [image-text] | Target: \"logo\" (containing) | Operator: \"contains\" | Actual: [22 images] | Result: ❌ NO MATCH","timestamp":"2026-06-14 00:41:55"}
{"level":"info","message":"   -> 🔍 Scan [image-text-length] | Target: \"100\" | Operator: \"Greater than\" | Actual: [22 images] | Result: ❌ NO MATCH","timestamp":"2026-06-14 00:41:55"}
{"level":"info","message":"   -> 🔍 Scan [external-link-count] | Target: \"10\" | Operator: \"Greater than\" | Actual: 13 | Result: ✅ MATCH","timestamp":"2026-06-14 00:41:55"}
{"level":"info","message":"   -> 🔍 Scan [incoming-link-count] | Target: \"5\" | Operator: \"Greater than\" | Actual: 18 | Result: ✅ MATCH","timestamp":"2026-06-14 00:41:55"}
{"level":"info","message":"   -> 🔍 Scan [heading-text] | Target: \"price\" (containing) | Operator: \"contains\" | Actual: [0 headings] | Result: ❌ NO MATCH","timestamp":"2026-06-14 00:41:55"}
{"level":"info","message":"   -> 🔍 Scan [header-text-length] | Target: \"80\" | Operator: \"Greater than\" | Actual: [0 headings] | Result: ❌ NO MATCH","timestamp":"2026-06-14 00:41:55"}
{"level":"info","message":"   -> 🔍 Scan [readability-level] | Target: \"12\" | Operator: \"Greater than\" | Actual: 0 | Result: ❌ NO MATCH","timestamp":"2026-06-14 00:41:55"}
{"level":"info","message":"   -> 🔍 Scan [meta-header] | Target: \"keyword\" (containing) | Operator: \"contains\" | Actual: [Content length: 4862] | Result: ❌ NO MATCH","timestamp":"2026-06-14 00:41:55"}
{"level":"info","message":"   -> 🔍 Scan [meta-header-length] | Target: \"160\" | Operator: \"Greater than\" | Actual: 160 | Result: ❌ NO MATCH","timestamp":"2026-06-14 00:41:55"}
{"level":"info","message":"   -> 🔍 Scan [page-html] | Target: \"<script>\" (containing) | Operator: \"contains\" | Actual: [Content length: 4862] | Result: ✅ MATCH","timestamp":"2026-06-14 00:41:55"}
{"level":"info","message":"   -> 🔍 Scan [text] | Target: \"jewellery\" (containing) | Operator: \"contains\" | Actual: [Content length: 4862] | Result: ✅ MATCH","timestamp":"2026-06-14 00:41:55"}
{"level":"info","message":"   -> 🔍 Scan [page-title] | Target: \"jewellery\" (containing) | Operator: \"contains\" | Actual: \"Jewellery Software | Jewellery\" | Result: ✅ MATCH","timestamp":"2026-06-14 00:41:55"}
{"level":"info","message":"   -> 🔍 Scan [page-title-length] | Target: \"60\" | Operator: \"Greater than\" | Actual: 60 | Result: ❌ NO MATCH","timestamp":"2026-06-14 00:41:55"}
{"level":"info","message":"   -> 🔍 Scan [page-url] | Target: \"shop\" (containing) | Operator: \"contains\" | Actual: \"https://omunim.com/signin\" | Result: ❌ NO MATCH","timestamp":"2026-06-14 00:41:55"}
{"level":"info","message":"   -> 🔍 Scan [link] | Target: \"contact\" (containing) | Operator: \"contains\" | Actual: [0 links] | Result: ❌ NO MATCH","timestamp":"2026-06-14 00:41:55"}
{"level":"info","message":"   -> 🔍 Scan [link-text] | Target: \"buy\" (containing) | Operator: \"contains\" | Actual: [0 links] | Result: ❌ NO MATCH","timestamp":"2026-06-14 00:41:55"}
{"level":"info","message":"   -> 🔍 Scan [link-text-length] | Target: \"50\" | Operator: \"Greater than\" | Actual: [0 links] | Result: ❌ NO MATCH","timestamp":"2026-06-14 00:41:55"}
{"level":"info","message":"   -> 🔍 Scan [file-size] | Target: \"5\" (MB) | Operator: \"Greater than\" | Actual: 1506.169921875 | Result: ❌ NO MATCH","timestamp":"2026-06-14 00:41:55"}
{"level":"info","message":"   -> 🔍 Scan [image-size] | Target: \"100\" (KB) | Operator: \"Greater than\" | Actual: [22 images] | Result: ✅ MATCH","timestamp":"2026-06-14 00:41:55"}
{"level":"info","message":"   -> 🔍 Scan [image-text] | Target: \"logo\" (containing) | Operator: \"contains\" | Actual: [22 images] | Result: ❌ NO MATCH","timestamp":"2026-06-14 00:41:55"}
{"level":"info","message":"   -> 🔍 Scan [image-text-length] | Target: \"100\" | Operator: \"Greater than\" | Actual: [22 images] | Result: ❌ NO MATCH","timestamp":"2026-06-14 00:41:55"}
{"level":"info","message":"   -> 🔍 Scan [external-link-count] | Target: \"10\" | Operator: \"Greater than\" | Actual: 13 | Result: ✅ MATCH","timestamp":"2026-06-14 00:41:55"}
{"level":"info","message":"   -> 🔍 Scan [incoming-link-count] | Target: \"5\" | Operator: \"Greater than\" | Actual: 18 | Result: ✅ MATCH","timestamp":"2026-06-14 00:41:55"}
{"level":"info","message":"   -> 🔍 Scan [heading-text] | Target: \"price\" (containing) | Operator: \"contains\" | Actual: [0 headings] | Result: ❌ NO MATCH","timestamp":"2026-06-14 00:41:55"}
{"level":"info","message":"   -> 🔍 Scan [header-text-length] | Target: \"80\" | Operator: \"Greater than\" | Actual: [0 headings] | Result: ❌ NO MATCH","timestamp":"2026-06-14 00:41:55"}
{"level":"info","message":"   -> 🔍 Scan [readability-level] | Target: \"12\" | Operator: \"Greater than\" | Actual: 0 | Result: ❌ NO MATCH","timestamp":"2026-06-14 00:41:55"}
{"level":"info","message":"   -> 🔍 Scan [meta-header] | Target: \"keyword\" (containing) | Operator: \"contains\" | Actual: [Content length: 4862] | Result: ❌ NO MATCH","timestamp":"2026-06-14 00:41:55"}
{"level":"info","message":"   -> 🔍 Scan [meta-header-length] | Target: \"160\" | Operator: \"Greater than\" | Actual: 160 | Result: ❌ NO MATCH","timestamp":"2026-06-14 00:41:55"}
{"level":"info","message":"   -> 🔍 Scan [page-html] | Target: \"<script>\" (containing) | Operator: \"contains\" | Actual: [Content length: 4862] | Result: ✅ MATCH","timestamp":"2026-06-14 00:41:55"}
{"level":"error","message":"Policy scan error for omunim: ValidationError: PolicyReport validation failed: priority: `medium` is not a valid enum value for path `priority`.\n    at Document.invalidate (D:\\sitemonitor\\Backend\\master\\node_modules\\mongoose\\lib\\document.js:3381:32)\n    at D:\\sitemonitor\\Backend\\master\\node_modules\\mongoose\\lib\\document.js:3142:17\n    at D:\\sitemonitor\\Backend\\master\\node_modules\\mongoose\\lib\\schemaType.js:1446:9\n    at process.processTicksAndRejections (node:internal/process/task_queues:85:11)","timestamp":"2026-06-14 00:41:55"}
{"level":"error","message":"Job 5 (omunim) failed: PolicyReport validation failed: priority: `medium` is not a valid enum value for path `priority`.","timestamp":"2026-06-14 00:41:55"}
{"level":"info","message":"[Job 5] 🛡️ Starting Policy scan for: omunim","timestamp":"2026-06-14 00:41:56"}
{"level":"info","message":"🛡️ [omunim] Starting standalone Policy Scan (job 5)...","timestamp":"2026-06-14 00:41:56"}
{"level":"info","message":"📑 [omunim] Retrieved 4 recent domain reports for evaluation.","timestamp":"2026-06-14 00:41:57"}
{"level":"info","message":"⚖️ [omunim] Evaluating 23 policies against 4 pages.","timestamp":"2026-06-14 00:41:57"}
{"level":"info","message":"📋 Policy: \"find jewellery keywords\"","timestamp":"2026-06-14 00:41:57"}
{"level":"info","message":"   Rule 1: Type=[text], Target=[jewellery], SearchType=[Contains], Contains/Unit=[containing]","timestamp":"2026-06-14 00:41:57"}
{"level":"info","message":"📋 Policy: \"Images greater than 100kB\"","timestamp":"2026-06-14 00:41:57"}
{"level":"info","message":"   Rule 1: Type=[image-size], Target=[100], SearchType=[Greater than], Contains/Unit=[KB]","timestamp":"2026-06-14 00:41:57"}
{"level":"info","message":"📋 Policy: \"Sample Policy with All Rules (Test)\"","timestamp":"2026-06-14 00:41:57"}
{"level":"info","message":"   Rule 1: Type=[text], Target=[jewellery], SearchType=[Contains], Contains/Unit=[containing]","timestamp":"2026-06-14 00:41:57"}
{"level":"info","message":"   Rule 2: Type=[page-title], Target=[jewellery], SearchType=[Contains], Contains/Unit=[containing]","timestamp":"2026-06-14 00:41:57"}
{"level":"info","message":"   Rule 3: Type=[page-title-length], Target=[60], SearchType=[Greater than], Contains/Unit=[]","timestamp":"2026-06-14 00:41:57"}
{"level":"info","message":"   Rule 4: Type=[page-url], Target=[shop], SearchType=[Contains], Contains/Unit=[containing]","timestamp":"2026-06-14 00:41:57"}
{"level":"info","message":"   Rule 5: Type=[link], Target=[contact], SearchType=[Contains], Contains/Unit=[containing]","timestamp":"2026-06-14 00:41:57"}
{"level":"info","message":"   Rule 6: Type=[link-text], Target=[buy], SearchType=[Contains], Contains/Unit=[containing]","timestamp":"2026-06-14 00:41:57"}
{"level":"info","message":"   Rule 7: Type=[link-text-length], Target=[50], SearchType=[Greater than], Contains/Unit=[]","timestamp":"2026-06-14 00:41:57"}
{"level":"info","message":"   Rule 8: Type=[file-size], Target=[5], SearchType=[Greater than], Contains/Unit=[MB]","timestamp":"2026-06-14 00:41:57"}
{"level":"info","message":"   Rule 9: Type=[image-size], Target=[100], SearchType=[Greater than], Contains/Unit=[KB]","timestamp":"2026-06-14 00:41:57"}
{"level":"info","message":"   Rule 10: Type=[image-text], Target=[logo], SearchType=[Contains], Contains/Unit=[containing]","timestamp":"2026-06-14 00:41:57"}
{"level":"info","message":"   Rule 11: Type=[image-text-length], Target=[100], SearchType=[Greater than], Contains/Unit=[]","timestamp":"2026-06-14 00:41:57"}
{"level":"info","message":"   Rule 12: Type=[external-link-count], Target=[10], SearchType=[Greater than], Contains/Unit=[]","timestamp":"2026-06-14 00:41:57"}
{"level":"info","message":"   Rule 13: Type=[incoming-link-count], Target=[5], SearchType=[Greater than], Contains/Unit=[]","timestamp":"2026-06-14 00:41:57"}
{"level":"info","message":"   Rule 14: Type=[heading-text], Target=[price], SearchType=[Contains], Contains/Unit=[containing]","timestamp":"2026-06-14 00:41:57"}
{"level":"info","message":"   Rule 15: Type=[header-text-length], Target=[80], SearchType=[Greater than], Contains/Unit=[]","timestamp":"2026-06-14 00:41:57"}
{"level":"info","message":"   Rule 16: Type=[readability-level], Target=[12], SearchType=[Greater than], Contains/Unit=[]","timestamp":"2026-06-14 00:41:57"}
{"level":"info","message":"   Rule 17: Type=[meta-header], Target=[keyword], SearchType=[Contains], Contains/Unit=[containing]","timestamp":"2026-06-14 00:41:57"}
{"level":"info","message":"   Rule 18: Type=[meta-header-length], Target=[160], SearchType=[Greater than], Contains/Unit=[]","timestamp":"2026-06-14 00:41:57"}
{"level":"info","message":"   Rule 19: Type=[page-html], Target=[<script>], SearchType=[Contains], Contains/Unit=[containing]","timestamp":"2026-06-14 00:41:57"}
{"level":"info","message":"📋 Policy: \"Sample Policy with All Rules (Global)\"","timestamp":"2026-06-14 00:41:57"}
{"level":"info","message":"   Rule 1: Type=[text], Target=[jewellery], SearchType=[Contains], Contains/Unit=[containing]","timestamp":"2026-06-14 00:41:57"}
{"level":"info","message":"   Rule 2: Type=[page-title], Target=[jewellery], SearchType=[Contains], Contains/Unit=[containing]","timestamp":"2026-06-14 00:41:57"}
{"level":"info","message":"   Rule 3: Type=[page-title-length], Target=[60], SearchType=[Greater than], Contains/Unit=[]","timestamp":"2026-06-14 00:41:57"}
{"level":"info","message":"   Rule 4: Type=[page-url], Target=[shop], SearchType=[Contains], Contains/Unit=[containing]","timestamp":"2026-06-14 00:41:57"}
{"level":"info","message":"   Rule 5: Type=[link], Target=[contact], SearchType=[Contains], Contains/Unit=[containing]","timestamp":"2026-06-14 00:41:57"}
{"level":"info","message":"   Rule 6: Type=[link-text], Target=[buy], SearchType=[Contains], Contains/Unit=[containing]","timestamp":"2026-06-14 00:41:57"}
{"level":"info","message":"   Rule 7: Type=[link-text-length], Target=[50], SearchType=[Greater than], Contains/Unit=[]","timestamp":"2026-06-14 00:41:57"}
{"level":"info","message":"   Rule 8: Type=[file-size], Target=[5], SearchType=[Greater than], Contains/Unit=[MB]","timestamp":"2026-06-14 00:41:57"}
{"level":"info","message":"   Rule 9: Type=[image-size], Target=[100], SearchType=[Greater than], Contains/Unit=[KB]","timestamp":"2026-06-14 00:41:57"}
{"level":"info","message":"   Rule 10: Type=[image-text], Target=[logo], SearchType=[Contains], Contains/Unit=[containing]","timestamp":"2026-06-14 00:41:57"}
{"level":"info","message":"   Rule 11: Type=[image-text-length], Target=[100], SearchType=[Greater than], Contains/Unit=[]","timestamp":"2026-06-14 00:41:57"}
{"level":"info","message":"   Rule 12: Type=[external-link-count], Target=[10], SearchType=[Greater than], Contains/Unit=[]","timestamp":"2026-06-14 00:41:57"}
{"level":"info","message":"   Rule 13: Type=[incoming-link-count], Target=[5], SearchType=[Greater than], Contains/Unit=[]","timestamp":"2026-06-14 00:41:57"}
{"level":"info","message":"   Rule 14: Type=[heading-text], Target=[price], SearchType=[Contains], Contains/Unit=[containing]","timestamp":"2026-06-14 00:41:57"}
{"level":"info","message":"   Rule 15: Type=[header-text-length], Target=[80], SearchType=[Greater than], Contains/Unit=[]","timestamp":"2026-06-14 00:41:57"}
{"level":"info","message":"   Rule 16: Type=[readability-level], Target=[12], SearchType=[Greater than], Contains/Unit=[]","timestamp":"2026-06-14 00:41:57"}
{"level":"info","message":"   Rule 17: Type=[meta-header], Target=[keyword], SearchType=[Contains], Contains/Unit=[containing]","timestamp":"2026-06-14 00:41:57"}
{"level":"info","message":"   Rule 18: Type=[meta-header-length], Target=[160], SearchType=[Greater than], Contains/Unit=[]","timestamp":"2026-06-14 00:41:57"}
{"level":"info","message":"   Rule 19: Type=[page-html], Target=[<script>], SearchType=[Contains], Contains/Unit=[containing]","timestamp":"2026-06-14 00:41:57"}
{"level":"info","message":"📋 Policy: \"Test Policy: Single Rule (text)\"","timestamp":"2026-06-14 00:41:57"}
{"level":"info","message":"   Rule 1: Type=[text], Target=[jewellery], SearchType=[Contains], Contains/Unit=[containing]","timestamp":"2026-06-14 00:41:57"}
{"level":"info","message":"📋 Policy: \"Test Policy: Single Rule (page-title)\"","timestamp":"2026-06-14 00:41:57"}
{"level":"info","message":"   Rule 1: Type=[page-title], Target=[jewellery], SearchType=[Contains], Contains/Unit=[containing]","timestamp":"2026-06-14 00:41:57"}
{"level":"info","message":"📋 Policy: \"Test Policy: Single Rule (page-title-length)\"","timestamp":"2026-06-14 00:41:57"}
{"level":"info","message":"   Rule 1: Type=[page-title-length], Target=[60], SearchType=[Greater than], Contains/Unit=[]","timestamp":"2026-06-14 00:41:57"}
{"level":"info","message":"📋 Policy: \"Test Policy: Single Rule (page-url)\"","timestamp":"2026-06-14 00:41:57"}
{"level":"info","message":"   Rule 1: Type=[page-url], Target=[shop], SearchType=[Contains], Contains/Unit=[containing]","timestamp":"2026-06-14 00:41:57"}
{"level":"info","message":"📋 Policy: \"Test Policy: Single Rule (link)\"","timestamp":"2026-06-14 00:41:57"}
{"level":"info","message":"   Rule 1: Type=[link], Target=[contact], SearchType=[Contains], Contains/Unit=[containing]","timestamp":"2026-06-14 00:41:57"}
{"level":"info","message":"📋 Policy: \"Test Policy: Single Rule (link-text)\"","timestamp":"2026-06-14 00:41:57"}
{"level":"info","message":"   Rule 1: Type=[link-text], Target=[buy], SearchType=[Contains], Contains/Unit=[containing]","timestamp":"2026-06-14 00:41:57"}
{"level":"info","message":"📋 Policy: \"Test Policy: Single Rule (link-text-length)\"","timestamp":"2026-06-14 00:41:57"}
{"level":"info","message":"   Rule 1: Type=[link-text-length], Target=[50], SearchType=[Greater than], Contains/Unit=[]","timestamp":"2026-06-14 00:41:57"}
{"level":"info","message":"📋 Policy: \"Test Policy: Single Rule (file-size)\"","timestamp":"2026-06-14 00:41:57"}
{"level":"info","message":"   Rule 1: Type=[file-size], Target=[5], SearchType=[Greater than], Contains/Unit=[MB]","timestamp":"2026-06-14 00:41:57"}
{"level":"info","message":"📋 Policy: \"Test Policy: Single Rule (image-size)\"","timestamp":"2026-06-14 00:41:57"}
{"level":"info","message":"   Rule 1: Type=[image-size], Target=[100], SearchType=[Greater than], Contains/Unit=[KB]","timestamp":"2026-06-14 00:41:57"}
{"level":"info","message":"📋 Policy: \"Test Policy: Single Rule (image-text)\"","timestamp":"2026-06-14 00:41:57"}
{"level":"info","message":"   Rule 1: Type=[image-text], Target=[logo], SearchType=[Contains], Contains/Unit=[containing]","timestamp":"2026-06-14 00:41:57"}
{"level":"info","message":"📋 Policy: \"Test Policy: Single Rule (image-text-length)\"","timestamp":"2026-06-14 00:41:57"}
{"level":"info","message":"   Rule 1: Type=[image-text-length], Target=[100], SearchType=[Greater than], Contains/Unit=[]","timestamp":"2026-06-14 00:41:57"}
{"level":"info","message":"📋 Policy: \"Test Policy: Single Rule (external-link-count)\"","timestamp":"2026-06-14 00:41:57"}
{"level":"info","message":"   Rule 1: Type=[external-link-count], Target=[10], SearchType=[Greater than], Contains/Unit=[]","timestamp":"2026-06-14 00:41:57"}
{"level":"info","message":"📋 Policy: \"Test Policy: Single Rule (incoming-link-count)\"","timestamp":"2026-06-14 00:41:57"}
{"level":"info","message":"   Rule 1: Type=[incoming-link-count], Target=[5], SearchType=[Greater than], Contains/Unit=[]","timestamp":"2026-06-14 00:41:57"}
{"level":"info","message":"📋 Policy: \"Test Policy: Single Rule (heading-text)\"","timestamp":"2026-06-14 00:41:57"}
{"level":"info","message":"   Rule 1: Type=[heading-text], Target=[price], SearchType=[Contains], Contains/Unit=[containing]","timestamp":"2026-06-14 00:41:57"}
{"level":"info","message":"📋 Policy: \"Test Policy: Single Rule (header-text-length)\"","timestamp":"2026-06-14 00:41:57"}
{"level":"info","message":"   Rule 1: Type=[header-text-length], Target=[80], SearchType=[Greater than], Contains/Unit=[]","timestamp":"2026-06-14 00:41:57"}
{"level":"info","message":"📋 Policy: \"Test Policy: Single Rule (readability-level)\"","timestamp":"2026-06-14 00:41:57"}
{"level":"info","message":"   Rule 1: Type=[readability-level], Target=[12], SearchType=[Greater than], Contains/Unit=[]","timestamp":"2026-06-14 00:41:57"}
{"level":"info","message":"📋 Policy: \"Test Policy: Single Rule (meta-header)\"","timestamp":"2026-06-14 00:41:57"}
{"level":"info","message":"   Rule 1: Type=[meta-header], Target=[keyword], SearchType=[Contains], Contains/Unit=[containing]","timestamp":"2026-06-14 00:41:57"}
{"level":"info","message":"📋 Policy: \"Test Policy: Single Rule (meta-header-length)\"","timestamp":"2026-06-14 00:41:57"}
{"level":"info","message":"   Rule 1: Type=[meta-header-length], Target=[160], SearchType=[Greater than], Contains/Unit=[]","timestamp":"2026-06-14 00:41:57"}
{"level":"info","message":"📋 Policy: \"Test Policy: Single Rule (page-html)\"","timestamp":"2026-06-14 00:41:57"}
{"level":"info","message":"   Rule 1: Type=[page-html], Target=[<script>], SearchType=[Contains], Contains/Unit=[containing]","timestamp":"2026-06-14 00:41:57"}
{"level":"info","message":"🌐 [omunim] Fetching live HTML content for 4 pages (text-based rules detected)...","timestamp":"2026-06-14 00:41:57"}
{"level":"info","message":"   -> 🔍 Scan [text] | Target: \"jewellery\" (containing) | Operator: \"contains\" | Actual: [Content length: 9820] | Result: ✅ MATCH","timestamp":"2026-06-14 00:41:57"}
{"level":"info","message":"   -> 🔍 Scan [image-size] | Target: \"100\" (KB) | Operator: \"Greater than\" | Actual: [53 images] | Result: ✅ MATCH","timestamp":"2026-06-14 00:41:57"}
{"level":"info","message":"   -> 🔍 Scan [text] | Target: \"jewellery\" (containing) | Operator: \"contains\" | Actual: [Content length: 9820] | Result: ✅ MATCH","timestamp":"2026-06-14 00:41:57"}
{"level":"info","message":"   -> 🔍 Scan [page-title] | Target: \"jewellery\" (containing) | Operator: \"contains\" | Actual: \"Best Jewellery Billing Softwar\" | Result: ✅ MATCH","timestamp":"2026-06-14 00:41:57"}
{"level":"info","message":"   -> 🔍 Scan [page-title-length] | Target: \"60\" | Operator: \"Greater than\" | Actual: 69 | Result: ✅ MATCH","timestamp":"2026-06-14 00:41:57"}
{"level":"info","message":"   -> 🔍 Scan [page-url] | Target: \"shop\" (containing) | Operator: \"contains\" | Actual: \"https://omunim.com/jewellery-billing-software\" | Result: ❌ NO MATCH","timestamp":"2026-06-14 00:41:57"}
{"level":"info","message":"   -> 🔍 Scan [link] | Target: \"contact\" (containing) | Operator: \"contains\" | Actual: [0 links] | Result: ❌ NO MATCH","timestamp":"2026-06-14 00:41:57"}
{"level":"info","message":"   -> 🔍 Scan [link-text] | Target: \"buy\" (containing) | Operator: \"contains\" | Actual: [0 links] | Result: ❌ NO MATCH","timestamp":"2026-06-14 00:41:57"}
{"level":"info","message":"   -> 🔍 Scan [link-text-length] | Target: \"50\" | Operator: \"Greater than\" | Actual: [0 links] | Result: ❌ NO MATCH","timestamp":"2026-06-14 00:41:57"}
{"level":"info","message":"   -> 🔍 Scan [file-size] | Target: \"5\" (MB) | Operator: \"Greater than\" | Actual: 2997.67578125 | Result: ❌ NO MATCH","timestamp":"2026-06-14 00:41:57"}
{"level":"info","message":"   -> 🔍 Scan [image-size] | Target: \"100\" (KB) | Operator: \"Greater than\" | Actual: [53 images] | Result: ✅ MATCH","timestamp":"2026-06-14 00:41:57"}
{"level":"info","message":"   -> 🔍 Scan [image-text] | Target: \"logo\" (containing) | Operator: \"contains\" | Actual: [53 images] | Result: ❌ NO MATCH","timestamp":"2026-06-14 00:41:57"}
{"level":"info","message":"   -> 🔍 Scan [image-text-length] | Target: \"100\" | Operator: \"Greater than\" | Actual: [53 images] | Result: ❌ NO MATCH","timestamp":"2026-06-14 00:41:57"}
{"level":"info","message":"   -> 🔍 Scan [external-link-count] | Target: \"10\" | Operator: \"Greater than\" | Actual: 13 | Result: ✅ MATCH","timestamp":"2026-06-14 00:41:57"}
{"level":"info","message":"   -> 🔍 Scan [incoming-link-count] | Target: \"5\" | Operator: \"Greater than\" | Actual: 19 | Result: ✅ MATCH","timestamp":"2026-06-14 00:41:57"}
{"level":"info","message":"   -> 🔍 Scan [heading-text] | Target: \"price\" (containing) | Operator: \"contains\" | Actual: [0 headings] | Result: ❌ NO MATCH","timestamp":"2026-06-14 00:41:57"}
{"level":"info","message":"   -> 🔍 Scan [header-text-length] | Target: \"80\" | Operator: \"Greater than\" | Actual: [0 headings] | Result: ❌ NO MATCH","timestamp":"2026-06-14 00:41:57"}
{"level":"info","message":"   -> 🔍 Scan [readability-level] | Target: \"12\" | Operator: \"Greater than\" | Actual: 0 | Result: ❌ NO MATCH","timestamp":"2026-06-14 00:41:57"}
{"level":"info","message":"   -> 🔍 Scan [meta-header] | Target: \"keyword\" (containing) | Operator: \"contains\" | Actual: [Content length: 9820] | Result: ❌ NO MATCH","timestamp":"2026-06-14 00:41:57"}
{"level":"info","message":"   -> 🔍 Scan [meta-header-length] | Target: \"160\" | Operator: \"Greater than\" | Actual: 162 | Result: ✅ MATCH","timestamp":"2026-06-14 00:41:57"}
{"level":"info","message":"   -> 🔍 Scan [page-html] | Target: \"<script>\" (containing) | Operator: \"contains\" | Actual: [Content length: 9820] | Result: ✅ MATCH","timestamp":"2026-06-14 00:41:57"}
{"level":"info","message":"   -> 🔍 Scan [text] | Target: \"jewellery\" (containing) | Operator: \"contains\" | Actual: [Content length: 9820] | Result: ✅ MATCH","timestamp":"2026-06-14 00:41:57"}
{"level":"info","message":"   -> 🔍 Scan [page-title] | Target: \"jewellery\" (containing) | Operator: \"contains\" | Actual: \"Best Jewellery Billing Softwar\" | Result: ✅ MATCH","timestamp":"2026-06-14 00:41:57"}
{"level":"info","message":"   -> 🔍 Scan [page-title-length] | Target: \"60\" | Operator: \"Greater than\" | Actual: 69 | Result: ✅ MATCH","timestamp":"2026-06-14 00:41:57"}
{"level":"info","message":"   -> 🔍 Scan [page-url] | Target: \"shop\" (containing) | Operator: \"contains\" | Actual: \"https://omunim.com/jewellery-billing-software\" | Result: ❌ NO MATCH","timestamp":"2026-06-14 00:41:57"}
{"level":"info","message":"   -> 🔍 Scan [link] | Target: \"contact\" (containing) | Operator: \"contains\" | Actual: [0 links] | Result: ❌ NO MATCH","timestamp":"2026-06-14 00:41:57"}
{"level":"info","message":"   -> 🔍 Scan [link-text] | Target: \"buy\" (containing) | Operator: \"contains\" | Actual: [0 links] | Result: ❌ NO MATCH","timestamp":"2026-06-14 00:41:57"}
{"level":"info","message":"   -> 🔍 Scan [link-text-length] | Target: \"50\" | Operator: \"Greater than\" | Actual: [0 links] | Result: ❌ NO MATCH","timestamp":"2026-06-14 00:41:57"}
{"level":"info","message":"   -> 🔍 Scan [file-size] | Target: \"5\" (MB) | Operator: \"Greater than\" | Actual: 2997.67578125 | Result: ❌ NO MATCH","timestamp":"2026-06-14 00:41:57"}
{"level":"info","message":"   -> 🔍 Scan [image-size] | Target: \"100\" (KB) | Operator: \"Greater than\" | Actual: [53 images] | Result: ✅ MATCH","timestamp":"2026-06-14 00:41:57"}
{"level":"info","message":"   -> 🔍 Scan [image-text] | Target: \"logo\" (containing) | Operator: \"contains\" | Actual: [53 images] | Result: ❌ NO MATCH","timestamp":"2026-06-14 00:41:57"}
{"level":"info","message":"   -> 🔍 Scan [image-text-length] | Target: \"100\" | Operator: \"Greater than\" | Actual: [53 images] | Result: ❌ NO MATCH","timestamp":"2026-06-14 00:41:57"}
{"level":"info","message":"   -> 🔍 Scan [external-link-count] | Target: \"10\" | Operator: \"Greater than\" | Actual: 13 | Result: ✅ MATCH","timestamp":"2026-06-14 00:41:57"}
{"level":"info","message":"   -> 🔍 Scan [incoming-link-count] | Target: \"5\" | Operator: \"Greater than\" | Actual: 19 | Result: ✅ MATCH","timestamp":"2026-06-14 00:41:57"}
{"level":"info","message":"   -> 🔍 Scan [heading-text] | Target: \"price\" (containing) | Operator: \"contains\" | Actual: [0 headings] | Result: ❌ NO MATCH","timestamp":"2026-06-14 00:41:57"}
{"level":"info","message":"   -> 🔍 Scan [header-text-length] | Target: \"80\" | Operator: \"Greater than\" | Actual: [0 headings] | Result: ❌ NO MATCH","timestamp":"2026-06-14 00:41:57"}
{"level":"info","message":"   -> 🔍 Scan [readability-level] | Target: \"12\" | Operator: \"Greater than\" | Actual: 0 | Result: ❌ NO MATCH","timestamp":"2026-06-14 00:41:57"}
{"level":"info","message":"   -> 🔍 Scan [meta-header] | Target: \"keyword\" (containing) | Operator: \"contains\" | Actual: [Content length: 9820] | Result: ❌ NO MATCH","timestamp":"2026-06-14 00:41:57"}
{"level":"info","message":"   -> 🔍 Scan [meta-header-length] | Target: \"160\" | Operator: \"Greater than\" | Actual: 162 | Result: ✅ MATCH","timestamp":"2026-06-14 00:41:57"}
{"level":"info","message":"   -> 🔍 Scan [page-html] | Target: \"<script>\" (containing) | Operator: \"contains\" | Actual: [Content length: 9820] | Result: ✅ MATCH","timestamp":"2026-06-14 00:41:57"}
{"level":"info","message":"   -> 🔍 Scan [text] | Target: \"jewellery\" (containing) | Operator: \"contains\" | Actual: [Content length: 9820] | Result: ✅ MATCH","timestamp":"2026-06-14 00:41:57"}
{"level":"info","message":"   -> 🔍 Scan [page-title] | Target: \"jewellery\" (containing) | Operator: \"contains\" | Actual: \"Best Jewellery Billing Softwar\" | Result: ✅ MATCH","timestamp":"2026-06-14 00:41:57"}
{"level":"info","message":"   -> 🔍 Scan [page-title-length] | Target: \"60\" | Operator: \"Greater than\" | Actual: 69 | Result: ✅ MATCH","timestamp":"2026-06-14 00:41:57"}
{"level":"info","message":"   -> 🔍 Scan [page-url] | Target: \"shop\" (containing) | Operator: \"contains\" | Actual: \"https://omunim.com/jewellery-billing-software\" | Result: ❌ NO MATCH","timestamp":"2026-06-14 00:41:57"}
{"level":"info","message":"   -> 🔍 Scan [link] | Target: \"contact\" (containing) | Operator: \"contains\" | Actual: [0 links] | Result: ❌ NO MATCH","timestamp":"2026-06-14 00:41:57"}
{"level":"info","message":"   -> 🔍 Scan [link-text] | Target: \"buy\" (containing) | Operator: \"contains\" | Actual: [0 links] | Result: ❌ NO MATCH","timestamp":"2026-06-14 00:41:57"}
{"level":"info","message":"   -> 🔍 Scan [link-text-length] | Target: \"50\" | Operator: \"Greater than\" | Actual: [0 links] | Result: ❌ NO MATCH","timestamp":"2026-06-14 00:41:57"}
{"level":"info","message":"   -> 🔍 Scan [file-size] | Target: \"5\" (MB) | Operator: \"Greater than\" | Actual: 2997.67578125 | Result: ❌ NO MATCH","timestamp":"2026-06-14 00:41:57"}
{"level":"info","message":"   -> 🔍 Scan [image-size] | Target: \"100\" (KB) | Operator: \"Greater than\" | Actual: [53 images] | Result: ✅ MATCH","timestamp":"2026-06-14 00:41:57"}
{"level":"info","message":"   -> 🔍 Scan [image-text] | Target: \"logo\" (containing) | Operator: \"contains\" | Actual: [53 images] | Result: ❌ NO MATCH","timestamp":"2026-06-14 00:41:57"}
{"level":"info","message":"   -> 🔍 Scan [image-text-length] | Target: \"100\" | Operator: \"Greater than\" | Actual: [53 images] | Result: ❌ NO MATCH","timestamp":"2026-06-14 00:41:57"}
{"level":"info","message":"   -> 🔍 Scan [external-link-count] | Target: \"10\" | Operator: \"Greater than\" | Actual: 13 | Result: ✅ MATCH","timestamp":"2026-06-14 00:41:57"}
{"level":"info","message":"   -> 🔍 Scan [incoming-link-count] | Target: \"5\" | Operator: \"Greater than\" | Actual: 19 | Result: ✅ MATCH","timestamp":"2026-06-14 00:41:57"}
{"level":"info","message":"   -> 🔍 Scan [heading-text] | Target: \"price\" (containing) | Operator: \"contains\" | Actual: [0 headings] | Result: ❌ NO MATCH","timestamp":"2026-06-14 00:41:57"}
{"level":"info","message":"   -> 🔍 Scan [header-text-length] | Target: \"80\" | Operator: \"Greater than\" | Actual: [0 headings] | Result: ❌ NO MATCH","timestamp":"2026-06-14 00:41:57"}
{"level":"info","message":"   -> 🔍 Scan [readability-level] | Target: \"12\" | Operator: \"Greater than\" | Actual: 0 | Result: ❌ NO MATCH","timestamp":"2026-06-14 00:41:57"}
{"level":"info","message":"   -> 🔍 Scan [meta-header] | Target: \"keyword\" (containing) | Operator: \"contains\" | Actual: [Content length: 9820] | Result: ❌ NO MATCH","timestamp":"2026-06-14 00:41:57"}
{"level":"info","message":"   -> 🔍 Scan [meta-header-length] | Target: \"160\" | Operator: \"Greater than\" | Actual: 162 | Result: ✅ MATCH","timestamp":"2026-06-14 00:41:57"}
{"level":"info","message":"   -> 🔍 Scan [page-html] | Target: \"<script>\" (containing) | Operator: \"contains\" | Actual: [Content length: 9820] | Result: ✅ MATCH","timestamp":"2026-06-14 00:41:57"}
{"level":"info","message":"   -> 🔍 Scan [text] | Target: \"jewellery\" (containing) | Operator: \"contains\" | Actual: [Content length: 16317] | Result: ✅ MATCH","timestamp":"2026-06-14 00:41:57"}
{"level":"info","message":"   -> 🔍 Scan [image-size] | Target: \"100\" (KB) | Operator: \"Greater than\" | Actual: [104 images] | Result: ❌ NO MATCH","timestamp":"2026-06-14 00:41:57"}
{"level":"info","message":"   -> 🔍 Scan [text] | Target: \"jewellery\" (containing) | Operator: \"contains\" | Actual: [Content length: 16317] | Result: ✅ MATCH","timestamp":"2026-06-14 00:41:57"}
{"level":"info","message":"   -> 🔍 Scan [page-title] | Target: \"jewellery\" (containing) | Operator: \"contains\" | Actual: \"Jewellery Software | Jewellery\" | Result: ✅ MATCH","timestamp":"2026-06-14 00:41:57"}
{"level":"info","message":"   -> 🔍 Scan [page-title-length] | Target: \"60\" | Operator: \"Greater than\" | Actual: 60 | Result: ❌ NO MATCH","timestamp":"2026-06-14 00:41:57"}
{"level":"info","message":"   -> 🔍 Scan [page-url] | Target: \"shop\" (containing) | Operator: \"contains\" | Actual: \"https://omunim.com/jewellery-software\" | Result: ❌ NO MATCH","timestamp":"2026-06-14 00:41:57"}
{"level":"info","message":"   -> 🔍 Scan [link] | Target: \"contact\" (containing) | Operator: \"contains\" | Actual: [0 links] | Result: ❌ NO MATCH","timestamp":"2026-06-14 00:41:57"}
{"level":"info","message":"   -> 🔍 Scan [link-text] | Target: \"buy\" (containing) | Operator: \"contains\" | Actual: [0 links] | Result: ❌ NO MATCH","timestamp":"2026-06-14 00:41:57"}
{"level":"info","message":"   -> 🔍 Scan [link-text-length] | Target: \"50\" | Operator: \"Greater than\" | Actual: [0 links] | Result: ❌ NO MATCH","timestamp":"2026-06-14 00:41:57"}
{"level":"info","message":"   -> 🔍 Scan [file-size] | Target: \"5\" (MB) | Operator: \"Greater than\" | Actual: 2084.912109375 | Result: ❌ NO MATCH","timestamp":"2026-06-14 00:41:57"}
{"level":"info","message":"   -> 🔍 Scan [image-size] | Target: \"100\" (KB) | Operator: \"Greater than\" | Actual: [104 images] | Result: ❌ NO MATCH","timestamp":"2026-06-14 00:41:57"}
{"level":"info","message":"   -> 🔍 Scan [image-text] | Target: \"logo\" (containing) | Operator: \"contains\" | Actual: [104 images] | Result: ❌ NO MATCH","timestamp":"2026-06-14 00:41:57"}
{"level":"info","message":"   -> 🔍 Scan [image-text-length] | Target: \"100\" | Operator: \"Greater than\" | Actual: [104 images] | Result: ❌ NO MATCH","timestamp":"2026-06-14 00:41:57"}
{"level":"info","message":"   -> 🔍 Scan [external-link-count] | Target: \"10\" | Operator: \"Greater than\" | Actual: 17 | Result: ✅ MATCH","timestamp":"2026-06-14 00:41:57"}
{"level":"info","message":"   -> 🔍 Scan [incoming-link-count] | Target: \"5\" | Operator: \"Greater than\" | Actual: 21 | Result: ✅ MATCH","timestamp":"2026-06-14 00:41:57"}
{"level":"info","message":"   -> 🔍 Scan [heading-text] | Target: \"price\" (containing) | Operator: \"contains\" | Actual: [0 headings] | Result: ❌ NO MATCH","timestamp":"2026-06-14 00:41:57"}
{"level":"info","message":"   -> 🔍 Scan [header-text-length] | Target: \"80\" | Operator: \"Greater than\" | Actual: [0 headings] | Result: ❌ NO MATCH","timestamp":"2026-06-14 00:41:57"}
{"level":"info","message":"   -> 🔍 Scan [readability-level] | Target: \"12\" | Operator: \"Greater than\" | Actual: 0 | Result: ❌ NO MATCH","timestamp":"2026-06-14 00:41:57"}
{"level":"info","message":"   -> 🔍 Scan [meta-header] | Target: \"keyword\" (containing) | Operator: \"contains\" | Actual: [Content length: 16317] | Result: ❌ NO MATCH","timestamp":"2026-06-14 00:41:57"}
{"level":"info","message":"   -> 🔍 Scan [meta-header-length] | Target: \"160\" | Operator: \"Greater than\" | Actual: 160 | Result: ❌ NO MATCH","timestamp":"2026-06-14 00:41:57"}
{"level":"info","message":"   -> 🔍 Scan [page-html] | Target: \"<script>\" (containing) | Operator: \"contains\" | Actual: [Content length: 16317] | Result: ✅ MATCH","timestamp":"2026-06-14 00:41:57"}
{"level":"info","message":"   -> 🔍 Scan [text] | Target: \"jewellery\" (containing) | Operator: \"contains\" | Actual: [Content length: 16317] | Result: ✅ MATCH","timestamp":"2026-06-14 00:41:57"}
{"level":"info","message":"   -> 🔍 Scan [page-title] | Target: \"jewellery\" (containing) | Operator: \"contains\" | Actual: \"Jewellery Software | Jewellery\" | Result: ✅ MATCH","timestamp":"2026-06-14 00:41:57"}
{"level":"info","message":"   -> 🔍 Scan [page-title-length] | Target: \"60\" | Operator: \"Greater than\" | Actual: 60 | Result: ❌ NO MATCH","timestamp":"2026-06-14 00:41:57"}
{"level":"info","message":"   -> 🔍 Scan [page-url] | Target: \"shop\" (containing) | Operator: \"contains\" | Actual: \"https://omunim.com/jewellery-software\" | Result: ❌ NO MATCH","timestamp":"2026-06-14 00:41:57"}
{"level":"info","message":"   -> 🔍 Scan [link] | Target: \"contact\" (containing) | Operator: \"contains\" | Actual: [0 links] | Result: ❌ NO MATCH","timestamp":"2026-06-14 00:41:57"}
{"level":"info","message":"   -> 🔍 Scan [link-text] | Target: \"buy\" (containing) | Operator: \"contains\" | Actual: [0 links] | Result: ❌ NO MATCH","timestamp":"2026-06-14 00:41:57"}
{"level":"info","message":"   -> 🔍 Scan [link-text-length] | Target: \"50\" | Operator: \"Greater than\" | Actual: [0 links] | Result: ❌ NO MATCH","timestamp":"2026-06-14 00:41:57"}
{"level":"info","message":"   -> 🔍 Scan [file-size] | Target: \"5\" (MB) | Operator: \"Greater than\" | Actual: 2084.912109375 | Result: ❌ NO MATCH","timestamp":"2026-06-14 00:41:57"}
{"level":"info","message":"   -> 🔍 Scan [image-size] | Target: \"100\" (KB) | Operator: \"Greater than\" | Actual: [104 images] | Result: ❌ NO MATCH","timestamp":"2026-06-14 00:41:57"}
{"level":"info","message":"   -> 🔍 Scan [image-text] | Target: \"logo\" (containing) | Operator: \"contains\" | Actual: [104 images] | Result: ❌ NO MATCH","timestamp":"2026-06-14 00:41:57"}
{"level":"info","message":"   -> 🔍 Scan [image-text-length] | Target: \"100\" | Operator: \"Greater than\" | Actual: [104 images] | Result: ❌ NO MATCH","timestamp":"2026-06-14 00:41:57"}
{"level":"info","message":"   -> 🔍 Scan [external-link-count] | Target: \"10\" | Operator: \"Greater than\" | Actual: 17 | Result: ✅ MATCH","timestamp":"2026-06-14 00:41:57"}
{"level":"info","message":"   -> 🔍 Scan [incoming-link-count] | Target: \"5\" | Operator: \"Greater than\" | Actual: 21 | Result: ✅ MATCH","timestamp":"2026-06-14 00:41:57"}
{"level":"info","message":"   -> 🔍 Scan [heading-text] | Target: \"price\" (containing) | Operator: \"contains\" | Actual: [0 headings] | Result: ❌ NO MATCH","timestamp":"2026-06-14 00:41:57"}
{"level":"info","message":"   -> 🔍 Scan [header-text-length] | Target: \"80\" | Operator: \"Greater than\" | Actual: [0 headings] | Result: ❌ NO MATCH","timestamp":"2026-06-14 00:41:57"}
{"level":"info","message":"   -> 🔍 Scan [readability-level] | Target: \"12\" | Operator: \"Greater than\" | Actual: 0 | Result: ❌ NO MATCH","timestamp":"2026-06-14 00:41:57"}
{"level":"info","message":"   -> 🔍 Scan [meta-header] | Target: \"keyword\" (containing) | Operator: \"contains\" | Actual: [Content length: 16317] | Result: ❌ NO MATCH","timestamp":"2026-06-14 00:41:57"}
{"level":"info","message":"   -> 🔍 Scan [meta-header-length] | Target: \"160\" | Operator: \"Greater than\" | Actual: 160 | Result: ❌ NO MATCH","timestamp":"2026-06-14 00:41:57"}
{"level":"info","message":"   -> 🔍 Scan [page-html] | Target: \"<script>\" (containing) | Operator: \"contains\" | Actual: [Content length: 16317] | Result: ✅ MATCH","timestamp":"2026-06-14 00:41:57"}
{"level":"info","message":"   -> 🔍 Scan [text] | Target: \"jewellery\" (containing) | Operator: \"contains\" | Actual: [Content length: 16317] | Result: ✅ MATCH","timestamp":"2026-06-14 00:41:57"}
{"level":"info","message":"   -> 🔍 Scan [page-title] | Target: \"jewellery\" (containing) | Operator: \"contains\" | Actual: \"Jewellery Software | Jewellery\" | Result: ✅ MATCH","timestamp":"2026-06-14 00:41:57"}
{"level":"info","message":"   -> 🔍 Scan [page-title-length] | Target: \"60\" | Operator: \"Greater than\" | Actual: 60 | Result: ❌ NO MATCH","timestamp":"2026-06-14 00:41:57"}
{"level":"info","message":"   -> 🔍 Scan [page-url] | Target: \"shop\" (containing) | Operator: \"contains\" | Actual: \"https://omunim.com/jewellery-software\" | Result: ❌ NO MATCH","timestamp":"2026-06-14 00:41:57"}
{"level":"info","message":"   -> 🔍 Scan [link] | Target: \"contact\" (containing) | Operator: \"contains\" | Actual: [0 links] | Result: ❌ NO MATCH","timestamp":"2026-06-14 00:41:57"}
{"level":"info","message":"   -> 🔍 Scan [link-text] | Target: \"buy\" (containing) | Operator: \"contains\" | Actual: [0 links] | Result: ❌ NO MATCH","timestamp":"2026-06-14 00:41:57"}
{"level":"info","message":"   -> 🔍 Scan [link-text-length] | Target: \"50\" | Operator: \"Greater than\" | Actual: [0 links] | Result: ❌ NO MATCH","timestamp":"2026-06-14 00:41:57"}
{"level":"info","message":"   -> 🔍 Scan [file-size] | Target: \"5\" (MB) | Operator: \"Greater than\" | Actual: 2084.912109375 | Result: ❌ NO MATCH","timestamp":"2026-06-14 00:41:57"}
{"level":"info","message":"   -> 🔍 Scan [image-size] | Target: \"100\" (KB) | Operator: \"Greater than\" | Actual: [104 images] | Result: ❌ NO MATCH","timestamp":"2026-06-14 00:41:57"}
{"level":"info","message":"   -> 🔍 Scan [image-text] | Target: \"logo\" (containing) | Operator: \"contains\" | Actual: [104 images] | Result: ❌ NO MATCH","timestamp":"2026-06-14 00:41:57"}
{"level":"info","message":"   -> 🔍 Scan [image-text-length] | Target: \"100\" | Operator: \"Greater than\" | Actual: [104 images] | Result: ❌ NO MATCH","timestamp":"2026-06-14 00:41:57"}
{"level":"info","message":"   -> 🔍 Scan [external-link-count] | Target: \"10\" | Operator: \"Greater than\" | Actual: 17 | Result: ✅ MATCH","timestamp":"2026-06-14 00:41:57"}
{"level":"info","message":"   -> 🔍 Scan [incoming-link-count] | Target: \"5\" | Operator: \"Greater than\" | Actual: 21 | Result: ✅ MATCH","timestamp":"2026-06-14 00:41:57"}
{"level":"info","message":"   -> 🔍 Scan [heading-text] | Target: \"price\" (containing) | Operator: \"contains\" | Actual: [0 headings] | Result: ❌ NO MATCH","timestamp":"2026-06-14 00:41:57"}
{"level":"info","message":"   -> 🔍 Scan [header-text-length] | Target: \"80\" | Operator: \"Greater than\" | Actual: [0 headings] | Result: ❌ NO MATCH","timestamp":"2026-06-14 00:41:57"}
{"level":"info","message":"   -> 🔍 Scan [readability-level] | Target: \"12\" | Operator: \"Greater than\" | Actual: 0 | Result: ❌ NO MATCH","timestamp":"2026-06-14 00:41:57"}
{"level":"info","message":"   -> 🔍 Scan [meta-header] | Target: \"keyword\" (containing) | Operator: \"contains\" | Actual: [Content length: 16317] | Result: ❌ NO MATCH","timestamp":"2026-06-14 00:41:57"}
{"level":"info","message":"   -> 🔍 Scan [meta-header-length] | Target: \"160\" | Operator: \"Greater than\" | Actual: 160 | Result: ❌ NO MATCH","timestamp":"2026-06-14 00:41:57"}
{"level":"info","message":"   -> 🔍 Scan [page-html] | Target: \"<script>\" (containing) | Operator: \"contains\" | Actual: [Content length: 16317] | Result: ✅ MATCH","timestamp":"2026-06-14 00:41:57"}
{"level":"info","message":"   -> 🔍 Scan [text] | Target: \"jewellery\" (containing) | Operator: \"contains\" | Actual: [Content length: 16317] | Result: ✅ MATCH","timestamp":"2026-06-14 00:41:57"}
{"level":"info","message":"   -> 🔍 Scan [image-size] | Target: \"100\" (KB) | Operator: \"Greater than\" | Actual: [104 images] | Result: ❌ NO MATCH","timestamp":"2026-06-14 00:41:57"}
{"level":"info","message":"   -> 🔍 Scan [text] | Target: \"jewellery\" (containing) | Operator: \"contains\" | Actual: [Content length: 16317] | Result: ✅ MATCH","timestamp":"2026-06-14 00:41:57"}
{"level":"info","message":"   -> 🔍 Scan [page-title] | Target: \"jewellery\" (containing) | Operator: \"contains\" | Actual: \"Jewellery Software | Jewellery\" | Result: ✅ MATCH","timestamp":"2026-06-14 00:41:57"}
{"level":"info","message":"   -> 🔍 Scan [page-title-length] | Target: \"60\" | Operator: \"Greater than\" | Actual: 60 | Result: ❌ NO MATCH","timestamp":"2026-06-14 00:41:57"}
{"level":"info","message":"   -> 🔍 Scan [page-url] | Target: \"shop\" (containing) | Operator: \"contains\" | Actual: \"https://omunim.com/\" | Result: ❌ NO MATCH","timestamp":"2026-06-14 00:41:57"}
{"level":"info","message":"   -> 🔍 Scan [link] | Target: \"contact\" (containing) | Operator: \"contains\" | Actual: [0 links] | Result: ❌ NO MATCH","timestamp":"2026-06-14 00:41:57"}
{"level":"info","message":"   -> 🔍 Scan [link-text] | Target: \"buy\" (containing) | Operator: \"contains\" | Actual: [0 links] | Result: ❌ NO MATCH","timestamp":"2026-06-14 00:41:57"}
{"level":"info","message":"   -> 🔍 Scan [link-text-length] | Target: \"50\" | Operator: \"Greater than\" | Actual: [0 links] | Result: ❌ NO MATCH","timestamp":"2026-06-14 00:41:57"}
{"level":"info","message":"   -> 🔍 Scan [file-size] | Target: \"5\" (MB) | Operator: \"Greater than\" | Actual: 2085.486328125 | Result: ❌ NO MATCH","timestamp":"2026-06-14 00:41:57"}
{"level":"info","message":"   -> 🔍 Scan [image-size] | Target: \"100\" (KB) | Operator: \"Greater than\" | Actual: [104 images] | Result: ❌ NO MATCH","timestamp":"2026-06-14 00:41:57"}
{"level":"info","message":"   -> 🔍 Scan [image-text] | Target: \"logo\" (containing) | Operator: \"contains\" | Actual: [104 images] | Result: ❌ NO MATCH","timestamp":"2026-06-14 00:41:57"}
{"level":"info","message":"   -> 🔍 Scan [image-text-length] | Target: \"100\" | Operator: \"Greater than\" | Actual: [104 images] | Result: ❌ NO MATCH","timestamp":"2026-06-14 00:41:57"}
{"level":"info","message":"   -> 🔍 Scan [external-link-count] | Target: \"10\" | Operator: \"Greater than\" | Actual: 17 | Result: ✅ MATCH","timestamp":"2026-06-14 00:41:57"}
{"level":"info","message":"   -> 🔍 Scan [incoming-link-count] | Target: \"5\" | Operator: \"Greater than\" | Actual: 21 | Result: ✅ MATCH","timestamp":"2026-06-14 00:41:57"}
{"level":"info","message":"   -> 🔍 Scan [heading-text] | Target: \"price\" (containing) | Operator: \"contains\" | Actual: [0 headings] | Result: ❌ NO MATCH","timestamp":"2026-06-14 00:41:57"}
{"level":"info","message":"   -> 🔍 Scan [header-text-length] | Target: \"80\" | Operator: \"Greater than\" | Actual: [0 headings] | Result: ❌ NO MATCH","timestamp":"2026-06-14 00:41:57"}
{"level":"info","message":"   -> 🔍 Scan [readability-level] | Target: \"12\" | Operator: \"Greater than\" | Actual: 0 | Result: ❌ NO MATCH","timestamp":"2026-06-14 00:41:57"}
{"level":"info","message":"   -> 🔍 Scan [meta-header] | Target: \"keyword\" (containing) | Operator: \"contains\" | Actual: [Content length: 16317] | Result: ❌ NO MATCH","timestamp":"2026-06-14 00:41:57"}
{"level":"info","message":"   -> 🔍 Scan [meta-header-length] | Target: \"160\" | Operator: \"Greater than\" | Actual: 160 | Result: ❌ NO MATCH","timestamp":"2026-06-14 00:41:57"}
{"level":"info","message":"   -> 🔍 Scan [page-html] | Target: \"<script>\" (containing) | Operator: \"contains\" | Actual: [Content length: 16317] | Result: ✅ MATCH","timestamp":"2026-06-14 00:41:57"}
{"level":"info","message":"   -> 🔍 Scan [text] | Target: \"jewellery\" (containing) | Operator: \"contains\" | Actual: [Content length: 16317] | Result: ✅ MATCH","timestamp":"2026-06-14 00:41:57"}
{"level":"info","message":"   -> 🔍 Scan [page-title] | Target: \"jewellery\" (containing) | Operator: \"contains\" | Actual: \"Jewellery Software | Jewellery\" | Result: ✅ MATCH","timestamp":"2026-06-14 00:41:57"}
{"level":"info","message":"   -> 🔍 Scan [page-title-length] | Target: \"60\" | Operator: \"Greater than\" | Actual: 60 | Result: ❌ NO MATCH","timestamp":"2026-06-14 00:41:57"}
{"level":"info","message":"   -> 🔍 Scan [page-url] | Target: \"shop\" (containing) | Operator: \"contains\" | Actual: \"https://omunim.com/\" | Result: ❌ NO MATCH","timestamp":"2026-06-14 00:41:57"}
{"level":"info","message":"   -> 🔍 Scan [link] | Target: \"contact\" (containing) | Operator: \"contains\" | Actual: [0 links] | Result: ❌ NO MATCH","timestamp":"2026-06-14 00:41:57"}
{"level":"info","message":"   -> 🔍 Scan [link-text] | Target: \"buy\" (containing) | Operator: \"contains\" | Actual: [0 links] | Result: ❌ NO MATCH","timestamp":"2026-06-14 00:41:57"}
{"level":"info","message":"   -> 🔍 Scan [link-text-length] | Target: \"50\" | Operator: \"Greater than\" | Actual: [0 links] | Result: ❌ NO MATCH","timestamp":"2026-06-14 00:41:57"}
{"level":"info","message":"   -> 🔍 Scan [file-size] | Target: \"5\" (MB) | Operator: \"Greater than\" | Actual: 2085.486328125 | Result: ❌ NO MATCH","timestamp":"2026-06-14 00:41:57"}
{"level":"info","message":"   -> 🔍 Scan [image-size] | Target: \"100\" (KB) | Operator: \"Greater than\" | Actual: [104 images] | Result: ❌ NO MATCH","timestamp":"2026-06-14 00:41:57"}
{"level":"info","message":"   -> 🔍 Scan [image-text] | Target: \"logo\" (containing) | Operator: \"contains\" | Actual: [104 images] | Result: ❌ NO MATCH","timestamp":"2026-06-14 00:41:57"}
{"level":"info","message":"   -> 🔍 Scan [image-text-length] | Target: \"100\" | Operator: \"Greater than\" | Actual: [104 images] | Result: ❌ NO MATCH","timestamp":"2026-06-14 00:41:57"}
{"level":"info","message":"   -> 🔍 Scan [external-link-count] | Target: \"10\" | Operator: \"Greater than\" | Actual: 17 | Result: ✅ MATCH","timestamp":"2026-06-14 00:41:57"}
{"level":"info","message":"   -> 🔍 Scan [incoming-link-count] | Target: \"5\" | Operator: \"Greater than\" | Actual: 21 | Result: ✅ MATCH","timestamp":"2026-06-14 00:41:57"}
{"level":"info","message":"   -> 🔍 Scan [heading-text] | Target: \"price\" (containing) | Operator: \"contains\" | Actual: [0 headings] | Result: ❌ NO MATCH","timestamp":"2026-06-14 00:41:57"}
{"level":"info","message":"   -> 🔍 Scan [header-text-length] | Target: \"80\" | Operator: \"Greater than\" | Actual: [0 headings] | Result: ❌ NO MATCH","timestamp":"2026-06-14 00:41:57"}
{"level":"info","message":"   -> 🔍 Scan [readability-level] | Target: \"12\" | Operator: \"Greater than\" | Actual: 0 | Result: ❌ NO MATCH","timestamp":"2026-06-14 00:41:57"}
{"level":"info","message":"   -> 🔍 Scan [meta-header] | Target: \"keyword\" (containing) | Operator: \"contains\" | Actual: [Content length: 16317] | Result: ❌ NO MATCH","timestamp":"2026-06-14 00:41:57"}
{"level":"info","message":"   -> 🔍 Scan [meta-header-length] | Target: \"160\" | Operator: \"Greater than\" | Actual: 160 | Result: ❌ NO MATCH","timestamp":"2026-06-14 00:41:57"}
{"level":"info","message":"   -> 🔍 Scan [page-html] | Target: \"<script>\" (containing) | Operator: \"contains\" | Actual: [Content length: 16317] | Result: ✅ MATCH","timestamp":"2026-06-14 00:41:57"}
{"level":"info","message":"   -> 🔍 Scan [text] | Target: \"jewellery\" (containing) | Operator: \"contains\" | Actual: [Content length: 16317] | Result: ✅ MATCH","timestamp":"2026-06-14 00:41:57"}
{"level":"info","message":"   -> 🔍 Scan [page-title] | Target: \"jewellery\" (containing) | Operator: \"contains\" | Actual: \"Jewellery Software | Jewellery\" | Result: ✅ MATCH","timestamp":"2026-06-14 00:41:57"}
{"level":"info","message":"   -> 🔍 Scan [page-title-length] | Target: \"60\" | Operator: \"Greater than\" | Actual: 60 | Result: ❌ NO MATCH","timestamp":"2026-06-14 00:41:57"}
{"level":"info","message":"   -> 🔍 Scan [page-url] | Target: \"shop\" (containing) | Operator: \"contains\" | Actual: \"https://omunim.com/\" | Result: ❌ NO MATCH","timestamp":"2026-06-14 00:41:57"}
{"level":"info","message":"   -> 🔍 Scan [link] | Target: \"contact\" (containing) | Operator: \"contains\" | Actual: [0 links] | Result: ❌ NO MATCH","timestamp":"2026-06-14 00:41:57"}
{"level":"info","message":"   -> 🔍 Scan [link-text] | Target: \"buy\" (containing) | Operator: \"contains\" | Actual: [0 links] | Result: ❌ NO MATCH","timestamp":"2026-06-14 00:41:57"}
{"level":"info","message":"   -> 🔍 Scan [link-text-length] | Target: \"50\" | Operator: \"Greater than\" | Actual: [0 links] | Result: ❌ NO MATCH","timestamp":"2026-06-14 00:41:57"}
{"level":"info","message":"   -> 🔍 Scan [file-size] | Target: \"5\" (MB) | Operator: \"Greater than\" | Actual: 2085.486328125 | Result: ❌ NO MATCH","timestamp":"2026-06-14 00:41:57"}
{"level":"info","message":"   -> 🔍 Scan [image-size] | Target: \"100\" (KB) | Operator: \"Greater than\" | Actual: [104 images] | Result: ❌ NO MATCH","timestamp":"2026-06-14 00:41:57"}
{"level":"info","message":"   -> 🔍 Scan [image-text] | Target: \"logo\" (containing) | Operator: \"contains\" | Actual: [104 images] | Result: ❌ NO MATCH","timestamp":"2026-06-14 00:41:57"}
{"level":"info","message":"   -> 🔍 Scan [image-text-length] | Target: \"100\" | Operator: \"Greater than\" | Actual: [104 images] | Result: ❌ NO MATCH","timestamp":"2026-06-14 00:41:57"}
{"level":"info","message":"   -> 🔍 Scan [external-link-count] | Target: \"10\" | Operator: \"Greater than\" | Actual: 17 | Result: ✅ MATCH","timestamp":"2026-06-14 00:41:57"}
{"level":"info","message":"   -> 🔍 Scan [incoming-link-count] | Target: \"5\" | Operator: \"Greater than\" | Actual: 21 | Result: ✅ MATCH","timestamp":"2026-06-14 00:41:57"}
{"level":"info","message":"   -> 🔍 Scan [heading-text] | Target: \"price\" (containing) | Operator: \"contains\" | Actual: [0 headings] | Result: ❌ NO MATCH","timestamp":"2026-06-14 00:41:57"}
{"level":"info","message":"   -> 🔍 Scan [header-text-length] | Target: \"80\" | Operator: \"Greater than\" | Actual: [0 headings] | Result: ❌ NO MATCH","timestamp":"2026-06-14 00:41:57"}
{"level":"info","message":"   -> 🔍 Scan [readability-level] | Target: \"12\" | Operator: \"Greater than\" | Actual: 0 | Result: ❌ NO MATCH","timestamp":"2026-06-14 00:41:57"}
{"level":"info","message":"   -> 🔍 Scan [meta-header] | Target: \"keyword\" (containing) | Operator: \"contains\" | Actual: [Content length: 16317] | Result: ❌ NO MATCH","timestamp":"2026-06-14 00:41:57"}
{"level":"info","message":"   -> 🔍 Scan [meta-header-length] | Target: \"160\" | Operator: \"Greater than\" | Actual: 160 | Result: ❌ NO MATCH","timestamp":"2026-06-14 00:41:57"}
{"level":"info","message":"   -> 🔍 Scan [page-html] | Target: \"<script>\" (containing) | Operator: \"contains\" | Actual: [Content length: 16317] | Result: ✅ MATCH","timestamp":"2026-06-14 00:41:57"}
{"level":"info","message":"   -> 🔍 Scan [text] | Target: \"jewellery\" (containing) | Operator: \"contains\" | Actual: [Content length: 4862] | Result: ✅ MATCH","timestamp":"2026-06-14 00:41:57"}
{"level":"info","message":"   -> 🔍 Scan [image-size] | Target: \"100\" (KB) | Operator: \"Greater than\" | Actual: [22 images] | Result: ✅ MATCH","timestamp":"2026-06-14 00:41:57"}
{"level":"info","message":"   -> 🔍 Scan [text] | Target: \"jewellery\" (containing) | Operator: \"contains\" | Actual: [Content length: 4862] | Result: ✅ MATCH","timestamp":"2026-06-14 00:41:57"}
{"level":"info","message":"   -> 🔍 Scan [page-title] | Target: \"jewellery\" (containing) | Operator: \"contains\" | Actual: \"Jewellery Software | Jewellery\" | Result: ✅ MATCH","timestamp":"2026-06-14 00:41:57"}
{"level":"info","message":"   -> 🔍 Scan [page-title-length] | Target: \"60\" | Operator: \"Greater than\" | Actual: 60 | Result: ❌ NO MATCH","timestamp":"2026-06-14 00:41:57"}
{"level":"info","message":"   -> 🔍 Scan [page-url] | Target: \"shop\" (containing) | Operator: \"contains\" | Actual: \"https://omunim.com/signin\" | Result: ❌ NO MATCH","timestamp":"2026-06-14 00:41:57"}
{"level":"info","message":"   -> 🔍 Scan [link] | Target: \"contact\" (containing) | Operator: \"contains\" | Actual: [0 links] | Result: ❌ NO MATCH","timestamp":"2026-06-14 00:41:57"}
{"level":"info","message":"   -> 🔍 Scan [link-text] | Target: \"buy\" (containing) | Operator: \"contains\" | Actual: [0 links] | Result: ❌ NO MATCH","timestamp":"2026-06-14 00:41:57"}
{"level":"info","message":"   -> 🔍 Scan [link-text-length] | Target: \"50\" | Operator: \"Greater than\" | Actual: [0 links] | Result: ❌ NO MATCH","timestamp":"2026-06-14 00:41:57"}
{"level":"info","message":"   -> 🔍 Scan [file-size] | Target: \"5\" (MB) | Operator: \"Greater than\" | Actual: 1506.169921875 | Result: ❌ NO MATCH","timestamp":"2026-06-14 00:41:57"}
{"level":"info","message":"   -> 🔍 Scan [image-size] | Target: \"100\" (KB) | Operator: \"Greater than\" | Actual: [22 images] | Result: ✅ MATCH","timestamp":"2026-06-14 00:41:57"}
{"level":"info","message":"   -> 🔍 Scan [image-text] | Target: \"logo\" (containing) | Operator: \"contains\" | Actual: [22 images] | Result: ❌ NO MATCH","timestamp":"2026-06-14 00:41:57"}
{"level":"info","message":"   -> 🔍 Scan [image-text-length] | Target: \"100\" | Operator: \"Greater than\" | Actual: [22 images] | Result: ❌ NO MATCH","timestamp":"2026-06-14 00:41:57"}
{"level":"info","message":"   -> 🔍 Scan [external-link-count] | Target: \"10\" | Operator: \"Greater than\" | Actual: 13 | Result: ✅ MATCH","timestamp":"2026-06-14 00:41:57"}
{"level":"info","message":"   -> 🔍 Scan [incoming-link-count] | Target: \"5\" | Operator: \"Greater than\" | Actual: 18 | Result: ✅ MATCH","timestamp":"2026-06-14 00:41:57"}
{"level":"info","message":"   -> 🔍 Scan [heading-text] | Target: \"price\" (containing) | Operator: \"contains\" | Actual: [0 headings] | Result: ❌ NO MATCH","timestamp":"2026-06-14 00:41:57"}
{"level":"info","message":"   -> 🔍 Scan [header-text-length] | Target: \"80\" | Operator: \"Greater than\" | Actual: [0 headings] | Result: ❌ NO MATCH","timestamp":"2026-06-14 00:41:57"}
{"level":"info","message":"   -> 🔍 Scan [readability-level] | Target: \"12\" | Operator: \"Greater than\" | Actual: 0 | Result: ❌ NO MATCH","timestamp":"2026-06-14 00:41:57"}
{"level":"info","message":"   -> 🔍 Scan [meta-header] | Target: \"keyword\" (containing) | Operator: \"contains\" | Actual: [Content length: 4862] | Result: ❌ NO MATCH","timestamp":"2026-06-14 00:41:57"}
{"level":"info","message":"   -> 🔍 Scan [meta-header-length] | Target: \"160\" | Operator: \"Greater than\" | Actual: 160 | Result: ❌ NO MATCH","timestamp":"2026-06-14 00:41:57"}
{"level":"info","message":"   -> 🔍 Scan [page-html] | Target: \"<script>\" (containing) | Operator: \"contains\" | Actual: [Content length: 4862] | Result: ✅ MATCH","timestamp":"2026-06-14 00:41:57"}
{"level":"info","message":"   -> 🔍 Scan [text] | Target: \"jewellery\" (containing) | Operator: \"contains\" | Actual: [Content length: 4862] | Result: ✅ MATCH","timestamp":"2026-06-14 00:41:57"}
{"level":"info","message":"   -> 🔍 Scan [page-title] | Target: \"jewellery\" (containing) | Operator: \"contains\" | Actual: \"Jewellery Software | Jewellery\" | Result: ✅ MATCH","timestamp":"2026-06-14 00:41:57"}
{"level":"info","message":"   -> 🔍 Scan [page-title-length] | Target: \"60\" | Operator: \"Greater than\" | Actual: 60 | Result: ❌ NO MATCH","timestamp":"2026-06-14 00:41:57"}
{"level":"info","message":"   -> 🔍 Scan [page-url] | Target: \"shop\" (containing) | Operator: \"contains\" | Actual: \"https://omunim.com/signin\" | Result: ❌ NO MATCH","timestamp":"2026-06-14 00:41:57"}
{"level":"info","message":"   -> 🔍 Scan [link] | Target: \"contact\" (containing) | Operator: \"contains\" | Actual: [0 links] | Result: ❌ NO MATCH","timestamp":"2026-06-14 00:41:57"}
{"level":"info","message":"   -> 🔍 Scan [link-text] | Target: \"buy\" (containing) | Operator: \"contains\" | Actual: [0 links] | Result: ❌ NO MATCH","timestamp":"2026-06-14 00:41:57"}
{"level":"info","message":"   -> 🔍 Scan [link-text-length] | Target: \"50\" | Operator: \"Greater than\" | Actual: [0 links] | Result: ❌ NO MATCH","timestamp":"2026-06-14 00:41:57"}
{"level":"info","message":"   -> 🔍 Scan [file-size] | Target: \"5\" (MB) | Operator: \"Greater than\" | Actual: 1506.169921875 | Result: ❌ NO MATCH","timestamp":"2026-06-14 00:41:57"}
{"level":"info","message":"   -> 🔍 Scan [image-size] | Target: \"100\" (KB) | Operator: \"Greater than\" | Actual: [22 images] | Result: ✅ MATCH","timestamp":"2026-06-14 00:41:57"}
{"level":"info","message":"   -> 🔍 Scan [image-text] | Target: \"logo\" (containing) | Operator: \"contains\" | Actual: [22 images] | Result: ❌ NO MATCH","timestamp":"2026-06-14 00:41:57"}
{"level":"info","message":"   -> 🔍 Scan [image-text-length] | Target: \"100\" | Operator: \"Greater than\" | Actual: [22 images] | Result: ❌ NO MATCH","timestamp":"2026-06-14 00:41:57"}
{"level":"info","message":"   -> 🔍 Scan [external-link-count] | Target: \"10\" | Operator: \"Greater than\" | Actual: 13 | Result: ✅ MATCH","timestamp":"2026-06-14 00:41:57"}
{"level":"info","message":"   -> 🔍 Scan [incoming-link-count] | Target: \"5\" | Operator: \"Greater than\" | Actual: 18 | Result: ✅ MATCH","timestamp":"2026-06-14 00:41:57"}
{"level":"info","message":"   -> 🔍 Scan [heading-text] | Target: \"price\" (containing) | Operator: \"contains\" | Actual: [0 headings] | Result: ❌ NO MATCH","timestamp":"2026-06-14 00:41:57"}
{"level":"info","message":"   -> 🔍 Scan [header-text-length] | Target: \"80\" | Operator: \"Greater than\" | Actual: [0 headings] | Result: ❌ NO MATCH","timestamp":"2026-06-14 00:41:57"}
{"level":"info","message":"   -> 🔍 Scan [readability-level] | Target: \"12\" | Operator: \"Greater than\" | Actual: 0 | Result: ❌ NO MATCH","timestamp":"2026-06-14 00:41:57"}
{"level":"info","message":"   -> 🔍 Scan [meta-header] | Target: \"keyword\" (containing) | Operator: \"contains\" | Actual: [Content length: 4862] | Result: ❌ NO MATCH","timestamp":"2026-06-14 00:41:57"}
{"level":"info","message":"   -> 🔍 Scan [meta-header-length] | Target: \"160\" | Operator: \"Greater than\" | Actual: 160 | Result: ❌ NO MATCH","timestamp":"2026-06-14 00:41:57"}
{"level":"info","message":"   -> 🔍 Scan [page-html] | Target: \"<script>\" (containing) | Operator: \"contains\" | Actual: [Content length: 4862] | Result: ✅ MATCH","timestamp":"2026-06-14 00:41:57"}
{"level":"info","message":"   -> 🔍 Scan [text] | Target: \"jewellery\" (containing) | Operator: \"contains\" | Actual: [Content length: 4862] | Result: ✅ MATCH","timestamp":"2026-06-14 00:41:57"}
{"level":"info","message":"   -> 🔍 Scan [page-title] | Target: \"jewellery\" (containing) | Operator: \"contains\" | Actual: \"Jewellery Software | Jewellery\" | Result: ✅ MATCH","timestamp":"2026-06-14 00:41:57"}
{"level":"info","message":"   -> 🔍 Scan [page-title-length] | Target: \"60\" | Operator: \"Greater than\" | Actual: 60 | Result: ❌ NO MATCH","timestamp":"2026-06-14 00:41:57"}
{"level":"info","message":"   -> 🔍 Scan [page-url] | Target: \"shop\" (containing) | Operator: \"contains\" | Actual: \"https://omunim.com/signin\" | Result: ❌ NO MATCH","timestamp":"2026-06-14 00:41:57"}
{"level":"info","message":"   -> 🔍 Scan [link] | Target: \"contact\" (containing) | Operator: \"contains\" | Actual: [0 links] | Result: ❌ NO MATCH","timestamp":"2026-06-14 00:41:57"}
{"level":"info","message":"   -> 🔍 Scan [link-text] | Target: \"buy\" (containing) | Operator: \"contains\" | Actual: [0 links] | Result: ❌ NO MATCH","timestamp":"2026-06-14 00:41:57"}
{"level":"info","message":"   -> 🔍 Scan [link-text-length] | Target: \"50\" | Operator: \"Greater than\" | Actual: [0 links] | Result: ❌ NO MATCH","timestamp":"2026-06-14 00:41:57"}
{"level":"info","message":"   -> 🔍 Scan [file-size] | Target: \"5\" (MB) | Operator: \"Greater than\" | Actual: 1506.169921875 | Result: ❌ NO MATCH","timestamp":"2026-06-14 00:41:57"}
{"level":"info","message":"   -> 🔍 Scan [image-size] | Target: \"100\" (KB) | Operator: \"Greater than\" | Actual: [22 images] | Result: ✅ MATCH","timestamp":"2026-06-14 00:41:57"}
{"level":"info","message":"   -> 🔍 Scan [image-text] | Target: \"logo\" (containing) | Operator: \"contains\" | Actual: [22 images] | Result: ❌ NO MATCH","timestamp":"2026-06-14 00:41:57"}
{"level":"info","message":"   -> 🔍 Scan [image-text-length] | Target: \"100\" | Operator: \"Greater than\" | Actual: [22 images] | Result: ❌ NO MATCH","timestamp":"2026-06-14 00:41:57"}
{"level":"info","message":"   -> 🔍 Scan [external-link-count] | Target: \"10\" | Operator: \"Greater than\" | Actual: 13 | Result: ✅ MATCH","timestamp":"2026-06-14 00:41:57"}
{"level":"info","message":"   -> 🔍 Scan [incoming-link-count] | Target: \"5\" | Operator: \"Greater than\" | Actual: 18 | Result: ✅ MATCH","timestamp":"2026-06-14 00:41:57"}
{"level":"info","message":"   -> 🔍 Scan [heading-text] | Target: \"price\" (containing) | Operator: \"contains\" | Actual: [0 headings] | Result: ❌ NO MATCH","timestamp":"2026-06-14 00:41:57"}
{"level":"info","message":"   -> 🔍 Scan [header-text-length] | Target: \"80\" | Operator: \"Greater than\" | Actual: [0 headings] | Result: ❌ NO MATCH","timestamp":"2026-06-14 00:41:57"}
{"level":"info","message":"   -> 🔍 Scan [readability-level] | Target: \"12\" | Operator: \"Greater than\" | Actual: 0 | Result: ❌ NO MATCH","timestamp":"2026-06-14 00:41:57"}
{"level":"info","message":"   -> 🔍 Scan [meta-header] | Target: \"keyword\" (containing) | Operator: \"contains\" | Actual: [Content length: 4862] | Result: ❌ NO MATCH","timestamp":"2026-06-14 00:41:57"}
{"level":"info","message":"   -> 🔍 Scan [meta-header-length] | Target: \"160\" | Operator: \"Greater than\" | Actual: 160 | Result: ❌ NO MATCH","timestamp":"2026-06-14 00:41:57"}
{"level":"info","message":"   -> 🔍 Scan [page-html] | Target: \"<script>\" (containing) | Operator: \"contains\" | Actual: [Content length: 4862] | Result: ✅ MATCH","timestamp":"2026-06-14 00:41:57"}
{"level":"error","message":"Policy scan error for omunim: ValidationError: PolicyReport validation failed: priority: `medium` is not a valid enum value for path `priority`.\n    at Document.invalidate (D:\\sitemonitor\\Backend\\master\\node_modules\\mongoose\\lib\\document.js:3381:32)\n    at D:\\sitemonitor\\Backend\\master\\node_modules\\mongoose\\lib\\document.js:3142:17\n    at D:\\sitemonitor\\Backend\\master\\node_modules\\mongoose\\lib\\schemaType.js:1446:9\n    at process.processTicksAndRejections (node:internal/process/task_queues:85:11)","timestamp":"2026-06-14 00:41:57"}
{"level":"error","message":"Job 5 (omunim) failed: PolicyReport validation failed: priority: `medium` is not a valid enum value for path `priority`.","timestamp":"2026-06-14 00:41:57"}
{"level":"info","message":"[Job 5] 🛡️ Starting Policy scan for: omunim","timestamp":"2026-06-14 00:41:59"}
{"level":"info","message":"🛡️ [omunim] Starting standalone Policy Scan (job 5)...","timestamp":"2026-06-14 00:41:59"}
{"level":"info","message":"📑 [omunim] Retrieved 4 recent domain reports for evaluation.","timestamp":"2026-06-14 00:42:00"}
{"level":"info","message":"⚖️ [omunim] Evaluating 23 policies against 4 pages.","timestamp":"2026-06-14 00:42:00"}
{"level":"info","message":"📋 Policy: \"find jewellery keywords\"","timestamp":"2026-06-14 00:42:00"}
{"level":"info","message":"   Rule 1: Type=[text], Target=[jewellery], SearchType=[Contains], Contains/Unit=[containing]","timestamp":"2026-06-14 00:42:00"}
{"level":"info","message":"📋 Policy: \"Images greater than 100kB\"","timestamp":"2026-06-14 00:42:00"}
{"level":"info","message":"   Rule 1: Type=[image-size], Target=[100], SearchType=[Greater than], Contains/Unit=[KB]","timestamp":"2026-06-14 00:42:00"}
{"level":"info","message":"📋 Policy: \"Sample Policy with All Rules (Test)\"","timestamp":"2026-06-14 00:42:00"}
{"level":"info","message":"   Rule 1: Type=[text], Target=[jewellery], SearchType=[Contains], Contains/Unit=[containing]","timestamp":"2026-06-14 00:42:00"}
{"level":"info","message":"   Rule 2: Type=[page-title], Target=[jewellery], SearchType=[Contains], Contains/Unit=[containing]","timestamp":"2026-06-14 00:42:00"}
{"level":"info","message":"   Rule 3: Type=[page-title-length], Target=[60], SearchType=[Greater than], Contains/Unit=[]","timestamp":"2026-06-14 00:42:00"}
{"level":"info","message":"   Rule 4: Type=[page-url], Target=[shop], SearchType=[Contains], Contains/Unit=[containing]","timestamp":"2026-06-14 00:42:00"}
{"level":"info","message":"   Rule 5: Type=[link], Target=[contact], SearchType=[Contains], Contains/Unit=[containing]","timestamp":"2026-06-14 00:42:00"}
{"level":"info","message":"   Rule 6: Type=[link-text], Target=[buy], SearchType=[Contains], Contains/Unit=[containing]","timestamp":"2026-06-14 00:42:00"}
{"level":"info","message":"   Rule 7: Type=[link-text-length], Target=[50], SearchType=[Greater than], Contains/Unit=[]","timestamp":"2026-06-14 00:42:00"}
{"level":"info","message":"   Rule 8: Type=[file-size], Target=[5], SearchType=[Greater than], Contains/Unit=[MB]","timestamp":"2026-06-14 00:42:00"}
{"level":"info","message":"   Rule 9: Type=[image-size], Target=[100], SearchType=[Greater than], Contains/Unit=[KB]","timestamp":"2026-06-14 00:42:00"}
{"level":"info","message":"   Rule 10: Type=[image-text], Target=[logo], SearchType=[Contains], Contains/Unit=[containing]","timestamp":"2026-06-14 00:42:00"}
{"level":"info","message":"   Rule 11: Type=[image-text-length], Target=[100], SearchType=[Greater than], Contains/Unit=[]","timestamp":"2026-06-14 00:42:00"}
{"level":"info","message":"   Rule 12: Type=[external-link-count], Target=[10], SearchType=[Greater than], Contains/Unit=[]","timestamp":"2026-06-14 00:42:00"}
{"level":"info","message":"   Rule 13: Type=[incoming-link-count], Target=[5], SearchType=[Greater than], Contains/Unit=[]","timestamp":"2026-06-14 00:42:00"}
{"level":"info","message":"   Rule 14: Type=[heading-text], Target=[price], SearchType=[Contains], Contains/Unit=[containing]","timestamp":"2026-06-14 00:42:00"}
{"level":"info","message":"   Rule 15: Type=[header-text-length], Target=[80], SearchType=[Greater than], Contains/Unit=[]","timestamp":"2026-06-14 00:42:00"}
{"level":"info","message":"   Rule 16: Type=[readability-level], Target=[12], SearchType=[Greater than], Contains/Unit=[]","timestamp":"2026-06-14 00:42:00"}
{"level":"info","message":"   Rule 17: Type=[meta-header], Target=[keyword], SearchType=[Contains], Contains/Unit=[containing]","timestamp":"2026-06-14 00:42:00"}
{"level":"info","message":"   Rule 18: Type=[meta-header-length], Target=[160], SearchType=[Greater than], Contains/Unit=[]","timestamp":"2026-06-14 00:42:00"}
{"level":"info","message":"   Rule 19: Type=[page-html], Target=[<script>], SearchType=[Contains], Contains/Unit=[containing]","timestamp":"2026-06-14 00:42:00"}
{"level":"info","message":"📋 Policy: \"Sample Policy with All Rules (Global)\"","timestamp":"2026-06-14 00:42:00"}
{"level":"info","message":"   Rule 1: Type=[text], Target=[jewellery], SearchType=[Contains], Contains/Unit=[containing]","timestamp":"2026-06-14 00:42:00"}
{"level":"info","message":"   Rule 2: Type=[page-title], Target=[jewellery], SearchType=[Contains], Contains/Unit=[containing]","timestamp":"2026-06-14 00:42:00"}
{"level":"info","message":"   Rule 3: Type=[page-title-length], Target=[60], SearchType=[Greater than], Contains/Unit=[]","timestamp":"2026-06-14 00:42:00"}
{"level":"info","message":"   Rule 4: Type=[page-url], Target=[shop], SearchType=[Contains], Contains/Unit=[containing]","timestamp":"2026-06-14 00:42:00"}
{"level":"info","message":"   Rule 5: Type=[link], Target=[contact], SearchType=[Contains], Contains/Unit=[containing]","timestamp":"2026-06-14 00:42:00"}
{"level":"info","message":"   Rule 6: Type=[link-text], Target=[buy], SearchType=[Contains], Contains/Unit=[containing]","timestamp":"2026-06-14 00:42:00"}
{"level":"info","message":"   Rule 7: Type=[link-text-length], Target=[50], SearchType=[Greater than], Contains/Unit=[]","timestamp":"2026-06-14 00:42:00"}
{"level":"info","message":"   Rule 8: Type=[file-size], Target=[5], SearchType=[Greater than], Contains/Unit=[MB]","timestamp":"2026-06-14 00:42:00"}
{"level":"info","message":"   Rule 9: Type=[image-size], Target=[100], SearchType=[Greater than], Contains/Unit=[KB]","timestamp":"2026-06-14 00:42:00"}
{"level":"info","message":"   Rule 10: Type=[image-text], Target=[logo], SearchType=[Contains], Contains/Unit=[containing]","timestamp":"2026-06-14 00:42:00"}
{"level":"info","message":"   Rule 11: Type=[image-text-length], Target=[100], SearchType=[Greater than], Contains/Unit=[]","timestamp":"2026-06-14 00:42:00"}
{"level":"info","message":"   Rule 12: Type=[external-link-count], Target=[10], SearchType=[Greater than], Contains/Unit=[]","timestamp":"2026-06-14 00:42:00"}
{"level":"info","message":"   Rule 13: Type=[incoming-link-count], Target=[5], SearchType=[Greater than], Contains/Unit=[]","timestamp":"2026-06-14 00:42:00"}
{"level":"info","message":"   Rule 14: Type=[heading-text], Target=[price], SearchType=[Contains], Contains/Unit=[containing]","timestamp":"2026-06-14 00:42:00"}
{"level":"info","message":"   Rule 15: Type=[header-text-length], Target=[80], SearchType=[Greater than], Contains/Unit=[]","timestamp":"2026-06-14 00:42:00"}
{"level":"info","message":"   Rule 16: Type=[readability-level], Target=[12], SearchType=[Greater than], Contains/Unit=[]","timestamp":"2026-06-14 00:42:00"}
{"level":"info","message":"   Rule 17: Type=[meta-header], Target=[keyword], SearchType=[Contains], Contains/Unit=[containing]","timestamp":"2026-06-14 00:42:00"}
{"level":"info","message":"   Rule 18: Type=[meta-header-length], Target=[160], SearchType=[Greater than], Contains/Unit=[]","timestamp":"2026-06-14 00:42:00"}
{"level":"info","message":"   Rule 19: Type=[page-html], Target=[<script>], SearchType=[Contains], Contains/Unit=[containing]","timestamp":"2026-06-14 00:42:00"}
{"level":"info","message":"📋 Policy: \"Test Policy: Single Rule (text)\"","timestamp":"2026-06-14 00:42:00"}
{"level":"info","message":"   Rule 1: Type=[text], Target=[jewellery], SearchType=[Contains], Contains/Unit=[containing]","timestamp":"2026-06-14 00:42:00"}
{"level":"info","message":"📋 Policy: \"Test Policy: Single Rule (page-title)\"","timestamp":"2026-06-14 00:42:00"}
{"level":"info","message":"   Rule 1: Type=[page-title], Target=[jewellery], SearchType=[Contains], Contains/Unit=[containing]","timestamp":"2026-06-14 00:42:00"}
{"level":"info","message":"📋 Policy: \"Test Policy: Single Rule (page-title-length)\"","timestamp":"2026-06-14 00:42:00"}
{"level":"info","message":"   Rule 1: Type=[page-title-length], Target=[60], SearchType=[Greater than], Contains/Unit=[]","timestamp":"2026-06-14 00:42:00"}
{"level":"info","message":"📋 Policy: \"Test Policy: Single Rule (page-url)\"","timestamp":"2026-06-14 00:42:00"}
{"level":"info","message":"   Rule 1: Type=[page-url], Target=[shop], SearchType=[Contains], Contains/Unit=[containing]","timestamp":"2026-06-14 00:42:00"}
{"level":"info","message":"📋 Policy: \"Test Policy: Single Rule (link)\"","timestamp":"2026-06-14 00:42:00"}
{"level":"info","message":"   Rule 1: Type=[link], Target=[contact], SearchType=[Contains], Contains/Unit=[containing]","timestamp":"2026-06-14 00:42:00"}
{"level":"info","message":"📋 Policy: \"Test Policy: Single Rule (link-text)\"","timestamp":"2026-06-14 00:42:00"}
{"level":"info","message":"   Rule 1: Type=[link-text], Target=[buy], SearchType=[Contains], Contains/Unit=[containing]","timestamp":"2026-06-14 00:42:00"}
{"level":"info","message":"📋 Policy: \"Test Policy: Single Rule (link-text-length)\"","timestamp":"2026-06-14 00:42:00"}
{"level":"info","message":"   Rule 1: Type=[link-text-length], Target=[50], SearchType=[Greater than], Contains/Unit=[]","timestamp":"2026-06-14 00:42:00"}
{"level":"info","message":"📋 Policy: \"Test Policy: Single Rule (file-size)\"","timestamp":"2026-06-14 00:42:00"}
{"level":"info","message":"   Rule 1: Type=[file-size], Target=[5], SearchType=[Greater than], Contains/Unit=[MB]","timestamp":"2026-06-14 00:42:00"}
{"level":"info","message":"📋 Policy: \"Test Policy: Single Rule (image-size)\"","timestamp":"2026-06-14 00:42:00"}
{"level":"info","message":"   Rule 1: Type=[image-size], Target=[100], SearchType=[Greater than], Contains/Unit=[KB]","timestamp":"2026-06-14 00:42:00"}
{"level":"info","message":"📋 Policy: \"Test Policy: Single Rule (image-text)\"","timestamp":"2026-06-14 00:42:00"}
{"level":"info","message":"   Rule 1: Type=[image-text], Target=[logo], SearchType=[Contains], Contains/Unit=[containing]","timestamp":"2026-06-14 00:42:00"}
{"level":"info","message":"📋 Policy: \"Test Policy: Single Rule (image-text-length)\"","timestamp":"2026-06-14 00:42:00"}
{"level":"info","message":"   Rule 1: Type=[image-text-length], Target=[100], SearchType=[Greater than], Contains/Unit=[]","timestamp":"2026-06-14 00:42:00"}
{"level":"info","message":"📋 Policy: \"Test Policy: Single Rule (external-link-count)\"","timestamp":"2026-06-14 00:42:00"}
{"level":"info","message":"   Rule 1: Type=[external-link-count], Target=[10], SearchType=[Greater than], Contains/Unit=[]","timestamp":"2026-06-14 00:42:00"}
{"level":"info","message":"📋 Policy: \"Test Policy: Single Rule (incoming-link-count)\"","timestamp":"2026-06-14 00:42:00"}
{"level":"info","message":"   Rule 1: Type=[incoming-link-count], Target=[5], SearchType=[Greater than], Contains/Unit=[]","timestamp":"2026-06-14 00:42:00"}
{"level":"info","message":"📋 Policy: \"Test Policy: Single Rule (heading-text)\"","timestamp":"2026-06-14 00:42:00"}
{"level":"info","message":"   Rule 1: Type=[heading-text], Target=[price], SearchType=[Contains], Contains/Unit=[containing]","timestamp":"2026-06-14 00:42:00"}
{"level":"info","message":"📋 Policy: \"Test Policy: Single Rule (header-text-length)\"","timestamp":"2026-06-14 00:42:00"}
{"level":"info","message":"   Rule 1: Type=[header-text-length], Target=[80], SearchType=[Greater than], Contains/Unit=[]","timestamp":"2026-06-14 00:42:00"}
{"level":"info","message":"📋 Policy: \"Test Policy: Single Rule (readability-level)\"","timestamp":"2026-06-14 00:42:00"}
{"level":"info","message":"   Rule 1: Type=[readability-level], Target=[12], SearchType=[Greater than], Contains/Unit=[]","timestamp":"2026-06-14 00:42:00"}
{"level":"info","message":"📋 Policy: \"Test Policy: Single Rule (meta-header)\"","timestamp":"2026-06-14 00:42:00"}
{"level":"info","message":"   Rule 1: Type=[meta-header], Target=[keyword], SearchType=[Contains], Contains/Unit=[containing]","timestamp":"2026-06-14 00:42:00"}
{"level":"info","message":"📋 Policy: \"Test Policy: Single Rule (meta-header-length)\"","timestamp":"2026-06-14 00:42:00"}
{"level":"info","message":"   Rule 1: Type=[meta-header-length], Target=[160], SearchType=[Greater than], Contains/Unit=[]","timestamp":"2026-06-14 00:42:00"}
{"level":"info","message":"📋 Policy: \"Test Policy: Single Rule (page-html)\"","timestamp":"2026-06-14 00:42:00"}
{"level":"info","message":"   Rule 1: Type=[page-html], Target=[<script>], SearchType=[Contains], Contains/Unit=[containing]","timestamp":"2026-06-14 00:42:00"}
{"level":"info","message":"🌐 [omunim] Fetching live HTML content for 4 pages (text-based rules detected)...","timestamp":"2026-06-14 00:42:00"}
{"level":"info","message":"   -> 🔍 Scan [text] | Target: \"jewellery\" (containing) | Operator: \"contains\" | Actual: [Content length: 16317] | Result: ✅ MATCH","timestamp":"2026-06-14 00:42:00"}
{"level":"info","message":"   -> 🔍 Scan [image-size] | Target: \"100\" (KB) | Operator: \"Greater than\" | Actual: [104 images] | Result: ❌ NO MATCH","timestamp":"2026-06-14 00:42:00"}
{"level":"info","message":"   -> 🔍 Scan [text] | Target: \"jewellery\" (containing) | Operator: \"contains\" | Actual: [Content length: 16317] | Result: ✅ MATCH","timestamp":"2026-06-14 00:42:00"}
{"level":"info","message":"   -> 🔍 Scan [page-title] | Target: \"jewellery\" (containing) | Operator: \"contains\" | Actual: \"Jewellery Software | Jewellery\" | Result: ✅ MATCH","timestamp":"2026-06-14 00:42:00"}
{"level":"info","message":"   -> 🔍 Scan [page-title-length] | Target: \"60\" | Operator: \"Greater than\" | Actual: 60 | Result: ❌ NO MATCH","timestamp":"2026-06-14 00:42:00"}
{"level":"info","message":"   -> 🔍 Scan [page-url] | Target: \"shop\" (containing) | Operator: \"contains\" | Actual: \"https://omunim.com/jewellery-software\" | Result: ❌ NO MATCH","timestamp":"2026-06-14 00:42:00"}
{"level":"info","message":"   -> 🔍 Scan [link] | Target: \"contact\" (containing) | Operator: \"contains\" | Actual: [0 links] | Result: ❌ NO MATCH","timestamp":"2026-06-14 00:42:00"}
{"level":"info","message":"   -> 🔍 Scan [link-text] | Target: \"buy\" (containing) | Operator: \"contains\" | Actual: [0 links] | Result: ❌ NO MATCH","timestamp":"2026-06-14 00:42:00"}
{"level":"info","message":"   -> 🔍 Scan [link-text-length] | Target: \"50\" | Operator: \"Greater than\" | Actual: [0 links] | Result: ❌ NO MATCH","timestamp":"2026-06-14 00:42:00"}
{"level":"info","message":"   -> 🔍 Scan [file-size] | Target: \"5\" (MB) | Operator: \"Greater than\" | Actual: 2084.912109375 | Result: ❌ NO MATCH","timestamp":"2026-06-14 00:42:00"}
{"level":"info","message":"   -> 🔍 Scan [image-size] | Target: \"100\" (KB) | Operator: \"Greater than\" | Actual: [104 images] | Result: ❌ NO MATCH","timestamp":"2026-06-14 00:42:00"}
{"level":"info","message":"   -> 🔍 Scan [image-text] | Target: \"logo\" (containing) | Operator: \"contains\" | Actual: [104 images] | Result: ❌ NO MATCH","timestamp":"2026-06-14 00:42:00"}
{"level":"info","message":"   -> 🔍 Scan [image-text-length] | Target: \"100\" | Operator: \"Greater than\" | Actual: [104 images] | Result: ❌ NO MATCH","timestamp":"2026-06-14 00:42:00"}
{"level":"info","message":"   -> 🔍 Scan [external-link-count] | Target: \"10\" | Operator: \"Greater than\" | Actual: 17 | Result: ✅ MATCH","timestamp":"2026-06-14 00:42:00"}
{"level":"info","message":"   -> 🔍 Scan [incoming-link-count] | Target: \"5\" | Operator: \"Greater than\" | Actual: 21 | Result: ✅ MATCH","timestamp":"2026-06-14 00:42:00"}
{"level":"info","message":"   -> 🔍 Scan [heading-text] | Target: \"price\" (containing) | Operator: \"contains\" | Actual: [0 headings] | Result: ❌ NO MATCH","timestamp":"2026-06-14 00:42:00"}
{"level":"info","message":"   -> 🔍 Scan [header-text-length] | Target: \"80\" | Operator: \"Greater than\" | Actual: [0 headings] | Result: ❌ NO MATCH","timestamp":"2026-06-14 00:42:00"}
{"level":"info","message":"   -> 🔍 Scan [readability-level] | Target: \"12\" | Operator: \"Greater than\" | Actual: 0 | Result: ❌ NO MATCH","timestamp":"2026-06-14 00:42:00"}
{"level":"info","message":"   -> 🔍 Scan [meta-header] | Target: \"keyword\" (containing) | Operator: \"contains\" | Actual: [Content length: 16317] | Result: ❌ NO MATCH","timestamp":"2026-06-14 00:42:00"}
{"level":"info","message":"   -> 🔍 Scan [meta-header-length] | Target: \"160\" | Operator: \"Greater than\" | Actual: 160 | Result: ❌ NO MATCH","timestamp":"2026-06-14 00:42:00"}
{"level":"info","message":"   -> 🔍 Scan [page-html] | Target: \"<script>\" (containing) | Operator: \"contains\" | Actual: [Content length: 16317] | Result: ✅ MATCH","timestamp":"2026-06-14 00:42:00"}
{"level":"info","message":"   -> 🔍 Scan [text] | Target: \"jewellery\" (containing) | Operator: \"contains\" | Actual: [Content length: 16317] | Result: ✅ MATCH","timestamp":"2026-06-14 00:42:00"}
{"level":"info","message":"   -> 🔍 Scan [page-title] | Target: \"jewellery\" (containing) | Operator: \"contains\" | Actual: \"Jewellery Software | Jewellery\" | Result: ✅ MATCH","timestamp":"2026-06-14 00:42:00"}
{"level":"info","message":"   -> 🔍 Scan [page-title-length] | Target: \"60\" | Operator: \"Greater than\" | Actual: 60 | Result: ❌ NO MATCH","timestamp":"2026-06-14 00:42:00"}
{"level":"info","message":"   -> 🔍 Scan [page-url] | Target: \"shop\" (containing) | Operator: \"contains\" | Actual: \"https://omunim.com/jewellery-software\" | Result: ❌ NO MATCH","timestamp":"2026-06-14 00:42:00"}
{"level":"info","message":"   -> 🔍 Scan [link] | Target: \"contact\" (containing) | Operator: \"contains\" | Actual: [0 links] | Result: ❌ NO MATCH","timestamp":"2026-06-14 00:42:00"}
{"level":"info","message":"   -> 🔍 Scan [link-text] | Target: \"buy\" (containing) | Operator: \"contains\" | Actual: [0 links] | Result: ❌ NO MATCH","timestamp":"2026-06-14 00:42:00"}
{"level":"info","message":"   -> 🔍 Scan [link-text-length] | Target: \"50\" | Operator: \"Greater than\" | Actual: [0 links] | Result: ❌ NO MATCH","timestamp":"2026-06-14 00:42:00"}
{"level":"info","message":"   -> 🔍 Scan [file-size] | Target: \"5\" (MB) | Operator: \"Greater than\" | Actual: 2084.912109375 | Result: ❌ NO MATCH","timestamp":"2026-06-14 00:42:00"}
{"level":"info","message":"   -> 🔍 Scan [image-size] | Target: \"100\" (KB) | Operator: \"Greater than\" | Actual: [104 images] | Result: ❌ NO MATCH","timestamp":"2026-06-14 00:42:00"}
{"level":"info","message":"   -> 🔍 Scan [image-text] | Target: \"logo\" (containing) | Operator: \"contains\" | Actual: [104 images] | Result: ❌ NO MATCH","timestamp":"2026-06-14 00:42:00"}
{"level":"info","message":"   -> 🔍 Scan [image-text-length] | Target: \"100\" | Operator: \"Greater than\" | Actual: [104 images] | Result: ❌ NO MATCH","timestamp":"2026-06-14 00:42:00"}
{"level":"info","message":"   -> 🔍 Scan [external-link-count] | Target: \"10\" | Operator: \"Greater than\" | Actual: 17 | Result: ✅ MATCH","timestamp":"2026-06-14 00:42:00"}
{"level":"info","message":"   -> 🔍 Scan [incoming-link-count] | Target: \"5\" | Operator: \"Greater than\" | Actual: 21 | Result: ✅ MATCH","timestamp":"2026-06-14 00:42:00"}
{"level":"info","message":"   -> 🔍 Scan [heading-text] | Target: \"price\" (containing) | Operator: \"contains\" | Actual: [0 headings] | Result: ❌ NO MATCH","timestamp":"2026-06-14 00:42:00"}
{"level":"info","message":"   -> 🔍 Scan [header-text-length] | Target: \"80\" | Operator: \"Greater than\" | Actual: [0 headings] | Result: ❌ NO MATCH","timestamp":"2026-06-14 00:42:00"}
{"level":"info","message":"   -> 🔍 Scan [readability-level] | Target: \"12\" | Operator: \"Greater than\" | Actual: 0 | Result: ❌ NO MATCH","timestamp":"2026-06-14 00:42:00"}
{"level":"info","message":"   -> 🔍 Scan [meta-header] | Target: \"keyword\" (containing) | Operator: \"contains\" | Actual: [Content length: 16317] | Result: ❌ NO MATCH","timestamp":"2026-06-14 00:42:00"}
{"level":"info","message":"   -> 🔍 Scan [meta-header-length] | Target: \"160\" | Operator: \"Greater than\" | Actual: 160 | Result: ❌ NO MATCH","timestamp":"2026-06-14 00:42:00"}
{"level":"info","message":"   -> 🔍 Scan [page-html] | Target: \"<script>\" (containing) | Operator: \"contains\" | Actual: [Content length: 16317] | Result: ✅ MATCH","timestamp":"2026-06-14 00:42:00"}
{"level":"info","message":"   -> 🔍 Scan [text] | Target: \"jewellery\" (containing) | Operator: \"contains\" | Actual: [Content length: 16317] | Result: ✅ MATCH","timestamp":"2026-06-14 00:42:00"}
{"level":"info","message":"   -> 🔍 Scan [page-title] | Target: \"jewellery\" (containing) | Operator: \"contains\" | Actual: \"Jewellery Software | Jewellery\" | Result: ✅ MATCH","timestamp":"2026-06-14 00:42:00"}
{"level":"info","message":"   -> 🔍 Scan [page-title-length] | Target: \"60\" | Operator: \"Greater than\" | Actual: 60 | Result: ❌ NO MATCH","timestamp":"2026-06-14 00:42:00"}
{"level":"info","message":"   -> 🔍 Scan [page-url] | Target: \"shop\" (containing) | Operator: \"contains\" | Actual: \"https://omunim.com/jewellery-software\" | Result: ❌ NO MATCH","timestamp":"2026-06-14 00:42:00"}
{"level":"info","message":"   -> 🔍 Scan [link] | Target: \"contact\" (containing) | Operator: \"contains\" | Actual: [0 links] | Result: ❌ NO MATCH","timestamp":"2026-06-14 00:42:00"}
{"level":"info","message":"   -> 🔍 Scan [link-text] | Target: \"buy\" (containing) | Operator: \"contains\" | Actual: [0 links] | Result: ❌ NO MATCH","timestamp":"2026-06-14 00:42:00"}
{"level":"info","message":"   -> 🔍 Scan [link-text-length] | Target: \"50\" | Operator: \"Greater than\" | Actual: [0 links] | Result: ❌ NO MATCH","timestamp":"2026-06-14 00:42:00"}
{"level":"info","message":"   -> 🔍 Scan [file-size] | Target: \"5\" (MB) | Operator: \"Greater than\" | Actual: 2084.912109375 | Result: ❌ NO MATCH","timestamp":"2026-06-14 00:42:00"}
{"level":"info","message":"   -> 🔍 Scan [image-size] | Target: \"100\" (KB) | Operator: \"Greater than\" | Actual: [104 images] | Result: ❌ NO MATCH","timestamp":"2026-06-14 00:42:00"}
{"level":"info","message":"   -> 🔍 Scan [image-text] | Target: \"logo\" (containing) | Operator: \"contains\" | Actual: [104 images] | Result: ❌ NO MATCH","timestamp":"2026-06-14 00:42:00"}
{"level":"info","message":"   -> 🔍 Scan [image-text-length] | Target: \"100\" | Operator: \"Greater than\" | Actual: [104 images] | Result: ❌ NO MATCH","timestamp":"2026-06-14 00:42:00"}
{"level":"info","message":"   -> 🔍 Scan [external-link-count] | Target: \"10\" | Operator: \"Greater than\" | Actual: 17 | Result: ✅ MATCH","timestamp":"2026-06-14 00:42:00"}
{"level":"info","message":"   -> 🔍 Scan [incoming-link-count] | Target: \"5\" | Operator: \"Greater than\" | Actual: 21 | Result: ✅ MATCH","timestamp":"2026-06-14 00:42:00"}
{"level":"info","message":"   -> 🔍 Scan [heading-text] | Target: \"price\" (containing) | Operator: \"contains\" | Actual: [0 headings] | Result: ❌ NO MATCH","timestamp":"2026-06-14 00:42:00"}
{"level":"info","message":"   -> 🔍 Scan [header-text-length] | Target: \"80\" | Operator: \"Greater than\" | Actual: [0 headings] | Result: ❌ NO MATCH","timestamp":"2026-06-14 00:42:00"}
{"level":"info","message":"   -> 🔍 Scan [readability-level] | Target: \"12\" | Operator: \"Greater than\" | Actual: 0 | Result: ❌ NO MATCH","timestamp":"2026-06-14 00:42:00"}
{"level":"info","message":"   -> 🔍 Scan [meta-header] | Target: \"keyword\" (containing) | Operator: \"contains\" | Actual: [Content length: 16317] | Result: ❌ NO MATCH","timestamp":"2026-06-14 00:42:00"}
{"level":"info","message":"   -> 🔍 Scan [meta-header-length] | Target: \"160\" | Operator: \"Greater than\" | Actual: 160 | Result: ❌ NO MATCH","timestamp":"2026-06-14 00:42:00"}
{"level":"info","message":"   -> 🔍 Scan [page-html] | Target: \"<script>\" (containing) | Operator: \"contains\" | Actual: [Content length: 16317] | Result: ✅ MATCH","timestamp":"2026-06-14 00:42:00"}
{"level":"info","message":"   -> 🔍 Scan [text] | Target: \"jewellery\" (containing) | Operator: \"contains\" | Actual: [Content length: 9820] | Result: ✅ MATCH","timestamp":"2026-06-14 00:42:00"}
{"level":"info","message":"   -> 🔍 Scan [image-size] | Target: \"100\" (KB) | Operator: \"Greater than\" | Actual: [53 images] | Result: ✅ MATCH","timestamp":"2026-06-14 00:42:00"}
{"level":"info","message":"   -> 🔍 Scan [text] | Target: \"jewellery\" (containing) | Operator: \"contains\" | Actual: [Content length: 9820] | Result: ✅ MATCH","timestamp":"2026-06-14 00:42:00"}
{"level":"info","message":"   -> 🔍 Scan [page-title] | Target: \"jewellery\" (containing) | Operator: \"contains\" | Actual: \"Best Jewellery Billing Softwar\" | Result: ✅ MATCH","timestamp":"2026-06-14 00:42:00"}
{"level":"info","message":"   -> 🔍 Scan [page-title-length] | Target: \"60\" | Operator: \"Greater than\" | Actual: 69 | Result: ✅ MATCH","timestamp":"2026-06-14 00:42:00"}
{"level":"info","message":"   -> 🔍 Scan [page-url] | Target: \"shop\" (containing) | Operator: \"contains\" | Actual: \"https://omunim.com/jewellery-billing-software\" | Result: ❌ NO MATCH","timestamp":"2026-06-14 00:42:00"}
{"level":"info","message":"   -> 🔍 Scan [link] | Target: \"contact\" (containing) | Operator: \"contains\" | Actual: [0 links] | Result: ❌ NO MATCH","timestamp":"2026-06-14 00:42:00"}
{"level":"info","message":"   -> 🔍 Scan [link-text] | Target: \"buy\" (containing) | Operator: \"contains\" | Actual: [0 links] | Result: ❌ NO MATCH","timestamp":"2026-06-14 00:42:00"}
{"level":"info","message":"   -> 🔍 Scan [link-text-length] | Target: \"50\" | Operator: \"Greater than\" | Actual: [0 links] | Result: ❌ NO MATCH","timestamp":"2026-06-14 00:42:00"}
{"level":"info","message":"   -> 🔍 Scan [file-size] | Target: \"5\" (MB) | Operator: \"Greater than\" | Actual: 2997.67578125 | Result: ❌ NO MATCH","timestamp":"2026-06-14 00:42:00"}
{"level":"info","message":"   -> 🔍 Scan [image-size] | Target: \"100\" (KB) | Operator: \"Greater than\" | Actual: [53 images] | Result: ✅ MATCH","timestamp":"2026-06-14 00:42:00"}
{"level":"info","message":"   -> 🔍 Scan [image-text] | Target: \"logo\" (containing) | Operator: \"contains\" | Actual: [53 images] | Result: ❌ NO MATCH","timestamp":"2026-06-14 00:42:00"}
{"level":"info","message":"   -> 🔍 Scan [image-text-length] | Target: \"100\" | Operator: \"Greater than\" | Actual: [53 images] | Result: ❌ NO MATCH","timestamp":"2026-06-14 00:42:00"}
{"level":"info","message":"   -> 🔍 Scan [external-link-count] | Target: \"10\" | Operator: \"Greater than\" | Actual: 13 | Result: ✅ MATCH","timestamp":"2026-06-14 00:42:00"}
{"level":"info","message":"   -> 🔍 Scan [incoming-link-count] | Target: \"5\" | Operator: \"Greater than\" | Actual: 19 | Result: ✅ MATCH","timestamp":"2026-06-14 00:42:00"}
{"level":"info","message":"   -> 🔍 Scan [heading-text] | Target: \"price\" (containing) | Operator: \"contains\" | Actual: [0 headings] | Result: ❌ NO MATCH","timestamp":"2026-06-14 00:42:00"}
{"level":"info","message":"   -> 🔍 Scan [header-text-length] | Target: \"80\" | Operator: \"Greater than\" | Actual: [0 headings] | Result: ❌ NO MATCH","timestamp":"2026-06-14 00:42:00"}
{"level":"info","message":"   -> 🔍 Scan [readability-level] | Target: \"12\" | Operator: \"Greater than\" | Actual: 0 | Result: ❌ NO MATCH","timestamp":"2026-06-14 00:42:00"}
{"level":"info","message":"   -> 🔍 Scan [meta-header] | Target: \"keyword\" (containing) | Operator: \"contains\" | Actual: [Content length: 9820] | Result: ❌ NO MATCH","timestamp":"2026-06-14 00:42:00"}
{"level":"info","message":"   -> 🔍 Scan [meta-header-length] | Target: \"160\" | Operator: \"Greater than\" | Actual: 162 | Result: ✅ MATCH","timestamp":"2026-06-14 00:42:00"}
{"level":"info","message":"   -> 🔍 Scan [page-html] | Target: \"<script>\" (containing) | Operator: \"contains\" | Actual: [Content length: 9820] | Result: ✅ MATCH","timestamp":"2026-06-14 00:42:00"}
{"level":"info","message":"   -> 🔍 Scan [text] | Target: \"jewellery\" (containing) | Operator: \"contains\" | Actual: [Content length: 9820] | Result: ✅ MATCH","timestamp":"2026-06-14 00:42:00"}
{"level":"info","message":"   -> 🔍 Scan [page-title] | Target: \"jewellery\" (containing) | Operator: \"contains\" | Actual: \"Best Jewellery Billing Softwar\" | Result: ✅ MATCH","timestamp":"2026-06-14 00:42:00"}
{"level":"info","message":"   -> 🔍 Scan [page-title-length] | Target: \"60\" | Operator: \"Greater than\" | Actual: 69 | Result: ✅ MATCH","timestamp":"2026-06-14 00:42:00"}
{"level":"info","message":"   -> 🔍 Scan [page-url] | Target: \"shop\" (containing) | Operator: \"contains\" | Actual: \"https://omunim.com/jewellery-billing-software\" | Result: ❌ NO MATCH","timestamp":"2026-06-14 00:42:00"}
{"level":"info","message":"   -> 🔍 Scan [link] | Target: \"contact\" (containing) | Operator: \"contains\" | Actual: [0 links] | Result: ❌ NO MATCH","timestamp":"2026-06-14 00:42:00"}
{"level":"info","message":"   -> 🔍 Scan [link-text] | Target: \"buy\" (containing) | Operator: \"contains\" | Actual: [0 links] | Result: ❌ NO MATCH","timestamp":"2026-06-14 00:42:00"}
{"level":"info","message":"   -> 🔍 Scan [link-text-length] | Target: \"50\" | Operator: \"Greater than\" | Actual: [0 links] | Result: ❌ NO MATCH","timestamp":"2026-06-14 00:42:00"}
{"level":"info","message":"   -> 🔍 Scan [file-size] | Target: \"5\" (MB) | Operator: \"Greater than\" | Actual: 2997.67578125 | Result: ❌ NO MATCH","timestamp":"2026-06-14 00:42:00"}
{"level":"info","message":"   -> 🔍 Scan [image-size] | Target: \"100\" (KB) | Operator: \"Greater than\" | Actual: [53 images] | Result: ✅ MATCH","timestamp":"2026-06-14 00:42:00"}
{"level":"info","message":"   -> 🔍 Scan [image-text] | Target: \"logo\" (containing) | Operator: \"contains\" | Actual: [53 images] | Result: ❌ NO MATCH","timestamp":"2026-06-14 00:42:00"}
{"level":"info","message":"   -> 🔍 Scan [image-text-length] | Target: \"100\" | Operator: \"Greater than\" | Actual: [53 images] | Result: ❌ NO MATCH","timestamp":"2026-06-14 00:42:00"}
{"level":"info","message":"   -> 🔍 Scan [external-link-count] | Target: \"10\" | Operator: \"Greater than\" | Actual: 13 | Result: ✅ MATCH","timestamp":"2026-06-14 00:42:00"}
{"level":"info","message":"   -> 🔍 Scan [incoming-link-count] | Target: \"5\" | Operator: \"Greater than\" | Actual: 19 | Result: ✅ MATCH","timestamp":"2026-06-14 00:42:00"}
{"level":"info","message":"   -> 🔍 Scan [heading-text] | Target: \"price\" (containing) | Operator: \"contains\" | Actual: [0 headings] | Result: ❌ NO MATCH","timestamp":"2026-06-14 00:42:00"}
{"level":"info","message":"   -> 🔍 Scan [header-text-length] | Target: \"80\" | Operator: \"Greater than\" | Actual: [0 headings] | Result: ❌ NO MATCH","timestamp":"2026-06-14 00:42:00"}
{"level":"info","message":"   -> 🔍 Scan [readability-level] | Target: \"12\" | Operator: \"Greater than\" | Actual: 0 | Result: ❌ NO MATCH","timestamp":"2026-06-14 00:42:00"}
{"level":"info","message":"   -> 🔍 Scan [meta-header] | Target: \"keyword\" (containing) | Operator: \"contains\" | Actual: [Content length: 9820] | Result: ❌ NO MATCH","timestamp":"2026-06-14 00:42:00"}
{"level":"info","message":"   -> 🔍 Scan [meta-header-length] | Target: \"160\" | Operator: \"Greater than\" | Actual: 162 | Result: ✅ MATCH","timestamp":"2026-06-14 00:42:00"}
{"level":"info","message":"   -> 🔍 Scan [page-html] | Target: \"<script>\" (containing) | Operator: \"contains\" | Actual: [Content length: 9820] | Result: ✅ MATCH","timestamp":"2026-06-14 00:42:00"}
{"level":"info","message":"   -> 🔍 Scan [text] | Target: \"jewellery\" (containing) | Operator: \"contains\" | Actual: [Content length: 9820] | Result: ✅ MATCH","timestamp":"2026-06-14 00:42:00"}
{"level":"info","message":"   -> 🔍 Scan [page-title] | Target: \"jewellery\" (containing) | Operator: \"contains\" | Actual: \"Best Jewellery Billing Softwar\" | Result: ✅ MATCH","timestamp":"2026-06-14 00:42:00"}
{"level":"info","message":"   -> 🔍 Scan [page-title-length] | Target: \"60\" | Operator: \"Greater than\" | Actual: 69 | Result: ✅ MATCH","timestamp":"2026-06-14 00:42:00"}
{"level":"info","message":"   -> 🔍 Scan [page-url] | Target: \"shop\" (containing) | Operator: \"contains\" | Actual: \"https://omunim.com/jewellery-billing-software\" | Result: ❌ NO MATCH","timestamp":"2026-06-14 00:42:00"}
{"level":"info","message":"   -> 🔍 Scan [link] | Target: \"contact\" (containing) | Operator: \"contains\" | Actual: [0 links] | Result: ❌ NO MATCH","timestamp":"2026-06-14 00:42:00"}
{"level":"info","message":"   -> 🔍 Scan [link-text] | Target: \"buy\" (containing) | Operator: \"contains\" | Actual: [0 links] | Result: ❌ NO MATCH","timestamp":"2026-06-14 00:42:00"}
{"level":"info","message":"   -> 🔍 Scan [link-text-length] | Target: \"50\" | Operator: \"Greater than\" | Actual: [0 links] | Result: ❌ NO MATCH","timestamp":"2026-06-14 00:42:00"}
{"level":"info","message":"   -> 🔍 Scan [file-size] | Target: \"5\" (MB) | Operator: \"Greater than\" | Actual: 2997.67578125 | Result: ❌ NO MATCH","timestamp":"2026-06-14 00:42:00"}
{"level":"info","message":"   -> 🔍 Scan [image-size] | Target: \"100\" (KB) | Operator: \"Greater than\" | Actual: [53 images] | Result: ✅ MATCH","timestamp":"2026-06-14 00:42:00"}
{"level":"info","message":"   -> 🔍 Scan [image-text] | Target: \"logo\" (containing) | Operator: \"contains\" | Actual: [53 images] | Result: ❌ NO MATCH","timestamp":"2026-06-14 00:42:00"}
{"level":"info","message":"   -> 🔍 Scan [image-text-length] | Target: \"100\" | Operator: \"Greater than\" | Actual: [53 images] | Result: ❌ NO MATCH","timestamp":"2026-06-14 00:42:00"}
{"level":"info","message":"   -> 🔍 Scan [external-link-count] | Target: \"10\" | Operator: \"Greater than\" | Actual: 13 | Result: ✅ MATCH","timestamp":"2026-06-14 00:42:00"}
{"level":"info","message":"   -> 🔍 Scan [incoming-link-count] | Target: \"5\" | Operator: \"Greater than\" | Actual: 19 | Result: ✅ MATCH","timestamp":"2026-06-14 00:42:00"}
{"level":"info","message":"   -> 🔍 Scan [heading-text] | Target: \"price\" (containing) | Operator: \"contains\" | Actual: [0 headings] | Result: ❌ NO MATCH","timestamp":"2026-06-14 00:42:00"}
{"level":"info","message":"   -> 🔍 Scan [header-text-length] | Target: \"80\" | Operator: \"Greater than\" | Actual: [0 headings] | Result: ❌ NO MATCH","timestamp":"2026-06-14 00:42:00"}
{"level":"info","message":"   -> 🔍 Scan [readability-level] | Target: \"12\" | Operator: \"Greater than\" | Actual: 0 | Result: ❌ NO MATCH","timestamp":"2026-06-14 00:42:00"}
{"level":"info","message":"   -> 🔍 Scan [meta-header] | Target: \"keyword\" (containing) | Operator: \"contains\" | Actual: [Content length: 9820] | Result: ❌ NO MATCH","timestamp":"2026-06-14 00:42:00"}
{"level":"info","message":"   -> 🔍 Scan [meta-header-length] | Target: \"160\" | Operator: \"Greater than\" | Actual: 162 | Result: ✅ MATCH","timestamp":"2026-06-14 00:42:00"}
{"level":"info","message":"   -> 🔍 Scan [page-html] | Target: \"<script>\" (containing) | Operator: \"contains\" | Actual: [Content length: 9820] | Result: ✅ MATCH","timestamp":"2026-06-14 00:42:00"}
{"level":"info","message":"   -> 🔍 Scan [text] | Target: \"jewellery\" (containing) | Operator: \"contains\" | Actual: [Content length: 16317] | Result: ✅ MATCH","timestamp":"2026-06-14 00:42:00"}
{"level":"info","message":"   -> 🔍 Scan [image-size] | Target: \"100\" (KB) | Operator: \"Greater than\" | Actual: [104 images] | Result: ❌ NO MATCH","timestamp":"2026-06-14 00:42:00"}
{"level":"info","message":"   -> 🔍 Scan [text] | Target: \"jewellery\" (containing) | Operator: \"contains\" | Actual: [Content length: 16317] | Result: ✅ MATCH","timestamp":"2026-06-14 00:42:00"}
{"level":"info","message":"   -> 🔍 Scan [page-title] | Target: \"jewellery\" (containing) | Operator: \"contains\" | Actual: \"Jewellery Software | Jewellery\" | Result: ✅ MATCH","timestamp":"2026-06-14 00:42:00"}
{"level":"info","message":"   -> 🔍 Scan [page-title-length] | Target: \"60\" | Operator: \"Greater than\" | Actual: 60 | Result: ❌ NO MATCH","timestamp":"2026-06-14 00:42:00"}
{"level":"info","message":"   -> 🔍 Scan [page-url] | Target: \"shop\" (containing) | Operator: \"contains\" | Actual: \"https://omunim.com/\" | Result: ❌ NO MATCH","timestamp":"2026-06-14 00:42:00"}
{"level":"info","message":"   -> 🔍 Scan [link] | Target: \"contact\" (containing) | Operator: \"contains\" | Actual: [0 links] | Result: ❌ NO MATCH","timestamp":"2026-06-14 00:42:00"}
{"level":"info","message":"   -> 🔍 Scan [link-text] | Target: \"buy\" (containing) | Operator: \"contains\" | Actual: [0 links] | Result: ❌ NO MATCH","timestamp":"2026-06-14 00:42:00"}
{"level":"info","message":"   -> 🔍 Scan [link-text-length] | Target: \"50\" | Operator: \"Greater than\" | Actual: [0 links] | Result: ❌ NO MATCH","timestamp":"2026-06-14 00:42:00"}
{"level":"info","message":"   -> 🔍 Scan [file-size] | Target: \"5\" (MB) | Operator: \"Greater than\" | Actual: 2085.486328125 | Result: ❌ NO MATCH","timestamp":"2026-06-14 00:42:00"}
{"level":"info","message":"   -> 🔍 Scan [image-size] | Target: \"100\" (KB) | Operator: \"Greater than\" | Actual: [104 images] | Result: ❌ NO MATCH","timestamp":"2026-06-14 00:42:00"}
{"level":"info","message":"   -> 🔍 Scan [image-text] | Target: \"logo\" (containing) | Operator: \"contains\" | Actual: [104 images] | Result: ❌ NO MATCH","timestamp":"2026-06-14 00:42:00"}
{"level":"info","message":"   -> 🔍 Scan [image-text-length] | Target: \"100\" | Operator: \"Greater than\" | Actual: [104 images] | Result: ❌ NO MATCH","timestamp":"2026-06-14 00:42:00"}
{"level":"info","message":"   -> 🔍 Scan [external-link-count] | Target: \"10\" | Operator: \"Greater than\" | Actual: 17 | Result: ✅ MATCH","timestamp":"2026-06-14 00:42:00"}
{"level":"info","message":"   -> 🔍 Scan [incoming-link-count] | Target: \"5\" | Operator: \"Greater than\" | Actual: 21 | Result: ✅ MATCH","timestamp":"2026-06-14 00:42:00"}
{"level":"info","message":"   -> 🔍 Scan [heading-text] | Target: \"price\" (containing) | Operator: \"contains\" | Actual: [0 headings] | Result: ❌ NO MATCH","timestamp":"2026-06-14 00:42:00"}
{"level":"info","message":"   -> 🔍 Scan [header-text-length] | Target: \"80\" | Operator: \"Greater than\" | Actual: [0 headings] | Result: ❌ NO MATCH","timestamp":"2026-06-14 00:42:00"}
{"level":"info","message":"   -> 🔍 Scan [readability-level] | Target: \"12\" | Operator: \"Greater than\" | Actual: 0 | Result: ❌ NO MATCH","timestamp":"2026-06-14 00:42:00"}
{"level":"info","message":"   -> 🔍 Scan [meta-header] | Target: \"keyword\" (containing) | Operator: \"contains\" | Actual: [Content length: 16317] | Result: ❌ NO MATCH","timestamp":"2026-06-14 00:42:00"}
{"level":"info","message":"   -> 🔍 Scan [meta-header-length] | Target: \"160\" | Operator: \"Greater than\" | Actual: 160 | Result: ❌ NO MATCH","timestamp":"2026-06-14 00:42:00"}
{"level":"info","message":"   -> 🔍 Scan [page-html] | Target: \"<script>\" (containing) | Operator: \"contains\" | Actual: [Content length: 16317] | Result: ✅ MATCH","timestamp":"2026-06-14 00:42:00"}
{"level":"info","message":"   -> 🔍 Scan [text] | Target: \"jewellery\" (containing) | Operator: \"contains\" | Actual: [Content length: 16317] | Result: ✅ MATCH","timestamp":"2026-06-14 00:42:00"}
{"level":"info","message":"   -> 🔍 Scan [page-title] | Target: \"jewellery\" (containing) | Operator: \"contains\" | Actual: \"Jewellery Software | Jewellery\" | Result: ✅ MATCH","timestamp":"2026-06-14 00:42:00"}
{"level":"info","message":"   -> 🔍 Scan [page-title-length] | Target: \"60\" | Operator: \"Greater than\" | Actual: 60 | Result: ❌ NO MATCH","timestamp":"2026-06-14 00:42:00"}
{"level":"info","message":"   -> 🔍 Scan [page-url] | Target: \"shop\" (containing) | Operator: \"contains\" | Actual: \"https://omunim.com/\" | Result: ❌ NO MATCH","timestamp":"2026-06-14 00:42:00"}
{"level":"info","message":"   -> 🔍 Scan [link] | Target: \"contact\" (containing) | Operator: \"contains\" | Actual: [0 links] | Result: ❌ NO MATCH","timestamp":"2026-06-14 00:42:00"}
{"level":"info","message":"   -> 🔍 Scan [link-text] | Target: \"buy\" (containing) | Operator: \"contains\" | Actual: [0 links] | Result: ❌ NO MATCH","timestamp":"2026-06-14 00:42:00"}
{"level":"info","message":"   -> 🔍 Scan [link-text-length] | Target: \"50\" | Operator: \"Greater than\" | Actual: [0 links] | Result: ❌ NO MATCH","timestamp":"2026-06-14 00:42:00"}
{"level":"info","message":"   -> 🔍 Scan [file-size] | Target: \"5\" (MB) | Operator: \"Greater than\" | Actual: 2085.486328125 | Result: ❌ NO MATCH","timestamp":"2026-06-14 00:42:00"}
{"level":"info","message":"   -> 🔍 Scan [image-size] | Target: \"100\" (KB) | Operator: \"Greater than\" | Actual: [104 images] | Result: ❌ NO MATCH","timestamp":"2026-06-14 00:42:00"}
{"level":"info","message":"   -> 🔍 Scan [image-text] | Target: \"logo\" (containing) | Operator: \"contains\" | Actual: [104 images] | Result: ❌ NO MATCH","timestamp":"2026-06-14 00:42:00"}
{"level":"info","message":"   -> 🔍 Scan [image-text-length] | Target: \"100\" | Operator: \"Greater than\" | Actual: [104 images] | Result: ❌ NO MATCH","timestamp":"2026-06-14 00:42:00"}
{"level":"info","message":"   -> 🔍 Scan [external-link-count] | Target: \"10\" | Operator: \"Greater than\" | Actual: 17 | Result: ✅ MATCH","timestamp":"2026-06-14 00:42:00"}
{"level":"info","message":"   -> 🔍 Scan [incoming-link-count] | Target: \"5\" | Operator: \"Greater than\" | Actual: 21 | Result: ✅ MATCH","timestamp":"2026-06-14 00:42:00"}
{"level":"info","message":"   -> 🔍 Scan [heading-text] | Target: \"price\" (containing) | Operator: \"contains\" | Actual: [0 headings] | Result: ❌ NO MATCH","timestamp":"2026-06-14 00:42:00"}
{"level":"info","message":"   -> 🔍 Scan [header-text-length] | Target: \"80\" | Operator: \"Greater than\" | Actual: [0 headings] | Result: ❌ NO MATCH","timestamp":"2026-06-14 00:42:00"}
{"level":"info","message":"   -> 🔍 Scan [readability-level] | Target: \"12\" | Operator: \"Greater than\" | Actual: 0 | Result: ❌ NO MATCH","timestamp":"2026-06-14 00:42:00"}
{"level":"info","message":"   -> 🔍 Scan [meta-header] | Target: \"keyword\" (containing) | Operator: \"contains\" | Actual: [Content length: 16317] | Result: ❌ NO MATCH","timestamp":"2026-06-14 00:42:00"}
{"level":"info","message":"   -> 🔍 Scan [meta-header-length] | Target: \"160\" | Operator: \"Greater than\" | Actual: 160 | Result: ❌ NO MATCH","timestamp":"2026-06-14 00:42:00"}
{"level":"info","message":"   -> 🔍 Scan [page-html] | Target: \"<script>\" (containing) | Operator: \"contains\" | Actual: [Content length: 16317] | Result: ✅ MATCH","timestamp":"2026-06-14 00:42:00"}
{"level":"info","message":"   -> 🔍 Scan [text] | Target: \"jewellery\" (containing) | Operator: \"contains\" | Actual: [Content length: 16317] | Result: ✅ MATCH","timestamp":"2026-06-14 00:42:00"}
{"level":"info","message":"   -> 🔍 Scan [page-title] | Target: \"jewellery\" (containing) | Operator: \"contains\" | Actual: \"Jewellery Software | Jewellery\" | Result: ✅ MATCH","timestamp":"2026-06-14 00:42:00"}
{"level":"info","message":"   -> 🔍 Scan [page-title-length] | Target: \"60\" | Operator: \"Greater than\" | Actual: 60 | Result: ❌ NO MATCH","timestamp":"2026-06-14 00:42:00"}
{"level":"info","message":"   -> 🔍 Scan [page-url] | Target: \"shop\" (containing) | Operator: \"contains\" | Actual: \"https://omunim.com/\" | Result: ❌ NO MATCH","timestamp":"2026-06-14 00:42:00"}
{"level":"info","message":"   -> 🔍 Scan [link] | Target: \"contact\" (containing) | Operator: \"contains\" | Actual: [0 links] | Result: ❌ NO MATCH","timestamp":"2026-06-14 00:42:00"}
{"level":"info","message":"   -> 🔍 Scan [link-text] | Target: \"buy\" (containing) | Operator: \"contains\" | Actual: [0 links] | Result: ❌ NO MATCH","timestamp":"2026-06-14 00:42:00"}
{"level":"info","message":"   -> 🔍 Scan [link-text-length] | Target: \"50\" | Operator: \"Greater than\" | Actual: [0 links] | Result: ❌ NO MATCH","timestamp":"2026-06-14 00:42:00"}
{"level":"info","message":"   -> 🔍 Scan [file-size] | Target: \"5\" (MB) | Operator: \"Greater than\" | Actual: 2085.486328125 | Result: ❌ NO MATCH","timestamp":"2026-06-14 00:42:00"}
{"level":"info","message":"   -> 🔍 Scan [image-size] | Target: \"100\" (KB) | Operator: \"Greater than\" | Actual: [104 images] | Result: ❌ NO MATCH","timestamp":"2026-06-14 00:42:00"}
{"level":"info","message":"   -> 🔍 Scan [image-text] | Target: \"logo\" (containing) | Operator: \"contains\" | Actual: [104 images] | Result: ❌ NO MATCH","timestamp":"2026-06-14 00:42:00"}
{"level":"info","message":"   -> 🔍 Scan [image-text-length] | Target: \"100\" | Operator: \"Greater than\" | Actual: [104 images] | Result: ❌ NO MATCH","timestamp":"2026-06-14 00:42:00"}
{"level":"info","message":"   -> 🔍 Scan [external-link-count] | Target: \"10\" | Operator: \"Greater than\" | Actual: 17 | Result: ✅ MATCH","timestamp":"2026-06-14 00:42:00"}
{"level":"info","message":"   -> 🔍 Scan [incoming-link-count] | Target: \"5\" | Operator: \"Greater than\" | Actual: 21 | Result: ✅ MATCH","timestamp":"2026-06-14 00:42:00"}
{"level":"info","message":"   -> 🔍 Scan [heading-text] | Target: \"price\" (containing) | Operator: \"contains\" | Actual: [0 headings] | Result: ❌ NO MATCH","timestamp":"2026-06-14 00:42:00"}
{"level":"info","message":"   -> 🔍 Scan [header-text-length] | Target: \"80\" | Operator: \"Greater than\" | Actual: [0 headings] | Result: ❌ NO MATCH","timestamp":"2026-06-14 00:42:00"}
{"level":"info","message":"   -> 🔍 Scan [readability-level] | Target: \"12\" | Operator: \"Greater than\" | Actual: 0 | Result: ❌ NO MATCH","timestamp":"2026-06-14 00:42:00"}
{"level":"info","message":"   -> 🔍 Scan [meta-header] | Target: \"keyword\" (containing) | Operator: \"contains\" | Actual: [Content length: 16317] | Result: ❌ NO MATCH","timestamp":"2026-06-14 00:42:00"}
{"level":"info","message":"   -> 🔍 Scan [meta-header-length] | Target: \"160\" | Operator: \"Greater than\" | Actual: 160 | Result: ❌ NO MATCH","timestamp":"2026-06-14 00:42:00"}
{"level":"info","message":"   -> 🔍 Scan [page-html] | Target: \"<script>\" (containing) | Operator: \"contains\" | Actual: [Content length: 16317] | Result: ✅ MATCH","timestamp":"2026-06-14 00:42:00"}
{"level":"info","message":"   -> 🔍 Scan [text] | Target: \"jewellery\" (containing) | Operator: \"contains\" | Actual: [Content length: 4862] | Result: ✅ MATCH","timestamp":"2026-06-14 00:42:00"}
{"level":"info","message":"   -> 🔍 Scan [image-size] | Target: \"100\" (KB) | Operator: \"Greater than\" | Actual: [22 images] | Result: ✅ MATCH","timestamp":"2026-06-14 00:42:00"}
{"level":"info","message":"   -> 🔍 Scan [text] | Target: \"jewellery\" (containing) | Operator: \"contains\" | Actual: [Content length: 4862] | Result: ✅ MATCH","timestamp":"2026-06-14 00:42:00"}
{"level":"info","message":"   -> 🔍 Scan [page-title] | Target: \"jewellery\" (containing) | Operator: \"contains\" | Actual: \"Jewellery Software | Jewellery\" | Result: ✅ MATCH","timestamp":"2026-06-14 00:42:00"}
{"level":"info","message":"   -> 🔍 Scan [page-title-length] | Target: \"60\" | Operator: \"Greater than\" | Actual: 60 | Result: ❌ NO MATCH","timestamp":"2026-06-14 00:42:00"}
{"level":"info","message":"   -> 🔍 Scan [page-url] | Target: \"shop\" (containing) | Operator: \"contains\" | Actual: \"https://omunim.com/signin\" | Result: ❌ NO MATCH","timestamp":"2026-06-14 00:42:00"}
{"level":"info","message":"   -> 🔍 Scan [link] | Target: \"contact\" (containing) | Operator: \"contains\" | Actual: [0 links] | Result: ❌ NO MATCH","timestamp":"2026-06-14 00:42:00"}
{"level":"info","message":"   -> 🔍 Scan [link-text] | Target: \"buy\" (containing) | Operator: \"contains\" | Actual: [0 links] | Result: ❌ NO MATCH","timestamp":"2026-06-14 00:42:00"}
{"level":"info","message":"   -> 🔍 Scan [link-text-length] | Target: \"50\" | Operator: \"Greater than\" | Actual: [0 links] | Result: ❌ NO MATCH","timestamp":"2026-06-14 00:42:00"}
{"level":"info","message":"   -> 🔍 Scan [file-size] | Target: \"5\" (MB) | Operator: \"Greater than\" | Actual: 1506.169921875 | Result: ❌ NO MATCH","timestamp":"2026-06-14 00:42:00"}
{"level":"info","message":"   -> 🔍 Scan [image-size] | Target: \"100\" (KB) | Operator: \"Greater than\" | Actual: [22 images] | Result: ✅ MATCH","timestamp":"2026-06-14 00:42:00"}
{"level":"info","message":"   -> 🔍 Scan [image-text] | Target: \"logo\" (containing) | Operator: \"contains\" | Actual: [22 images] | Result: ❌ NO MATCH","timestamp":"2026-06-14 00:42:00"}
{"level":"info","message":"   -> 🔍 Scan [image-text-length] | Target: \"100\" | Operator: \"Greater than\" | Actual: [22 images] | Result: ❌ NO MATCH","timestamp":"2026-06-14 00:42:00"}
{"level":"info","message":"   -> 🔍 Scan [external-link-count] | Target: \"10\" | Operator: \"Greater than\" | Actual: 13 | Result: ✅ MATCH","timestamp":"2026-06-14 00:42:00"}
{"level":"info","message":"   -> 🔍 Scan [incoming-link-count] | Target: \"5\" | Operator: \"Greater than\" | Actual: 18 | Result: ✅ MATCH","timestamp":"2026-06-14 00:42:00"}
{"level":"info","message":"   -> 🔍 Scan [heading-text] | Target: \"price\" (containing) | Operator: \"contains\" | Actual: [0 headings] | Result: ❌ NO MATCH","timestamp":"2026-06-14 00:42:00"}
{"level":"info","message":"   -> 🔍 Scan [header-text-length] | Target: \"80\" | Operator: \"Greater than\" | Actual: [0 headings] | Result: ❌ NO MATCH","timestamp":"2026-06-14 00:42:00"}
{"level":"info","message":"   -> 🔍 Scan [readability-level] | Target: \"12\" | Operator: \"Greater than\" | Actual: 0 | Result: ❌ NO MATCH","timestamp":"2026-06-14 00:42:00"}
{"level":"info","message":"   -> 🔍 Scan [meta-header] | Target: \"keyword\" (containing) | Operator: \"contains\" | Actual: [Content length: 4862] | Result: ❌ NO MATCH","timestamp":"2026-06-14 00:42:00"}
{"level":"info","message":"   -> 🔍 Scan [meta-header-length] | Target: \"160\" | Operator: \"Greater than\" | Actual: 160 | Result: ❌ NO MATCH","timestamp":"2026-06-14 00:42:00"}
{"level":"info","message":"   -> 🔍 Scan [page-html] | Target: \"<script>\" (containing) | Operator: \"contains\" | Actual: [Content length: 4862] | Result: ✅ MATCH","timestamp":"2026-06-14 00:42:00"}
{"level":"info","message":"   -> 🔍 Scan [text] | Target: \"jewellery\" (containing) | Operator: \"contains\" | Actual: [Content length: 4862] | Result: ✅ MATCH","timestamp":"2026-06-14 00:42:00"}
{"level":"info","message":"   -> 🔍 Scan [page-title] | Target: \"jewellery\" (containing) | Operator: \"contains\" | Actual: \"Jewellery Software | Jewellery\" | Result: ✅ MATCH","timestamp":"2026-06-14 00:42:00"}
{"level":"info","message":"   -> 🔍 Scan [page-title-length] | Target: \"60\" | Operator: \"Greater than\" | Actual: 60 | Result: ❌ NO MATCH","timestamp":"2026-06-14 00:42:00"}
{"level":"info","message":"   -> 🔍 Scan [page-url] | Target: \"shop\" (containing) | Operator: \"contains\" | Actual: \"https://omunim.com/signin\" | Result: ❌ NO MATCH","timestamp":"2026-06-14 00:42:00"}
{"level":"info","message":"   -> 🔍 Scan [link] | Target: \"contact\" (containing) | Operator: \"contains\" | Actual: [0 links] | Result: ❌ NO MATCH","timestamp":"2026-06-14 00:42:00"}
{"level":"info","message":"   -> 🔍 Scan [link-text] | Target: \"buy\" (containing) | Operator: \"contains\" | Actual: [0 links] | Result: ❌ NO MATCH","timestamp":"2026-06-14 00:42:00"}
{"level":"info","message":"   -> 🔍 Scan [link-text-length] | Target: \"50\" | Operator: \"Greater than\" | Actual: [0 links] | Result: ❌ NO MATCH","timestamp":"2026-06-14 00:42:00"}
{"level":"info","message":"   -> 🔍 Scan [file-size] | Target: \"5\" (MB) | Operator: \"Greater than\" | Actual: 1506.169921875 | Result: ❌ NO MATCH","timestamp":"2026-06-14 00:42:00"}
{"level":"info","message":"   -> 🔍 Scan [image-size] | Target: \"100\" (KB) | Operator: \"Greater than\" | Actual: [22 images] | Result: ✅ MATCH","timestamp":"2026-06-14 00:42:00"}
{"level":"info","message":"   -> 🔍 Scan [image-text] | Target: \"logo\" (containing) | Operator: \"contains\" | Actual: [22 images] | Result: ❌ NO MATCH","timestamp":"2026-06-14 00:42:00"}
{"level":"info","message":"   -> 🔍 Scan [image-text-length] | Target: \"100\" | Operator: \"Greater than\" | Actual: [22 images] | Result: ❌ NO MATCH","timestamp":"2026-06-14 00:42:00"}
{"level":"info","message":"   -> 🔍 Scan [external-link-count] | Target: \"10\" | Operator: \"Greater than\" | Actual: 13 | Result: ✅ MATCH","timestamp":"2026-06-14 00:42:00"}
{"level":"info","message":"   -> 🔍 Scan [incoming-link-count] | Target: \"5\" | Operator: \"Greater than\" | Actual: 18 | Result: ✅ MATCH","timestamp":"2026-06-14 00:42:00"}
{"level":"info","message":"   -> 🔍 Scan [heading-text] | Target: \"price\" (containing) | Operator: \"contains\" | Actual: [0 headings] | Result: ❌ NO MATCH","timestamp":"2026-06-14 00:42:00"}
{"level":"info","message":"   -> 🔍 Scan [header-text-length] | Target: \"80\" | Operator: \"Greater than\" | Actual: [0 headings] | Result: ❌ NO MATCH","timestamp":"2026-06-14 00:42:00"}
{"level":"info","message":"   -> 🔍 Scan [readability-level] | Target: \"12\" | Operator: \"Greater than\" | Actual: 0 | Result: ❌ NO MATCH","timestamp":"2026-06-14 00:42:00"}
{"level":"info","message":"   -> 🔍 Scan [meta-header] | Target: \"keyword\" (containing) | Operator: \"contains\" | Actual: [Content length: 4862] | Result: ❌ NO MATCH","timestamp":"2026-06-14 00:42:00"}
{"level":"info","message":"   -> 🔍 Scan [meta-header-length] | Target: \"160\" | Operator: \"Greater than\" | Actual: 160 | Result: ❌ NO MATCH","timestamp":"2026-06-14 00:42:00"}
{"level":"info","message":"   -> 🔍 Scan [page-html] | Target: \"<script>\" (containing) | Operator: \"contains\" | Actual: [Content length: 4862] | Result: ✅ MATCH","timestamp":"2026-06-14 00:42:00"}
{"level":"info","message":"   -> 🔍 Scan [text] | Target: \"jewellery\" (containing) | Operator: \"contains\" | Actual: [Content length: 4862] | Result: ✅ MATCH","timestamp":"2026-06-14 00:42:00"}
{"level":"info","message":"   -> 🔍 Scan [page-title] | Target: \"jewellery\" (containing) | Operator: \"contains\" | Actual: \"Jewellery Software | Jewellery\" | Result: ✅ MATCH","timestamp":"2026-06-14 00:42:00"}
{"level":"info","message":"   -> 🔍 Scan [page-title-length] | Target: \"60\" | Operator: \"Greater than\" | Actual: 60 | Result: ❌ NO MATCH","timestamp":"2026-06-14 00:42:00"}
{"level":"info","message":"   -> 🔍 Scan [page-url] | Target: \"shop\" (containing) | Operator: \"contains\" | Actual: \"https://omunim.com/signin\" | Result: ❌ NO MATCH","timestamp":"2026-06-14 00:42:00"}
{"level":"info","message":"   -> 🔍 Scan [link] | Target: \"contact\" (containing) | Operator: \"contains\" | Actual: [0 links] | Result: ❌ NO MATCH","timestamp":"2026-06-14 00:42:00"}
{"level":"info","message":"   -> 🔍 Scan [link-text] | Target: \"buy\" (containing) | Operator: \"contains\" | Actual: [0 links] | Result: ❌ NO MATCH","timestamp":"2026-06-14 00:42:00"}
{"level":"info","message":"   -> 🔍 Scan [link-text-length] | Target: \"50\" | Operator: \"Greater than\" | Actual: [0 links] | Result: ❌ NO MATCH","timestamp":"2026-06-14 00:42:00"}
{"level":"info","message":"   -> 🔍 Scan [file-size] | Target: \"5\" (MB) | Operator: \"Greater than\" | Actual: 1506.169921875 | Result: ❌ NO MATCH","timestamp":"2026-06-14 00:42:00"}
{"level":"info","message":"   -> 🔍 Scan [image-size] | Target: \"100\" (KB) | Operator: \"Greater than\" | Actual: [22 images] | Result: ✅ MATCH","timestamp":"2026-06-14 00:42:00"}
{"level":"info","message":"   -> 🔍 Scan [image-text] | Target: \"logo\" (containing) | Operator: \"contains\" | Actual: [22 images] | Result: ❌ NO MATCH","timestamp":"2026-06-14 00:42:00"}
{"level":"info","message":"   -> 🔍 Scan [image-text-length] | Target: \"100\" | Operator: \"Greater than\" | Actual: [22 images] | Result: ❌ NO MATCH","timestamp":"2026-06-14 00:42:00"}
{"level":"info","message":"   -> 🔍 Scan [external-link-count] | Target: \"10\" | Operator: \"Greater than\" | Actual: 13 | Result: ✅ MATCH","timestamp":"2026-06-14 00:42:00"}
{"level":"info","message":"   -> 🔍 Scan [incoming-link-count] | Target: \"5\" | Operator: \"Greater than\" | Actual: 18 | Result: ✅ MATCH","timestamp":"2026-06-14 00:42:00"}
{"level":"info","message":"   -> 🔍 Scan [heading-text] | Target: \"price\" (containing) | Operator: \"contains\" | Actual: [0 headings] | Result: ❌ NO MATCH","timestamp":"2026-06-14 00:42:00"}
{"level":"info","message":"   -> 🔍 Scan [header-text-length] | Target: \"80\" | Operator: \"Greater than\" | Actual: [0 headings] | Result: ❌ NO MATCH","timestamp":"2026-06-14 00:42:00"}
{"level":"info","message":"   -> 🔍 Scan [readability-level] | Target: \"12\" | Operator: \"Greater than\" | Actual: 0 | Result: ❌ NO MATCH","timestamp":"2026-06-14 00:42:00"}
{"level":"info","message":"   -> 🔍 Scan [meta-header] | Target: \"keyword\" (containing) | Operator: \"contains\" | Actual: [Content length: 4862] | Result: ❌ NO MATCH","timestamp":"2026-06-14 00:42:00"}
{"level":"info","message":"   -> 🔍 Scan [meta-header-length] | Target: \"160\" | Operator: \"Greater than\" | Actual: 160 | Result: ❌ NO MATCH","timestamp":"2026-06-14 00:42:00"}
{"level":"info","message":"   -> 🔍 Scan [page-html] | Target: \"<script>\" (containing) | Operator: \"contains\" | Actual: [Content length: 4862] | Result: ✅ MATCH","timestamp":"2026-06-14 00:42:00"}
{"level":"error","message":"Policy scan error for omunim: ValidationError: PolicyReport validation failed: priority: `medium` is not a valid enum value for path `priority`.\n    at Document.invalidate (D:\\sitemonitor\\Backend\\master\\node_modules\\mongoose\\lib\\document.js:3381:32)\n    at D:\\sitemonitor\\Backend\\master\\node_modules\\mongoose\\lib\\document.js:3142:17\n    at D:\\sitemonitor\\Backend\\master\\node_modules\\mongoose\\lib\\schemaType.js:1446:9\n    at process.processTicksAndRejections (node:internal/process/task_queues:85:11)","timestamp":"2026-06-14 00:42:00"}
{"level":"error","message":"Job 5 (omunim) failed: PolicyReport validation failed: priority: `medium` is not a valid enum value for path `priority`.","timestamp":"2026-06-14 00:42:00"}
{"level":"info","message":"[Job repeat:c10eea93bf68cc56fd5c63b351df3d32:1781377920000] 🚀 Executing scheduled global orchestration...","timestamp":"2026-06-14 00:42:00"}
{"level":"info","message":"Orchestrator: Starting global scan orchestration... ","timestamp":"2026-06-14 00:42:00"}
{"level":"info","message":"🔗 Connecting to MASTER database: master","timestamp":"2026-06-14 00:42:00"}
{"level":"info","message":"Orchestrator: Found 2 tenants to process.","timestamp":"2026-06-14 00:42:01"}
{"level":"info","message":"📁 Switching to CLIENT database: tenant_rbi (Tenant: rbi)","timestamp":"2026-06-14 00:42:01"}
{"level":"info","message":"Orchestrator: No domains found for tenant rbi (excluding those currently scanning).","timestamp":"2026-06-14 00:42:01"}
{"level":"info","message":"📁 Switching to CLIENT database: tenant_sbi (Tenant: sbi)","timestamp":"2026-06-14 00:42:01"}
{"level":"info","message":"Orchestrator: No domains found for tenant sbi (excluding those currently scanning).","timestamp":"2026-06-14 00:42:01"}
{"level":"info","message":"Orchestrator: Master DB connection closed.","timestamp":"2026-06-14 00:42:01"}
{"level":"info","message":"✅ Orchestrator: Finished. Total jobs enqueued: 0","timestamp":"2026-06-14 00:42:01"}
{"level":"info","message":"Job repeat:c10eea93bf68cc56fd5c63b351df3d32:1781377920000 (Orchestrator) completed successfully.","timestamp":"2026-06-14 00:42:01"}
{"level":"info","message":"[Job repeat:c10eea93bf68cc56fd5c63b351df3d32:1781377980000] 🚀 Executing scheduled global orchestration...","timestamp":"2026-06-14 00:43:00"}
{"level":"info","message":"Orchestrator: Starting global scan orchestration... ","timestamp":"2026-06-14 00:43:00"}
{"level":"info","message":"🔗 Connecting to MASTER database: master","timestamp":"2026-06-14 00:43:00"}
{"level":"info","message":"Orchestrator: Found 2 tenants to process.","timestamp":"2026-06-14 00:43:01"}
{"level":"info","message":"📁 Switching to CLIENT database: tenant_rbi (Tenant: rbi)","timestamp":"2026-06-14 00:43:01"}
{"level":"info","message":"Orchestrator: No domains found for tenant rbi (excluding those currently scanning).","timestamp":"2026-06-14 00:43:01"}
{"level":"info","message":"📁 Switching to CLIENT database: tenant_sbi (Tenant: sbi)","timestamp":"2026-06-14 00:43:01"}
{"level":"info","message":"Orchestrator: No domains found for tenant sbi (excluding those currently scanning).","timestamp":"2026-06-14 00:43:01"}
{"level":"info","message":"Orchestrator: Master DB connection closed.","timestamp":"2026-06-14 00:43:01"}
{"level":"info","message":"✅ Orchestrator: Finished. Total jobs enqueued: 0","timestamp":"2026-06-14 00:43:01"}
{"level":"info","message":"Job repeat:c10eea93bf68cc56fd5c63b351df3d32:1781377980000 (Orchestrator) completed successfully.","timestamp":"2026-06-14 00:43:01"}
{"level":"info","message":"[Job repeat:c10eea93bf68cc56fd5c63b351df3d32:1781378040000] 🚀 Executing scheduled global orchestration...","timestamp":"2026-06-14 00:44:00"}
{"level":"info","message":"Orchestrator: Starting global scan orchestration... ","timestamp":"2026-06-14 00:44:00"}
{"level":"info","message":"🔗 Connecting to MASTER database: master","timestamp":"2026-06-14 00:44:00"}
{"level":"info","message":"Orchestrator: Found 2 tenants to process.","timestamp":"2026-06-14 00:44:00"}
{"level":"info","message":"📁 Switching to CLIENT database: tenant_rbi (Tenant: rbi)","timestamp":"2026-06-14 00:44:00"}
{"level":"info","message":"Orchestrator: No domains found for tenant rbi (excluding those currently scanning).","timestamp":"2026-06-14 00:44:00"}
{"level":"info","message":"📁 Switching to CLIENT database: tenant_sbi (Tenant: sbi)","timestamp":"2026-06-14 00:44:00"}
{"level":"info","message":"Orchestrator: No domains found for tenant sbi (excluding those currently scanning).","timestamp":"2026-06-14 00:44:00"}
{"level":"info","message":"Orchestrator: Master DB connection closed.","timestamp":"2026-06-14 00:44:00"}
{"level":"info","message":"✅ Orchestrator: Finished. Total jobs enqueued: 0","timestamp":"2026-06-14 00:44:00"}
{"level":"info","message":"Job repeat:c10eea93bf68cc56fd5c63b351df3d32:1781378040000 (Orchestrator) completed successfully.","timestamp":"2026-06-14 00:44:00"}
{"level":"info","message":"[Job repeat:c10eea93bf68cc56fd5c63b351df3d32:1781378100000] 🚀 Executing scheduled global orchestration...","timestamp":"2026-06-14 00:45:00"}
{"level":"info","message":"Orchestrator: Starting global scan orchestration... ","timestamp":"2026-06-14 00:45:00"}
{"level":"info","message":"🔗 Connecting to MASTER database: master","timestamp":"2026-06-14 00:45:00"}
{"level":"info","message":"Orchestrator: Found 2 tenants to process.","timestamp":"2026-06-14 00:45:01"}
{"level":"info","message":"📁 Switching to CLIENT database: tenant_rbi (Tenant: rbi)","timestamp":"2026-06-14 00:45:01"}
{"level":"info","message":"Orchestrator: No domains found for tenant rbi (excluding those currently scanning).","timestamp":"2026-06-14 00:45:01"}
{"level":"info","message":"📁 Switching to CLIENT database: tenant_sbi (Tenant: sbi)","timestamp":"2026-06-14 00:45:01"}
{"level":"info","message":"Orchestrator: No domains found for tenant sbi (excluding those currently scanning).","timestamp":"2026-06-14 00:45:01"}
{"level":"info","message":"Orchestrator: Master DB connection closed.","timestamp":"2026-06-14 00:45:01"}
{"level":"info","message":"✅ Orchestrator: Finished. Total jobs enqueued: 0","timestamp":"2026-06-14 00:45:01"}
{"level":"info","message":"Job repeat:c10eea93bf68cc56fd5c63b351df3d32:1781378100000 (Orchestrator) completed successfully.","timestamp":"2026-06-14 00:45:01"}
{"level":"info","message":"[Job repeat:c10eea93bf68cc56fd5c63b351df3d32:1781378160000] 🚀 Executing scheduled global orchestration...","timestamp":"2026-06-14 00:46:00"}
{"level":"info","message":"Orchestrator: Starting global scan orchestration... ","timestamp":"2026-06-14 00:46:00"}
{"level":"info","message":"🔗 Connecting to MASTER database: master","timestamp":"2026-06-14 00:46:00"}
{"level":"info","message":"Orchestrator: Found 2 tenants to process.","timestamp":"2026-06-14 00:46:01"}
{"level":"info","message":"📁 Switching to CLIENT database: tenant_rbi (Tenant: rbi)","timestamp":"2026-06-14 00:46:01"}
{"level":"info","message":"Orchestrator: No domains found for tenant rbi (excluding those currently scanning).","timestamp":"2026-06-14 00:46:01"}
{"level":"info","message":"📁 Switching to CLIENT database: tenant_sbi (Tenant: sbi)","timestamp":"2026-06-14 00:46:01"}
{"level":"info","message":"Orchestrator: No domains found for tenant sbi (excluding those currently scanning).","timestamp":"2026-06-14 00:46:01"}
{"level":"info","message":"Orchestrator: Master DB connection closed.","timestamp":"2026-06-14 00:46:01"}
{"level":"info","message":"✅ Orchestrator: Finished. Total jobs enqueued: 0","timestamp":"2026-06-14 00:46:01"}
{"level":"info","message":"Job repeat:c10eea93bf68cc56fd5c63b351df3d32:1781378160000 (Orchestrator) completed successfully.","timestamp":"2026-06-14 00:46:01"}
{"level":"info","message":"Added Policy Scan Job for omunim to queue, Job ID: 11","timestamp":"2026-06-14 00:46:07"}
{"level":"info","message":"[Job 11] 🛡️ Starting Policy scan for: omunim","timestamp":"2026-06-14 00:46:07"}
{"level":"info","message":"🛡️ [omunim] Starting standalone Policy Scan (job 11)...","timestamp":"2026-06-14 00:46:07"}
{"level":"info","message":"📑 [omunim] Retrieved 4 recent domain reports for evaluation.","timestamp":"2026-06-14 00:46:07"}
{"level":"info","message":"⚖️ [omunim] Evaluating 23 policies against 4 pages.","timestamp":"2026-06-14 00:46:07"}
{"level":"info","message":"📋 Policy: \"find jewellery keywords\"","timestamp":"2026-06-14 00:46:07"}
{"level":"info","message":"   Rule 1: Type=[text], Target=[jewellery], SearchType=[Contains], Contains/Unit=[containing]","timestamp":"2026-06-14 00:46:07"}
{"level":"info","message":"📋 Policy: \"Images greater than 100kB\"","timestamp":"2026-06-14 00:46:07"}
{"level":"info","message":"   Rule 1: Type=[image-size], Target=[100], SearchType=[Greater than], Contains/Unit=[KB]","timestamp":"2026-06-14 00:46:07"}
{"level":"info","message":"📋 Policy: \"Sample Policy with All Rules (Test)\"","timestamp":"2026-06-14 00:46:07"}
{"level":"info","message":"   Rule 1: Type=[text], Target=[jewellery], SearchType=[Contains], Contains/Unit=[containing]","timestamp":"2026-06-14 00:46:07"}
{"level":"info","message":"   Rule 2: Type=[page-title], Target=[jewellery], SearchType=[Contains], Contains/Unit=[containing]","timestamp":"2026-06-14 00:46:07"}
{"level":"info","message":"   Rule 3: Type=[page-title-length], Target=[60], SearchType=[Greater than], Contains/Unit=[]","timestamp":"2026-06-14 00:46:07"}
{"level":"info","message":"   Rule 4: Type=[page-url], Target=[shop], SearchType=[Contains], Contains/Unit=[containing]","timestamp":"2026-06-14 00:46:07"}
{"level":"info","message":"   Rule 5: Type=[link], Target=[contact], SearchType=[Contains], Contains/Unit=[containing]","timestamp":"2026-06-14 00:46:07"}
{"level":"info","message":"   Rule 6: Type=[link-text], Target=[buy], SearchType=[Contains], Contains/Unit=[containing]","timestamp":"2026-06-14 00:46:07"}
{"level":"info","message":"   Rule 7: Type=[link-text-length], Target=[50], SearchType=[Greater than], Contains/Unit=[]","timestamp":"2026-06-14 00:46:07"}
{"level":"info","message":"   Rule 8: Type=[file-size], Target=[5], SearchType=[Greater than], Contains/Unit=[MB]","timestamp":"2026-06-14 00:46:07"}
{"level":"info","message":"   Rule 9: Type=[image-size], Target=[100], SearchType=[Greater than], Contains/Unit=[KB]","timestamp":"2026-06-14 00:46:07"}
{"level":"info","message":"   Rule 10: Type=[image-text], Target=[logo], SearchType=[Contains], Contains/Unit=[containing]","timestamp":"2026-06-14 00:46:07"}
{"level":"info","message":"   Rule 11: Type=[image-text-length], Target=[100], SearchType=[Greater than], Contains/Unit=[]","timestamp":"2026-06-14 00:46:07"}
{"level":"info","message":"   Rule 12: Type=[external-link-count], Target=[10], SearchType=[Greater than], Contains/Unit=[]","timestamp":"2026-06-14 00:46:07"}
{"level":"info","message":"   Rule 13: Type=[incoming-link-count], Target=[5], SearchType=[Greater than], Contains/Unit=[]","timestamp":"2026-06-14 00:46:07"}
{"level":"info","message":"   Rule 14: Type=[heading-text], Target=[price], SearchType=[Contains], Contains/Unit=[containing]","timestamp":"2026-06-14 00:46:07"}
{"level":"info","message":"   Rule 15: Type=[header-text-length], Target=[80], SearchType=[Greater than], Contains/Unit=[]","timestamp":"2026-06-14 00:46:07"}
{"level":"info","message":"   Rule 16: Type=[readability-level], Target=[12], SearchType=[Greater than], Contains/Unit=[]","timestamp":"2026-06-14 00:46:07"}
{"level":"info","message":"   Rule 17: Type=[meta-header], Target=[keyword], SearchType=[Contains], Contains/Unit=[containing]","timestamp":"2026-06-14 00:46:07"}
{"level":"info","message":"   Rule 18: Type=[meta-header-length], Target=[160], SearchType=[Greater than], Contains/Unit=[]","timestamp":"2026-06-14 00:46:07"}
{"level":"info","message":"   Rule 19: Type=[page-html], Target=[<script>], SearchType=[Contains], Contains/Unit=[containing]","timestamp":"2026-06-14 00:46:07"}
{"level":"info","message":"📋 Policy: \"Sample Policy with All Rules (Global)\"","timestamp":"2026-06-14 00:46:07"}
{"level":"info","message":"   Rule 1: Type=[text], Target=[jewellery], SearchType=[Contains], Contains/Unit=[containing]","timestamp":"2026-06-14 00:46:07"}
{"level":"info","message":"   Rule 2: Type=[page-title], Target=[jewellery], SearchType=[Contains], Contains/Unit=[containing]","timestamp":"2026-06-14 00:46:07"}
{"level":"info","message":"   Rule 3: Type=[page-title-length], Target=[60], SearchType=[Greater than], Contains/Unit=[]","timestamp":"2026-06-14 00:46:07"}
{"level":"info","message":"   Rule 4: Type=[page-url], Target=[shop], SearchType=[Contains], Contains/Unit=[containing]","timestamp":"2026-06-14 00:46:07"}
{"level":"info","message":"   Rule 5: Type=[link], Target=[contact], SearchType=[Contains], Contains/Unit=[containing]","timestamp":"2026-06-14 00:46:07"}
{"level":"info","message":"   Rule 6: Type=[link-text], Target=[buy], SearchType=[Contains], Contains/Unit=[containing]","timestamp":"2026-06-14 00:46:07"}
{"level":"info","message":"   Rule 7: Type=[link-text-length], Target=[50], SearchType=[Greater than], Contains/Unit=[]","timestamp":"2026-06-14 00:46:07"}
{"level":"info","message":"   Rule 8: Type=[file-size], Target=[5], SearchType=[Greater than], Contains/Unit=[MB]","timestamp":"2026-06-14 00:46:07"}
{"level":"info","message":"   Rule 9: Type=[image-size], Target=[100], SearchType=[Greater than], Contains/Unit=[KB]","timestamp":"2026-06-14 00:46:07"}
{"level":"info","message":"   Rule 10: Type=[image-text], Target=[logo], SearchType=[Contains], Contains/Unit=[containing]","timestamp":"2026-06-14 00:46:07"}
{"level":"info","message":"   Rule 11: Type=[image-text-length], Target=[100], SearchType=[Greater than], Contains/Unit=[]","timestamp":"2026-06-14 00:46:07"}
{"level":"info","message":"   Rule 12: Type=[external-link-count], Target=[10], SearchType=[Greater than], Contains/Unit=[]","timestamp":"2026-06-14 00:46:07"}
{"level":"info","message":"   Rule 13: Type=[incoming-link-count], Target=[5], SearchType=[Greater than], Contains/Unit=[]","timestamp":"2026-06-14 00:46:07"}
{"level":"info","message":"   Rule 14: Type=[heading-text], Target=[price], SearchType=[Contains], Contains/Unit=[containing]","timestamp":"2026-06-14 00:46:07"}
{"level":"info","message":"   Rule 15: Type=[header-text-length], Target=[80], SearchType=[Greater than], Contains/Unit=[]","timestamp":"2026-06-14 00:46:07"}
{"level":"info","message":"   Rule 16: Type=[readability-level], Target=[12], SearchType=[Greater than], Contains/Unit=[]","timestamp":"2026-06-14 00:46:07"}
{"level":"info","message":"   Rule 17: Type=[meta-header], Target=[keyword], SearchType=[Contains], Contains/Unit=[containing]","timestamp":"2026-06-14 00:46:07"}
{"level":"info","message":"   Rule 18: Type=[meta-header-length], Target=[160], SearchType=[Greater than], Contains/Unit=[]","timestamp":"2026-06-14 00:46:07"}
{"level":"info","message":"   Rule 19: Type=[page-html], Target=[<script>], SearchType=[Contains], Contains/Unit=[containing]","timestamp":"2026-06-14 00:46:07"}
{"level":"info","message":"📋 Policy: \"Test Policy: Single Rule (text)\"","timestamp":"2026-06-14 00:46:07"}
{"level":"info","message":"   Rule 1: Type=[text], Target=[jewellery], SearchType=[Contains], Contains/Unit=[containing]","timestamp":"2026-06-14 00:46:07"}
{"level":"info","message":"📋 Policy: \"Test Policy: Single Rule (page-title)\"","timestamp":"2026-06-14 00:46:07"}
{"level":"info","message":"   Rule 1: Type=[page-title], Target=[jewellery], SearchType=[Contains], Contains/Unit=[containing]","timestamp":"2026-06-14 00:46:07"}
{"level":"info","message":"📋 Policy: \"Test Policy: Single Rule (page-title-length)\"","timestamp":"2026-06-14 00:46:07"}
{"level":"info","message":"   Rule 1: Type=[page-title-length], Target=[60], SearchType=[Greater than], Contains/Unit=[]","timestamp":"2026-06-14 00:46:07"}
{"level":"info","message":"📋 Policy: \"Test Policy: Single Rule (page-url)\"","timestamp":"2026-06-14 00:46:07"}
{"level":"info","message":"   Rule 1: Type=[page-url], Target=[shop], SearchType=[Contains], Contains/Unit=[containing]","timestamp":"2026-06-14 00:46:07"}
{"level":"info","message":"📋 Policy: \"Test Policy: Single Rule (link)\"","timestamp":"2026-06-14 00:46:07"}
{"level":"info","message":"   Rule 1: Type=[link], Target=[contact], SearchType=[Contains], Contains/Unit=[containing]","timestamp":"2026-06-14 00:46:07"}
{"level":"info","message":"📋 Policy: \"Test Policy: Single Rule (link-text)\"","timestamp":"2026-06-14 00:46:07"}
{"level":"info","message":"   Rule 1: Type=[link-text], Target=[buy], SearchType=[Contains], Contains/Unit=[containing]","timestamp":"2026-06-14 00:46:07"}
{"level":"info","message":"📋 Policy: \"Test Policy: Single Rule (link-text-length)\"","timestamp":"2026-06-14 00:46:07"}
{"level":"info","message":"   Rule 1: Type=[link-text-length], Target=[50], SearchType=[Greater than], Contains/Unit=[]","timestamp":"2026-06-14 00:46:07"}
{"level":"info","message":"📋 Policy: \"Test Policy: Single Rule (file-size)\"","timestamp":"2026-06-14 00:46:07"}
{"level":"info","message":"   Rule 1: Type=[file-size], Target=[5], SearchType=[Greater than], Contains/Unit=[MB]","timestamp":"2026-06-14 00:46:07"}
{"level":"info","message":"📋 Policy: \"Test Policy: Single Rule (image-size)\"","timestamp":"2026-06-14 00:46:07"}
{"level":"info","message":"   Rule 1: Type=[image-size], Target=[100], SearchType=[Greater than], Contains/Unit=[KB]","timestamp":"2026-06-14 00:46:07"}
{"level":"info","message":"📋 Policy: \"Test Policy: Single Rule (image-text)\"","timestamp":"2026-06-14 00:46:07"}
{"level":"info","message":"   Rule 1: Type=[image-text], Target=[logo], SearchType=[Contains], Contains/Unit=[containing]","timestamp":"2026-06-14 00:46:07"}
{"level":"info","message":"📋 Policy: \"Test Policy: Single Rule (image-text-length)\"","timestamp":"2026-06-14 00:46:07"}
{"level":"info","message":"   Rule 1: Type=[image-text-length], Target=[100], SearchType=[Greater than], Contains/Unit=[]","timestamp":"2026-06-14 00:46:07"}
{"level":"info","message":"📋 Policy: \"Test Policy: Single Rule (external-link-count)\"","timestamp":"2026-06-14 00:46:07"}
{"level":"info","message":"   Rule 1: Type=[external-link-count], Target=[10], SearchType=[Greater than], Contains/Unit=[]","timestamp":"2026-06-14 00:46:07"}
{"level":"info","message":"📋 Policy: \"Test Policy: Single Rule (incoming-link-count)\"","timestamp":"2026-06-14 00:46:07"}
{"level":"info","message":"   Rule 1: Type=[incoming-link-count], Target=[5], SearchType=[Greater than], Contains/Unit=[]","timestamp":"2026-06-14 00:46:07"}
{"level":"info","message":"📋 Policy: \"Test Policy: Single Rule (heading-text)\"","timestamp":"2026-06-14 00:46:07"}
{"level":"info","message":"   Rule 1: Type=[heading-text], Target=[price], SearchType=[Contains], Contains/Unit=[containing]","timestamp":"2026-06-14 00:46:07"}
{"level":"info","message":"📋 Policy: \"Test Policy: Single Rule (header-text-length)\"","timestamp":"2026-06-14 00:46:07"}
{"level":"info","message":"   Rule 1: Type=[header-text-length], Target=[80], SearchType=[Greater than], Contains/Unit=[]","timestamp":"2026-06-14 00:46:07"}
{"level":"info","message":"📋 Policy: \"Test Policy: Single Rule (readability-level)\"","timestamp":"2026-06-14 00:46:07"}
{"level":"info","message":"   Rule 1: Type=[readability-level], Target=[12], SearchType=[Greater than], Contains/Unit=[]","timestamp":"2026-06-14 00:46:07"}
{"level":"info","message":"📋 Policy: \"Test Policy: Single Rule (meta-header)\"","timestamp":"2026-06-14 00:46:07"}
{"level":"info","message":"   Rule 1: Type=[meta-header], Target=[keyword], SearchType=[Contains], Contains/Unit=[containing]","timestamp":"2026-06-14 00:46:07"}
{"level":"info","message":"📋 Policy: \"Test Policy: Single Rule (meta-header-length)\"","timestamp":"2026-06-14 00:46:07"}
{"level":"info","message":"   Rule 1: Type=[meta-header-length], Target=[160], SearchType=[Greater than], Contains/Unit=[]","timestamp":"2026-06-14 00:46:07"}
{"level":"info","message":"📋 Policy: \"Test Policy: Single Rule (page-html)\"","timestamp":"2026-06-14 00:46:07"}
{"level":"info","message":"   Rule 1: Type=[page-html], Target=[<script>], SearchType=[Contains], Contains/Unit=[containing]","timestamp":"2026-06-14 00:46:07"}
{"level":"info","message":"🌐 [omunim] Fetching live HTML content for 4 pages (text-based rules detected)...","timestamp":"2026-06-14 00:46:07"}
{"level":"info","message":"   -> 🔍 Scan [text] | Target: \"jewellery\" (containing) | Operator: \"contains\" | Actual: [Content length: 16317] | Result: ✅ MATCH","timestamp":"2026-06-14 00:46:07"}
{"level":"info","message":"   -> 🔍 Scan [image-size] | Target: \"100\" (KB) | Operator: \"Greater than\" | Actual: [104 images] | Result: ❌ NO MATCH","timestamp":"2026-06-14 00:46:07"}
{"level":"info","message":"   -> 🔍 Scan [text] | Target: \"jewellery\" (containing) | Operator: \"contains\" | Actual: [Content length: 16317] | Result: ✅ MATCH","timestamp":"2026-06-14 00:46:07"}
{"level":"info","message":"   -> 🔍 Scan [page-title] | Target: \"jewellery\" (containing) | Operator: \"contains\" | Actual: \"Jewellery Software | Jewellery\" | Result: ✅ MATCH","timestamp":"2026-06-14 00:46:07"}
{"level":"info","message":"   -> 🔍 Scan [page-title-length] | Target: \"60\" | Operator: \"Greater than\" | Actual: 60 | Result: ❌ NO MATCH","timestamp":"2026-06-14 00:46:07"}
{"level":"info","message":"   -> 🔍 Scan [page-url] | Target: \"shop\" (containing) | Operator: \"contains\" | Actual: \"https://omunim.com/\" | Result: ❌ NO MATCH","timestamp":"2026-06-14 00:46:07"}
{"level":"info","message":"   -> 🔍 Scan [link] | Target: \"contact\" (containing) | Operator: \"contains\" | Actual: [0 links] | Result: ❌ NO MATCH","timestamp":"2026-06-14 00:46:07"}
{"level":"info","message":"   -> 🔍 Scan [link-text] | Target: \"buy\" (containing) | Operator: \"contains\" | Actual: [0 links] | Result: ❌ NO MATCH","timestamp":"2026-06-14 00:46:07"}
{"level":"info","message":"   -> 🔍 Scan [link-text-length] | Target: \"50\" | Operator: \"Greater than\" | Actual: [0 links] | Result: ❌ NO MATCH","timestamp":"2026-06-14 00:46:07"}
{"level":"info","message":"   -> 🔍 Scan [file-size] | Target: \"5\" (MB) | Operator: \"Greater than\" | Actual: 2085.486328125 | Result: ❌ NO MATCH","timestamp":"2026-06-14 00:46:07"}
{"level":"info","message":"   -> 🔍 Scan [image-size] | Target: \"100\" (KB) | Operator: \"Greater than\" | Actual: [104 images] | Result: ❌ NO MATCH","timestamp":"2026-06-14 00:46:07"}
{"level":"info","message":"   -> 🔍 Scan [image-text] | Target: \"logo\" (containing) | Operator: \"contains\" | Actual: [104 images] | Result: ❌ NO MATCH","timestamp":"2026-06-14 00:46:07"}
{"level":"info","message":"   -> 🔍 Scan [image-text-length] | Target: \"100\" | Operator: \"Greater than\" | Actual: [104 images] | Result: ❌ NO MATCH","timestamp":"2026-06-14 00:46:07"}
{"level":"info","message":"   -> 🔍 Scan [external-link-count] | Target: \"10\" | Operator: \"Greater than\" | Actual: 17 | Result: ✅ MATCH","timestamp":"2026-06-14 00:46:07"}
{"level":"info","message":"   -> 🔍 Scan [incoming-link-count] | Target: \"5\" | Operator: \"Greater than\" | Actual: 21 | Result: ✅ MATCH","timestamp":"2026-06-14 00:46:07"}
{"level":"info","message":"   -> 🔍 Scan [heading-text] | Target: \"price\" (containing) | Operator: \"contains\" | Actual: [0 headings] | Result: ❌ NO MATCH","timestamp":"2026-06-14 00:46:07"}
{"level":"info","message":"   -> 🔍 Scan [header-text-length] | Target: \"80\" | Operator: \"Greater than\" | Actual: [0 headings] | Result: ❌ NO MATCH","timestamp":"2026-06-14 00:46:07"}
{"level":"info","message":"   -> 🔍 Scan [readability-level] | Target: \"12\" | Operator: \"Greater than\" | Actual: 0 | Result: ❌ NO MATCH","timestamp":"2026-06-14 00:46:07"}
{"level":"info","message":"   -> 🔍 Scan [meta-header] | Target: \"keyword\" (containing) | Operator: \"contains\" | Actual: [Content length: 16317] | Result: ❌ NO MATCH","timestamp":"2026-06-14 00:46:07"}
{"level":"info","message":"   -> 🔍 Scan [meta-header-length] | Target: \"160\" | Operator: \"Greater than\" | Actual: 160 | Result: ❌ NO MATCH","timestamp":"2026-06-14 00:46:07"}
{"level":"info","message":"   -> 🔍 Scan [page-html] | Target: \"<script>\" (containing) | Operator: \"contains\" | Actual: [Content length: 16317] | Result: ✅ MATCH","timestamp":"2026-06-14 00:46:07"}
{"level":"info","message":"   -> 🔍 Scan [text] | Target: \"jewellery\" (containing) | Operator: \"contains\" | Actual: [Content length: 16317] | Result: ✅ MATCH","timestamp":"2026-06-14 00:46:07"}
{"level":"info","message":"   -> 🔍 Scan [page-title] | Target: \"jewellery\" (containing) | Operator: \"contains\" | Actual: \"Jewellery Software | Jewellery\" | Result: ✅ MATCH","timestamp":"2026-06-14 00:46:07"}
{"level":"info","message":"   -> 🔍 Scan [page-title-length] | Target: \"60\" | Operator: \"Greater than\" | Actual: 60 | Result: ❌ NO MATCH","timestamp":"2026-06-14 00:46:07"}
{"level":"info","message":"   -> 🔍 Scan [page-url] | Target: \"shop\" (containing) | Operator: \"contains\" | Actual: \"https://omunim.com/\" | Result: ❌ NO MATCH","timestamp":"2026-06-14 00:46:07"}
{"level":"info","message":"   -> 🔍 Scan [link] | Target: \"contact\" (containing) | Operator: \"contains\" | Actual: [0 links] | Result: ❌ NO MATCH","timestamp":"2026-06-14 00:46:07"}
{"level":"info","message":"   -> 🔍 Scan [link-text] | Target: \"buy\" (containing) | Operator: \"contains\" | Actual: [0 links] | Result: ❌ NO MATCH","timestamp":"2026-06-14 00:46:07"}
{"level":"info","message":"   -> 🔍 Scan [link-text-length] | Target: \"50\" | Operator: \"Greater than\" | Actual: [0 links] | Result: ❌ NO MATCH","timestamp":"2026-06-14 00:46:07"}
{"level":"info","message":"   -> 🔍 Scan [file-size] | Target: \"5\" (MB) | Operator: \"Greater than\" | Actual: 2085.486328125 | Result: ❌ NO MATCH","timestamp":"2026-06-14 00:46:07"}
{"level":"info","message":"   -> 🔍 Scan [image-size] | Target: \"100\" (KB) | Operator: \"Greater than\" | Actual: [104 images] | Result: ❌ NO MATCH","timestamp":"2026-06-14 00:46:07"}
{"level":"info","message":"   -> 🔍 Scan [image-text] | Target: \"logo\" (containing) | Operator: \"contains\" | Actual: [104 images] | Result: ❌ NO MATCH","timestamp":"2026-06-14 00:46:07"}
{"level":"info","message":"   -> 🔍 Scan [image-text-length] | Target: \"100\" | Operator: \"Greater than\" | Actual: [104 images] | Result: ❌ NO MATCH","timestamp":"2026-06-14 00:46:07"}
{"level":"info","message":"   -> 🔍 Scan [external-link-count] | Target: \"10\" | Operator: \"Greater than\" | Actual: 17 | Result: ✅ MATCH","timestamp":"2026-06-14 00:46:07"}
{"level":"info","message":"   -> 🔍 Scan [incoming-link-count] | Target: \"5\" | Operator: \"Greater than\" | Actual: 21 | Result: ✅ MATCH","timestamp":"2026-06-14 00:46:07"}
{"level":"info","message":"   -> 🔍 Scan [heading-text] | Target: \"price\" (containing) | Operator: \"contains\" | Actual: [0 headings] | Result: ❌ NO MATCH","timestamp":"2026-06-14 00:46:07"}
{"level":"info","message":"   -> 🔍 Scan [header-text-length] | Target: \"80\" | Operator: \"Greater than\" | Actual: [0 headings] | Result: ❌ NO MATCH","timestamp":"2026-06-14 00:46:07"}
{"level":"info","message":"   -> 🔍 Scan [readability-level] | Target: \"12\" | Operator: \"Greater than\" | Actual: 0 | Result: ❌ NO MATCH","timestamp":"2026-06-14 00:46:07"}
{"level":"info","message":"   -> 🔍 Scan [meta-header] | Target: \"keyword\" (containing) | Operator: \"contains\" | Actual: [Content length: 16317] | Result: ❌ NO MATCH","timestamp":"2026-06-14 00:46:07"}
{"level":"info","message":"   -> 🔍 Scan [meta-header-length] | Target: \"160\" | Operator: \"Greater than\" | Actual: 160 | Result: ❌ NO MATCH","timestamp":"2026-06-14 00:46:07"}
{"level":"info","message":"   -> 🔍 Scan [page-html] | Target: \"<script>\" (containing) | Operator: \"contains\" | Actual: [Content length: 16317] | Result: ✅ MATCH","timestamp":"2026-06-14 00:46:07"}
{"level":"info","message":"   -> 🔍 Scan [text] | Target: \"jewellery\" (containing) | Operator: \"contains\" | Actual: [Content length: 16317] | Result: ✅ MATCH","timestamp":"2026-06-14 00:46:07"}
{"level":"info","message":"   -> 🔍 Scan [page-title] | Target: \"jewellery\" (containing) | Operator: \"contains\" | Actual: \"Jewellery Software | Jewellery\" | Result: ✅ MATCH","timestamp":"2026-06-14 00:46:07"}
{"level":"info","message":"   -> 🔍 Scan [page-title-length] | Target: \"60\" | Operator: \"Greater than\" | Actual: 60 | Result: ❌ NO MATCH","timestamp":"2026-06-14 00:46:07"}
{"level":"info","message":"   -> 🔍 Scan [page-url] | Target: \"shop\" (containing) | Operator: \"contains\" | Actual: \"https://omunim.com/\" | Result: ❌ NO MATCH","timestamp":"2026-06-14 00:46:07"}
{"level":"info","message":"   -> 🔍 Scan [link] | Target: \"contact\" (containing) | Operator: \"contains\" | Actual: [0 links] | Result: ❌ NO MATCH","timestamp":"2026-06-14 00:46:07"}
{"level":"info","message":"   -> 🔍 Scan [link-text] | Target: \"buy\" (containing) | Operator: \"contains\" | Actual: [0 links] | Result: ❌ NO MATCH","timestamp":"2026-06-14 00:46:07"}
{"level":"info","message":"   -> 🔍 Scan [link-text-length] | Target: \"50\" | Operator: \"Greater than\" | Actual: [0 links] | Result: ❌ NO MATCH","timestamp":"2026-06-14 00:46:07"}
{"level":"info","message":"   -> 🔍 Scan [file-size] | Target: \"5\" (MB) | Operator: \"Greater than\" | Actual: 2085.486328125 | Result: ❌ NO MATCH","timestamp":"2026-06-14 00:46:07"}
{"level":"info","message":"   -> 🔍 Scan [image-size] | Target: \"100\" (KB) | Operator: \"Greater than\" | Actual: [104 images] | Result: ❌ NO MATCH","timestamp":"2026-06-14 00:46:07"}
{"level":"info","message":"   -> 🔍 Scan [image-text] | Target: \"logo\" (containing) | Operator: \"contains\" | Actual: [104 images] | Result: ❌ NO MATCH","timestamp":"2026-06-14 00:46:07"}
{"level":"info","message":"   -> 🔍 Scan [image-text-length] | Target: \"100\" | Operator: \"Greater than\" | Actual: [104 images] | Result: ❌ NO MATCH","timestamp":"2026-06-14 00:46:07"}
{"level":"info","message":"   -> 🔍 Scan [external-link-count] | Target: \"10\" | Operator: \"Greater than\" | Actual: 17 | Result: ✅ MATCH","timestamp":"2026-06-14 00:46:07"}
{"level":"info","message":"   -> 🔍 Scan [incoming-link-count] | Target: \"5\" | Operator: \"Greater than\" | Actual: 21 | Result: ✅ MATCH","timestamp":"2026-06-14 00:46:07"}
{"level":"info","message":"   -> 🔍 Scan [heading-text] | Target: \"price\" (containing) | Operator: \"contains\" | Actual: [0 headings] | Result: ❌ NO MATCH","timestamp":"2026-06-14 00:46:07"}
{"level":"info","message":"   -> 🔍 Scan [header-text-length] | Target: \"80\" | Operator: \"Greater than\" | Actual: [0 headings] | Result: ❌ NO MATCH","timestamp":"2026-06-14 00:46:07"}
{"level":"info","message":"   -> 🔍 Scan [readability-level] | Target: \"12\" | Operator: \"Greater than\" | Actual: 0 | Result: ❌ NO MATCH","timestamp":"2026-06-14 00:46:07"}
{"level":"info","message":"   -> 🔍 Scan [meta-header] | Target: \"keyword\" (containing) | Operator: \"contains\" | Actual: [Content length: 16317] | Result: ❌ NO MATCH","timestamp":"2026-06-14 00:46:07"}
{"level":"info","message":"   -> 🔍 Scan [meta-header-length] | Target: \"160\" | Operator: \"Greater than\" | Actual: 160 | Result: ❌ NO MATCH","timestamp":"2026-06-14 00:46:07"}
{"level":"info","message":"   -> 🔍 Scan [page-html] | Target: \"<script>\" (containing) | Operator: \"contains\" | Actual: [Content length: 16317] | Result: ✅ MATCH","timestamp":"2026-06-14 00:46:07"}
{"level":"info","message":"   -> 🔍 Scan [text] | Target: \"jewellery\" (containing) | Operator: \"contains\" | Actual: [Content length: 4862] | Result: ✅ MATCH","timestamp":"2026-06-14 00:46:07"}
{"level":"info","message":"   -> 🔍 Scan [image-size] | Target: \"100\" (KB) | Operator: \"Greater than\" | Actual: [22 images] | Result: ✅ MATCH","timestamp":"2026-06-14 00:46:07"}
{"level":"info","message":"   -> 🔍 Scan [text] | Target: \"jewellery\" (containing) | Operator: \"contains\" | Actual: [Content length: 4862] | Result: ✅ MATCH","timestamp":"2026-06-14 00:46:07"}
{"level":"info","message":"   -> 🔍 Scan [page-title] | Target: \"jewellery\" (containing) | Operator: \"contains\" | Actual: \"Jewellery Software | Jewellery\" | Result: ✅ MATCH","timestamp":"2026-06-14 00:46:07"}
{"level":"info","message":"   -> 🔍 Scan [page-title-length] | Target: \"60\" | Operator: \"Greater than\" | Actual: 60 | Result: ❌ NO MATCH","timestamp":"2026-06-14 00:46:07"}
{"level":"info","message":"   -> 🔍 Scan [page-url] | Target: \"shop\" (containing) | Operator: \"contains\" | Actual: \"https://omunim.com/signin\" | Result: ❌ NO MATCH","timestamp":"2026-06-14 00:46:07"}
{"level":"info","message":"   -> 🔍 Scan [link] | Target: \"contact\" (containing) | Operator: \"contains\" | Actual: [0 links] | Result: ❌ NO MATCH","timestamp":"2026-06-14 00:46:07"}
{"level":"info","message":"   -> 🔍 Scan [link-text] | Target: \"buy\" (containing) | Operator: \"contains\" | Actual: [0 links] | Result: ❌ NO MATCH","timestamp":"2026-06-14 00:46:07"}
{"level":"info","message":"   -> 🔍 Scan [link-text-length] | Target: \"50\" | Operator: \"Greater than\" | Actual: [0 links] | Result: ❌ NO MATCH","timestamp":"2026-06-14 00:46:07"}
{"level":"info","message":"   -> 🔍 Scan [file-size] | Target: \"5\" (MB) | Operator: \"Greater than\" | Actual: 1506.169921875 | Result: ❌ NO MATCH","timestamp":"2026-06-14 00:46:07"}
{"level":"info","message":"   -> 🔍 Scan [image-size] | Target: \"100\" (KB) | Operator: \"Greater than\" | Actual: [22 images] | Result: ✅ MATCH","timestamp":"2026-06-14 00:46:07"}
{"level":"info","message":"   -> 🔍 Scan [image-text] | Target: \"logo\" (containing) | Operator: \"contains\" | Actual: [22 images] | Result: ❌ NO MATCH","timestamp":"2026-06-14 00:46:07"}
{"level":"info","message":"   -> 🔍 Scan [image-text-length] | Target: \"100\" | Operator: \"Greater than\" | Actual: [22 images] | Result: ❌ NO MATCH","timestamp":"2026-06-14 00:46:07"}
{"level":"info","message":"   -> 🔍 Scan [external-link-count] | Target: \"10\" | Operator: \"Greater than\" | Actual: 13 | Result: ✅ MATCH","timestamp":"2026-06-14 00:46:07"}
{"level":"info","message":"   -> 🔍 Scan [incoming-link-count] | Target: \"5\" | Operator: \"Greater than\" | Actual: 18 | Result: ✅ MATCH","timestamp":"2026-06-14 00:46:07"}
{"level":"info","message":"   -> 🔍 Scan [heading-text] | Target: \"price\" (containing) | Operator: \"contains\" | Actual: [0 headings] | Result: ❌ NO MATCH","timestamp":"2026-06-14 00:46:07"}
{"level":"info","message":"   -> 🔍 Scan [header-text-length] | Target: \"80\" | Operator: \"Greater than\" | Actual: [0 headings] | Result: ❌ NO MATCH","timestamp":"2026-06-14 00:46:07"}
{"level":"info","message":"   -> 🔍 Scan [readability-level] | Target: \"12\" | Operator: \"Greater than\" | Actual: 0 | Result: ❌ NO MATCH","timestamp":"2026-06-14 00:46:07"}
{"level":"info","message":"   -> 🔍 Scan [meta-header] | Target: \"keyword\" (containing) | Operator: \"contains\" | Actual: [Content length: 4862] | Result: ❌ NO MATCH","timestamp":"2026-06-14 00:46:07"}
{"level":"info","message":"   -> 🔍 Scan [meta-header-length] | Target: \"160\" | Operator: \"Greater than\" | Actual: 160 | Result: ❌ NO MATCH","timestamp":"2026-06-14 00:46:07"}
{"level":"info","message":"   -> 🔍 Scan [page-html] | Target: \"<script>\" (containing) | Operator: \"contains\" | Actual: [Content length: 4862] | Result: ✅ MATCH","timestamp":"2026-06-14 00:46:07"}
{"level":"info","message":"   -> 🔍 Scan [text] | Target: \"jewellery\" (containing) | Operator: \"contains\" | Actual: [Content length: 4862] | Result: ✅ MATCH","timestamp":"2026-06-14 00:46:07"}
{"level":"info","message":"   -> 🔍 Scan [page-title] | Target: \"jewellery\" (containing) | Operator: \"contains\" | Actual: \"Jewellery Software | Jewellery\" | Result: ✅ MATCH","timestamp":"2026-06-14 00:46:07"}
{"level":"info","message":"   -> 🔍 Scan [page-title-length] | Target: \"60\" | Operator: \"Greater than\" | Actual: 60 | Result: ❌ NO MATCH","timestamp":"2026-06-14 00:46:07"}
{"level":"info","message":"   -> 🔍 Scan [page-url] | Target: \"shop\" (containing) | Operator: \"contains\" | Actual: \"https://omunim.com/signin\" | Result: ❌ NO MATCH","timestamp":"2026-06-14 00:46:07"}
{"level":"info","message":"   -> 🔍 Scan [link] | Target: \"contact\" (containing) | Operator: \"contains\" | Actual: [0 links] | Result: ❌ NO MATCH","timestamp":"2026-06-14 00:46:07"}
{"level":"info","message":"   -> 🔍 Scan [link-text] | Target: \"buy\" (containing) | Operator: \"contains\" | Actual: [0 links] | Result: ❌ NO MATCH","timestamp":"2026-06-14 00:46:07"}
{"level":"info","message":"   -> 🔍 Scan [link-text-length] | Target: \"50\" | Operator: \"Greater than\" | Actual: [0 links] | Result: ❌ NO MATCH","timestamp":"2026-06-14 00:46:07"}
{"level":"info","message":"   -> 🔍 Scan [file-size] | Target: \"5\" (MB) | Operator: \"Greater than\" | Actual: 1506.169921875 | Result: ❌ NO MATCH","timestamp":"2026-06-14 00:46:07"}
{"level":"info","message":"   -> 🔍 Scan [image-size] | Target: \"100\" (KB) | Operator: \"Greater than\" | Actual: [22 images] | Result: ✅ MATCH","timestamp":"2026-06-14 00:46:07"}
{"level":"info","message":"   -> 🔍 Scan [image-text] | Target: \"logo\" (containing) | Operator: \"contains\" | Actual: [22 images] | Result: ❌ NO MATCH","timestamp":"2026-06-14 00:46:07"}
{"level":"info","message":"   -> 🔍 Scan [image-text-length] | Target: \"100\" | Operator: \"Greater than\" | Actual: [22 images] | Result: ❌ NO MATCH","timestamp":"2026-06-14 00:46:07"}
{"level":"info","message":"   -> 🔍 Scan [external-link-count] | Target: \"10\" | Operator: \"Greater than\" | Actual: 13 | Result: ✅ MATCH","timestamp":"2026-06-14 00:46:07"}
{"level":"info","message":"   -> 🔍 Scan [incoming-link-count] | Target: \"5\" | Operator: \"Greater than\" | Actual: 18 | Result: ✅ MATCH","timestamp":"2026-06-14 00:46:07"}
{"level":"info","message":"   -> 🔍 Scan [heading-text] | Target: \"price\" (containing) | Operator: \"contains\" | Actual: [0 headings] | Result: ❌ NO MATCH","timestamp":"2026-06-14 00:46:07"}
{"level":"info","message":"   -> 🔍 Scan [header-text-length] | Target: \"80\" | Operator: \"Greater than\" | Actual: [0 headings] | Result: ❌ NO MATCH","timestamp":"2026-06-14 00:46:07"}
{"level":"info","message":"   -> 🔍 Scan [readability-level] | Target: \"12\" | Operator: \"Greater than\" | Actual: 0 | Result: ❌ NO MATCH","timestamp":"2026-06-14 00:46:07"}
{"level":"info","message":"   -> 🔍 Scan [meta-header] | Target: \"keyword\" (containing) | Operator: \"contains\" | Actual: [Content length: 4862] | Result: ❌ NO MATCH","timestamp":"2026-06-14 00:46:07"}
{"level":"info","message":"   -> 🔍 Scan [meta-header-length] | Target: \"160\" | Operator: \"Greater than\" | Actual: 160 | Result: ❌ NO MATCH","timestamp":"2026-06-14 00:46:07"}
{"level":"info","message":"   -> 🔍 Scan [page-html] | Target: \"<script>\" (containing) | Operator: \"contains\" | Actual: [Content length: 4862] | Result: ✅ MATCH","timestamp":"2026-06-14 00:46:07"}
{"level":"info","message":"   -> 🔍 Scan [text] | Target: \"jewellery\" (containing) | Operator: \"contains\" | Actual: [Content length: 4862] | Result: ✅ MATCH","timestamp":"2026-06-14 00:46:07"}
{"level":"info","message":"   -> 🔍 Scan [page-title] | Target: \"jewellery\" (containing) | Operator: \"contains\" | Actual: \"Jewellery Software | Jewellery\" | Result: ✅ MATCH","timestamp":"2026-06-14 00:46:07"}
{"level":"info","message":"   -> 🔍 Scan [page-title-length] | Target: \"60\" | Operator: \"Greater than\" | Actual: 60 | Result: ❌ NO MATCH","timestamp":"2026-06-14 00:46:07"}
{"level":"info","message":"   -> 🔍 Scan [page-url] | Target: \"shop\" (containing) | Operator: \"contains\" | Actual: \"https://omunim.com/signin\" | Result: ❌ NO MATCH","timestamp":"2026-06-14 00:46:07"}
{"level":"info","message":"   -> 🔍 Scan [link] | Target: \"contact\" (containing) | Operator: \"contains\" | Actual: [0 links] | Result: ❌ NO MATCH","timestamp":"2026-06-14 00:46:07"}
{"level":"info","message":"   -> 🔍 Scan [link-text] | Target: \"buy\" (containing) | Operator: \"contains\" | Actual: [0 links] | Result: ❌ NO MATCH","timestamp":"2026-06-14 00:46:07"}
{"level":"info","message":"   -> 🔍 Scan [link-text-length] | Target: \"50\" | Operator: \"Greater than\" | Actual: [0 links] | Result: ❌ NO MATCH","timestamp":"2026-06-14 00:46:07"}
{"level":"info","message":"   -> 🔍 Scan [file-size] | Target: \"5\" (MB) | Operator: \"Greater than\" | Actual: 1506.169921875 | Result: ❌ NO MATCH","timestamp":"2026-06-14 00:46:07"}
{"level":"info","message":"   -> 🔍 Scan [image-size] | Target: \"100\" (KB) | Operator: \"Greater than\" | Actual: [22 images] | Result: ✅ MATCH","timestamp":"2026-06-14 00:46:07"}
{"level":"info","message":"   -> 🔍 Scan [image-text] | Target: \"logo\" (containing) | Operator: \"contains\" | Actual: [22 images] | Result: ❌ NO MATCH","timestamp":"2026-06-14 00:46:07"}
{"level":"info","message":"   -> 🔍 Scan [image-text-length] | Target: \"100\" | Operator: \"Greater than\" | Actual: [22 images] | Result: ❌ NO MATCH","timestamp":"2026-06-14 00:46:07"}
{"level":"info","message":"   -> 🔍 Scan [external-link-count] | Target: \"10\" | Operator: \"Greater than\" | Actual: 13 | Result: ✅ MATCH","timestamp":"2026-06-14 00:46:07"}
{"level":"info","message":"   -> 🔍 Scan [incoming-link-count] | Target: \"5\" | Operator: \"Greater than\" | Actual: 18 | Result: ✅ MATCH","timestamp":"2026-06-14 00:46:07"}
{"level":"info","message":"   -> 🔍 Scan [heading-text] | Target: \"price\" (containing) | Operator: \"contains\" | Actual: [0 headings] | Result: ❌ NO MATCH","timestamp":"2026-06-14 00:46:08"}
{"level":"info","message":"   -> 🔍 Scan [header-text-length] | Target: \"80\" | Operator: \"Greater than\" | Actual: [0 headings] | Result: ❌ NO MATCH","timestamp":"2026-06-14 00:46:08"}
{"level":"info","message":"   -> 🔍 Scan [readability-level] | Target: \"12\" | Operator: \"Greater than\" | Actual: 0 | Result: ❌ NO MATCH","timestamp":"2026-06-14 00:46:08"}
{"level":"info","message":"   -> 🔍 Scan [meta-header] | Target: \"keyword\" (containing) | Operator: \"contains\" | Actual: [Content length: 4862] | Result: ❌ NO MATCH","timestamp":"2026-06-14 00:46:08"}
{"level":"info","message":"   -> 🔍 Scan [meta-header-length] | Target: \"160\" | Operator: \"Greater than\" | Actual: 160 | Result: ❌ NO MATCH","timestamp":"2026-06-14 00:46:08"}
{"level":"info","message":"   -> 🔍 Scan [page-html] | Target: \"<script>\" (containing) | Operator: \"contains\" | Actual: [Content length: 4862] | Result: ✅ MATCH","timestamp":"2026-06-14 00:46:08"}
{"level":"info","message":"   -> 🔍 Scan [text] | Target: \"jewellery\" (containing) | Operator: \"contains\" | Actual: [Content length: 9820] | Result: ✅ MATCH","timestamp":"2026-06-14 00:46:08"}
{"level":"info","message":"   -> 🔍 Scan [image-size] | Target: \"100\" (KB) | Operator: \"Greater than\" | Actual: [53 images] | Result: ✅ MATCH","timestamp":"2026-06-14 00:46:08"}
{"level":"info","message":"   -> 🔍 Scan [text] | Target: \"jewellery\" (containing) | Operator: \"contains\" | Actual: [Content length: 9820] | Result: ✅ MATCH","timestamp":"2026-06-14 00:46:08"}
{"level":"info","message":"   -> 🔍 Scan [page-title] | Target: \"jewellery\" (containing) | Operator: \"contains\" | Actual: \"Best Jewellery Billing Softwar\" | Result: ✅ MATCH","timestamp":"2026-06-14 00:46:08"}
{"level":"info","message":"   -> 🔍 Scan [page-title-length] | Target: \"60\" | Operator: \"Greater than\" | Actual: 69 | Result: ✅ MATCH","timestamp":"2026-06-14 00:46:08"}
{"level":"info","message":"   -> 🔍 Scan [page-url] | Target: \"shop\" (containing) | Operator: \"contains\" | Actual: \"https://omunim.com/jewellery-billing-software\" | Result: ❌ NO MATCH","timestamp":"2026-06-14 00:46:08"}
{"level":"info","message":"   -> 🔍 Scan [link] | Target: \"contact\" (containing) | Operator: \"contains\" | Actual: [0 links] | Result: ❌ NO MATCH","timestamp":"2026-06-14 00:46:08"}
{"level":"info","message":"   -> 🔍 Scan [link-text] | Target: \"buy\" (containing) | Operator: \"contains\" | Actual: [0 links] | Result: ❌ NO MATCH","timestamp":"2026-06-14 00:46:08"}
{"level":"info","message":"   -> 🔍 Scan [link-text-length] | Target: \"50\" | Operator: \"Greater than\" | Actual: [0 links] | Result: ❌ NO MATCH","timestamp":"2026-06-14 00:46:08"}
{"level":"info","message":"   -> 🔍 Scan [file-size] | Target: \"5\" (MB) | Operator: \"Greater than\" | Actual: 2997.67578125 | Result: ❌ NO MATCH","timestamp":"2026-06-14 00:46:08"}
{"level":"info","message":"   -> 🔍 Scan [image-size] | Target: \"100\" (KB) | Operator: \"Greater than\" | Actual: [53 images] | Result: ✅ MATCH","timestamp":"2026-06-14 00:46:08"}
{"level":"info","message":"   -> 🔍 Scan [image-text] | Target: \"logo\" (containing) | Operator: \"contains\" | Actual: [53 images] | Result: ❌ NO MATCH","timestamp":"2026-06-14 00:46:08"}
{"level":"info","message":"   -> 🔍 Scan [image-text-length] | Target: \"100\" | Operator: \"Greater than\" | Actual: [53 images] | Result: ❌ NO MATCH","timestamp":"2026-06-14 00:46:08"}
{"level":"info","message":"   -> 🔍 Scan [external-link-count] | Target: \"10\" | Operator: \"Greater than\" | Actual: 13 | Result: ✅ MATCH","timestamp":"2026-06-14 00:46:08"}
{"level":"info","message":"   -> 🔍 Scan [incoming-link-count] | Target: \"5\" | Operator: \"Greater than\" | Actual: 19 | Result: ✅ MATCH","timestamp":"2026-06-14 00:46:08"}
{"level":"info","message":"   -> 🔍 Scan [heading-text] | Target: \"price\" (containing) | Operator: \"contains\" | Actual: [0 headings] | Result: ❌ NO MATCH","timestamp":"2026-06-14 00:46:08"}
{"level":"info","message":"   -> 🔍 Scan [header-text-length] | Target: \"80\" | Operator: \"Greater than\" | Actual: [0 headings] | Result: ❌ NO MATCH","timestamp":"2026-06-14 00:46:08"}
{"level":"info","message":"   -> 🔍 Scan [readability-level] | Target: \"12\" | Operator: \"Greater than\" | Actual: 0 | Result: ❌ NO MATCH","timestamp":"2026-06-14 00:46:08"}
{"level":"info","message":"   -> 🔍 Scan [meta-header] | Target: \"keyword\" (containing) | Operator: \"contains\" | Actual: [Content length: 9820] | Result: ❌ NO MATCH","timestamp":"2026-06-14 00:46:08"}
{"level":"info","message":"   -> 🔍 Scan [meta-header-length] | Target: \"160\" | Operator: \"Greater than\" | Actual: 162 | Result: ✅ MATCH","timestamp":"2026-06-14 00:46:08"}
{"level":"info","message":"   -> 🔍 Scan [page-html] | Target: \"<script>\" (containing) | Operator: \"contains\" | Actual: [Content length: 9820] | Result: ✅ MATCH","timestamp":"2026-06-14 00:46:08"}
{"level":"info","message":"   -> 🔍 Scan [text] | Target: \"jewellery\" (containing) | Operator: \"contains\" | Actual: [Content length: 9820] | Result: ✅ MATCH","timestamp":"2026-06-14 00:46:08"}
{"level":"info","message":"   -> 🔍 Scan [page-title] | Target: \"jewellery\" (containing) | Operator: \"contains\" | Actual: \"Best Jewellery Billing Softwar\" | Result: ✅ MATCH","timestamp":"2026-06-14 00:46:08"}
{"level":"info","message":"   -> 🔍 Scan [page-title-length] | Target: \"60\" | Operator: \"Greater than\" | Actual: 69 | Result: ✅ MATCH","timestamp":"2026-06-14 00:46:08"}
{"level":"info","message":"   -> 🔍 Scan [page-url] | Target: \"shop\" (containing) | Operator: \"contains\" | Actual: \"https://omunim.com/jewellery-billing-software\" | Result: ❌ NO MATCH","timestamp":"2026-06-14 00:46:08"}
{"level":"info","message":"   -> 🔍 Scan [link] | Target: \"contact\" (containing) | Operator: \"contains\" | Actual: [0 links] | Result: ❌ NO MATCH","timestamp":"2026-06-14 00:46:08"}
{"level":"info","message":"   -> 🔍 Scan [link-text] | Target: \"buy\" (containing) | Operator: \"contains\" | Actual: [0 links] | Result: ❌ NO MATCH","timestamp":"2026-06-14 00:46:08"}
{"level":"info","message":"   -> 🔍 Scan [link-text-length] | Target: \"50\" | Operator: \"Greater than\" | Actual: [0 links] | Result: ❌ NO MATCH","timestamp":"2026-06-14 00:46:08"}
{"level":"info","message":"   -> 🔍 Scan [file-size] | Target: \"5\" (MB) | Operator: \"Greater than\" | Actual: 2997.67578125 | Result: ❌ NO MATCH","timestamp":"2026-06-14 00:46:08"}
{"level":"info","message":"   -> 🔍 Scan [image-size] | Target: \"100\" (KB) | Operator: \"Greater than\" | Actual: [53 images] | Result: ✅ MATCH","timestamp":"2026-06-14 00:46:08"}
{"level":"info","message":"   -> 🔍 Scan [image-text] | Target: \"logo\" (containing) | Operator: \"contains\" | Actual: [53 images] | Result: ❌ NO MATCH","timestamp":"2026-06-14 00:46:08"}
{"level":"info","message":"   -> 🔍 Scan [image-text-length] | Target: \"100\" | Operator: \"Greater than\" | Actual: [53 images] | Result: ❌ NO MATCH","timestamp":"2026-06-14 00:46:08"}
{"level":"info","message":"   -> 🔍 Scan [external-link-count] | Target: \"10\" | Operator: \"Greater than\" | Actual: 13 | Result: ✅ MATCH","timestamp":"2026-06-14 00:46:08"}
{"level":"info","message":"   -> 🔍 Scan [incoming-link-count] | Target: \"5\" | Operator: \"Greater than\" | Actual: 19 | Result: ✅ MATCH","timestamp":"2026-06-14 00:46:08"}
{"level":"info","message":"   -> 🔍 Scan [heading-text] | Target: \"price\" (containing) | Operator: \"contains\" | Actual: [0 headings] | Result: ❌ NO MATCH","timestamp":"2026-06-14 00:46:08"}
{"level":"info","message":"   -> 🔍 Scan [header-text-length] | Target: \"80\" | Operator: \"Greater than\" | Actual: [0 headings] | Result: ❌ NO MATCH","timestamp":"2026-06-14 00:46:08"}
{"level":"info","message":"   -> 🔍 Scan [readability-level] | Target: \"12\" | Operator: \"Greater than\" | Actual: 0 | Result: ❌ NO MATCH","timestamp":"2026-06-14 00:46:08"}
{"level":"info","message":"   -> 🔍 Scan [meta-header] | Target: \"keyword\" (containing) | Operator: \"contains\" | Actual: [Content length: 9820] | Result: ❌ NO MATCH","timestamp":"2026-06-14 00:46:08"}
{"level":"info","message":"   -> 🔍 Scan [meta-header-length] | Target: \"160\" | Operator: \"Greater than\" | Actual: 162 | Result: ✅ MATCH","timestamp":"2026-06-14 00:46:08"}
{"level":"info","message":"   -> 🔍 Scan [page-html] | Target: \"<script>\" (containing) | Operator: \"contains\" | Actual: [Content length: 9820] | Result: ✅ MATCH","timestamp":"2026-06-14 00:46:08"}
{"level":"info","message":"   -> 🔍 Scan [text] | Target: \"jewellery\" (containing) | Operator: \"contains\" | Actual: [Content length: 9820] | Result: ✅ MATCH","timestamp":"2026-06-14 00:46:08"}
{"level":"info","message":"   -> 🔍 Scan [page-title] | Target: \"jewellery\" (containing) | Operator: \"contains\" | Actual: \"Best Jewellery Billing Softwar\" | Result: ✅ MATCH","timestamp":"2026-06-14 00:46:08"}
{"level":"info","message":"   -> 🔍 Scan [page-title-length] | Target: \"60\" | Operator: \"Greater than\" | Actual: 69 | Result: ✅ MATCH","timestamp":"2026-06-14 00:46:08"}
{"level":"info","message":"   -> 🔍 Scan [page-url] | Target: \"shop\" (containing) | Operator: \"contains\" | Actual: \"https://omunim.com/jewellery-billing-software\" | Result: ❌ NO MATCH","timestamp":"2026-06-14 00:46:08"}
{"level":"info","message":"   -> 🔍 Scan [link] | Target: \"contact\" (containing) | Operator: \"contains\" | Actual: [0 links] | Result: ❌ NO MATCH","timestamp":"2026-06-14 00:46:08"}
{"level":"info","message":"   -> 🔍 Scan [link-text] | Target: \"buy\" (containing) | Operator: \"contains\" | Actual: [0 links] | Result: ❌ NO MATCH","timestamp":"2026-06-14 00:46:08"}
{"level":"info","message":"   -> 🔍 Scan [link-text-length] | Target: \"50\" | Operator: \"Greater than\" | Actual: [0 links] | Result: ❌ NO MATCH","timestamp":"2026-06-14 00:46:08"}
{"level":"info","message":"   -> 🔍 Scan [file-size] | Target: \"5\" (MB) | Operator: \"Greater than\" | Actual: 2997.67578125 | Result: ❌ NO MATCH","timestamp":"2026-06-14 00:46:08"}
{"level":"info","message":"   -> 🔍 Scan [image-size] | Target: \"100\" (KB) | Operator: \"Greater than\" | Actual: [53 images] | Result: ✅ MATCH","timestamp":"2026-06-14 00:46:08"}
{"level":"info","message":"   -> 🔍 Scan [image-text] | Target: \"logo\" (containing) | Operator: \"contains\" | Actual: [53 images] | Result: ❌ NO MATCH","timestamp":"2026-06-14 00:46:08"}
{"level":"info","message":"   -> 🔍 Scan [image-text-length] | Target: \"100\" | Operator: \"Greater than\" | Actual: [53 images] | Result: ❌ NO MATCH","timestamp":"2026-06-14 00:46:08"}
{"level":"info","message":"   -> 🔍 Scan [external-link-count] | Target: \"10\" | Operator: \"Greater than\" | Actual: 13 | Result: ✅ MATCH","timestamp":"2026-06-14 00:46:08"}
{"level":"info","message":"   -> 🔍 Scan [incoming-link-count] | Target: \"5\" | Operator: \"Greater than\" | Actual: 19 | Result: ✅ MATCH","timestamp":"2026-06-14 00:46:08"}
{"level":"info","message":"   -> 🔍 Scan [heading-text] | Target: \"price\" (containing) | Operator: \"contains\" | Actual: [0 headings] | Result: ❌ NO MATCH","timestamp":"2026-06-14 00:46:08"}
{"level":"info","message":"   -> 🔍 Scan [header-text-length] | Target: \"80\" | Operator: \"Greater than\" | Actual: [0 headings] | Result: ❌ NO MATCH","timestamp":"2026-06-14 00:46:08"}
{"level":"info","message":"   -> 🔍 Scan [readability-level] | Target: \"12\" | Operator: \"Greater than\" | Actual: 0 | Result: ❌ NO MATCH","timestamp":"2026-06-14 00:46:08"}
{"level":"info","message":"   -> 🔍 Scan [meta-header] | Target: \"keyword\" (containing) | Operator: \"contains\" | Actual: [Content length: 9820] | Result: ❌ NO MATCH","timestamp":"2026-06-14 00:46:08"}
{"level":"info","message":"   -> 🔍 Scan [meta-header-length] | Target: \"160\" | Operator: \"Greater than\" | Actual: 162 | Result: ✅ MATCH","timestamp":"2026-06-14 00:46:08"}
{"level":"info","message":"   -> 🔍 Scan [page-html] | Target: \"<script>\" (containing) | Operator: \"contains\" | Actual: [Content length: 9820] | Result: ✅ MATCH","timestamp":"2026-06-14 00:46:08"}
{"level":"info","message":"   -> 🔍 Scan [text] | Target: \"jewellery\" (containing) | Operator: \"contains\" | Actual: [Content length: 16317] | Result: ✅ MATCH","timestamp":"2026-06-14 00:46:08"}
{"level":"info","message":"   -> 🔍 Scan [image-size] | Target: \"100\" (KB) | Operator: \"Greater than\" | Actual: [104 images] | Result: ❌ NO MATCH","timestamp":"2026-06-14 00:46:08"}
{"level":"info","message":"   -> 🔍 Scan [text] | Target: \"jewellery\" (containing) | Operator: \"contains\" | Actual: [Content length: 16317] | Result: ✅ MATCH","timestamp":"2026-06-14 00:46:08"}
{"level":"info","message":"   -> 🔍 Scan [page-title] | Target: \"jewellery\" (containing) | Operator: \"contains\" | Actual: \"Jewellery Software | Jewellery\" | Result: ✅ MATCH","timestamp":"2026-06-14 00:46:08"}
{"level":"info","message":"   -> 🔍 Scan [page-title-length] | Target: \"60\" | Operator: \"Greater than\" | Actual: 60 | Result: ❌ NO MATCH","timestamp":"2026-06-14 00:46:08"}
{"level":"info","message":"   -> 🔍 Scan [page-url] | Target: \"shop\" (containing) | Operator: \"contains\" | Actual: \"https://omunim.com/jewellery-software\" | Result: ❌ NO MATCH","timestamp":"2026-06-14 00:46:08"}
{"level":"info","message":"   -> 🔍 Scan [link] | Target: \"contact\" (containing) | Operator: \"contains\" | Actual: [0 links] | Result: ❌ NO MATCH","timestamp":"2026-06-14 00:46:08"}
{"level":"info","message":"   -> 🔍 Scan [link-text] | Target: \"buy\" (containing) | Operator: \"contains\" | Actual: [0 links] | Result: ❌ NO MATCH","timestamp":"2026-06-14 00:46:08"}
{"level":"info","message":"   -> 🔍 Scan [link-text-length] | Target: \"50\" | Operator: \"Greater than\" | Actual: [0 links] | Result: ❌ NO MATCH","timestamp":"2026-06-14 00:46:08"}
{"level":"info","message":"   -> 🔍 Scan [file-size] | Target: \"5\" (MB) | Operator: \"Greater than\" | Actual: 2084.912109375 | Result: ❌ NO MATCH","timestamp":"2026-06-14 00:46:08"}
{"level":"info","message":"   -> 🔍 Scan [image-size] | Target: \"100\" (KB) | Operator: \"Greater than\" | Actual: [104 images] | Result: ❌ NO MATCH","timestamp":"2026-06-14 00:46:08"}
{"level":"info","message":"   -> 🔍 Scan [image-text] | Target: \"logo\" (containing) | Operator: \"contains\" | Actual: [104 images] | Result: ❌ NO MATCH","timestamp":"2026-06-14 00:46:08"}
{"level":"info","message":"   -> 🔍 Scan [image-text-length] | Target: \"100\" | Operator: \"Greater than\" | Actual: [104 images] | Result: ❌ NO MATCH","timestamp":"2026-06-14 00:46:08"}
{"level":"info","message":"   -> 🔍 Scan [external-link-count] | Target: \"10\" | Operator: \"Greater than\" | Actual: 17 | Result: ✅ MATCH","timestamp":"2026-06-14 00:46:08"}
{"level":"info","message":"   -> 🔍 Scan [incoming-link-count] | Target: \"5\" | Operator: \"Greater than\" | Actual: 21 | Result: ✅ MATCH","timestamp":"2026-06-14 00:46:08"}
{"level":"info","message":"   -> 🔍 Scan [heading-text] | Target: \"price\" (containing) | Operator: \"contains\" | Actual: [0 headings] | Result: ❌ NO MATCH","timestamp":"2026-06-14 00:46:08"}
{"level":"info","message":"   -> 🔍 Scan [header-text-length] | Target: \"80\" | Operator: \"Greater than\" | Actual: [0 headings] | Result: ❌ NO MATCH","timestamp":"2026-06-14 00:46:08"}
{"level":"info","message":"   -> 🔍 Scan [readability-level] | Target: \"12\" | Operator: \"Greater than\" | Actual: 0 | Result: ❌ NO MATCH","timestamp":"2026-06-14 00:46:08"}
{"level":"info","message":"   -> 🔍 Scan [meta-header] | Target: \"keyword\" (containing) | Operator: \"contains\" | Actual: [Content length: 16317] | Result: ❌ NO MATCH","timestamp":"2026-06-14 00:46:08"}
{"level":"info","message":"   -> 🔍 Scan [meta-header-length] | Target: \"160\" | Operator: \"Greater than\" | Actual: 160 | Result: ❌ NO MATCH","timestamp":"2026-06-14 00:46:08"}
{"level":"info","message":"   -> 🔍 Scan [page-html] | Target: \"<script>\" (containing) | Operator: \"contains\" | Actual: [Content length: 16317] | Result: ✅ MATCH","timestamp":"2026-06-14 00:46:08"}
{"level":"info","message":"   -> 🔍 Scan [text] | Target: \"jewellery\" (containing) | Operator: \"contains\" | Actual: [Content length: 16317] | Result: ✅ MATCH","timestamp":"2026-06-14 00:46:08"}
{"level":"info","message":"   -> 🔍 Scan [page-title] | Target: \"jewellery\" (containing) | Operator: \"contains\" | Actual: \"Jewellery Software | Jewellery\" | Result: ✅ MATCH","timestamp":"2026-06-14 00:46:08"}
{"level":"info","message":"   -> 🔍 Scan [page-title-length] | Target: \"60\" | Operator: \"Greater than\" | Actual: 60 | Result: ❌ NO MATCH","timestamp":"2026-06-14 00:46:08"}
{"level":"info","message":"   -> 🔍 Scan [page-url] | Target: \"shop\" (containing) | Operator: \"contains\" | Actual: \"https://omunim.com/jewellery-software\" | Result: ❌ NO MATCH","timestamp":"2026-06-14 00:46:08"}
{"level":"info","message":"   -> 🔍 Scan [link] | Target: \"contact\" (containing) | Operator: \"contains\" | Actual: [0 links] | Result: ❌ NO MATCH","timestamp":"2026-06-14 00:46:08"}
{"level":"info","message":"   -> 🔍 Scan [link-text] | Target: \"buy\" (containing) | Operator: \"contains\" | Actual: [0 links] | Result: ❌ NO MATCH","timestamp":"2026-06-14 00:46:08"}
{"level":"info","message":"   -> 🔍 Scan [link-text-length] | Target: \"50\" | Operator: \"Greater than\" | Actual: [0 links] | Result: ❌ NO MATCH","timestamp":"2026-06-14 00:46:08"}
{"level":"info","message":"   -> 🔍 Scan [file-size] | Target: \"5\" (MB) | Operator: \"Greater than\" | Actual: 2084.912109375 | Result: ❌ NO MATCH","timestamp":"2026-06-14 00:46:08"}
{"level":"info","message":"   -> 🔍 Scan [image-size] | Target: \"100\" (KB) | Operator: \"Greater than\" | Actual: [104 images] | Result: ❌ NO MATCH","timestamp":"2026-06-14 00:46:08"}
{"level":"info","message":"   -> 🔍 Scan [image-text] | Target: \"logo\" (containing) | Operator: \"contains\" | Actual: [104 images] | Result: ❌ NO MATCH","timestamp":"2026-06-14 00:46:08"}
{"level":"info","message":"   -> 🔍 Scan [image-text-length] | Target: \"100\" | Operator: \"Greater than\" | Actual: [104 images] | Result: ❌ NO MATCH","timestamp":"2026-06-14 00:46:08"}
{"level":"info","message":"   -> 🔍 Scan [external-link-count] | Target: \"10\" | Operator: \"Greater than\" | Actual: 17 | Result: ✅ MATCH","timestamp":"2026-06-14 00:46:08"}
{"level":"info","message":"   -> 🔍 Scan [incoming-link-count] | Target: \"5\" | Operator: \"Greater than\" | Actual: 21 | Result: ✅ MATCH","timestamp":"2026-06-14 00:46:08"}
{"level":"info","message":"   -> 🔍 Scan [heading-text] | Target: \"price\" (containing) | Operator: \"contains\" | Actual: [0 headings] | Result: ❌ NO MATCH","timestamp":"2026-06-14 00:46:08"}
{"level":"info","message":"   -> 🔍 Scan [header-text-length] | Target: \"80\" | Operator: \"Greater than\" | Actual: [0 headings] | Result: ❌ NO MATCH","timestamp":"2026-06-14 00:46:08"}
{"level":"info","message":"   -> 🔍 Scan [readability-level] | Target: \"12\" | Operator: \"Greater than\" | Actual: 0 | Result: ❌ NO MATCH","timestamp":"2026-06-14 00:46:08"}
{"level":"info","message":"   -> 🔍 Scan [meta-header] | Target: \"keyword\" (containing) | Operator: \"contains\" | Actual: [Content length: 16317] | Result: ❌ NO MATCH","timestamp":"2026-06-14 00:46:08"}
{"level":"info","message":"   -> 🔍 Scan [meta-header-length] | Target: \"160\" | Operator: \"Greater than\" | Actual: 160 | Result: ❌ NO MATCH","timestamp":"2026-06-14 00:46:08"}
{"level":"info","message":"   -> 🔍 Scan [page-html] | Target: \"<script>\" (containing) | Operator: \"contains\" | Actual: [Content length: 16317] | Result: ✅ MATCH","timestamp":"2026-06-14 00:46:08"}
{"level":"info","message":"   -> 🔍 Scan [text] | Target: \"jewellery\" (containing) | Operator: \"contains\" | Actual: [Content length: 16317] | Result: ✅ MATCH","timestamp":"2026-06-14 00:46:08"}
{"level":"info","message":"   -> 🔍 Scan [page-title] | Target: \"jewellery\" (containing) | Operator: \"contains\" | Actual: \"Jewellery Software | Jewellery\" | Result: ✅ MATCH","timestamp":"2026-06-14 00:46:08"}
{"level":"info","message":"   -> 🔍 Scan [page-title-length] | Target: \"60\" | Operator: \"Greater than\" | Actual: 60 | Result: ❌ NO MATCH","timestamp":"2026-06-14 00:46:08"}
{"level":"info","message":"   -> 🔍 Scan [page-url] | Target: \"shop\" (containing) | Operator: \"contains\" | Actual: \"https://omunim.com/jewellery-software\" | Result: ❌ NO MATCH","timestamp":"2026-06-14 00:46:08"}
{"level":"info","message":"   -> 🔍 Scan [link] | Target: \"contact\" (containing) | Operator: \"contains\" | Actual: [0 links] | Result: ❌ NO MATCH","timestamp":"2026-06-14 00:46:08"}
{"level":"info","message":"   -> 🔍 Scan [link-text] | Target: \"buy\" (containing) | Operator: \"contains\" | Actual: [0 links] | Result: ❌ NO MATCH","timestamp":"2026-06-14 00:46:08"}
{"level":"info","message":"   -> 🔍 Scan [link-text-length] | Target: \"50\" | Operator: \"Greater than\" | Actual: [0 links] | Result: ❌ NO MATCH","timestamp":"2026-06-14 00:46:08"}
{"level":"info","message":"   -> 🔍 Scan [file-size] | Target: \"5\" (MB) | Operator: \"Greater than\" | Actual: 2084.912109375 | Result: ❌ NO MATCH","timestamp":"2026-06-14 00:46:08"}
{"level":"info","message":"   -> 🔍 Scan [image-size] | Target: \"100\" (KB) | Operator: \"Greater than\" | Actual: [104 images] | Result: ❌ NO MATCH","timestamp":"2026-06-14 00:46:08"}
{"level":"info","message":"   -> 🔍 Scan [image-text] | Target: \"logo\" (containing) | Operator: \"contains\" | Actual: [104 images] | Result: ❌ NO MATCH","timestamp":"2026-06-14 00:46:08"}
{"level":"info","message":"   -> 🔍 Scan [image-text-length] | Target: \"100\" | Operator: \"Greater than\" | Actual: [104 images] | Result: ❌ NO MATCH","timestamp":"2026-06-14 00:46:08"}
{"level":"info","message":"   -> 🔍 Scan [external-link-count] | Target: \"10\" | Operator: \"Greater than\" | Actual: 17 | Result: ✅ MATCH","timestamp":"2026-06-14 00:46:08"}
{"level":"info","message":"   -> 🔍 Scan [incoming-link-count] | Target: \"5\" | Operator: \"Greater than\" | Actual: 21 | Result: ✅ MATCH","timestamp":"2026-06-14 00:46:08"}
{"level":"info","message":"   -> 🔍 Scan [heading-text] | Target: \"price\" (containing) | Operator: \"contains\" | Actual: [0 headings] | Result: ❌ NO MATCH","timestamp":"2026-06-14 00:46:08"}
{"level":"info","message":"   -> 🔍 Scan [header-text-length] | Target: \"80\" | Operator: \"Greater than\" | Actual: [0 headings] | Result: ❌ NO MATCH","timestamp":"2026-06-14 00:46:08"}
{"level":"info","message":"   -> 🔍 Scan [readability-level] | Target: \"12\" | Operator: \"Greater than\" | Actual: 0 | Result: ❌ NO MATCH","timestamp":"2026-06-14 00:46:08"}
{"level":"info","message":"   -> 🔍 Scan [meta-header] | Target: \"keyword\" (containing) | Operator: \"contains\" | Actual: [Content length: 16317] | Result: ❌ NO MATCH","timestamp":"2026-06-14 00:46:08"}
{"level":"info","message":"   -> 🔍 Scan [meta-header-length] | Target: \"160\" | Operator: \"Greater than\" | Actual: 160 | Result: ❌ NO MATCH","timestamp":"2026-06-14 00:46:08"}
{"level":"info","message":"   -> 🔍 Scan [page-html] | Target: \"<script>\" (containing) | Operator: \"contains\" | Actual: [Content length: 16317] | Result: ✅ MATCH","timestamp":"2026-06-14 00:46:08"}
{"level":"info","message":"🚨 [omunim] Saved 58 policy hits to database tenant_sbi.","timestamp":"2026-06-14 00:46:08"}
{"level":"info","message":"📊 [omunim] Saved PolicySummary snapshot.","timestamp":"2026-06-14 00:46:09"}
{"level":"info","message":"✅ Policy scan completed for omunim in 2011ms","timestamp":"2026-06-14 00:46:09"}
{"level":"info","message":"Job 11 (omunim) completed successfully.","timestamp":"2026-06-14 00:46:09"}
{"level":"info","message":"[Job repeat:c10eea93bf68cc56fd5c63b351df3d32:1781378220000] 🚀 Executing scheduled global orchestration...","timestamp":"2026-06-14 00:47:00"}
{"level":"info","message":"Orchestrator: Starting global scan orchestration... ","timestamp":"2026-06-14 00:47:00"}
{"level":"info","message":"🔗 Connecting to MASTER database: master","timestamp":"2026-06-14 00:47:00"}
{"level":"info","message":"Orchestrator: Found 2 tenants to process.","timestamp":"2026-06-14 00:47:01"}
{"level":"info","message":"📁 Switching to CLIENT database: tenant_rbi (Tenant: rbi)","timestamp":"2026-06-14 00:47:01"}
{"level":"info","message":"Orchestrator: No domains found for tenant rbi (excluding those currently scanning).","timestamp":"2026-06-14 00:47:01"}
{"level":"info","message":"📁 Switching to CLIENT database: tenant_sbi (Tenant: sbi)","timestamp":"2026-06-14 00:47:01"}
{"level":"info","message":"Orchestrator: No domains found for tenant sbi (excluding those currently scanning).","timestamp":"2026-06-14 00:47:01"}
{"level":"info","message":"Orchestrator: Master DB connection closed.","timestamp":"2026-06-14 00:47:01"}
{"level":"info","message":"✅ Orchestrator: Finished. Total jobs enqueued: 0","timestamp":"2026-06-14 00:47:01"}
{"level":"info","message":"Job repeat:c10eea93bf68cc56fd5c63b351df3d32:1781378220000 (Orchestrator) completed successfully.","timestamp":"2026-06-14 00:47:01"}
{"level":"info","message":"[Job repeat:c10eea93bf68cc56fd5c63b351df3d32:1781378280000] 🚀 Executing scheduled global orchestration...","timestamp":"2026-06-14 00:48:00"}
{"level":"info","message":"Orchestrator: Starting global scan orchestration... ","timestamp":"2026-06-14 00:48:00"}
{"level":"info","message":"🔗 Connecting to MASTER database: master","timestamp":"2026-06-14 00:48:00"}
{"level":"info","message":"Orchestrator: Found 2 tenants to process.","timestamp":"2026-06-14 00:48:01"}
{"level":"info","message":"📁 Switching to CLIENT database: tenant_rbi (Tenant: rbi)","timestamp":"2026-06-14 00:48:01"}
{"level":"info","message":"Orchestrator: No domains found for tenant rbi (excluding those currently scanning).","timestamp":"2026-06-14 00:48:01"}
{"level":"info","message":"📁 Switching to CLIENT database: tenant_sbi (Tenant: sbi)","timestamp":"2026-06-14 00:48:01"}
{"level":"info","message":"Orchestrator: No domains found for tenant sbi (excluding those currently scanning).","timestamp":"2026-06-14 00:48:01"}
{"level":"info","message":"Orchestrator: Master DB connection closed.","timestamp":"2026-06-14 00:48:01"}
{"level":"info","message":"✅ Orchestrator: Finished. Total jobs enqueued: 0","timestamp":"2026-06-14 00:48:01"}
{"level":"info","message":"Job repeat:c10eea93bf68cc56fd5c63b351df3d32:1781378280000 (Orchestrator) completed successfully.","timestamp":"2026-06-14 00:48:01"}
{"level":"info","message":"[Job repeat:c10eea93bf68cc56fd5c63b351df3d32:1781378340000] 🚀 Executing scheduled global orchestration...","timestamp":"2026-06-14 00:49:00"}
{"level":"info","message":"Orchestrator: Starting global scan orchestration... ","timestamp":"2026-06-14 00:49:00"}
{"level":"info","message":"🔗 Connecting to MASTER database: master","timestamp":"2026-06-14 00:49:00"}
{"level":"info","message":"Orchestrator: Found 2 tenants to process.","timestamp":"2026-06-14 00:49:00"}
{"level":"info","message":"📁 Switching to CLIENT database: tenant_rbi (Tenant: rbi)","timestamp":"2026-06-14 00:49:00"}
{"level":"info","message":"Orchestrator: No domains found for tenant rbi (excluding those currently scanning).","timestamp":"2026-06-14 00:49:00"}
{"level":"info","message":"📁 Switching to CLIENT database: tenant_sbi (Tenant: sbi)","timestamp":"2026-06-14 00:49:00"}
{"level":"info","message":"Orchestrator: No domains found for tenant sbi (excluding those currently scanning).","timestamp":"2026-06-14 00:49:00"}
{"level":"info","message":"Orchestrator: Master DB connection closed.","timestamp":"2026-06-14 00:49:00"}
{"level":"info","message":"✅ Orchestrator: Finished. Total jobs enqueued: 0","timestamp":"2026-06-14 00:49:00"}
{"level":"info","message":"Job repeat:c10eea93bf68cc56fd5c63b351df3d32:1781378340000 (Orchestrator) completed successfully.","timestamp":"2026-06-14 00:49:00"}
{"level":"info","message":"Added Policy Scan Job for omunim to queue, Job ID: 15","timestamp":"2026-06-14 00:49:33"}
{"level":"info","message":"[Job 15] 🛡️ Starting Policy scan for: omunim","timestamp":"2026-06-14 00:49:33"}
{"level":"info","message":"🛡️ [omunim] Starting standalone Policy Scan (job 15)...","timestamp":"2026-06-14 00:49:33"}
{"level":"info","message":"📑 [omunim] Retrieved 4 recent domain reports for evaluation.","timestamp":"2026-06-14 00:49:34"}
{"level":"info","message":"⚖️ [omunim] Evaluating 23 policies against 4 pages.","timestamp":"2026-06-14 00:49:34"}
{"level":"info","message":"📋 Policy: \"find jewellery keywords\"","timestamp":"2026-06-14 00:49:34"}
{"level":"info","message":"   Rule 1: Type=[text], Target=[jewellery], SearchType=[Contains], Contains/Unit=[containing]","timestamp":"2026-06-14 00:49:34"}
{"level":"info","message":"📋 Policy: \"Images greater than 100kB\"","timestamp":"2026-06-14 00:49:34"}
{"level":"info","message":"   Rule 1: Type=[image-size], Target=[100], SearchType=[Greater than], Contains/Unit=[KB]","timestamp":"2026-06-14 00:49:34"}
{"level":"info","message":"📋 Policy: \"Sample Policy with All Rules (Test)\"","timestamp":"2026-06-14 00:49:34"}
{"level":"info","message":"   Rule 1: Type=[text], Target=[jewellery], SearchType=[Contains], Contains/Unit=[containing]","timestamp":"2026-06-14 00:49:34"}
{"level":"info","message":"   Rule 2: Type=[page-title], Target=[jewellery], SearchType=[Contains], Contains/Unit=[containing]","timestamp":"2026-06-14 00:49:34"}
{"level":"info","message":"   Rule 3: Type=[page-title-length], Target=[60], SearchType=[Greater than], Contains/Unit=[]","timestamp":"2026-06-14 00:49:34"}
{"level":"info","message":"   Rule 4: Type=[page-url], Target=[shop], SearchType=[Contains], Contains/Unit=[containing]","timestamp":"2026-06-14 00:49:34"}
{"level":"info","message":"   Rule 5: Type=[link], Target=[contact], SearchType=[Contains], Contains/Unit=[containing]","timestamp":"2026-06-14 00:49:34"}
{"level":"info","message":"   Rule 6: Type=[link-text], Target=[buy], SearchType=[Contains], Contains/Unit=[containing]","timestamp":"2026-06-14 00:49:34"}
{"level":"info","message":"   Rule 7: Type=[link-text-length], Target=[50], SearchType=[Greater than], Contains/Unit=[]","timestamp":"2026-06-14 00:49:34"}
{"level":"info","message":"   Rule 8: Type=[file-size], Target=[5], SearchType=[Greater than], Contains/Unit=[MB]","timestamp":"2026-06-14 00:49:34"}
{"level":"info","message":"   Rule 9: Type=[image-size], Target=[100], SearchType=[Greater than], Contains/Unit=[KB]","timestamp":"2026-06-14 00:49:34"}
{"level":"info","message":"   Rule 10: Type=[image-text], Target=[logo], SearchType=[Contains], Contains/Unit=[containing]","timestamp":"2026-06-14 00:49:34"}
{"level":"info","message":"   Rule 11: Type=[image-text-length], Target=[100], SearchType=[Greater than], Contains/Unit=[]","timestamp":"2026-06-14 00:49:34"}
{"level":"info","message":"   Rule 12: Type=[external-link-count], Target=[10], SearchType=[Greater than], Contains/Unit=[]","timestamp":"2026-06-14 00:49:34"}
{"level":"info","message":"   Rule 13: Type=[incoming-link-count], Target=[5], SearchType=[Greater than], Contains/Unit=[]","timestamp":"2026-06-14 00:49:34"}
{"level":"info","message":"   Rule 14: Type=[heading-text], Target=[price], SearchType=[Contains], Contains/Unit=[containing]","timestamp":"2026-06-14 00:49:34"}
{"level":"info","message":"   Rule 15: Type=[header-text-length], Target=[80], SearchType=[Greater than], Contains/Unit=[]","timestamp":"2026-06-14 00:49:34"}
{"level":"info","message":"   Rule 16: Type=[readability-level], Target=[12], SearchType=[Greater than], Contains/Unit=[]","timestamp":"2026-06-14 00:49:34"}
{"level":"info","message":"   Rule 17: Type=[meta-header], Target=[keyword], SearchType=[Contains], Contains/Unit=[containing]","timestamp":"2026-06-14 00:49:34"}
{"level":"info","message":"   Rule 18: Type=[meta-header-length], Target=[160], SearchType=[Greater than], Contains/Unit=[]","timestamp":"2026-06-14 00:49:34"}
{"level":"info","message":"   Rule 19: Type=[page-html], Target=[<script>], SearchType=[Contains], Contains/Unit=[containing]","timestamp":"2026-06-14 00:49:34"}
{"level":"info","message":"📋 Policy: \"Sample Policy with All Rules (Global)\"","timestamp":"2026-06-14 00:49:34"}
{"level":"info","message":"   Rule 1: Type=[text], Target=[jewellery], SearchType=[Contains], Contains/Unit=[containing]","timestamp":"2026-06-14 00:49:34"}
{"level":"info","message":"   Rule 2: Type=[page-title], Target=[jewellery], SearchType=[Contains], Contains/Unit=[containing]","timestamp":"2026-06-14 00:49:34"}
{"level":"info","message":"   Rule 3: Type=[page-title-length], Target=[60], SearchType=[Greater than], Contains/Unit=[]","timestamp":"2026-06-14 00:49:34"}
{"level":"info","message":"   Rule 4: Type=[page-url], Target=[shop], SearchType=[Contains], Contains/Unit=[containing]","timestamp":"2026-06-14 00:49:34"}
{"level":"info","message":"   Rule 5: Type=[link], Target=[contact], SearchType=[Contains], Contains/Unit=[containing]","timestamp":"2026-06-14 00:49:34"}
{"level":"info","message":"   Rule 6: Type=[link-text], Target=[buy], SearchType=[Contains], Contains/Unit=[containing]","timestamp":"2026-06-14 00:49:34"}
{"level":"info","message":"   Rule 7: Type=[link-text-length], Target=[50], SearchType=[Greater than], Contains/Unit=[]","timestamp":"2026-06-14 00:49:34"}
{"level":"info","message":"   Rule 8: Type=[file-size], Target=[5], SearchType=[Greater than], Contains/Unit=[MB]","timestamp":"2026-06-14 00:49:34"}
{"level":"info","message":"   Rule 9: Type=[image-size], Target=[100], SearchType=[Greater than], Contains/Unit=[KB]","timestamp":"2026-06-14 00:49:34"}
{"level":"info","message":"   Rule 10: Type=[image-text], Target=[logo], SearchType=[Contains], Contains/Unit=[containing]","timestamp":"2026-06-14 00:49:34"}
{"level":"info","message":"   Rule 11: Type=[image-text-length], Target=[100], SearchType=[Greater than], Contains/Unit=[]","timestamp":"2026-06-14 00:49:34"}
{"level":"info","message":"   Rule 12: Type=[external-link-count], Target=[10], SearchType=[Greater than], Contains/Unit=[]","timestamp":"2026-06-14 00:49:34"}
{"level":"info","message":"   Rule 13: Type=[incoming-link-count], Target=[5], SearchType=[Greater than], Contains/Unit=[]","timestamp":"2026-06-14 00:49:34"}
{"level":"info","message":"   Rule 14: Type=[heading-text], Target=[price], SearchType=[Contains], Contains/Unit=[containing]","timestamp":"2026-06-14 00:49:34"}
{"level":"info","message":"   Rule 15: Type=[header-text-length], Target=[80], SearchType=[Greater than], Contains/Unit=[]","timestamp":"2026-06-14 00:49:34"}
{"level":"info","message":"   Rule 16: Type=[readability-level], Target=[12], SearchType=[Greater than], Contains/Unit=[]","timestamp":"2026-06-14 00:49:34"}
{"level":"info","message":"   Rule 17: Type=[meta-header], Target=[keyword], SearchType=[Contains], Contains/Unit=[containing]","timestamp":"2026-06-14 00:49:34"}
{"level":"info","message":"   Rule 18: Type=[meta-header-length], Target=[160], SearchType=[Greater than], Contains/Unit=[]","timestamp":"2026-06-14 00:49:34"}
{"level":"info","message":"   Rule 19: Type=[page-html], Target=[<script>], SearchType=[Contains], Contains/Unit=[containing]","timestamp":"2026-06-14 00:49:34"}
{"level":"info","message":"📋 Policy: \"Test Policy: Single Rule (text)\"","timestamp":"2026-06-14 00:49:34"}
{"level":"info","message":"   Rule 1: Type=[text], Target=[jewellery], SearchType=[Contains], Contains/Unit=[containing]","timestamp":"2026-06-14 00:49:34"}
{"level":"info","message":"📋 Policy: \"Test Policy: Single Rule (page-title)\"","timestamp":"2026-06-14 00:49:34"}
{"level":"info","message":"   Rule 1: Type=[page-title], Target=[jewellery], SearchType=[Contains], Contains/Unit=[containing]","timestamp":"2026-06-14 00:49:34"}
{"level":"info","message":"📋 Policy: \"Test Policy: Single Rule (page-title-length)\"","timestamp":"2026-06-14 00:49:34"}
{"level":"info","message":"   Rule 1: Type=[page-title-length], Target=[60], SearchType=[Greater than], Contains/Unit=[]","timestamp":"2026-06-14 00:49:34"}
{"level":"info","message":"📋 Policy: \"Test Policy: Single Rule (page-url)\"","timestamp":"2026-06-14 00:49:34"}
{"level":"info","message":"   Rule 1: Type=[page-url], Target=[https://omunim.com/signin], SearchType=[Contains], Contains/Unit=[containing]","timestamp":"2026-06-14 00:49:34"}
{"level":"info","message":"📋 Policy: \"Test Policy: Single Rule (link)\"","timestamp":"2026-06-14 00:49:34"}
{"level":"info","message":"   Rule 1: Type=[link], Target=[contact], SearchType=[Contains], Contains/Unit=[containing]","timestamp":"2026-06-14 00:49:34"}
{"level":"info","message":"📋 Policy: \"Test Policy: Single Rule (link-text)\"","timestamp":"2026-06-14 00:49:34"}
{"level":"info","message":"   Rule 1: Type=[link-text], Target=[buy], SearchType=[Contains], Contains/Unit=[containing]","timestamp":"2026-06-14 00:49:34"}
{"level":"info","message":"📋 Policy: \"Test Policy: Single Rule (link-text-length)\"","timestamp":"2026-06-14 00:49:34"}
{"level":"info","message":"   Rule 1: Type=[link-text-length], Target=[50], SearchType=[Greater than], Contains/Unit=[]","timestamp":"2026-06-14 00:49:34"}
{"level":"info","message":"📋 Policy: \"Test Policy: Single Rule (file-size)\"","timestamp":"2026-06-14 00:49:34"}
{"level":"info","message":"   Rule 1: Type=[file-size], Target=[5], SearchType=[Greater than], Contains/Unit=[MB]","timestamp":"2026-06-14 00:49:34"}
{"level":"info","message":"📋 Policy: \"Test Policy: Single Rule (image-size)\"","timestamp":"2026-06-14 00:49:34"}
{"level":"info","message":"   Rule 1: Type=[image-size], Target=[100], SearchType=[Greater than], Contains/Unit=[KB]","timestamp":"2026-06-14 00:49:34"}
{"level":"info","message":"📋 Policy: \"Test Policy: Single Rule (image-text)\"","timestamp":"2026-06-14 00:49:34"}
{"level":"info","message":"   Rule 1: Type=[image-text], Target=[Jewellery Billing Software], SearchType=[Contains], Contains/Unit=[containing]","timestamp":"2026-06-14 00:49:34"}
{"level":"info","message":"📋 Policy: \"Test Policy: Single Rule (image-text-length)\"","timestamp":"2026-06-14 00:49:34"}
{"level":"info","message":"   Rule 1: Type=[image-text-length], Target=[], SearchType=[Greater than], Contains/Unit=[]","timestamp":"2026-06-14 00:49:34"}
{"level":"info","message":"📋 Policy: \"Test Policy: Single Rule (external-link-count)\"","timestamp":"2026-06-14 00:49:34"}
{"level":"info","message":"   Rule 1: Type=[external-link-count], Target=[], SearchType=[Greater than], Contains/Unit=[]","timestamp":"2026-06-14 00:49:34"}
{"level":"info","message":"📋 Policy: \"Test Policy: Single Rule (incoming-link-count)\"","timestamp":"2026-06-14 00:49:34"}
{"level":"info","message":"   Rule 1: Type=[incoming-link-count], Target=[5], SearchType=[Greater than], Contains/Unit=[]","timestamp":"2026-06-14 00:49:34"}
{"level":"info","message":"📋 Policy: \"Test Policy: Single Rule (heading-text)\"","timestamp":"2026-06-14 00:49:34"}
{"level":"info","message":"   Rule 1: Type=[heading-text], Target=[price], SearchType=[Contains], Contains/Unit=[containing]","timestamp":"2026-06-14 00:49:34"}
{"level":"info","message":"📋 Policy: \"Test Policy: Single Rule (header-text-length)\"","timestamp":"2026-06-14 00:49:34"}
{"level":"info","message":"   Rule 1: Type=[header-text-length], Target=[80], SearchType=[Greater than], Contains/Unit=[]","timestamp":"2026-06-14 00:49:34"}
{"level":"info","message":"📋 Policy: \"Test Policy: Single Rule (readability-level)\"","timestamp":"2026-06-14 00:49:34"}
{"level":"info","message":"   Rule 1: Type=[readability-level], Target=[12], SearchType=[Greater than], Contains/Unit=[]","timestamp":"2026-06-14 00:49:34"}
{"level":"info","message":"📋 Policy: \"Test Policy: Single Rule (meta-header)\"","timestamp":"2026-06-14 00:49:34"}
{"level":"info","message":"   Rule 1: Type=[meta-header], Target=[keyword], SearchType=[Contains], Contains/Unit=[containing]","timestamp":"2026-06-14 00:49:34"}
{"level":"info","message":"📋 Policy: \"Test Policy: Single Rule (meta-header-length)\"","timestamp":"2026-06-14 00:49:34"}
{"level":"info","message":"   Rule 1: Type=[meta-header-length], Target=[160], SearchType=[Greater than], Contains/Unit=[]","timestamp":"2026-06-14 00:49:34"}
{"level":"info","message":"📋 Policy: \"Test Policy: Single Rule (page-html)\"","timestamp":"2026-06-14 00:49:34"}
{"level":"info","message":"   Rule 1: Type=[page-html], Target=[<script>], SearchType=[Contains], Contains/Unit=[containing]","timestamp":"2026-06-14 00:49:34"}
{"level":"info","message":"🌐 [omunim] Fetching live HTML content for 4 pages (text-based rules detected)...","timestamp":"2026-06-14 00:49:34"}
{"level":"info","message":"   -> 🔍 Scan [text] | Target: \"jewellery\" (containing) | Operator: \"contains\" | Actual: [Content length: 16317] | Result: ✅ MATCH","timestamp":"2026-06-14 00:49:34"}
{"level":"info","message":"   -> 🔍 Scan [image-size] | Target: \"100\" (KB) | Operator: \"Greater than\" | Actual: [104 images] | Result: ❌ NO MATCH","timestamp":"2026-06-14 00:49:34"}
{"level":"info","message":"   -> 🔍 Scan [text] | Target: \"jewellery\" (containing) | Operator: \"contains\" | Actual: [Content length: 16317] | Result: ✅ MATCH","timestamp":"2026-06-14 00:49:34"}
{"level":"info","message":"   -> 🔍 Scan [page-title] | Target: \"jewellery\" (containing) | Operator: \"contains\" | Actual: \"Jewellery Software | Jewellery\" | Result: ✅ MATCH","timestamp":"2026-06-14 00:49:34"}
{"level":"info","message":"   -> 🔍 Scan [page-title-length] | Target: \"60\" | Operator: \"Greater than\" | Actual: 60 | Result: ❌ NO MATCH","timestamp":"2026-06-14 00:49:34"}
{"level":"info","message":"   -> 🔍 Scan [page-url] | Target: \"shop\" (containing) | Operator: \"contains\" | Actual: \"https://omunim.com/jewellery-software\" | Result: ❌ NO MATCH","timestamp":"2026-06-14 00:49:34"}
{"level":"info","message":"   -> 🔍 Scan [link] | Target: \"contact\" (containing) | Operator: \"contains\" | Actual: [0 links] | Result: ❌ NO MATCH","timestamp":"2026-06-14 00:49:34"}
{"level":"info","message":"   -> 🔍 Scan [link-text] | Target: \"buy\" (containing) | Operator: \"contains\" | Actual: [0 links] | Result: ❌ NO MATCH","timestamp":"2026-06-14 00:49:34"}
{"level":"info","message":"   -> 🔍 Scan [link-text-length] | Target: \"50\" | Operator: \"Greater than\" | Actual: [0 links] | Result: ❌ NO MATCH","timestamp":"2026-06-14 00:49:34"}
{"level":"info","message":"   -> 🔍 Scan [file-size] | Target: \"5\" (MB) | Operator: \"Greater than\" | Actual: 2084.912109375 | Result: ❌ NO MATCH","timestamp":"2026-06-14 00:49:34"}
{"level":"info","message":"   -> 🔍 Scan [image-size] | Target: \"100\" (KB) | Operator: \"Greater than\" | Actual: [104 images] | Result: ❌ NO MATCH","timestamp":"2026-06-14 00:49:34"}
{"level":"info","message":"   -> 🔍 Scan [image-text] | Target: \"logo\" (containing) | Operator: \"contains\" | Actual: [104 images] | Result: ❌ NO MATCH","timestamp":"2026-06-14 00:49:34"}
{"level":"info","message":"   -> 🔍 Scan [image-text-length] | Target: \"100\" | Operator: \"Greater than\" | Actual: [104 images] | Result: ❌ NO MATCH","timestamp":"2026-06-14 00:49:34"}
{"level":"info","message":"   -> 🔍 Scan [external-link-count] | Target: \"10\" | Operator: \"Greater than\" | Actual: 17 | Result: ✅ MATCH","timestamp":"2026-06-14 00:49:34"}
{"level":"info","message":"   -> 🔍 Scan [incoming-link-count] | Target: \"5\" | Operator: \"Greater than\" | Actual: 21 | Result: ✅ MATCH","timestamp":"2026-06-14 00:49:34"}
{"level":"info","message":"   -> 🔍 Scan [heading-text] | Target: \"price\" (containing) | Operator: \"contains\" | Actual: [0 headings] | Result: ❌ NO MATCH","timestamp":"2026-06-14 00:49:34"}
{"level":"info","message":"   -> 🔍 Scan [header-text-length] | Target: \"80\" | Operator: \"Greater than\" | Actual: [0 headings] | Result: ❌ NO MATCH","timestamp":"2026-06-14 00:49:34"}
{"level":"info","message":"   -> 🔍 Scan [readability-level] | Target: \"12\" | Operator: \"Greater than\" | Actual: 0 | Result: ❌ NO MATCH","timestamp":"2026-06-14 00:49:34"}
{"level":"info","message":"   -> 🔍 Scan [meta-header] | Target: \"keyword\" (containing) | Operator: \"contains\" | Actual: [Content length: 16317] | Result: ❌ NO MATCH","timestamp":"2026-06-14 00:49:34"}
{"level":"info","message":"   -> 🔍 Scan [meta-header-length] | Target: \"160\" | Operator: \"Greater than\" | Actual: 160 | Result: ❌ NO MATCH","timestamp":"2026-06-14 00:49:34"}
{"level":"info","message":"   -> 🔍 Scan [page-html] | Target: \"<script>\" (containing) | Operator: \"contains\" | Actual: [Content length: 16317] | Result: ✅ MATCH","timestamp":"2026-06-14 00:49:34"}
{"level":"info","message":"   -> 🔍 Scan [text] | Target: \"jewellery\" (containing) | Operator: \"contains\" | Actual: [Content length: 16317] | Result: ✅ MATCH","timestamp":"2026-06-14 00:49:34"}
{"level":"info","message":"   -> 🔍 Scan [page-title] | Target: \"jewellery\" (containing) | Operator: \"contains\" | Actual: \"Jewellery Software | Jewellery\" | Result: ✅ MATCH","timestamp":"2026-06-14 00:49:34"}
{"level":"info","message":"   -> 🔍 Scan [page-title-length] | Target: \"60\" | Operator: \"Greater than\" | Actual: 60 | Result: ❌ NO MATCH","timestamp":"2026-06-14 00:49:34"}
{"level":"info","message":"   -> 🔍 Scan [page-url] | Target: \"shop\" (containing) | Operator: \"contains\" | Actual: \"https://omunim.com/jewellery-software\" | Result: ❌ NO MATCH","timestamp":"2026-06-14 00:49:34"}
{"level":"info","message":"   -> 🔍 Scan [link] | Target: \"contact\" (containing) | Operator: \"contains\" | Actual: [0 links] | Result: ❌ NO MATCH","timestamp":"2026-06-14 00:49:34"}
{"level":"info","message":"   -> 🔍 Scan [link-text] | Target: \"buy\" (containing) | Operator: \"contains\" | Actual: [0 links] | Result: ❌ NO MATCH","timestamp":"2026-06-14 00:49:34"}
{"level":"info","message":"   -> 🔍 Scan [link-text-length] | Target: \"50\" | Operator: \"Greater than\" | Actual: [0 links] | Result: ❌ NO MATCH","timestamp":"2026-06-14 00:49:34"}
{"level":"info","message":"   -> 🔍 Scan [file-size] | Target: \"5\" (MB) | Operator: \"Greater than\" | Actual: 2084.912109375 | Result: ❌ NO MATCH","timestamp":"2026-06-14 00:49:34"}
{"level":"info","message":"   -> 🔍 Scan [image-size] | Target: \"100\" (KB) | Operator: \"Greater than\" | Actual: [104 images] | Result: ❌ NO MATCH","timestamp":"2026-06-14 00:49:34"}
{"level":"info","message":"   -> 🔍 Scan [image-text] | Target: \"logo\" (containing) | Operator: \"contains\" | Actual: [104 images] | Result: ❌ NO MATCH","timestamp":"2026-06-14 00:49:34"}
{"level":"info","message":"   -> 🔍 Scan [image-text-length] | Target: \"100\" | Operator: \"Greater than\" | Actual: [104 images] | Result: ❌ NO MATCH","timestamp":"2026-06-14 00:49:34"}
{"level":"info","message":"   -> 🔍 Scan [external-link-count] | Target: \"10\" | Operator: \"Greater than\" | Actual: 17 | Result: ✅ MATCH","timestamp":"2026-06-14 00:49:34"}
{"level":"info","message":"   -> 🔍 Scan [incoming-link-count] | Target: \"5\" | Operator: \"Greater than\" | Actual: 21 | Result: ✅ MATCH","timestamp":"2026-06-14 00:49:34"}
{"level":"info","message":"   -> 🔍 Scan [heading-text] | Target: \"price\" (containing) | Operator: \"contains\" | Actual: [0 headings] | Result: ❌ NO MATCH","timestamp":"2026-06-14 00:49:34"}
{"level":"info","message":"   -> 🔍 Scan [header-text-length] | Target: \"80\" | Operator: \"Greater than\" | Actual: [0 headings] | Result: ❌ NO MATCH","timestamp":"2026-06-14 00:49:34"}
{"level":"info","message":"   -> 🔍 Scan [readability-level] | Target: \"12\" | Operator: \"Greater than\" | Actual: 0 | Result: ❌ NO MATCH","timestamp":"2026-06-14 00:49:34"}
{"level":"info","message":"   -> 🔍 Scan [meta-header] | Target: \"keyword\" (containing) | Operator: \"contains\" | Actual: [Content length: 16317] | Result: ❌ NO MATCH","timestamp":"2026-06-14 00:49:34"}
{"level":"info","message":"   -> 🔍 Scan [meta-header-length] | Target: \"160\" | Operator: \"Greater than\" | Actual: 160 | Result: ❌ NO MATCH","timestamp":"2026-06-14 00:49:34"}
{"level":"info","message":"   -> 🔍 Scan [page-html] | Target: \"<script>\" (containing) | Operator: \"contains\" | Actual: [Content length: 16317] | Result: ✅ MATCH","timestamp":"2026-06-14 00:49:34"}
{"level":"info","message":"   -> 🔍 Scan [text] | Target: \"jewellery\" (containing) | Operator: \"contains\" | Actual: [Content length: 16317] | Result: ✅ MATCH","timestamp":"2026-06-14 00:49:34"}
{"level":"info","message":"   -> 🔍 Scan [page-title] | Target: \"jewellery\" (containing) | Operator: \"contains\" | Actual: \"Jewellery Software | Jewellery\" | Result: ✅ MATCH","timestamp":"2026-06-14 00:49:34"}
{"level":"info","message":"   -> 🔍 Scan [page-title-length] | Target: \"60\" | Operator: \"Greater than\" | Actual: 60 | Result: ❌ NO MATCH","timestamp":"2026-06-14 00:49:34"}
{"level":"info","message":"   -> 🔍 Scan [page-url] | Target: \"https://omunim.com/signin\" (containing) | Operator: \"contains\" | Actual: \"https://omunim.com/jewellery-software\" | Result: ❌ NO MATCH","timestamp":"2026-06-14 00:49:34"}
{"level":"info","message":"   -> 🔍 Scan [link] | Target: \"contact\" (containing) | Operator: \"contains\" | Actual: [0 links] | Result: ❌ NO MATCH","timestamp":"2026-06-14 00:49:34"}
{"level":"info","message":"   -> 🔍 Scan [link-text] | Target: \"buy\" (containing) | Operator: \"contains\" | Actual: [0 links] | Result: ❌ NO MATCH","timestamp":"2026-06-14 00:49:34"}
{"level":"info","message":"   -> 🔍 Scan [link-text-length] | Target: \"50\" | Operator: \"Greater than\" | Actual: [0 links] | Result: ❌ NO MATCH","timestamp":"2026-06-14 00:49:34"}
{"level":"info","message":"   -> 🔍 Scan [file-size] | Target: \"5\" (MB) | Operator: \"Greater than\" | Actual: 2084.912109375 | Result: ❌ NO MATCH","timestamp":"2026-06-14 00:49:34"}
{"level":"info","message":"   -> 🔍 Scan [image-size] | Target: \"100\" (KB) | Operator: \"Greater than\" | Actual: [104 images] | Result: ❌ NO MATCH","timestamp":"2026-06-14 00:49:34"}
{"level":"info","message":"   -> 🔍 Scan [image-text] | Target: \"jewellery billing software\" (containing) | Operator: \"contains\" | Actual: [104 images] | Result: ❌ NO MATCH","timestamp":"2026-06-14 00:49:34"}
{"level":"info","message":"   -> 🔍 Scan [image-text-length] | Target: \"20\" | Operator: \"Greater than\" | Actual: [104 images] | Result: ❌ NO MATCH","timestamp":"2026-06-14 00:49:34"}
{"level":"info","message":"   -> 🔍 Scan [external-link-count] | Target: \"\" | Operator: \"Greater than\" | Actual: 17 | Result: ✅ MATCH","timestamp":"2026-06-14 00:49:34"}
{"level":"info","message":"   -> 🔍 Scan [incoming-link-count] | Target: \"5\" | Operator: \"Greater than\" | Actual: 21 | Result: ✅ MATCH","timestamp":"2026-06-14 00:49:34"}
{"level":"info","message":"   -> 🔍 Scan [heading-text] | Target: \"price\" (containing) | Operator: \"contains\" | Actual: [0 headings] | Result: ❌ NO MATCH","timestamp":"2026-06-14 00:49:34"}
{"level":"info","message":"   -> 🔍 Scan [header-text-length] | Target: \"80\" | Operator: \"Greater than\" | Actual: [0 headings] | Result: ❌ NO MATCH","timestamp":"2026-06-14 00:49:34"}
{"level":"info","message":"   -> 🔍 Scan [readability-level] | Target: \"12\" | Operator: \"Greater than\" | Actual: 0 | Result: ❌ NO MATCH","timestamp":"2026-06-14 00:49:34"}
{"level":"info","message":"   -> 🔍 Scan [meta-header] | Target: \"keyword\" (containing) | Operator: \"contains\" | Actual: [Content length: 16317] | Result: ❌ NO MATCH","timestamp":"2026-06-14 00:49:34"}
{"level":"info","message":"   -> 🔍 Scan [meta-header-length] | Target: \"160\" | Operator: \"Greater than\" | Actual: 160 | Result: ❌ NO MATCH","timestamp":"2026-06-14 00:49:34"}
{"level":"info","message":"   -> 🔍 Scan [page-html] | Target: \"<script>\" (containing) | Operator: \"contains\" | Actual: [Content length: 16317] | Result: ✅ MATCH","timestamp":"2026-06-14 00:49:34"}
{"level":"info","message":"   -> 🔍 Scan [text] | Target: \"jewellery\" (containing) | Operator: \"contains\" | Actual: [Content length: 9820] | Result: ✅ MATCH","timestamp":"2026-06-14 00:49:34"}
{"level":"info","message":"   -> 🔍 Scan [image-size] | Target: \"100\" (KB) | Operator: \"Greater than\" | Actual: [53 images] | Result: ✅ MATCH","timestamp":"2026-06-14 00:49:34"}
{"level":"info","message":"   -> 🔍 Scan [text] | Target: \"jewellery\" (containing) | Operator: \"contains\" | Actual: [Content length: 9820] | Result: ✅ MATCH","timestamp":"2026-06-14 00:49:34"}
{"level":"info","message":"   -> 🔍 Scan [page-title] | Target: \"jewellery\" (containing) | Operator: \"contains\" | Actual: \"Best Jewellery Billing Softwar\" | Result: ✅ MATCH","timestamp":"2026-06-14 00:49:34"}
{"level":"info","message":"   -> 🔍 Scan [page-title-length] | Target: \"60\" | Operator: \"Greater than\" | Actual: 69 | Result: ✅ MATCH","timestamp":"2026-06-14 00:49:34"}
{"level":"info","message":"   -> 🔍 Scan [page-url] | Target: \"shop\" (containing) | Operator: \"contains\" | Actual: \"https://omunim.com/jewellery-billing-software\" | Result: ❌ NO MATCH","timestamp":"2026-06-14 00:49:34"}
{"level":"info","message":"   -> 🔍 Scan [link] | Target: \"contact\" (containing) | Operator: \"contains\" | Actual: [0 links] | Result: ❌ NO MATCH","timestamp":"2026-06-14 00:49:34"}
{"level":"info","message":"   -> 🔍 Scan [link-text] | Target: \"buy\" (containing) | Operator: \"contains\" | Actual: [0 links] | Result: ❌ NO MATCH","timestamp":"2026-06-14 00:49:34"}
{"level":"info","message":"   -> 🔍 Scan [link-text-length] | Target: \"50\" | Operator: \"Greater than\" | Actual: [0 links] | Result: ❌ NO MATCH","timestamp":"2026-06-14 00:49:34"}
{"level":"info","message":"   -> 🔍 Scan [file-size] | Target: \"5\" (MB) | Operator: \"Greater than\" | Actual: 2997.67578125 | Result: ❌ NO MATCH","timestamp":"2026-06-14 00:49:34"}
{"level":"info","message":"   -> 🔍 Scan [image-size] | Target: \"100\" (KB) | Operator: \"Greater than\" | Actual: [53 images] | Result: ✅ MATCH","timestamp":"2026-06-14 00:49:34"}
{"level":"info","message":"   -> 🔍 Scan [image-text] | Target: \"logo\" (containing) | Operator: \"contains\" | Actual: [53 images] | Result: ❌ NO MATCH","timestamp":"2026-06-14 00:49:34"}
{"level":"info","message":"   -> 🔍 Scan [image-text-length] | Target: \"100\" | Operator: \"Greater than\" | Actual: [53 images] | Result: ❌ NO MATCH","timestamp":"2026-06-14 00:49:34"}
{"level":"info","message":"   -> 🔍 Scan [external-link-count] | Target: \"10\" | Operator: \"Greater than\" | Actual: 13 | Result: ✅ MATCH","timestamp":"2026-06-14 00:49:34"}
{"level":"info","message":"   -> 🔍 Scan [incoming-link-count] | Target: \"5\" | Operator: \"Greater than\" | Actual: 19 | Result: ✅ MATCH","timestamp":"2026-06-14 00:49:34"}
{"level":"info","message":"   -> 🔍 Scan [heading-text] | Target: \"price\" (containing) | Operator: \"contains\" | Actual: [0 headings] | Result: ❌ NO MATCH","timestamp":"2026-06-14 00:49:34"}
{"level":"info","message":"   -> 🔍 Scan [header-text-length] | Target: \"80\" | Operator: \"Greater than\" | Actual: [0 headings] | Result: ❌ NO MATCH","timestamp":"2026-06-14 00:49:34"}
{"level":"info","message":"   -> 🔍 Scan [readability-level] | Target: \"12\" | Operator: \"Greater than\" | Actual: 0 | Result: ❌ NO MATCH","timestamp":"2026-06-14 00:49:34"}
{"level":"info","message":"   -> 🔍 Scan [meta-header] | Target: \"keyword\" (containing) | Operator: \"contains\" | Actual: [Content length: 9820] | Result: ❌ NO MATCH","timestamp":"2026-06-14 00:49:34"}
{"level":"info","message":"   -> 🔍 Scan [meta-header-length] | Target: \"160\" | Operator: \"Greater than\" | Actual: 162 | Result: ✅ MATCH","timestamp":"2026-06-14 00:49:34"}
{"level":"info","message":"   -> 🔍 Scan [page-html] | Target: \"<script>\" (containing) | Operator: \"contains\" | Actual: [Content length: 9820] | Result: ✅ MATCH","timestamp":"2026-06-14 00:49:34"}
{"level":"info","message":"   -> 🔍 Scan [text] | Target: \"jewellery\" (containing) | Operator: \"contains\" | Actual: [Content length: 9820] | Result: ✅ MATCH","timestamp":"2026-06-14 00:49:34"}
{"level":"info","message":"   -> 🔍 Scan [page-title] | Target: \"jewellery\" (containing) | Operator: \"contains\" | Actual: \"Best Jewellery Billing Softwar\" | Result: ✅ MATCH","timestamp":"2026-06-14 00:49:34"}
{"level":"info","message":"   -> 🔍 Scan [page-title-length] | Target: \"60\" | Operator: \"Greater than\" | Actual: 69 | Result: ✅ MATCH","timestamp":"2026-06-14 00:49:34"}
{"level":"info","message":"   -> 🔍 Scan [page-url] | Target: \"shop\" (containing) | Operator: \"contains\" | Actual: \"https://omunim.com/jewellery-billing-software\" | Result: ❌ NO MATCH","timestamp":"2026-06-14 00:49:34"}
{"level":"info","message":"   -> 🔍 Scan [link] | Target: \"contact\" (containing) | Operator: \"contains\" | Actual: [0 links] | Result: ❌ NO MATCH","timestamp":"2026-06-14 00:49:34"}
{"level":"info","message":"   -> 🔍 Scan [link-text] | Target: \"buy\" (containing) | Operator: \"contains\" | Actual: [0 links] | Result: ❌ NO MATCH","timestamp":"2026-06-14 00:49:34"}
{"level":"info","message":"   -> 🔍 Scan [link-text-length] | Target: \"50\" | Operator: \"Greater than\" | Actual: [0 links] | Result: ❌ NO MATCH","timestamp":"2026-06-14 00:49:34"}
{"level":"info","message":"   -> 🔍 Scan [file-size] | Target: \"5\" (MB) | Operator: \"Greater than\" | Actual: 2997.67578125 | Result: ❌ NO MATCH","timestamp":"2026-06-14 00:49:34"}
{"level":"info","message":"   -> 🔍 Scan [image-size] | Target: \"100\" (KB) | Operator: \"Greater than\" | Actual: [53 images] | Result: ✅ MATCH","timestamp":"2026-06-14 00:49:34"}
{"level":"info","message":"   -> 🔍 Scan [image-text] | Target: \"logo\" (containing) | Operator: \"contains\" | Actual: [53 images] | Result: ❌ NO MATCH","timestamp":"2026-06-14 00:49:34"}
{"level":"info","message":"   -> 🔍 Scan [image-text-length] | Target: \"100\" | Operator: \"Greater than\" | Actual: [53 images] | Result: ❌ NO MATCH","timestamp":"2026-06-14 00:49:34"}
{"level":"info","message":"   -> 🔍 Scan [external-link-count] | Target: \"10\" | Operator: \"Greater than\" | Actual: 13 | Result: ✅ MATCH","timestamp":"2026-06-14 00:49:34"}
{"level":"info","message":"   -> 🔍 Scan [incoming-link-count] | Target: \"5\" | Operator: \"Greater than\" | Actual: 19 | Result: ✅ MATCH","timestamp":"2026-06-14 00:49:34"}
{"level":"info","message":"   -> 🔍 Scan [heading-text] | Target: \"price\" (containing) | Operator: \"contains\" | Actual: [0 headings] | Result: ❌ NO MATCH","timestamp":"2026-06-14 00:49:34"}
{"level":"info","message":"   -> 🔍 Scan [header-text-length] | Target: \"80\" | Operator: \"Greater than\" | Actual: [0 headings] | Result: ❌ NO MATCH","timestamp":"2026-06-14 00:49:34"}
{"level":"info","message":"   -> 🔍 Scan [readability-level] | Target: \"12\" | Operator: \"Greater than\" | Actual: 0 | Result: ❌ NO MATCH","timestamp":"2026-06-14 00:49:34"}
{"level":"info","message":"   -> 🔍 Scan [meta-header] | Target: \"keyword\" (containing) | Operator: \"contains\" | Actual: [Content length: 9820] | Result: ❌ NO MATCH","timestamp":"2026-06-14 00:49:34"}
{"level":"info","message":"   -> 🔍 Scan [meta-header-length] | Target: \"160\" | Operator: \"Greater than\" | Actual: 162 | Result: ✅ MATCH","timestamp":"2026-06-14 00:49:34"}
{"level":"info","message":"   -> 🔍 Scan [page-html] | Target: \"<script>\" (containing) | Operator: \"contains\" | Actual: [Content length: 9820] | Result: ✅ MATCH","timestamp":"2026-06-14 00:49:34"}
{"level":"info","message":"   -> 🔍 Scan [text] | Target: \"jewellery\" (containing) | Operator: \"contains\" | Actual: [Content length: 9820] | Result: ✅ MATCH","timestamp":"2026-06-14 00:49:34"}
{"level":"info","message":"   -> 🔍 Scan [page-title] | Target: \"jewellery\" (containing) | Operator: \"contains\" | Actual: \"Best Jewellery Billing Softwar\" | Result: ✅ MATCH","timestamp":"2026-06-14 00:49:34"}
{"level":"info","message":"   -> 🔍 Scan [page-title-length] | Target: \"60\" | Operator: \"Greater than\" | Actual: 69 | Result: ✅ MATCH","timestamp":"2026-06-14 00:49:34"}
{"level":"info","message":"   -> 🔍 Scan [page-url] | Target: \"https://omunim.com/signin\" (containing) | Operator: \"contains\" | Actual: \"https://omunim.com/jewellery-billing-software\" | Result: ❌ NO MATCH","timestamp":"2026-06-14 00:49:34"}
{"level":"info","message":"   -> 🔍 Scan [link] | Target: \"contact\" (containing) | Operator: \"contains\" | Actual: [0 links] | Result: ❌ NO MATCH","timestamp":"2026-06-14 00:49:34"}
{"level":"info","message":"   -> 🔍 Scan [link-text] | Target: \"buy\" (containing) | Operator: \"contains\" | Actual: [0 links] | Result: ❌ NO MATCH","timestamp":"2026-06-14 00:49:34"}
{"level":"info","message":"   -> 🔍 Scan [link-text-length] | Target: \"50\" | Operator: \"Greater than\" | Actual: [0 links] | Result: ❌ NO MATCH","timestamp":"2026-06-14 00:49:34"}
{"level":"info","message":"   -> 🔍 Scan [file-size] | Target: \"5\" (MB) | Operator: \"Greater than\" | Actual: 2997.67578125 | Result: ❌ NO MATCH","timestamp":"2026-06-14 00:49:34"}
{"level":"info","message":"   -> 🔍 Scan [image-size] | Target: \"100\" (KB) | Operator: \"Greater than\" | Actual: [53 images] | Result: ✅ MATCH","timestamp":"2026-06-14 00:49:34"}
{"level":"info","message":"   -> 🔍 Scan [image-text] | Target: \"jewellery billing software\" (containing) | Operator: \"contains\" | Actual: [53 images] | Result: ❌ NO MATCH","timestamp":"2026-06-14 00:49:34"}
{"level":"info","message":"   -> 🔍 Scan [image-text-length] | Target: \"20\" | Operator: \"Greater than\" | Actual: [53 images] | Result: ❌ NO MATCH","timestamp":"2026-06-14 00:49:34"}
{"level":"info","message":"   -> 🔍 Scan [external-link-count] | Target: \"\" | Operator: \"Greater than\" | Actual: 13 | Result: ✅ MATCH","timestamp":"2026-06-14 00:49:34"}
{"level":"info","message":"   -> 🔍 Scan [incoming-link-count] | Target: \"5\" | Operator: \"Greater than\" | Actual: 19 | Result: ✅ MATCH","timestamp":"2026-06-14 00:49:34"}
{"level":"info","message":"   -> 🔍 Scan [heading-text] | Target: \"price\" (containing) | Operator: \"contains\" | Actual: [0 headings] | Result: ❌ NO MATCH","timestamp":"2026-06-14 00:49:34"}
{"level":"info","message":"   -> 🔍 Scan [header-text-length] | Target: \"80\" | Operator: \"Greater than\" | Actual: [0 headings] | Result: ❌ NO MATCH","timestamp":"2026-06-14 00:49:34"}
{"level":"info","message":"   -> 🔍 Scan [readability-level] | Target: \"12\" | Operator: \"Greater than\" | Actual: 0 | Result: ❌ NO MATCH","timestamp":"2026-06-14 00:49:34"}
{"level":"info","message":"   -> 🔍 Scan [meta-header] | Target: \"keyword\" (containing) | Operator: \"contains\" | Actual: [Content length: 9820] | Result: ❌ NO MATCH","timestamp":"2026-06-14 00:49:34"}
{"level":"info","message":"   -> 🔍 Scan [meta-header-length] | Target: \"160\" | Operator: \"Greater than\" | Actual: 162 | Result: ✅ MATCH","timestamp":"2026-06-14 00:49:34"}
{"level":"info","message":"   -> 🔍 Scan [page-html] | Target: \"<script>\" (containing) | Operator: \"contains\" | Actual: [Content length: 9820] | Result: ✅ MATCH","timestamp":"2026-06-14 00:49:34"}
{"level":"info","message":"   -> 🔍 Scan [text] | Target: \"jewellery\" (containing) | Operator: \"contains\" | Actual: [Content length: 16317] | Result: ✅ MATCH","timestamp":"2026-06-14 00:49:34"}
{"level":"info","message":"   -> 🔍 Scan [image-size] | Target: \"100\" (KB) | Operator: \"Greater than\" | Actual: [104 images] | Result: ❌ NO MATCH","timestamp":"2026-06-14 00:49:34"}
{"level":"info","message":"   -> 🔍 Scan [text] | Target: \"jewellery\" (containing) | Operator: \"contains\" | Actual: [Content length: 16317] | Result: ✅ MATCH","timestamp":"2026-06-14 00:49:34"}
{"level":"info","message":"   -> 🔍 Scan [page-title] | Target: \"jewellery\" (containing) | Operator: \"contains\" | Actual: \"Jewellery Software | Jewellery\" | Result: ✅ MATCH","timestamp":"2026-06-14 00:49:34"}
{"level":"info","message":"   -> 🔍 Scan [page-title-length] | Target: \"60\" | Operator: \"Greater than\" | Actual: 60 | Result: ❌ NO MATCH","timestamp":"2026-06-14 00:49:34"}
{"level":"info","message":"   -> 🔍 Scan [page-url] | Target: \"shop\" (containing) | Operator: \"contains\" | Actual: \"https://omunim.com/\" | Result: ❌ NO MATCH","timestamp":"2026-06-14 00:49:34"}
{"level":"info","message":"   -> 🔍 Scan [link] | Target: \"contact\" (containing) | Operator: \"contains\" | Actual: [0 links] | Result: ❌ NO MATCH","timestamp":"2026-06-14 00:49:34"}
{"level":"info","message":"   -> 🔍 Scan [link-text] | Target: \"buy\" (containing) | Operator: \"contains\" | Actual: [0 links] | Result: ❌ NO MATCH","timestamp":"2026-06-14 00:49:34"}
{"level":"info","message":"   -> 🔍 Scan [link-text-length] | Target: \"50\" | Operator: \"Greater than\" | Actual: [0 links] | Result: ❌ NO MATCH","timestamp":"2026-06-14 00:49:34"}
{"level":"info","message":"   -> 🔍 Scan [file-size] | Target: \"5\" (MB) | Operator: \"Greater than\" | Actual: 2085.486328125 | Result: ❌ NO MATCH","timestamp":"2026-06-14 00:49:34"}
{"level":"info","message":"   -> 🔍 Scan [image-size] | Target: \"100\" (KB) | Operator: \"Greater than\" | Actual: [104 images] | Result: ❌ NO MATCH","timestamp":"2026-06-14 00:49:34"}
{"level":"info","message":"   -> 🔍 Scan [image-text] | Target: \"logo\" (containing) | Operator: \"contains\" | Actual: [104 images] | Result: ❌ NO MATCH","timestamp":"2026-06-14 00:49:34"}
{"level":"info","message":"   -> 🔍 Scan [image-text-length] | Target: \"100\" | Operator: \"Greater than\" | Actual: [104 images] | Result: ❌ NO MATCH","timestamp":"2026-06-14 00:49:34"}
{"level":"info","message":"   -> 🔍 Scan [external-link-count] | Target: \"10\" | Operator: \"Greater than\" | Actual: 17 | Result: ✅ MATCH","timestamp":"2026-06-14 00:49:34"}
{"level":"info","message":"   -> 🔍 Scan [incoming-link-count] | Target: \"5\" | Operator: \"Greater than\" | Actual: 21 | Result: ✅ MATCH","timestamp":"2026-06-14 00:49:34"}
{"level":"info","message":"   -> 🔍 Scan [heading-text] | Target: \"price\" (containing) | Operator: \"contains\" | Actual: [0 headings] | Result: ❌ NO MATCH","timestamp":"2026-06-14 00:49:34"}
{"level":"info","message":"   -> 🔍 Scan [header-text-length] | Target: \"80\" | Operator: \"Greater than\" | Actual: [0 headings] | Result: ❌ NO MATCH","timestamp":"2026-06-14 00:49:34"}
{"level":"info","message":"   -> 🔍 Scan [readability-level] | Target: \"12\" | Operator: \"Greater than\" | Actual: 0 | Result: ❌ NO MATCH","timestamp":"2026-06-14 00:49:34"}
{"level":"info","message":"   -> 🔍 Scan [meta-header] | Target: \"keyword\" (containing) | Operator: \"contains\" | Actual: [Content length: 16317] | Result: ❌ NO MATCH","timestamp":"2026-06-14 00:49:34"}
{"level":"info","message":"   -> 🔍 Scan [meta-header-length] | Target: \"160\" | Operator: \"Greater than\" | Actual: 160 | Result: ❌ NO MATCH","timestamp":"2026-06-14 00:49:34"}
{"level":"info","message":"   -> 🔍 Scan [page-html] | Target: \"<script>\" (containing) | Operator: \"contains\" | Actual: [Content length: 16317] | Result: ✅ MATCH","timestamp":"2026-06-14 00:49:34"}
{"level":"info","message":"   -> 🔍 Scan [text] | Target: \"jewellery\" (containing) | Operator: \"contains\" | Actual: [Content length: 16317] | Result: ✅ MATCH","timestamp":"2026-06-14 00:49:34"}
{"level":"info","message":"   -> 🔍 Scan [page-title] | Target: \"jewellery\" (containing) | Operator: \"contains\" | Actual: \"Jewellery Software | Jewellery\" | Result: ✅ MATCH","timestamp":"2026-06-14 00:49:34"}
{"level":"info","message":"   -> 🔍 Scan [page-title-length] | Target: \"60\" | Operator: \"Greater than\" | Actual: 60 | Result: ❌ NO MATCH","timestamp":"2026-06-14 00:49:34"}
{"level":"info","message":"   -> 🔍 Scan [page-url] | Target: \"shop\" (containing) | Operator: \"contains\" | Actual: \"https://omunim.com/\" | Result: ❌ NO MATCH","timestamp":"2026-06-14 00:49:34"}
{"level":"info","message":"   -> 🔍 Scan [link] | Target: \"contact\" (containing) | Operator: \"contains\" | Actual: [0 links] | Result: ❌ NO MATCH","timestamp":"2026-06-14 00:49:34"}
{"level":"info","message":"   -> 🔍 Scan [link-text] | Target: \"buy\" (containing) | Operator: \"contains\" | Actual: [0 links] | Result: ❌ NO MATCH","timestamp":"2026-06-14 00:49:34"}
{"level":"info","message":"   -> 🔍 Scan [link-text-length] | Target: \"50\" | Operator: \"Greater than\" | Actual: [0 links] | Result: ❌ NO MATCH","timestamp":"2026-06-14 00:49:34"}
{"level":"info","message":"   -> 🔍 Scan [file-size] | Target: \"5\" (MB) | Operator: \"Greater than\" | Actual: 2085.486328125 | Result: ❌ NO MATCH","timestamp":"2026-06-14 00:49:34"}
{"level":"info","message":"   -> 🔍 Scan [image-size] | Target: \"100\" (KB) | Operator: \"Greater than\" | Actual: [104 images] | Result: ❌ NO MATCH","timestamp":"2026-06-14 00:49:34"}
{"level":"info","message":"   -> 🔍 Scan [image-text] | Target: \"logo\" (containing) | Operator: \"contains\" | Actual: [104 images] | Result: ❌ NO MATCH","timestamp":"2026-06-14 00:49:34"}
{"level":"info","message":"   -> 🔍 Scan [image-text-length] | Target: \"100\" | Operator: \"Greater than\" | Actual: [104 images] | Result: ❌ NO MATCH","timestamp":"2026-06-14 00:49:34"}
{"level":"info","message":"   -> 🔍 Scan [external-link-count] | Target: \"10\" | Operator: \"Greater than\" | Actual: 17 | Result: ✅ MATCH","timestamp":"2026-06-14 00:49:34"}
{"level":"info","message":"   -> 🔍 Scan [incoming-link-count] | Target: \"5\" | Operator: \"Greater than\" | Actual: 21 | Result: ✅ MATCH","timestamp":"2026-06-14 00:49:34"}
{"level":"info","message":"   -> 🔍 Scan [heading-text] | Target: \"price\" (containing) | Operator: \"contains\" | Actual: [0 headings] | Result: ❌ NO MATCH","timestamp":"2026-06-14 00:49:34"}
{"level":"info","message":"   -> 🔍 Scan [header-text-length] | Target: \"80\" | Operator: \"Greater than\" | Actual: [0 headings] | Result: ❌ NO MATCH","timestamp":"2026-06-14 00:49:34"}
{"level":"info","message":"   -> 🔍 Scan [readability-level] | Target: \"12\" | Operator: \"Greater than\" | Actual: 0 | Result: ❌ NO MATCH","timestamp":"2026-06-14 00:49:34"}
{"level":"info","message":"   -> 🔍 Scan [meta-header] | Target: \"keyword\" (containing) | Operator: \"contains\" | Actual: [Content length: 16317] | Result: ❌ NO MATCH","timestamp":"2026-06-14 00:49:34"}
{"level":"info","message":"   -> 🔍 Scan [meta-header-length] | Target: \"160\" | Operator: \"Greater than\" | Actual: 160 | Result: ❌ NO MATCH","timestamp":"2026-06-14 00:49:34"}
{"level":"info","message":"   -> 🔍 Scan [page-html] | Target: \"<script>\" (containing) | Operator: \"contains\" | Actual: [Content length: 16317] | Result: ✅ MATCH","timestamp":"2026-06-14 00:49:34"}
{"level":"info","message":"   -> 🔍 Scan [text] | Target: \"jewellery\" (containing) | Operator: \"contains\" | Actual: [Content length: 16317] | Result: ✅ MATCH","timestamp":"2026-06-14 00:49:34"}
{"level":"info","message":"   -> 🔍 Scan [page-title] | Target: \"jewellery\" (containing) | Operator: \"contains\" | Actual: \"Jewellery Software | Jewellery\" | Result: ✅ MATCH","timestamp":"2026-06-14 00:49:34"}
{"level":"info","message":"   -> 🔍 Scan [page-title-length] | Target: \"60\" | Operator: \"Greater than\" | Actual: 60 | Result: ❌ NO MATCH","timestamp":"2026-06-14 00:49:34"}
{"level":"info","message":"   -> 🔍 Scan [page-url] | Target: \"https://omunim.com/signin\" (containing) | Operator: \"contains\" | Actual: \"https://omunim.com/\" | Result: ❌ NO MATCH","timestamp":"2026-06-14 00:49:34"}
{"level":"info","message":"   -> 🔍 Scan [link] | Target: \"contact\" (containing) | Operator: \"contains\" | Actual: [0 links] | Result: ❌ NO MATCH","timestamp":"2026-06-14 00:49:34"}
{"level":"info","message":"   -> 🔍 Scan [link-text] | Target: \"buy\" (containing) | Operator: \"contains\" | Actual: [0 links] | Result: ❌ NO MATCH","timestamp":"2026-06-14 00:49:34"}
{"level":"info","message":"   -> 🔍 Scan [link-text-length] | Target: \"50\" | Operator: \"Greater than\" | Actual: [0 links] | Result: ❌ NO MATCH","timestamp":"2026-06-14 00:49:34"}
{"level":"info","message":"   -> 🔍 Scan [file-size] | Target: \"5\" (MB) | Operator: \"Greater than\" | Actual: 2085.486328125 | Result: ❌ NO MATCH","timestamp":"2026-06-14 00:49:34"}
{"level":"info","message":"   -> 🔍 Scan [image-size] | Target: \"100\" (KB) | Operator: \"Greater than\" | Actual: [104 images] | Result: ❌ NO MATCH","timestamp":"2026-06-14 00:49:34"}
{"level":"info","message":"   -> 🔍 Scan [image-text] | Target: \"jewellery billing software\" (containing) | Operator: \"contains\" | Actual: [104 images] | Result: ❌ NO MATCH","timestamp":"2026-06-14 00:49:34"}
{"level":"info","message":"   -> 🔍 Scan [image-text-length] | Target: \"20\" | Operator: \"Greater than\" | Actual: [104 images] | Result: ❌ NO MATCH","timestamp":"2026-06-14 00:49:34"}
{"level":"info","message":"   -> 🔍 Scan [external-link-count] | Target: \"\" | Operator: \"Greater than\" | Actual: 17 | Result: ✅ MATCH","timestamp":"2026-06-14 00:49:34"}
{"level":"info","message":"   -> 🔍 Scan [incoming-link-count] | Target: \"5\" | Operator: \"Greater than\" | Actual: 21 | Result: ✅ MATCH","timestamp":"2026-06-14 00:49:34"}
{"level":"info","message":"   -> 🔍 Scan [heading-text] | Target: \"price\" (containing) | Operator: \"contains\" | Actual: [0 headings] | Result: ❌ NO MATCH","timestamp":"2026-06-14 00:49:34"}
{"level":"info","message":"   -> 🔍 Scan [header-text-length] | Target: \"80\" | Operator: \"Greater than\" | Actual: [0 headings] | Result: ❌ NO MATCH","timestamp":"2026-06-14 00:49:34"}
{"level":"info","message":"   -> 🔍 Scan [readability-level] | Target: \"12\" | Operator: \"Greater than\" | Actual: 0 | Result: ❌ NO MATCH","timestamp":"2026-06-14 00:49:34"}
{"level":"info","message":"   -> 🔍 Scan [meta-header] | Target: \"keyword\" (containing) | Operator: \"contains\" | Actual: [Content length: 16317] | Result: ❌ NO MATCH","timestamp":"2026-06-14 00:49:34"}
{"level":"info","message":"   -> 🔍 Scan [meta-header-length] | Target: \"160\" | Operator: \"Greater than\" | Actual: 160 | Result: ❌ NO MATCH","timestamp":"2026-06-14 00:49:34"}
{"level":"info","message":"   -> 🔍 Scan [page-html] | Target: \"<script>\" (containing) | Operator: \"contains\" | Actual: [Content length: 16317] | Result: ✅ MATCH","timestamp":"2026-06-14 00:49:34"}
{"level":"info","message":"   -> 🔍 Scan [text] | Target: \"jewellery\" (containing) | Operator: \"contains\" | Actual: [Content length: 4862] | Result: ✅ MATCH","timestamp":"2026-06-14 00:49:34"}
{"level":"info","message":"   -> 🔍 Scan [image-size] | Target: \"100\" (KB) | Operator: \"Greater than\" | Actual: [22 images] | Result: ✅ MATCH","timestamp":"2026-06-14 00:49:34"}
{"level":"info","message":"   -> 🔍 Scan [text] | Target: \"jewellery\" (containing) | Operator: \"contains\" | Actual: [Content length: 4862] | Result: ✅ MATCH","timestamp":"2026-06-14 00:49:34"}
{"level":"info","message":"   -> 🔍 Scan [page-title] | Target: \"jewellery\" (containing) | Operator: \"contains\" | Actual: \"Jewellery Software | Jewellery\" | Result: ✅ MATCH","timestamp":"2026-06-14 00:49:34"}
{"level":"info","message":"   -> 🔍 Scan [page-title-length] | Target: \"60\" | Operator: \"Greater than\" | Actual: 60 | Result: ❌ NO MATCH","timestamp":"2026-06-14 00:49:34"}
{"level":"info","message":"   -> 🔍 Scan [page-url] | Target: \"shop\" (containing) | Operator: \"contains\" | Actual: \"https://omunim.com/signin\" | Result: ❌ NO MATCH","timestamp":"2026-06-14 00:49:34"}
{"level":"info","message":"   -> 🔍 Scan [link] | Target: \"contact\" (containing) | Operator: \"contains\" | Actual: [0 links] | Result: ❌ NO MATCH","timestamp":"2026-06-14 00:49:34"}
{"level":"info","message":"   -> 🔍 Scan [link-text] | Target: \"buy\" (containing) | Operator: \"contains\" | Actual: [0 links] | Result: ❌ NO MATCH","timestamp":"2026-06-14 00:49:34"}
{"level":"info","message":"   -> 🔍 Scan [link-text-length] | Target: \"50\" | Operator: \"Greater than\" | Actual: [0 links] | Result: ❌ NO MATCH","timestamp":"2026-06-14 00:49:34"}
{"level":"info","message":"   -> 🔍 Scan [file-size] | Target: \"5\" (MB) | Operator: \"Greater than\" | Actual: 1506.169921875 | Result: ❌ NO MATCH","timestamp":"2026-06-14 00:49:34"}
{"level":"info","message":"   -> 🔍 Scan [image-size] | Target: \"100\" (KB) | Operator: \"Greater than\" | Actual: [22 images] | Result: ✅ MATCH","timestamp":"2026-06-14 00:49:34"}
{"level":"info","message":"   -> 🔍 Scan [image-text] | Target: \"logo\" (containing) | Operator: \"contains\" | Actual: [22 images] | Result: ❌ NO MATCH","timestamp":"2026-06-14 00:49:34"}
{"level":"info","message":"   -> 🔍 Scan [image-text-length] | Target: \"100\" | Operator: \"Greater than\" | Actual: [22 images] | Result: ❌ NO MATCH","timestamp":"2026-06-14 00:49:34"}
{"level":"info","message":"   -> 🔍 Scan [external-link-count] | Target: \"10\" | Operator: \"Greater than\" | Actual: 13 | Result: ✅ MATCH","timestamp":"2026-06-14 00:49:34"}
{"level":"info","message":"   -> 🔍 Scan [incoming-link-count] | Target: \"5\" | Operator: \"Greater than\" | Actual: 18 | Result: ✅ MATCH","timestamp":"2026-06-14 00:49:34"}
{"level":"info","message":"   -> 🔍 Scan [heading-text] | Target: \"price\" (containing) | Operator: \"contains\" | Actual: [0 headings] | Result: ❌ NO MATCH","timestamp":"2026-06-14 00:49:34"}
{"level":"info","message":"   -> 🔍 Scan [header-text-length] | Target: \"80\" | Operator: \"Greater than\" | Actual: [0 headings] | Result: ❌ NO MATCH","timestamp":"2026-06-14 00:49:34"}
{"level":"info","message":"   -> 🔍 Scan [readability-level] | Target: \"12\" | Operator: \"Greater than\" | Actual: 0 | Result: ❌ NO MATCH","timestamp":"2026-06-14 00:49:34"}
{"level":"info","message":"   -> 🔍 Scan [meta-header] | Target: \"keyword\" (containing) | Operator: \"contains\" | Actual: [Content length: 4862] | Result: ❌ NO MATCH","timestamp":"2026-06-14 00:49:34"}
{"level":"info","message":"   -> 🔍 Scan [meta-header-length] | Target: \"160\" | Operator: \"Greater than\" | Actual: 160 | Result: ❌ NO MATCH","timestamp":"2026-06-14 00:49:34"}
{"level":"info","message":"   -> 🔍 Scan [page-html] | Target: \"<script>\" (containing) | Operator: \"contains\" | Actual: [Content length: 4862] | Result: ✅ MATCH","timestamp":"2026-06-14 00:49:34"}
{"level":"info","message":"   -> 🔍 Scan [text] | Target: \"jewellery\" (containing) | Operator: \"contains\" | Actual: [Content length: 4862] | Result: ✅ MATCH","timestamp":"2026-06-14 00:49:34"}
{"level":"info","message":"   -> 🔍 Scan [page-title] | Target: \"jewellery\" (containing) | Operator: \"contains\" | Actual: \"Jewellery Software | Jewellery\" | Result: ✅ MATCH","timestamp":"2026-06-14 00:49:34"}
{"level":"info","message":"   -> 🔍 Scan [page-title-length] | Target: \"60\" | Operator: \"Greater than\" | Actual: 60 | Result: ❌ NO MATCH","timestamp":"2026-06-14 00:49:34"}
{"level":"info","message":"   -> 🔍 Scan [page-url] | Target: \"shop\" (containing) | Operator: \"contains\" | Actual: \"https://omunim.com/signin\" | Result: ❌ NO MATCH","timestamp":"2026-06-14 00:49:34"}
{"level":"info","message":"   -> 🔍 Scan [link] | Target: \"contact\" (containing) | Operator: \"contains\" | Actual: [0 links] | Result: ❌ NO MATCH","timestamp":"2026-06-14 00:49:34"}
{"level":"info","message":"   -> 🔍 Scan [link-text] | Target: \"buy\" (containing) | Operator: \"contains\" | Actual: [0 links] | Result: ❌ NO MATCH","timestamp":"2026-06-14 00:49:34"}
{"level":"info","message":"   -> 🔍 Scan [link-text-length] | Target: \"50\" | Operator: \"Greater than\" | Actual: [0 links] | Result: ❌ NO MATCH","timestamp":"2026-06-14 00:49:34"}
{"level":"info","message":"   -> 🔍 Scan [file-size] | Target: \"5\" (MB) | Operator: \"Greater than\" | Actual: 1506.169921875 | Result: ❌ NO MATCH","timestamp":"2026-06-14 00:49:34"}
{"level":"info","message":"   -> 🔍 Scan [image-size] | Target: \"100\" (KB) | Operator: \"Greater than\" | Actual: [22 images] | Result: ✅ MATCH","timestamp":"2026-06-14 00:49:34"}
{"level":"info","message":"   -> 🔍 Scan [image-text] | Target: \"logo\" (containing) | Operator: \"contains\" | Actual: [22 images] | Result: ❌ NO MATCH","timestamp":"2026-06-14 00:49:34"}
{"level":"info","message":"   -> 🔍 Scan [image-text-length] | Target: \"100\" | Operator: \"Greater than\" | Actual: [22 images] | Result: ❌ NO MATCH","timestamp":"2026-06-14 00:49:34"}
{"level":"info","message":"   -> 🔍 Scan [external-link-count] | Target: \"10\" | Operator: \"Greater than\" | Actual: 13 | Result: ✅ MATCH","timestamp":"2026-06-14 00:49:34"}
{"level":"info","message":"   -> 🔍 Scan [incoming-link-count] | Target: \"5\" | Operator: \"Greater than\" | Actual: 18 | Result: ✅ MATCH","timestamp":"2026-06-14 00:49:34"}
{"level":"info","message":"   -> 🔍 Scan [heading-text] | Target: \"price\" (containing) | Operator: \"contains\" | Actual: [0 headings] | Result: ❌ NO MATCH","timestamp":"2026-06-14 00:49:34"}
{"level":"info","message":"   -> 🔍 Scan [header-text-length] | Target: \"80\" | Operator: \"Greater than\" | Actual: [0 headings] | Result: ❌ NO MATCH","timestamp":"2026-06-14 00:49:34"}
{"level":"info","message":"   -> 🔍 Scan [readability-level] | Target: \"12\" | Operator: \"Greater than\" | Actual: 0 | Result: ❌ NO MATCH","timestamp":"2026-06-14 00:49:34"}
{"level":"info","message":"   -> 🔍 Scan [meta-header] | Target: \"keyword\" (containing) | Operator: \"contains\" | Actual: [Content length: 4862] | Result: ❌ NO MATCH","timestamp":"2026-06-14 00:49:34"}
{"level":"info","message":"   -> 🔍 Scan [meta-header-length] | Target: \"160\" | Operator: \"Greater than\" | Actual: 160 | Result: ❌ NO MATCH","timestamp":"2026-06-14 00:49:34"}
{"level":"info","message":"   -> 🔍 Scan [page-html] | Target: \"<script>\" (containing) | Operator: \"contains\" | Actual: [Content length: 4862] | Result: ✅ MATCH","timestamp":"2026-06-14 00:49:34"}
{"level":"info","message":"   -> 🔍 Scan [text] | Target: \"jewellery\" (containing) | Operator: \"contains\" | Actual: [Content length: 4862] | Result: ✅ MATCH","timestamp":"2026-06-14 00:49:34"}
{"level":"info","message":"   -> 🔍 Scan [page-title] | Target: \"jewellery\" (containing) | Operator: \"contains\" | Actual: \"Jewellery Software | Jewellery\" | Result: ✅ MATCH","timestamp":"2026-06-14 00:49:34"}
{"level":"info","message":"   -> 🔍 Scan [page-title-length] | Target: \"60\" | Operator: \"Greater than\" | Actual: 60 | Result: ❌ NO MATCH","timestamp":"2026-06-14 00:49:34"}
{"level":"info","message":"   -> 🔍 Scan [page-url] | Target: \"https://omunim.com/signin\" (containing) | Operator: \"contains\" | Actual: \"https://omunim.com/signin\" | Result: ✅ MATCH","timestamp":"2026-06-14 00:49:34"}
{"level":"info","message":"   -> 🔍 Scan [link] | Target: \"contact\" (containing) | Operator: \"contains\" | Actual: [0 links] | Result: ❌ NO MATCH","timestamp":"2026-06-14 00:49:34"}
{"level":"info","message":"   -> 🔍 Scan [link-text] | Target: \"buy\" (containing) | Operator: \"contains\" | Actual: [0 links] | Result: ❌ NO MATCH","timestamp":"2026-06-14 00:49:34"}
{"level":"info","message":"   -> 🔍 Scan [link-text-length] | Target: \"50\" | Operator: \"Greater than\" | Actual: [0 links] | Result: ❌ NO MATCH","timestamp":"2026-06-14 00:49:34"}
{"level":"info","message":"   -> 🔍 Scan [file-size] | Target: \"5\" (MB) | Operator: \"Greater than\" | Actual: 1506.169921875 | Result: ❌ NO MATCH","timestamp":"2026-06-14 00:49:34"}
{"level":"info","message":"   -> 🔍 Scan [image-size] | Target: \"100\" (KB) | Operator: \"Greater than\" | Actual: [22 images] | Result: ✅ MATCH","timestamp":"2026-06-14 00:49:34"}
{"level":"info","message":"   -> 🔍 Scan [image-text] | Target: \"jewellery billing software\" (containing) | Operator: \"contains\" | Actual: [22 images] | Result: ❌ NO MATCH","timestamp":"2026-06-14 00:49:34"}
{"level":"info","message":"   -> 🔍 Scan [image-text-length] | Target: \"20\" | Operator: \"Greater than\" | Actual: [22 images] | Result: ❌ NO MATCH","timestamp":"2026-06-14 00:49:34"}
{"level":"info","message":"   -> 🔍 Scan [external-link-count] | Target: \"\" | Operator: \"Greater than\" | Actual: 13 | Result: ✅ MATCH","timestamp":"2026-06-14 00:49:34"}
{"level":"info","message":"   -> 🔍 Scan [incoming-link-count] | Target: \"5\" | Operator: \"Greater than\" | Actual: 18 | Result: ✅ MATCH","timestamp":"2026-06-14 00:49:34"}
{"level":"info","message":"   -> 🔍 Scan [heading-text] | Target: \"price\" (containing) | Operator: \"contains\" | Actual: [0 headings] | Result: ❌ NO MATCH","timestamp":"2026-06-14 00:49:34"}
{"level":"info","message":"   -> 🔍 Scan [header-text-length] | Target: \"80\" | Operator: \"Greater than\" | Actual: [0 headings] | Result: ❌ NO MATCH","timestamp":"2026-06-14 00:49:34"}
{"level":"info","message":"   -> 🔍 Scan [readability-level] | Target: \"12\" | Operator: \"Greater than\" | Actual: 0 | Result: ❌ NO MATCH","timestamp":"2026-06-14 00:49:34"}
{"level":"info","message":"   -> 🔍 Scan [meta-header] | Target: \"keyword\" (containing) | Operator: \"contains\" | Actual: [Content length: 4862] | Result: ❌ NO MATCH","timestamp":"2026-06-14 00:49:34"}
{"level":"info","message":"   -> 🔍 Scan [meta-header-length] | Target: \"160\" | Operator: \"Greater than\" | Actual: 160 | Result: ❌ NO MATCH","timestamp":"2026-06-14 00:49:34"}
{"level":"info","message":"   -> 🔍 Scan [page-html] | Target: \"<script>\" (containing) | Operator: \"contains\" | Actual: [Content length: 4862] | Result: ✅ MATCH","timestamp":"2026-06-14 00:49:34"}
{"level":"info","message":"🚨 [omunim] Saved 57 policy hits to database tenant_sbi.","timestamp":"2026-06-14 00:49:34"}
{"level":"info","message":"📊 [omunim] Saved PolicySummary snapshot.","timestamp":"2026-06-14 00:49:35"}
{"level":"info","message":"✅ Policy scan completed for omunim in 1630ms","timestamp":"2026-06-14 00:49:35"}
{"level":"info","message":"Job 15 (omunim) completed successfully.","timestamp":"2026-06-14 00:49:35"}
{"level":"info","message":"[Job repeat:c10eea93bf68cc56fd5c63b351df3d32:1781378400000] 🚀 Executing scheduled global orchestration...","timestamp":"2026-06-14 00:50:00"}
{"level":"info","message":"Orchestrator: Starting global scan orchestration... ","timestamp":"2026-06-14 00:50:00"}
{"level":"info","message":"🔗 Connecting to MASTER database: master","timestamp":"2026-06-14 00:50:00"}
{"level":"info","message":"Orchestrator: Found 2 tenants to process.","timestamp":"2026-06-14 00:50:00"}
{"level":"info","message":"📁 Switching to CLIENT database: tenant_rbi (Tenant: rbi)","timestamp":"2026-06-14 00:50:00"}
{"level":"info","message":"Orchestrator: No domains found for tenant rbi (excluding those currently scanning).","timestamp":"2026-06-14 00:50:00"}
{"level":"info","message":"📁 Switching to CLIENT database: tenant_sbi (Tenant: sbi)","timestamp":"2026-06-14 00:50:00"}
{"level":"info","message":"Orchestrator: No domains found for tenant sbi (excluding those currently scanning).","timestamp":"2026-06-14 00:50:00"}
{"level":"info","message":"Orchestrator: Master DB connection closed.","timestamp":"2026-06-14 00:50:00"}
{"level":"info","message":"✅ Orchestrator: Finished. Total jobs enqueued: 0","timestamp":"2026-06-14 00:50:00"}
{"level":"info","message":"Job repeat:c10eea93bf68cc56fd5c63b351df3d32:1781378400000 (Orchestrator) completed successfully.","timestamp":"2026-06-14 00:50:00"}
{"level":"info","message":"SIGINT signal received. Closing resources...","timestamp":"2026-06-14 00:50:40"}
{"level":"info","message":"All MongoDB connections closed.","timestamp":"2026-06-14 00:50:40"}
