{"level":"info","message":"BullBoard dashboard available at http://localhost:4100/admin/queues","timestamp":"2026-06-13 12:25:56"}
{"level":"info","message":"SEO Scan Worker initialized.","timestamp":"2026-06-13 12:25:56"}
{"code":"ECONNREFUSED","level":"error","message":"Redis Connection Error:","stack":"AggregateError [ECONNREFUSED]: \n    at internalConnectMultiple (node:net:1139:18)\n    at afterConnectMultiple (node:net:1714:7)","timestamp":"2026-06-13 12:25:56"}
{"code":"ECONNREFUSED","level":"error","message":"Redis Connection Error:","stack":"AggregateError [ECONNREFUSED]: \n    at internalConnectMultiple (node:net:1139:18)\n    at afterConnectMultiple (node:net:1714:7)","timestamp":"2026-06-13 12:25:56"}
{"code":"ECONNREFUSED","level":"error","message":"Redis Connection Error:","stack":"AggregateError [ECONNREFUSED]: \n    at internalConnectMultiple (node:net:1139:18)\n    at afterConnectMultiple (node:net:1714:7)","timestamp":"2026-06-13 12:25:56"}
{"code":"ECONNREFUSED","level":"error","message":"Redis Connection Error:","stack":"AggregateError [ECONNREFUSED]: \n    at internalConnectMultiple (node:net:1139:18)\n    at afterConnectMultiple (node:net:1714:7)","timestamp":"2026-06-13 12:25:56"}
{"code":"ECONNREFUSED","level":"error","message":"Redis Connection Error:","stack":"AggregateError [ECONNREFUSED]: \n    at internalConnectMultiple (node:net:1139:18)\n    at afterConnectMultiple (node:net:1714:7)","timestamp":"2026-06-13 12:25:56"}
{"code":"ECONNREFUSED","level":"error","message":"Redis Connection Error:","stack":"AggregateError [ECONNREFUSED]: \n    at internalConnectMultiple (node:net:1139:18)\n    at afterConnectMultiple (node:net:1714:7)","timestamp":"2026-06-13 12:25:56"}
{"code":"ECONNREFUSED","level":"error","message":"Redis Connection Error:","stack":"AggregateError [ECONNREFUSED]: \n    at internalConnectMultiple (node:net:1139:18)\n    at afterConnectMultiple (node:net:1714:7)","timestamp":"2026-06-13 12:25:57"}
{"code":"ECONNREFUSED","level":"error","message":"Redis Connection Error:","stack":"AggregateError [ECONNREFUSED]: \n    at internalConnectMultiple (node:net:1139:18)\n    at afterConnectMultiple (node:net:1714:7)","timestamp":"2026-06-13 12:25:57"}
{"code":"ECONNREFUSED","level":"error","message":"Redis Connection Error:","stack":"AggregateError [ECONNREFUSED]: \n    at internalConnectMultiple (node:net:1139:18)\n    at afterConnectMultiple (node:net:1714:7)","timestamp":"2026-06-13 12:25:58"}
{"code":"ECONNREFUSED","level":"error","message":"Redis Connection Error:","stack":"AggregateError [ECONNREFUSED]: \n    at internalConnectMultiple (node:net:1139:18)\n    at afterConnectMultiple (node:net:1714:7)","timestamp":"2026-06-13 12:25:58"}
{"code":"ECONNREFUSED","level":"error","message":"Redis Connection Error:","stack":"AggregateError [ECONNREFUSED]: \n    at internalConnectMultiple (node:net:1139:18)\n    at afterConnectMultiple (node:net:1714:7)","timestamp":"2026-06-13 12:25:59"}
{"code":"ECONNREFUSED","level":"error","message":"Redis Connection Error:","stack":"AggregateError [ECONNREFUSED]: \n    at internalConnectMultiple (node:net:1139:18)\n    at afterConnectMultiple (node:net:1714:7)","timestamp":"2026-06-13 12:25:59"}
{"code":"ECONNREFUSED","level":"error","message":"Redis Connection Error:","stack":"AggregateError [ECONNREFUSED]: \n    at internalConnectMultiple (node:net:1139:18)\n    at afterConnectMultiple (node:net:1714:7)","timestamp":"2026-06-13 12:26:00"}
{"code":"ECONNREFUSED","level":"error","message":"Redis Connection Error:","stack":"AggregateError [ECONNREFUSED]: \n    at internalConnectMultiple (node:net:1139:18)\n    at afterConnectMultiple (node:net:1714:7)","timestamp":"2026-06-13 12:26:00"}
{"code":"ECONNREFUSED","level":"error","message":"Redis Connection Error:","stack":"AggregateError [ECONNREFUSED]: \n    at internalConnectMultiple (node:net:1139:18)\n    at afterConnectMultiple (node:net:1714:7)","timestamp":"2026-06-13 12:26:01"}
{"code":"ECONNREFUSED","level":"error","message":"Redis Connection Error:","stack":"AggregateError [ECONNREFUSED]: \n    at internalConnectMultiple (node:net:1139:18)\n    at afterConnectMultiple (node:net:1714:7)","timestamp":"2026-06-13 12:26:02"}
{"code":"ECONNREFUSED","level":"error","message":"Redis Connection Error:","stack":"AggregateError [ECONNREFUSED]: \n    at internalConnectMultiple (node:net:1139:18)\n    at afterConnectMultiple (node:net:1714:7)","timestamp":"2026-06-13 12:26:03"}
{"code":"ECONNREFUSED","level":"error","message":"Redis Connection Error:","stack":"AggregateError [ECONNREFUSED]: \n    at internalConnectMultiple (node:net:1139:18)\n    at afterConnectMultiple (node:net:1714:7)","timestamp":"2026-06-13 12:26:04"}
{"code":"ECONNREFUSED","level":"error","message":"Redis Connection Error:","stack":"AggregateError [ECONNREFUSED]: \n    at internalConnectMultiple (node:net:1139:18)\n    at afterConnectMultiple (node:net:1714:7)","timestamp":"2026-06-13 12:26:05"}
{"code":"ECONNREFUSED","level":"error","message":"Redis Connection Error:","stack":"AggregateError [ECONNREFUSED]: \n    at internalConnectMultiple (node:net:1139:18)\n    at afterConnectMultiple (node:net:1714:7)","timestamp":"2026-06-13 12:26:06"}
{"code":"ECONNREFUSED","level":"error","message":"Redis Connection Error:","stack":"AggregateError [ECONNREFUSED]: \n    at internalConnectMultiple (node:net:1139:18)\n    at afterConnectMultiple (node:net:1714:7)","timestamp":"2026-06-13 12:26:07"}
{"code":"ECONNREFUSED","level":"error","message":"Redis Connection Error:","stack":"AggregateError [ECONNREFUSED]: \n    at internalConnectMultiple (node:net:1139:18)\n    at afterConnectMultiple (node:net:1714:7)","timestamp":"2026-06-13 12:26:08"}
{"code":"ECONNREFUSED","level":"error","message":"Redis Connection Error:","stack":"AggregateError [ECONNREFUSED]: \n    at internalConnectMultiple (node:net:1139:18)\n    at afterConnectMultiple (node:net:1714:7)","timestamp":"2026-06-13 12:26:09"}
{"code":"ECONNREFUSED","level":"error","message":"Redis Connection Error:","stack":"AggregateError [ECONNREFUSED]: \n    at internalConnectMultiple (node:net:1139:18)\n    at afterConnectMultiple (node:net:1714:7)","timestamp":"2026-06-13 12:26:10"}
{"code":"ECONNREFUSED","level":"error","message":"Redis Connection Error:","stack":"AggregateError [ECONNREFUSED]: \n    at internalConnectMultiple (node:net:1139:18)\n    at afterConnectMultiple (node:net:1714:7)","timestamp":"2026-06-13 12:26:11"}
{"code":"ECONNREFUSED","level":"error","message":"Redis Connection Error:","stack":"AggregateError [ECONNREFUSED]: \n    at internalConnectMultiple (node:net:1139:18)\n    at afterConnectMultiple (node:net:1714:7)","timestamp":"2026-06-13 12:26:13"}
{"level":"info","message":"🧹 Queue \"seo-scan-queue\" cleared recursively.","timestamp":"2026-06-13 12:26:14"}
{"level":"info","message":"⏰ Scheduled global orchestration every 1 minutes.","timestamp":"2026-06-13 12:26:14"}
{"level":"info","message":"SEO Scanner Service running on port 4100","timestamp":"2026-06-13 12:26:14"}
{"level":"info","message":"🚀 SCAN_ON_STARTUP is enabled. Triggering global orchestration...","timestamp":"2026-06-13 12:26:14"}
{"level":"info","message":"Orchestrator: Starting global scan orchestration... [STARTUP MODE]","timestamp":"2026-06-13 12:26:14"}
{"level":"info","message":"🔗 Connecting to MASTER database: master","timestamp":"2026-06-13 12:26:14"}
{"level":"info","message":"Orchestrator: Found 2 tenants to process.","timestamp":"2026-06-13 12:26:15"}
{"level":"info","message":"📁 Switching to CLIENT database: tenant_rbi (Tenant: rbi)","timestamp":"2026-06-13 12:26:15"}
{"level":"info","message":"✅ Successfully connected to database: tenant_rbi","timestamp":"2026-06-13 12:26:15"}
{"level":"info","message":"Orchestrator: No domains found for tenant rbi (excluding those currently scanning).","timestamp":"2026-06-13 12:26:16"}
{"level":"info","message":"📁 Switching to CLIENT database: tenant_sbi (Tenant: sbi)","timestamp":"2026-06-13 12:26:16"}
{"level":"info","message":"✅ Successfully connected to database: tenant_sbi","timestamp":"2026-06-13 12:26:16"}
{"level":"info","message":"Orchestrator: Found 2 domains for tenant sbi. Enqueueing jobs...","timestamp":"2026-06-13 12:26:16"}
{"level":"info","message":"[Job 2] 🔍 Starting scan for: https://omunim.com/","timestamp":"2026-06-13 12:26:16"}
{"level":"info","message":"  [1] Enqueued: https://omunim.com/","timestamp":"2026-06-13 12:26:16"}
{"level":"info","message":"[Job 3] 🔍 Starting scan for: https://jewellmaster.com","timestamp":"2026-06-13 12:26:16"}
{"level":"info","message":"  [2] Enqueued: https://jewellmaster.com","timestamp":"2026-06-13 12:26:16"}
{"level":"info","message":"[https://jewellmaster.com] Checking domain status for ID: 6a086772439e555ef5630506. Found: true, Deleted: false, Archived: false, Status: active","timestamp":"2026-06-13 12:26:16"}
{"level":"info","message":"Orchestrator: Master DB connection closed.","timestamp":"2026-06-13 12:26:16"}
{"level":"info","message":"✅ Orchestrator: Finished. Total jobs enqueued: 2","timestamp":"2026-06-13 12:26:16"}
{"level":"info","message":"✅ Initial global scan orchestration completed.","timestamp":"2026-06-13 12:26:16"}
{"level":"info","message":"[https://omunim.com/] Checking domain status for ID: 69fed1b9ce195e92e93ad3ad. Found: true, Deleted: false, Archived: false, Status: active","timestamp":"2026-06-13 12:26:17"}
{"level":"info","message":"🔍 [Crawl] Queue: 0 | Visited: 1 | Scanning: https://omunim.com/","timestamp":"2026-06-13 12:26:18"}
{"level":"info","message":"🔍 [Domain: omunim.com] [Page 1/4] Scanning: https://omunim.com/","timestamp":"2026-06-13 12:26:18"}
{"level":"info","message":"🔍 [Crawl] Queue: 0 | Visited: 1 | Scanning: https://jewellmaster.com/","timestamp":"2026-06-13 12:26:18"}
{"level":"info","message":"🔍 [Domain: jewellmaster.com] [Page 1/10] Scanning: https://jewellmaster.com/","timestamp":"2026-06-13 12:26:18"}
{"level":"info","message":"🔍 [Scraper] HTML length: 56417 | Body length: 25027 | Total <a> tags: 3","timestamp":"2026-06-13 12:26:25"}
{"level":"info","message":"🔗 [Link Extraction] Page: https://jewellmaster.com/ | hostNorm: jewellmaster.com | Found 3 total links (2 internal)","timestamp":"2026-06-13 12:26:25"}
{"level":"info","message":"[Job 4] 📋 Starting inventory scan for: https://omunim.com/","timestamp":"2026-06-13 12:26:25"}
{"level":"info","message":"[Inventory Scan] Starting background scan for scanId: 6a2cff170bb382022cc116c7, domain: https://omunim.com/","timestamp":"2026-06-13 12:26:25"}
{"level":"info","message":"🔍 [Scraper] HTML length: 77167 | Body length: 20046 | Total <a> tags: 65","timestamp":"2026-06-13 12:26:28"}
{"level":"info","message":"🔗 [Link Extraction] Page: https://omunim.com/ | hostNorm: omunim.com | Found 65 total links (21 internal)","timestamp":"2026-06-13 12:26:28"}
{"level":"info","message":"[Inventory Scan] Loaded 1 disallow rules from robots.txt","timestamp":"2026-06-13 12:26:28"}
{"level":"info","message":"[Inventory Scan] Scanning batch of size 1. Visited total: 1","timestamp":"2026-06-13 12:26:28"}
{"level":"info","message":"✅ [Late Detection] Found T&C at https://omunim.com/terms","timestamp":"2026-06-13 12:26:29"}
{"level":"info","message":"[Inventory Scan Progress] 📈 Scanned Page: https://omunim.com/ | Progress: 99%","timestamp":"2026-06-13 12:26:29"}
{"level":"info","message":"   └── 📦 Assets Discovered -> Pages: 1 | Images: 94 | CSS: 3 | JS: 5 | Docs: 0 | Emails: 1 | Headlinks: 11","timestamp":"2026-06-13 12:26:29"}
{"level":"info","message":"[Inventory Scan] Scanning batch of size 5. Visited total: 6","timestamp":"2026-06-13 12:26:29"}
{"level":"info","message":"🚀 [PageSpeed API] Fetching metrics for https://jewellmaster.com/...","timestamp":"2026-06-13 12:26:30"}
{"level":"info","message":"[Inventory Scan Progress] 📈 Scanned Page: https://omunim.com/jewellery-billing-software | Progress: 99%","timestamp":"2026-06-13 12:26:31"}
{"level":"info","message":"   └── 📦 Assets Discovered -> Pages: 6 | Images: 361 | CSS: 34 | JS: 33 | Docs: 0 | Emails: 6 | Headlinks: 61","timestamp":"2026-06-13 12:26:31"}
{"level":"info","message":"[Inventory Scan Progress] 📈 Scanned Page: https://omunim.com/jewellery-software | Progress: 99%","timestamp":"2026-06-13 12:26:31"}
{"level":"info","message":"   └── 📦 Assets Discovered -> Pages: 6 | Images: 361 | CSS: 34 | JS: 33 | Docs: 0 | Emails: 6 | Headlinks: 61","timestamp":"2026-06-13 12:26:31"}
{"level":"info","message":"[Inventory Scan Progress] 📈 Scanned Page: https://omunim.com/gold-loan-software | Progress: 99%","timestamp":"2026-06-13 12:26:31"}
{"level":"info","message":"   └── 📦 Assets Discovered -> Pages: 6 | Images: 361 | CSS: 34 | JS: 33 | Docs: 0 | Emails: 6 | Headlinks: 61","timestamp":"2026-06-13 12:26:31"}
{"level":"info","message":"[Inventory Scan Progress] 📈 Scanned Page: https://omunim.com/jewellery-mobile-app | Progress: 99%","timestamp":"2026-06-13 12:26:31"}
{"level":"info","message":"   └── 📦 Assets Discovered -> Pages: 6 | Images: 361 | CSS: 34 | JS: 33 | Docs: 0 | Emails: 6 | Headlinks: 61","timestamp":"2026-06-13 12:26:31"}
{"level":"info","message":"[Inventory Scan Progress] 📈 Scanned Page: https://omunim.com/signin | Progress: 99%","timestamp":"2026-06-13 12:26:31"}
{"level":"info","message":"   └── 📦 Assets Discovered -> Pages: 6 | Images: 361 | CSS: 34 | JS: 33 | Docs: 0 | Emails: 6 | Headlinks: 61","timestamp":"2026-06-13 12:26:31"}
{"level":"info","message":"[Inventory Scan] Scanning batch of size 5. Visited total: 11","timestamp":"2026-06-13 12:26:31"}
{"level":"info","message":"[Inventory Scan Progress] 📈 Scanned Page: https://omunim.com/best-jewellery-software | Progress: 99%","timestamp":"2026-06-13 12:26:33"}
{"level":"info","message":"   └── 📦 Assets Discovered -> Pages: 11 | Images: 591 | CSS: 76 | JS: 61 | Docs: 0 | Emails: 11 | Headlinks: 99","timestamp":"2026-06-13 12:26:33"}
{"level":"info","message":"[Inventory Scan Progress] 📈 Scanned Page: https://omunim.com/jewellery-videos | Progress: 99%","timestamp":"2026-06-13 12:26:33"}
{"level":"info","message":"   └── 📦 Assets Discovered -> Pages: 11 | Images: 591 | CSS: 76 | JS: 61 | Docs: 0 | Emails: 11 | Headlinks: 108","timestamp":"2026-06-13 12:26:33"}
{"level":"info","message":"[Inventory Scan Progress] 📈 Scanned Page: https://omunim.com/jewellery-billing-software-free | Progress: 99%","timestamp":"2026-06-13 12:26:33"}
{"level":"info","message":"   └── 📦 Assets Discovered -> Pages: 11 | Images: 591 | CSS: 76 | JS: 61 | Docs: 0 | Emails: 11 | Headlinks: 108","timestamp":"2026-06-13 12:26:33"}
{"level":"info","message":"[Inventory Scan Progress] 📈 Scanned Page: https://omunim.com/ecommerce | Progress: 99%","timestamp":"2026-06-13 12:26:33"}
{"level":"info","message":"   └── 📦 Assets Discovered -> Pages: 11 | Images: 591 | CSS: 76 | JS: 61 | Docs: 0 | Emails: 11 | Headlinks: 108","timestamp":"2026-06-13 12:26:33"}
{"level":"info","message":"[Inventory Scan Progress] 📈 Scanned Page: https://omunim.com/all-features | Progress: 99%","timestamp":"2026-06-13 12:26:33"}
{"level":"info","message":"   └── 📦 Assets Discovered -> Pages: 11 | Images: 591 | CSS: 76 | JS: 61 | Docs: 0 | Emails: 11 | Headlinks: 108","timestamp":"2026-06-13 12:26:33"}
{"level":"info","message":"[Inventory Scan] Scanning batch of size 5. Visited total: 16","timestamp":"2026-06-13 12:26:33"}
{"level":"info","message":"[Inventory Scan Progress] 📈 Scanned Page: https://omunim.com/downloads | Progress: 99%","timestamp":"2026-06-13 12:26:34"}
{"level":"info","message":"   └── 📦 Assets Discovered -> Pages: 16 | Images: 724 | CSS: 92 | JS: 79 | Docs: 0 | Emails: 15 | Headlinks: 109","timestamp":"2026-06-13 12:26:34"}
{"level":"info","message":"[Inventory Scan Progress] 📈 Scanned Page: https://omunim.com/aboutus | Progress: 99%","timestamp":"2026-06-13 12:26:34"}
{"level":"info","message":"   └── 📦 Assets Discovered -> Pages: 16 | Images: 724 | CSS: 92 | JS: 85 | Docs: 0 | Emails: 16 | Headlinks: 129","timestamp":"2026-06-13 12:26:34"}
{"level":"info","message":"[Inventory Scan Progress] 📈 Scanned Page: https://omunim.com/top-10-jewellery-software | Progress: 99%","timestamp":"2026-06-13 12:26:34"}
{"level":"info","message":"   └── 📦 Assets Discovered -> Pages: 16 | Images: 724 | CSS: 92 | JS: 85 | Docs: 0 | Emails: 16 | Headlinks: 129","timestamp":"2026-06-13 12:26:34"}
{"level":"info","message":"[Inventory Scan Progress] 📈 Scanned Page: https://omunim.com/contactus | Progress: 99%","timestamp":"2026-06-13 12:26:34"}
{"level":"info","message":"   └── 📦 Assets Discovered -> Pages: 16 | Images: 724 | CSS: 92 | JS: 85 | Docs: 0 | Emails: 16 | Headlinks: 129","timestamp":"2026-06-13 12:26:34"}
{"level":"info","message":"[Inventory Scan Progress] 📈 Scanned Page: https://omunim.com/career | Progress: 99%","timestamp":"2026-06-13 12:26:34"}
{"level":"info","message":"   └── 📦 Assets Discovered -> Pages: 16 | Images: 724 | CSS: 92 | JS: 85 | Docs: 0 | Emails: 16 | Headlinks: 129","timestamp":"2026-06-13 12:26:34"}
{"level":"info","message":"[Inventory Scan] Scanning batch of size 5. Visited total: 21","timestamp":"2026-06-13 12:26:34"}
{"level":"info","message":"[Inventory Scan Progress] 📈 Scanned Page: https://omunim.com/privacypolicy | Progress: 99%","timestamp":"2026-06-13 12:26:36"}
{"level":"info","message":"   └── 📦 Assets Discovered -> Pages: 21 | Images: 824 | CSS: 103 | JS: 104 | Docs: 0 | Emails: 20 | Headlinks: 139","timestamp":"2026-06-13 12:26:36"}
{"level":"info","message":"[Inventory Scan Progress] 📈 Scanned Page: https://omunim.com/faq | Progress: 99%","timestamp":"2026-06-13 12:26:36"}
{"level":"info","message":"   └── 📦 Assets Discovered -> Pages: 21 | Images: 824 | CSS: 103 | JS: 104 | Docs: 0 | Emails: 21 | Headlinks: 141","timestamp":"2026-06-13 12:26:36"}
{"level":"info","message":"[Inventory Scan Progress] 📈 Scanned Page: https://omunim.com/terms | Progress: 99%","timestamp":"2026-06-13 12:26:36"}
{"level":"info","message":"   └── 📦 Assets Discovered -> Pages: 21 | Images: 824 | CSS: 103 | JS: 104 | Docs: 0 | Emails: 21 | Headlinks: 152","timestamp":"2026-06-13 12:26:36"}
{"level":"info","message":"[Inventory Scan Progress] 📈 Scanned Page: https://omunim.com/feedback | Progress: 99%","timestamp":"2026-06-13 12:26:36"}
{"level":"info","message":"   └── 📦 Assets Discovered -> Pages: 21 | Images: 824 | CSS: 103 | JS: 104 | Docs: 0 | Emails: 21 | Headlinks: 152","timestamp":"2026-06-13 12:26:36"}
{"level":"info","message":"[Inventory Scan Progress] 📈 Scanned Page: https://omunim.com/site-map | Progress: 99%","timestamp":"2026-06-13 12:26:36"}
{"level":"info","message":"   └── 📦 Assets Discovered -> Pages: 21 | Images: 824 | CSS: 103 | JS: 104 | Docs: 0 | Emails: 21 | Headlinks: 152","timestamp":"2026-06-13 12:26:36"}
{"level":"info","message":"[Inventory Scan] Scanning batch of size 2. Visited total: 23","timestamp":"2026-06-13 12:26:36"}
{"level":"info","message":"[Inventory Scan Progress] 📈 Scanned Page: https://omunim.com/jewellery_billing_software_free | Progress: 99%","timestamp":"2026-06-13 12:26:37"}
{"level":"info","message":"   └── 📦 Assets Discovered -> Pages: 23 | Images: 930 | CSS: 120 | JS: 116 | Docs: 0 | Emails: 22 | Headlinks: 162","timestamp":"2026-06-13 12:26:37"}
{"level":"info","message":"[Inventory Scan Progress] 📈 Scanned Page: https://omunim.com/rfid | Progress: 99%","timestamp":"2026-06-13 12:26:37"}
{"level":"info","message":"   └── 📦 Assets Discovered -> Pages: 23 | Images: 930 | CSS: 120 | JS: 116 | Docs: 0 | Emails: 23 | Headlinks: 171","timestamp":"2026-06-13 12:26:37"}
{"level":"info","message":"[Inventory Scan] Scanning batch of size 1. Visited total: 24","timestamp":"2026-06-13 12:26:37"}
{"level":"info","message":"[Inventory Scan Progress] 📈 Scanned Page: https://omunim.com/rfid-for-jewellery | Progress: 99%","timestamp":"2026-06-13 12:26:38"}
{"level":"info","message":"   └── 📦 Assets Discovered -> Pages: 24 | Images: 975 | CSS: 128 | JS: 120 | Docs: 0 | Emails: 24 | Headlinks: 180","timestamp":"2026-06-13 12:26:38"}
{"level":"info","message":"[Inventory Scan Completed] ✅ Crawl finished successfully in 13343ms!","timestamp":"2026-06-13 12:26:38"}
{"level":"info","message":"   └── 📊 Final Inventory Totals -> Pages: 24 | Images: 975 | CSS: 128 | JS: 120 | Docs: 0 | Emails: 24 | Headlinks: 180","timestamp":"2026-06-13 12:26:38"}
{"level":"info","message":"Job 4 (undefined) completed successfully.","timestamp":"2026-06-13 12:26:38"}
{"level":"info","message":"🚀 [PageSpeed API] Fetching metrics for https://omunim.com/...","timestamp":"2026-06-13 12:26:44"}
{"level":"info","message":"✅ [PageSpeed API] Score for https://jewellmaster.com/: 74","timestamp":"2026-06-13 12:26:55"}
{"level":"info","message":"📊 [Lighthouse] Results for https://jewellmaster.com/: Performance: 74, SEO: 92, Accessibility: 88","timestamp":"2026-06-13 12:26:55"}
{"level":"info","message":"🔍 [Domain: jewellmaster.com] [Page 1/10] Found 2 internal links on https://jewellmaster.com/","timestamp":"2026-06-13 12:26:55"}
{"level":"info","message":"➕ [Queue] Adding: https://jewellmaster.com/features (targetHost: jewellmaster.com, hostNorm: jewellmaster.com)","timestamp":"2026-06-13 12:26:55"}
{"level":"info","message":"➕ [Queue] Adding: https://jewellmaster.com/demo.html (targetHost: jewellmaster.com, hostNorm: jewellmaster.com)","timestamp":"2026-06-13 12:26:55"}
{"level":"info","message":"🔍 [Crawl] Queue: 1 | Visited: 2 | Scanning: https://jewellmaster.com/features","timestamp":"2026-06-13 12:26:55"}
{"level":"info","message":"🔍 [Domain: jewellmaster.com] [Page 2/10] Scanning: https://jewellmaster.com/features","timestamp":"2026-06-13 12:26:55"}
{"level":"info","message":"🔍 [Scraper] HTML length: 10711 | Body length: 3978 | Total <a> tags: 11","timestamp":"2026-06-13 12:26:59"}
{"level":"info","message":"🔗 [Link Extraction] Page: https://jewellmaster.com/features | hostNorm: jewellmaster.com | Found 11 total links (11 internal)","timestamp":"2026-06-13 12:26:59"}
{"level":"info","message":"[Job repeat:c10eea93bf68cc56fd5c63b351df3d32:1781333820000] 🚀 Executing scheduled global orchestration...","timestamp":"2026-06-13 12:27:00"}
{"level":"info","message":"Orchestrator: Starting global scan orchestration... ","timestamp":"2026-06-13 12:27:00"}
{"level":"info","message":"🔗 Connecting to MASTER database: master","timestamp":"2026-06-13 12:27:00"}
{"level":"info","message":"Orchestrator: Found 2 tenants to process.","timestamp":"2026-06-13 12:27:01"}
{"level":"info","message":"📁 Switching to CLIENT database: tenant_rbi (Tenant: rbi)","timestamp":"2026-06-13 12:27:01"}
{"level":"info","message":"Orchestrator: No domains found for tenant rbi (excluding those currently scanning).","timestamp":"2026-06-13 12:27:01"}
{"level":"info","message":"📁 Switching to CLIENT database: tenant_sbi (Tenant: sbi)","timestamp":"2026-06-13 12:27:01"}
{"level":"info","message":"Orchestrator: Found 2 domains for tenant sbi. Enqueueing jobs...","timestamp":"2026-06-13 12:27:01"}
{"level":"info","message":"  [1] Enqueued: https://omunim.com/","timestamp":"2026-06-13 12:27:01"}
{"level":"info","message":"  [2] Enqueued: https://jewellmaster.com","timestamp":"2026-06-13 12:27:01"}
{"level":"info","message":"Orchestrator: Master DB connection closed.","timestamp":"2026-06-13 12:27:01"}
{"level":"info","message":"✅ Orchestrator: Finished. Total jobs enqueued: 2","timestamp":"2026-06-13 12:27:01"}
{"level":"info","message":"Job repeat:c10eea93bf68cc56fd5c63b351df3d32:1781333820000 (Orchestrator) completed successfully.","timestamp":"2026-06-13 12:27:01"}
{"level":"info","message":"[Job 6] 🔍 Starting scan for: https://omunim.com/","timestamp":"2026-06-13 12:27:01"}
{"level":"info","message":"[https://omunim.com/] Checking domain status for ID: 69fed1b9ce195e92e93ad3ad. Found: true, Deleted: false, Archived: false, Status: active","timestamp":"2026-06-13 12:27:01"}
{"level":"info","message":"🔍 [Crawl] Queue: 0 | Visited: 1 | Scanning: https://omunim.com/","timestamp":"2026-06-13 12:27:02"}
{"level":"info","message":"🔍 [Domain: omunim.com] [Page 1/4] Scanning: https://omunim.com/","timestamp":"2026-06-13 12:27:02"}
{"level":"info","message":"🚀 [PageSpeed API] Fetching metrics for https://jewellmaster.com/features...","timestamp":"2026-06-13 12:27:02"}
{"level":"info","message":"🔍 [Scraper] HTML length: 77167 | Body length: 20046 | Total <a> tags: 65","timestamp":"2026-06-13 12:27:07"}
{"level":"info","message":"🔗 [Link Extraction] Page: https://omunim.com/ | hostNorm: omunim.com | Found 65 total links (21 internal)","timestamp":"2026-06-13 12:27:07"}
{"level":"info","message":"✅ [Late Detection] Found T&C at https://omunim.com/terms","timestamp":"2026-06-13 12:27:08"}
{"level":"info","message":"✅ [PageSpeed API] Score for https://omunim.com/: 54","timestamp":"2026-06-13 12:27:11"}
{"level":"info","message":"📊 [Lighthouse] Results for https://omunim.com/: Performance: 54, SEO: 92, Accessibility: 75","timestamp":"2026-06-13 12:27:11"}
{"level":"info","message":"🔍 [Domain: omunim.com] [Page 1/4] Found 21 internal links on https://omunim.com/","timestamp":"2026-06-13 12:27:11"}
{"level":"info","message":"➕ [Queue] Adding: https://omunim.com/jewellery-software (targetHost: omunim.com, hostNorm: omunim.com)","timestamp":"2026-06-13 12:27:11"}
{"level":"info","message":"➕ [Queue] Adding: https://omunim.com/signin (targetHost: omunim.com, hostNorm: omunim.com)","timestamp":"2026-06-13 12:27:11"}
{"level":"info","message":"➕ [Queue] Adding: https://omunim.com/jewellery-billing-software (targetHost: omunim.com, hostNorm: omunim.com)","timestamp":"2026-06-13 12:27:11"}
{"level":"info","message":"➕ [Queue] Adding: https://omunim.com/gold-loan-software (targetHost: omunim.com, hostNorm: omunim.com)","timestamp":"2026-06-13 12:27:11"}
{"level":"info","message":"➕ [Queue] Adding: https://omunim.com/jewellery-mobile-app (targetHost: omunim.com, hostNorm: omunim.com)","timestamp":"2026-06-13 12:27:11"}
{"level":"info","message":"➕ [Queue] Adding: https://omunim.com/ecommerce (targetHost: omunim.com, hostNorm: omunim.com)","timestamp":"2026-06-13 12:27:11"}
{"level":"info","message":"➕ [Queue] Adding: https://omunim.com/jewellery-videos (targetHost: omunim.com, hostNorm: omunim.com)","timestamp":"2026-06-13 12:27:11"}
{"level":"info","message":"➕ [Queue] Adding: https://omunim.com/all-features (targetHost: omunim.com, hostNorm: omunim.com)","timestamp":"2026-06-13 12:27:11"}
{"level":"info","message":"➕ [Queue] Adding: https://omunim.com/jewellery-billing-software-free (targetHost: omunim.com, hostNorm: omunim.com)","timestamp":"2026-06-13 12:27:11"}
{"level":"info","message":"➕ [Queue] Adding: https://omunim.com/best-jewellery-software (targetHost: omunim.com, hostNorm: omunim.com)","timestamp":"2026-06-13 12:27:11"}
{"level":"info","message":"➕ [Queue] Adding: https://omunim.com/top-10-jewellery-software (targetHost: omunim.com, hostNorm: omunim.com)","timestamp":"2026-06-13 12:27:11"}
{"level":"info","message":"➕ [Queue] Adding: https://omunim.com/downloads (targetHost: omunim.com, hostNorm: omunim.com)","timestamp":"2026-06-13 12:27:11"}
{"level":"info","message":"➕ [Queue] Adding: https://omunim.com/aboutus (targetHost: omunim.com, hostNorm: omunim.com)","timestamp":"2026-06-13 12:27:11"}
{"level":"info","message":"➕ [Queue] Adding: https://omunim.com/contactus (targetHost: omunim.com, hostNorm: omunim.com)","timestamp":"2026-06-13 12:27:11"}
{"level":"info","message":"➕ [Queue] Adding: https://omunim.com/career (targetHost: omunim.com, hostNorm: omunim.com)","timestamp":"2026-06-13 12:27:11"}
{"level":"info","message":"➕ [Queue] Adding: https://omunim.com/faq (targetHost: omunim.com, hostNorm: omunim.com)","timestamp":"2026-06-13 12:27:11"}
{"level":"info","message":"➕ [Queue] Adding: https://omunim.com/feedback (targetHost: omunim.com, hostNorm: omunim.com)","timestamp":"2026-06-13 12:27:11"}
{"level":"info","message":"➕ [Queue] Adding: https://omunim.com/terms (targetHost: omunim.com, hostNorm: omunim.com)","timestamp":"2026-06-13 12:27:11"}
{"level":"info","message":"➕ [Queue] Adding: https://omunim.com/privacypolicy (targetHost: omunim.com, hostNorm: omunim.com)","timestamp":"2026-06-13 12:27:11"}
{"level":"info","message":"➕ [Queue] Adding: https://omunim.com/site-map (targetHost: omunim.com, hostNorm: omunim.com)","timestamp":"2026-06-13 12:27:11"}
{"level":"info","message":"🔍 [Crawl] Queue: 19 | Visited: 2 | Scanning: https://omunim.com/jewellery-software","timestamp":"2026-06-13 12:27:11"}
{"level":"info","message":"🔍 [Domain: omunim.com] [Page 2/4] Scanning: https://omunim.com/jewellery-software","timestamp":"2026-06-13 12:27:11"}
{"level":"info","message":"🔍 [Scraper] HTML length: 77185 | Body length: 20046 | Total <a> tags: 65","timestamp":"2026-06-13 12:27:16"}
{"level":"info","message":"🔗 [Link Extraction] Page: https://omunim.com/jewellery-software | hostNorm: omunim.com | Found 65 total links (21 internal)","timestamp":"2026-06-13 12:27:16"}
{"level":"info","message":"✅ [PageSpeed API] Score for https://jewellmaster.com/features: 90","timestamp":"2026-06-13 12:27:21"}
{"level":"info","message":"📊 [Lighthouse] Results for https://jewellmaster.com/features: Performance: 90, SEO: 92, Accessibility: 100","timestamp":"2026-06-13 12:27:21"}
{"level":"info","message":"🔍 [Domain: jewellmaster.com] [Page 2/10] Found 11 internal links on https://jewellmaster.com/features","timestamp":"2026-06-13 12:27:21"}
{"level":"info","message":"➕ [Queue] Adding: https://jewellmaster.com/features/jewelry-inventory-management (targetHost: jewellmaster.com, hostNorm: jewellmaster.com)","timestamp":"2026-06-13 12:27:21"}
{"level":"info","message":"➕ [Queue] Adding: https://jewellmaster.com/features/gst-billing-invoicing (targetHost: jewellmaster.com, hostNorm: jewellmaster.com)","timestamp":"2026-06-13 12:27:21"}
{"level":"info","message":"➕ [Queue] Adding: https://jewellmaster.com/features/crm-customer-management (targetHost: jewellmaster.com, hostNorm: jewellmaster.com)","timestamp":"2026-06-13 12:27:21"}
{"level":"info","message":"➕ [Queue] Adding: https://jewellmaster.com/features/accounting-financial-management (targetHost: jewellmaster.com, hostNorm: jewellmaster.com)","timestamp":"2026-06-13 12:27:21"}
{"level":"info","message":"➕ [Queue] Adding: https://jewellmaster.com/features/ai-powered-reports (targetHost: jewellmaster.com, hostNorm: jewellmaster.com)","timestamp":"2026-06-13 12:27:21"}
{"level":"info","message":"➕ [Queue] Adding: https://jewellmaster.com/features/multi-branch-management (targetHost: jewellmaster.com, hostNorm: jewellmaster.com)","timestamp":"2026-06-13 12:27:21"}
{"level":"info","message":"➕ [Queue] Adding: https://jewellmaster.com/features/mobile-app (targetHost: jewellmaster.com, hostNorm: jewellmaster.com)","timestamp":"2026-06-13 12:27:21"}
{"level":"info","message":"➕ [Queue] Adding: https://jewellmaster.com/features/integrations (targetHost: jewellmaster.com, hostNorm: jewellmaster.com)","timestamp":"2026-06-13 12:27:21"}
{"level":"info","message":"➕ [Queue] Adding: https://jewellmaster.com/features/security-reliability (targetHost: jewellmaster.com, hostNorm: jewellmaster.com)","timestamp":"2026-06-13 12:27:21"}
{"level":"info","message":"🔍 [Crawl] Queue: 9 | Visited: 3 | Scanning: https://jewellmaster.com/demo.html","timestamp":"2026-06-13 12:27:21"}
{"level":"info","message":"🔍 [Domain: jewellmaster.com] [Page 3/10] Scanning: https://jewellmaster.com/demo.html","timestamp":"2026-06-13 12:27:21"}
{"level":"info","message":"🚀 [PageSpeed API] Fetching metrics for https://omunim.com/...","timestamp":"2026-06-13 12:27:22"}
{"level":"info","message":"🚀 [PageSpeed API] Fetching metrics for https://omunim.com/jewellery-software...","timestamp":"2026-06-13 12:27:24"}
{"level":"info","message":"🔍 [Scraper] HTML length: 24659 | Body length: 13539 | Total <a> tags: 3","timestamp":"2026-06-13 12:27:40"}
{"level":"info","message":"🔗 [Link Extraction] Page: https://jewellmaster.com/demo | hostNorm: jewellmaster.com | Found 3 total links (2 internal)","timestamp":"2026-06-13 12:27:40"}
{"level":"info","message":"🚀 [PageSpeed API] Fetching metrics for https://jewellmaster.com/demo...","timestamp":"2026-06-13 12:27:42"}
{"level":"info","message":"✅ [PageSpeed API] Score for https://omunim.com/: 70","timestamp":"2026-06-13 12:27:42"}
{"level":"info","message":"📊 [Lighthouse] Results for https://omunim.com/: Performance: 70, SEO: 92, Accessibility: 79","timestamp":"2026-06-13 12:27:42"}
{"level":"info","message":"🔍 [Domain: omunim.com] [Page 1/4] Found 21 internal links on https://omunim.com/","timestamp":"2026-06-13 12:27:42"}
{"level":"info","message":"➕ [Queue] Adding: https://omunim.com/jewellery-software (targetHost: omunim.com, hostNorm: omunim.com)","timestamp":"2026-06-13 12:27:42"}
{"level":"info","message":"➕ [Queue] Adding: https://omunim.com/signin (targetHost: omunim.com, hostNorm: omunim.com)","timestamp":"2026-06-13 12:27:42"}
{"level":"info","message":"➕ [Queue] Adding: https://omunim.com/jewellery-billing-software (targetHost: omunim.com, hostNorm: omunim.com)","timestamp":"2026-06-13 12:27:42"}
{"level":"info","message":"➕ [Queue] Adding: https://omunim.com/gold-loan-software (targetHost: omunim.com, hostNorm: omunim.com)","timestamp":"2026-06-13 12:27:42"}
{"level":"info","message":"➕ [Queue] Adding: https://omunim.com/jewellery-mobile-app (targetHost: omunim.com, hostNorm: omunim.com)","timestamp":"2026-06-13 12:27:42"}
{"level":"info","message":"➕ [Queue] Adding: https://omunim.com/ecommerce (targetHost: omunim.com, hostNorm: omunim.com)","timestamp":"2026-06-13 12:27:42"}
{"level":"info","message":"➕ [Queue] Adding: https://omunim.com/jewellery-videos (targetHost: omunim.com, hostNorm: omunim.com)","timestamp":"2026-06-13 12:27:42"}
{"level":"info","message":"➕ [Queue] Adding: https://omunim.com/all-features (targetHost: omunim.com, hostNorm: omunim.com)","timestamp":"2026-06-13 12:27:42"}
{"level":"info","message":"➕ [Queue] Adding: https://omunim.com/jewellery-billing-software-free (targetHost: omunim.com, hostNorm: omunim.com)","timestamp":"2026-06-13 12:27:42"}
{"level":"info","message":"➕ [Queue] Adding: https://omunim.com/best-jewellery-software (targetHost: omunim.com, hostNorm: omunim.com)","timestamp":"2026-06-13 12:27:42"}
{"level":"info","message":"➕ [Queue] Adding: https://omunim.com/top-10-jewellery-software (targetHost: omunim.com, hostNorm: omunim.com)","timestamp":"2026-06-13 12:27:42"}
{"level":"info","message":"➕ [Queue] Adding: https://omunim.com/downloads (targetHost: omunim.com, hostNorm: omunim.com)","timestamp":"2026-06-13 12:27:42"}
{"level":"info","message":"➕ [Queue] Adding: https://omunim.com/aboutus (targetHost: omunim.com, hostNorm: omunim.com)","timestamp":"2026-06-13 12:27:42"}
{"level":"info","message":"➕ [Queue] Adding: https://omunim.com/contactus (targetHost: omunim.com, hostNorm: omunim.com)","timestamp":"2026-06-13 12:27:42"}
{"level":"info","message":"➕ [Queue] Adding: https://omunim.com/career (targetHost: omunim.com, hostNorm: omunim.com)","timestamp":"2026-06-13 12:27:42"}
{"level":"info","message":"➕ [Queue] Adding: https://omunim.com/faq (targetHost: omunim.com, hostNorm: omunim.com)","timestamp":"2026-06-13 12:27:42"}
{"level":"info","message":"➕ [Queue] Adding: https://omunim.com/feedback (targetHost: omunim.com, hostNorm: omunim.com)","timestamp":"2026-06-13 12:27:42"}
{"level":"info","message":"➕ [Queue] Adding: https://omunim.com/terms (targetHost: omunim.com, hostNorm: omunim.com)","timestamp":"2026-06-13 12:27:42"}
{"level":"info","message":"➕ [Queue] Adding: https://omunim.com/privacypolicy (targetHost: omunim.com, hostNorm: omunim.com)","timestamp":"2026-06-13 12:27:42"}
{"level":"info","message":"➕ [Queue] Adding: https://omunim.com/site-map (targetHost: omunim.com, hostNorm: omunim.com)","timestamp":"2026-06-13 12:27:42"}
{"level":"info","message":"🔍 [Crawl] Queue: 19 | Visited: 2 | Scanning: https://omunim.com/jewellery-software","timestamp":"2026-06-13 12:27:42"}
{"level":"info","message":"🔍 [Domain: omunim.com] [Page 2/4] Scanning: https://omunim.com/jewellery-software","timestamp":"2026-06-13 12:27:42"}
{"level":"info","message":"✅ [PageSpeed API] Score for https://omunim.com/jewellery-software: 43","timestamp":"2026-06-13 12:27:55"}
{"level":"info","message":"📊 [Lighthouse] Results for https://omunim.com/jewellery-software: Performance: 43, SEO: 92, Accessibility: 78","timestamp":"2026-06-13 12:27:55"}
{"level":"info","message":"🔍 [Domain: omunim.com] [Page 2/4] Found 21 internal links on https://omunim.com/jewellery-software","timestamp":"2026-06-13 12:27:55"}
{"level":"info","message":"🔍 [Crawl] Queue: 18 | Visited: 3 | Scanning: https://omunim.com/signin","timestamp":"2026-06-13 12:27:55"}
{"level":"info","message":"🔍 [Domain: omunim.com] [Page 3/4] Scanning: https://omunim.com/signin","timestamp":"2026-06-13 12:27:55"}
{"level":"info","message":"🔍 [Scraper] HTML length: 58428 | Body length: 7856 | Total <a> tags: 44","timestamp":"2026-06-13 12:28:01"}
{"level":"info","message":"🔗 [Link Extraction] Page: https://omunim.com/signin | hostNorm: omunim.com | Found 44 total links (18 internal)","timestamp":"2026-06-13 12:28:01"}
{"level":"info","message":"✅ [PageSpeed API] Score for https://jewellmaster.com/demo: 84","timestamp":"2026-06-13 12:28:01"}
{"level":"info","message":"📊 [Lighthouse] Results for https://jewellmaster.com/demo: Performance: 84, SEO: 85, Accessibility: 69","timestamp":"2026-06-13 12:28:01"}
{"level":"info","message":"🔍 [Domain: jewellmaster.com] [Page 3/10] Found 2 internal links on https://jewellmaster.com/demo.html","timestamp":"2026-06-13 12:28:01"}
{"level":"info","message":"➕ [Queue] Adding: https://jewellmaster.com/demo (targetHost: jewellmaster.com, hostNorm: jewellmaster.com)","timestamp":"2026-06-13 12:28:01"}
{"level":"info","message":"🔍 [Crawl] Queue: 9 | Visited: 4 | Scanning: https://jewellmaster.com/features/jewelry-inventory-management","timestamp":"2026-06-13 12:28:01"}
{"level":"info","message":"🔍 [Domain: jewellmaster.com] [Page 4/10] Scanning: https://jewellmaster.com/features/jewelry-inventory-management","timestamp":"2026-06-13 12:28:01"}
{"level":"info","message":"🔍 [Scraper] HTML length: 77185 | Body length: 20046 | Total <a> tags: 65","timestamp":"2026-06-13 12:28:04"}
{"level":"info","message":"🔗 [Link Extraction] Page: https://omunim.com/jewellery-software | hostNorm: omunim.com | Found 65 total links (21 internal)","timestamp":"2026-06-13 12:28:04"}
{"level":"info","message":"🔍 [Scraper] HTML length: 10851 | Body length: 4145 | Total <a> tags: 11","timestamp":"2026-06-13 12:28:07"}
{"level":"info","message":"🔗 [Link Extraction] Page: https://jewellmaster.com/features/jewelry-inventory-management | hostNorm: jewellmaster.com | Found 11 total links (11 internal)","timestamp":"2026-06-13 12:28:07"}
{"level":"info","message":"🚀 [PageSpeed API] Fetching metrics for https://jewellmaster.com/features/jewelry-inventory-management...","timestamp":"2026-06-13 12:28:11"}
{"level":"info","message":"🚀 [PageSpeed API] Fetching metrics for https://omunim.com/signin...","timestamp":"2026-06-13 12:28:14"}
{"level":"info","message":"🚀 [PageSpeed API] Fetching metrics for https://omunim.com/jewellery-software...","timestamp":"2026-06-13 12:28:19"}
{"level":"info","message":"✅ [PageSpeed API] Score for https://omunim.com/jewellery-software: 43","timestamp":"2026-06-13 12:28:20"}
{"level":"info","message":"📊 [Lighthouse] Results for https://omunim.com/jewellery-software: Performance: 43, SEO: 92, Accessibility: 78","timestamp":"2026-06-13 12:28:20"}
{"level":"info","message":"🔍 [Domain: omunim.com] [Page 2/4] Found 21 internal links on https://omunim.com/jewellery-software","timestamp":"2026-06-13 12:28:20"}
{"level":"info","message":"🔍 [Crawl] Queue: 18 | Visited: 3 | Scanning: https://omunim.com/signin","timestamp":"2026-06-13 12:28:20"}
{"level":"info","message":"🔍 [Domain: omunim.com] [Page 3/4] Scanning: https://omunim.com/signin","timestamp":"2026-06-13 12:28:20"}
{"level":"info","message":"🔍 [Scraper] HTML length: 58428 | Body length: 7856 | Total <a> tags: 44","timestamp":"2026-06-13 12:28:25"}
{"level":"info","message":"🔗 [Link Extraction] Page: https://omunim.com/signin | hostNorm: omunim.com | Found 44 total links (18 internal)","timestamp":"2026-06-13 12:28:25"}
{"level":"info","message":"✅ [PageSpeed API] Score for https://omunim.com/signin: 66","timestamp":"2026-06-13 12:28:30"}
{"level":"info","message":"📊 [Lighthouse] Results for https://omunim.com/signin: Performance: 66, SEO: 92, Accessibility: 87","timestamp":"2026-06-13 12:28:30"}
{"level":"info","message":"✅ [PageSpeed API] Score for https://jewellmaster.com/features/jewelry-inventory-management: 89","timestamp":"2026-06-13 12:28:30"}
{"level":"info","message":"📊 [Lighthouse] Results for https://jewellmaster.com/features/jewelry-inventory-management: Performance: 89, SEO: 92, Accessibility: 100","timestamp":"2026-06-13 12:28:30"}
{"level":"info","message":"🔍 [Domain: omunim.com] [Page 3/4] Found 18 internal links on https://omunim.com/signin","timestamp":"2026-06-13 12:28:30"}
{"level":"info","message":"🔍 [Crawl] Queue: 17 | Visited: 4 | Scanning: https://omunim.com/jewellery-billing-software","timestamp":"2026-06-13 12:28:30"}
{"level":"info","message":"🔍 [Domain: omunim.com] [Page 4/4] Scanning: https://omunim.com/jewellery-billing-software","timestamp":"2026-06-13 12:28:30"}
{"level":"info","message":"🔍 [Domain: jewellmaster.com] [Page 4/10] Found 11 internal links on https://jewellmaster.com/features/jewelry-inventory-management","timestamp":"2026-06-13 12:28:31"}
{"level":"info","message":"🔍 [Crawl] Queue: 8 | Visited: 5 | Scanning: https://jewellmaster.com/features/gst-billing-invoicing","timestamp":"2026-06-13 12:28:31"}
{"level":"info","message":"🔍 [Domain: jewellmaster.com] [Page 5/10] Scanning: https://jewellmaster.com/features/gst-billing-invoicing","timestamp":"2026-06-13 12:28:31"}
{"level":"info","message":"🚀 [PageSpeed API] Fetching metrics for https://omunim.com/signin...","timestamp":"2026-06-13 12:28:31"}
{"level":"info","message":"🔍 [Scraper] HTML length: 10890 | Body length: 4131 | Total <a> tags: 11","timestamp":"2026-06-13 12:28:35"}
{"level":"info","message":"🔗 [Link Extraction] Page: https://jewellmaster.com/features/gst-billing-invoicing | hostNorm: jewellmaster.com | Found 11 total links (11 internal)","timestamp":"2026-06-13 12:28:35"}
{"level":"info","message":"🔍 [Scraper] HTML length: 48441 | Body length: 10525 | Total <a> tags: 48","timestamp":"2026-06-13 12:28:39"}
{"level":"info","message":"🔗 [Link Extraction] Page: https://omunim.com/jewellery-billing-software | hostNorm: omunim.com | Found 48 total links (19 internal)","timestamp":"2026-06-13 12:28:39"}
{"level":"info","message":"🚀 [PageSpeed API] Fetching metrics for https://jewellmaster.com/features/gst-billing-invoicing...","timestamp":"2026-06-13 12:28:42"}
{"level":"info","message":"✅ [PageSpeed API] Score for https://omunim.com/signin: 71","timestamp":"2026-06-13 12:28:48"}
{"level":"info","message":"📊 [Lighthouse] Results for https://omunim.com/signin: Performance: 71, SEO: 92, Accessibility: 87","timestamp":"2026-06-13 12:28:48"}
{"level":"info","message":"🔍 [Domain: omunim.com] [Page 3/4] Found 18 internal links on https://omunim.com/signin","timestamp":"2026-06-13 12:28:48"}
{"level":"info","message":"🔍 [Crawl] Queue: 17 | Visited: 4 | Scanning: https://omunim.com/jewellery-billing-software","timestamp":"2026-06-13 12:28:48"}
{"level":"info","message":"🔍 [Domain: omunim.com] [Page 4/4] Scanning: https://omunim.com/jewellery-billing-software","timestamp":"2026-06-13 12:28:48"}
{"level":"info","message":"🚀 [PageSpeed API] Fetching metrics for https://omunim.com/jewellery-billing-software...","timestamp":"2026-06-13 12:28:49"}
{"level":"info","message":"✅ [PageSpeed API] Score for https://jewellmaster.com/features/gst-billing-invoicing: 91","timestamp":"2026-06-13 12:28:59"}
{"level":"info","message":"📊 [Lighthouse] Results for https://jewellmaster.com/features/gst-billing-invoicing: Performance: 91, SEO: 92, Accessibility: 100","timestamp":"2026-06-13 12:28:59"}
{"level":"info","message":"🔍 [Domain: jewellmaster.com] [Page 5/10] Found 11 internal links on https://jewellmaster.com/features/gst-billing-invoicing","timestamp":"2026-06-13 12:28:59"}
{"level":"info","message":"🔍 [Crawl] Queue: 7 | Visited: 6 | Scanning: https://jewellmaster.com/features/crm-customer-management","timestamp":"2026-06-13 12:28:59"}
{"level":"info","message":"🔍 [Domain: jewellmaster.com] [Page 6/10] Scanning: https://jewellmaster.com/features/crm-customer-management","timestamp":"2026-06-13 12:28:59"}
{"level":"info","message":"🔍 [Scraper] HTML length: 10796 | Body length: 4116 | Total <a> tags: 11","timestamp":"2026-06-13 12:29:04"}
{"level":"info","message":"🔗 [Link Extraction] Page: https://jewellmaster.com/features/crm-customer-management | hostNorm: jewellmaster.com | Found 11 total links (11 internal)","timestamp":"2026-06-13 12:29:04"}
{"level":"info","message":"🔍 [Scraper] HTML length: 48441 | Body length: 10525 | Total <a> tags: 48","timestamp":"2026-06-13 12:29:08"}
{"level":"info","message":"🔗 [Link Extraction] Page: https://omunim.com/jewellery-billing-software | hostNorm: omunim.com | Found 48 total links (19 internal)","timestamp":"2026-06-13 12:29:08"}
{"level":"info","message":"🚀 [PageSpeed API] Fetching metrics for https://jewellmaster.com/features/crm-customer-management...","timestamp":"2026-06-13 12:29:08"}
{"level":"info","message":"✅ [PageSpeed API] Score for https://omunim.com/jewellery-billing-software: 60","timestamp":"2026-06-13 12:29:10"}
{"level":"info","message":"📊 [Lighthouse] Results for https://omunim.com/jewellery-billing-software: Performance: 60, SEO: 92, Accessibility: 91","timestamp":"2026-06-13 12:29:10"}
{"level":"info","message":"🔍 [Domain: omunim.com] [Page 4/4] Found 19 internal links on https://omunim.com/jewellery-billing-software","timestamp":"2026-06-13 12:29:10"}
{"level":"info","message":"[https://omunim.com/] Evaluating 1 policies against 4 pages.","timestamp":"2026-06-13 12:29:10"}
{"level":"info","message":"✅ [https://omunim.com/] Saved 4 pages to database tenant_sbi.","timestamp":"2026-06-13 12:29:11"}
{"level":"info","message":"📊 [https://omunim.com/] Domain summary created in tenant_sbi. Final Score: 31","timestamp":"2026-06-13 12:29:11"}
{"level":"info","message":"📋 [omunim.com] Compiling detailed audit data snapshot for jobId: 2-1781333776645...","timestamp":"2026-06-13 12:29:11"}
{"level":"info","message":"💾 [omunim.com] Saved complete Audit details & summary snap to DB for jobId: 2-1781333776645","timestamp":"2026-06-13 12:29:11"}
{"level":"info","message":"📋 [omunim.com] QA scan saved: 4 pages, jobId 2-1781333776645","timestamp":"2026-06-13 12:29:11"}
{"level":"info","message":"♿ [omunim.com] Starting Accessibility scan for 4 pages...","timestamp":"2026-06-13 12:29:11"}
{"level":"info","message":"🚀 [PageSpeed API] Fetching metrics for https://omunim.com/jewellery-billing-software...","timestamp":"2026-06-13 12:29:16"}
{"level":"info","message":"✅ [PageSpeed API] Score for https://jewellmaster.com/features/crm-customer-management: 90","timestamp":"2026-06-13 12:29:27"}
{"level":"info","message":"📊 [Lighthouse] Results for https://jewellmaster.com/features/crm-customer-management: Performance: 90, SEO: 92, Accessibility: 100","timestamp":"2026-06-13 12:29:27"}
{"level":"info","message":"🔍 [Domain: jewellmaster.com] [Page 6/10] Found 11 internal links on https://jewellmaster.com/features/crm-customer-management","timestamp":"2026-06-13 12:29:27"}
{"level":"info","message":"🔍 [Crawl] Queue: 6 | Visited: 7 | Scanning: https://jewellmaster.com/features/accounting-financial-management","timestamp":"2026-06-13 12:29:27"}
{"level":"info","message":"🔍 [Domain: jewellmaster.com] [Page 7/10] Scanning: https://jewellmaster.com/features/accounting-financial-management","timestamp":"2026-06-13 12:29:27"}
{"level":"info","message":"🔍 [Scraper] HTML length: 10878 | Body length: 4176 | Total <a> tags: 11","timestamp":"2026-06-13 12:29:32"}
{"level":"info","message":"🔗 [Link Extraction] Page: https://jewellmaster.com/features/accounting-financial-management | hostNorm: jewellmaster.com | Found 11 total links (11 internal)","timestamp":"2026-06-13 12:29:32"}
{"level":"info","message":"♿ [omunim.com] Axe-core scanned 4/4","timestamp":"2026-06-13 12:29:33"}
{"level":"info","message":"✅ [omunim.com] Accessibility scan saved: 4 pages, jobId 2-1781333776645","timestamp":"2026-06-13 12:29:35"}
{"level":"info","message":"Job 2 (https://omunim.com/) completed successfully.","timestamp":"2026-06-13 12:29:35"}
{"level":"info","message":"[Job 7] 🔍 Starting scan for: https://jewellmaster.com","timestamp":"2026-06-13 12:29:35"}
{"level":"info","message":"[https://jewellmaster.com] Checking domain status for ID: 6a086772439e555ef5630506. Found: true, Deleted: false, Archived: false, Status: active","timestamp":"2026-06-13 12:29:35"}
{"level":"info","message":"✅ [PageSpeed API] Score for https://omunim.com/jewellery-billing-software: 81","timestamp":"2026-06-13 12:29:35"}
{"level":"info","message":"📊 [Lighthouse] Results for https://omunim.com/jewellery-billing-software: Performance: 81, SEO: 92, Accessibility: 91","timestamp":"2026-06-13 12:29:35"}
{"level":"info","message":"🔍 [Domain: omunim.com] [Page 4/4] Found 19 internal links on https://omunim.com/jewellery-billing-software","timestamp":"2026-06-13 12:29:35"}
{"level":"info","message":"🔍 [Crawl] Queue: 0 | Visited: 1 | Scanning: https://jewellmaster.com/","timestamp":"2026-06-13 12:29:36"}
{"level":"info","message":"🔍 [Domain: jewellmaster.com] [Page 1/10] Scanning: https://jewellmaster.com/","timestamp":"2026-06-13 12:29:36"}
{"level":"info","message":"[https://omunim.com/] Evaluating 1 policies against 4 pages.","timestamp":"2026-06-13 12:29:37"}
{"level":"info","message":"🚀 [PageSpeed API] Fetching metrics for https://jewellmaster.com/features/accounting-financial-management...","timestamp":"2026-06-13 12:29:38"}
{"level":"info","message":"✅ [https://omunim.com/] Saved 4 pages to database tenant_sbi.","timestamp":"2026-06-13 12:29:38"}
{"level":"info","message":"📊 [https://omunim.com/] Domain summary created in tenant_sbi. Final Score: 35","timestamp":"2026-06-13 12:29:38"}
{"level":"info","message":"📋 [omunim.com] Compiling detailed audit data snapshot for jobId: 6-1781333821543...","timestamp":"2026-06-13 12:29:38"}
{"level":"info","message":"💾 [omunim.com] Saved complete Audit details & summary snap to DB for jobId: 6-1781333821543","timestamp":"2026-06-13 12:29:38"}
{"level":"info","message":"📋 [omunim.com] QA scan saved: 4 pages, jobId 6-1781333821543","timestamp":"2026-06-13 12:29:38"}
{"level":"info","message":"♿ [omunim.com] Starting Accessibility scan for 4 pages...","timestamp":"2026-06-13 12:29:38"}
{"level":"info","message":"🔍 [Scraper] HTML length: 56417 | Body length: 25027 | Total <a> tags: 3","timestamp":"2026-06-13 12:29:56"}
{"level":"info","message":"🔗 [Link Extraction] Page: https://jewellmaster.com/ | hostNorm: jewellmaster.com | Found 3 total links (2 internal)","timestamp":"2026-06-13 12:29:56"}
{"level":"info","message":"✅ [PageSpeed API] Score for https://jewellmaster.com/features/accounting-financial-management: 89","timestamp":"2026-06-13 12:29:56"}
{"level":"info","message":"📊 [Lighthouse] Results for https://jewellmaster.com/features/accounting-financial-management: Performance: 89, SEO: 92, Accessibility: 100","timestamp":"2026-06-13 12:29:56"}
{"level":"info","message":"🔍 [Domain: jewellmaster.com] [Page 7/10] Found 11 internal links on https://jewellmaster.com/features/accounting-financial-management","timestamp":"2026-06-13 12:29:57"}
{"level":"info","message":"🔍 [Crawl] Queue: 5 | Visited: 8 | Scanning: https://jewellmaster.com/features/ai-powered-reports","timestamp":"2026-06-13 12:29:57"}
{"level":"info","message":"🔍 [Domain: jewellmaster.com] [Page 8/10] Scanning: https://jewellmaster.com/features/ai-powered-reports","timestamp":"2026-06-13 12:29:57"}
{"level":"info","message":"♿ [omunim.com] Axe-core scanned 4/4","timestamp":"2026-06-13 12:29:57"}
{"level":"info","message":"✅ [omunim.com] Accessibility scan saved: 4 pages, jobId 6-1781333821543","timestamp":"2026-06-13 12:29:58"}
{"level":"info","message":"Job 6 (https://omunim.com/) completed successfully.","timestamp":"2026-06-13 12:29:58"}
{"level":"info","message":"[Job repeat:c10eea93bf68cc56fd5c63b351df3d32:1781333880000] 🚀 Executing scheduled global orchestration...","timestamp":"2026-06-13 12:29:58"}
{"level":"info","message":"Orchestrator: Starting global scan orchestration... ","timestamp":"2026-06-13 12:29:58"}
{"level":"info","message":"🔗 Connecting to MASTER database: master","timestamp":"2026-06-13 12:29:58"}
{"level":"info","message":"🚀 [PageSpeed API] Fetching metrics for https://jewellmaster.com/...","timestamp":"2026-06-13 12:29:59"}
{"level":"info","message":"🔍 [Scraper] HTML length: 10800 | Body length: 4124 | Total <a> tags: 11","timestamp":"2026-06-13 12:30:01"}
{"level":"info","message":"🔗 [Link Extraction] Page: https://jewellmaster.com/features/ai-powered-reports | hostNorm: jewellmaster.com | Found 11 total links (11 internal)","timestamp":"2026-06-13 12:30:01"}
{"level":"info","message":"Orchestrator: Found 2 tenants to process.","timestamp":"2026-06-13 12:30:01"}
{"level":"info","message":"📁 Switching to CLIENT database: tenant_rbi (Tenant: rbi)","timestamp":"2026-06-13 12:30:01"}
{"level":"info","message":"Orchestrator: No domains found for tenant rbi (excluding those currently scanning).","timestamp":"2026-06-13 12:30:01"}
{"level":"info","message":"📁 Switching to CLIENT database: tenant_sbi (Tenant: sbi)","timestamp":"2026-06-13 12:30:01"}
{"level":"info","message":"Orchestrator: Found 1 domains for tenant sbi. Enqueueing jobs...","timestamp":"2026-06-13 12:30:01"}
{"level":"info","message":"  [1] Enqueued: https://jewellmaster.com","timestamp":"2026-06-13 12:30:01"}
{"level":"info","message":"Orchestrator: Master DB connection closed.","timestamp":"2026-06-13 12:30:01"}
{"level":"info","message":"✅ Orchestrator: Finished. Total jobs enqueued: 1","timestamp":"2026-06-13 12:30:01"}
{"level":"info","message":"Job repeat:c10eea93bf68cc56fd5c63b351df3d32:1781333880000 (Orchestrator) completed successfully.","timestamp":"2026-06-13 12:30:01"}
{"level":"info","message":"[Job 9] 🔍 Starting scan for: https://jewellmaster.com","timestamp":"2026-06-13 12:30:01"}
{"level":"info","message":"[https://jewellmaster.com] Checking domain status for ID: 6a086772439e555ef5630506. Found: true, Deleted: false, Archived: false, Status: active","timestamp":"2026-06-13 12:30:01"}
{"level":"info","message":"🔍 [Crawl] Queue: 0 | Visited: 1 | Scanning: https://jewellmaster.com/","timestamp":"2026-06-13 12:30:02"}
{"level":"info","message":"🔍 [Domain: jewellmaster.com] [Page 1/10] Scanning: https://jewellmaster.com/","timestamp":"2026-06-13 12:30:02"}
{"level":"info","message":"🚀 [PageSpeed API] Fetching metrics for https://jewellmaster.com/features/ai-powered-reports...","timestamp":"2026-06-13 12:30:04"}
{"level":"info","message":"🔍 [Scraper] HTML length: 56417 | Body length: 25027 | Total <a> tags: 3","timestamp":"2026-06-13 12:30:21"}
{"level":"info","message":"🔗 [Link Extraction] Page: https://jewellmaster.com/ | hostNorm: jewellmaster.com | Found 3 total links (2 internal)","timestamp":"2026-06-13 12:30:21"}
{"level":"info","message":"✅ [PageSpeed API] Score for https://jewellmaster.com/features/ai-powered-reports: 91","timestamp":"2026-06-13 12:30:22"}
{"level":"info","message":"📊 [Lighthouse] Results for https://jewellmaster.com/features/ai-powered-reports: Performance: 91, SEO: 92, Accessibility: 100","timestamp":"2026-06-13 12:30:22"}
{"level":"info","message":"🔍 [Domain: jewellmaster.com] [Page 8/10] Found 11 internal links on https://jewellmaster.com/features/ai-powered-reports","timestamp":"2026-06-13 12:30:22"}
{"level":"info","message":"🔍 [Crawl] Queue: 4 | Visited: 9 | Scanning: https://jewellmaster.com/features/multi-branch-management","timestamp":"2026-06-13 12:30:22"}
{"level":"info","message":"🔍 [Domain: jewellmaster.com] [Page 9/10] Scanning: https://jewellmaster.com/features/multi-branch-management","timestamp":"2026-06-13 12:30:22"}
{"level":"info","message":"🚀 [PageSpeed API] Fetching metrics for https://jewellmaster.com/...","timestamp":"2026-06-13 12:30:23"}
{"level":"info","message":"🔍 [Scraper] HTML length: 10798 | Body length: 4111 | Total <a> tags: 11","timestamp":"2026-06-13 12:30:25"}
{"level":"info","message":"🔗 [Link Extraction] Page: https://jewellmaster.com/features/multi-branch-management | hostNorm: jewellmaster.com | Found 11 total links (11 internal)","timestamp":"2026-06-13 12:30:25"}
{"level":"info","message":"✅ [PageSpeed API] Score for https://jewellmaster.com/: 75","timestamp":"2026-06-13 12:30:25"}
{"level":"info","message":"📊 [Lighthouse] Results for https://jewellmaster.com/: Performance: 75, SEO: 92, Accessibility: 88","timestamp":"2026-06-13 12:30:25"}
{"level":"info","message":"✅ [PageSpeed API] Score for https://jewellmaster.com/: 75","timestamp":"2026-06-13 12:30:25"}
{"level":"info","message":"📊 [Lighthouse] Results for https://jewellmaster.com/: Performance: 75, SEO: 92, Accessibility: 88","timestamp":"2026-06-13 12:30:25"}
{"level":"info","message":"🔍 [Domain: jewellmaster.com] [Page 1/10] Found 2 internal links on https://jewellmaster.com/","timestamp":"2026-06-13 12:30:26"}
{"level":"info","message":"➕ [Queue] Adding: https://jewellmaster.com/features (targetHost: jewellmaster.com, hostNorm: jewellmaster.com)","timestamp":"2026-06-13 12:30:26"}
{"level":"info","message":"➕ [Queue] Adding: https://jewellmaster.com/demo.html (targetHost: jewellmaster.com, hostNorm: jewellmaster.com)","timestamp":"2026-06-13 12:30:26"}
{"level":"info","message":"🔍 [Crawl] Queue: 1 | Visited: 2 | Scanning: https://jewellmaster.com/features","timestamp":"2026-06-13 12:30:26"}
{"level":"info","message":"🔍 [Domain: jewellmaster.com] [Page 2/10] Scanning: https://jewellmaster.com/features","timestamp":"2026-06-13 12:30:26"}
{"level":"info","message":"🔍 [Domain: jewellmaster.com] [Page 1/10] Found 2 internal links on https://jewellmaster.com/","timestamp":"2026-06-13 12:30:26"}
{"level":"info","message":"➕ [Queue] Adding: https://jewellmaster.com/features (targetHost: jewellmaster.com, hostNorm: jewellmaster.com)","timestamp":"2026-06-13 12:30:26"}
{"level":"info","message":"➕ [Queue] Adding: https://jewellmaster.com/demo.html (targetHost: jewellmaster.com, hostNorm: jewellmaster.com)","timestamp":"2026-06-13 12:30:26"}
{"level":"info","message":"🔍 [Crawl] Queue: 1 | Visited: 2 | Scanning: https://jewellmaster.com/features","timestamp":"2026-06-13 12:30:26"}
{"level":"info","message":"🔍 [Domain: jewellmaster.com] [Page 2/10] Scanning: https://jewellmaster.com/features","timestamp":"2026-06-13 12:30:26"}
{"level":"info","message":"🔍 [Scraper] HTML length: 10711 | Body length: 3978 | Total <a> tags: 11","timestamp":"2026-06-13 12:30:29"}
{"level":"info","message":"🔗 [Link Extraction] Page: https://jewellmaster.com/features | hostNorm: jewellmaster.com | Found 11 total links (11 internal)","timestamp":"2026-06-13 12:30:29"}
{"level":"info","message":"🚀 [PageSpeed API] Fetching metrics for https://jewellmaster.com/features/multi-branch-management...","timestamp":"2026-06-13 12:30:29"}
{"level":"info","message":"🔍 [Scraper] HTML length: 10711 | Body length: 3978 | Total <a> tags: 11","timestamp":"2026-06-13 12:30:30"}
{"level":"info","message":"🔗 [Link Extraction] Page: https://jewellmaster.com/features | hostNorm: jewellmaster.com | Found 11 total links (11 internal)","timestamp":"2026-06-13 12:30:30"}
{"level":"info","message":"🚀 [PageSpeed API] Fetching metrics for https://jewellmaster.com/features...","timestamp":"2026-06-13 12:30:34"}
{"level":"info","message":"🚀 [PageSpeed API] Fetching metrics for https://jewellmaster.com/features...","timestamp":"2026-06-13 12:30:34"}
{"level":"info","message":"✅ [PageSpeed API] Score for https://jewellmaster.com/features/multi-branch-management: 90","timestamp":"2026-06-13 12:30:51"}
{"level":"info","message":"📊 [Lighthouse] Results for https://jewellmaster.com/features/multi-branch-management: Performance: 90, SEO: 92, Accessibility: 100","timestamp":"2026-06-13 12:30:51"}
{"level":"info","message":"🔍 [Domain: jewellmaster.com] [Page 9/10] Found 11 internal links on https://jewellmaster.com/features/multi-branch-management","timestamp":"2026-06-13 12:30:52"}
{"level":"info","message":"🔍 [Crawl] Queue: 3 | Visited: 10 | Scanning: https://jewellmaster.com/features/mobile-app","timestamp":"2026-06-13 12:30:52"}
{"level":"info","message":"🔍 [Domain: jewellmaster.com] [Page 10/10] Scanning: https://jewellmaster.com/features/mobile-app","timestamp":"2026-06-13 12:30:52"}
{"level":"info","message":"✅ [PageSpeed API] Score for https://jewellmaster.com/features: 90","timestamp":"2026-06-13 12:30:53"}
{"level":"info","message":"📊 [Lighthouse] Results for https://jewellmaster.com/features: Performance: 90, SEO: 92, Accessibility: 100","timestamp":"2026-06-13 12:30:53"}
{"level":"info","message":"✅ [PageSpeed API] Score for https://jewellmaster.com/features: 90","timestamp":"2026-06-13 12:30:53"}
{"level":"info","message":"📊 [Lighthouse] Results for https://jewellmaster.com/features: Performance: 90, SEO: 92, Accessibility: 100","timestamp":"2026-06-13 12:30:53"}
{"level":"info","message":"🔍 [Domain: jewellmaster.com] [Page 2/10] Found 11 internal links on https://jewellmaster.com/features","timestamp":"2026-06-13 12:30:53"}
{"level":"info","message":"➕ [Queue] Adding: https://jewellmaster.com/features/jewelry-inventory-management (targetHost: jewellmaster.com, hostNorm: jewellmaster.com)","timestamp":"2026-06-13 12:30:53"}
{"level":"info","message":"➕ [Queue] Adding: https://jewellmaster.com/features/gst-billing-invoicing (targetHost: jewellmaster.com, hostNorm: jewellmaster.com)","timestamp":"2026-06-13 12:30:53"}
{"level":"info","message":"➕ [Queue] Adding: https://jewellmaster.com/features/crm-customer-management (targetHost: jewellmaster.com, hostNorm: jewellmaster.com)","timestamp":"2026-06-13 12:30:53"}
{"level":"info","message":"➕ [Queue] Adding: https://jewellmaster.com/features/accounting-financial-management (targetHost: jewellmaster.com, hostNorm: jewellmaster.com)","timestamp":"2026-06-13 12:30:53"}
{"level":"info","message":"➕ [Queue] Adding: https://jewellmaster.com/features/ai-powered-reports (targetHost: jewellmaster.com, hostNorm: jewellmaster.com)","timestamp":"2026-06-13 12:30:53"}
{"level":"info","message":"➕ [Queue] Adding: https://jewellmaster.com/features/multi-branch-management (targetHost: jewellmaster.com, hostNorm: jewellmaster.com)","timestamp":"2026-06-13 12:30:53"}
{"level":"info","message":"➕ [Queue] Adding: https://jewellmaster.com/features/mobile-app (targetHost: jewellmaster.com, hostNorm: jewellmaster.com)","timestamp":"2026-06-13 12:30:53"}
{"level":"info","message":"➕ [Queue] Adding: https://jewellmaster.com/features/integrations (targetHost: jewellmaster.com, hostNorm: jewellmaster.com)","timestamp":"2026-06-13 12:30:53"}
{"level":"info","message":"➕ [Queue] Adding: https://jewellmaster.com/features/security-reliability (targetHost: jewellmaster.com, hostNorm: jewellmaster.com)","timestamp":"2026-06-13 12:30:53"}
{"level":"info","message":"🔍 [Crawl] Queue: 9 | Visited: 3 | Scanning: https://jewellmaster.com/demo.html","timestamp":"2026-06-13 12:30:53"}
{"level":"info","message":"🔍 [Domain: jewellmaster.com] [Page 3/10] Scanning: https://jewellmaster.com/demo.html","timestamp":"2026-06-13 12:30:53"}
{"level":"info","message":"🔍 [Domain: jewellmaster.com] [Page 2/10] Found 11 internal links on https://jewellmaster.com/features","timestamp":"2026-06-13 12:30:53"}
{"level":"info","message":"➕ [Queue] Adding: https://jewellmaster.com/features/jewelry-inventory-management (targetHost: jewellmaster.com, hostNorm: jewellmaster.com)","timestamp":"2026-06-13 12:30:53"}
{"level":"info","message":"➕ [Queue] Adding: https://jewellmaster.com/features/gst-billing-invoicing (targetHost: jewellmaster.com, hostNorm: jewellmaster.com)","timestamp":"2026-06-13 12:30:53"}
{"level":"info","message":"➕ [Queue] Adding: https://jewellmaster.com/features/crm-customer-management (targetHost: jewellmaster.com, hostNorm: jewellmaster.com)","timestamp":"2026-06-13 12:30:53"}
{"level":"info","message":"➕ [Queue] Adding: https://jewellmaster.com/features/accounting-financial-management (targetHost: jewellmaster.com, hostNorm: jewellmaster.com)","timestamp":"2026-06-13 12:30:53"}
{"level":"info","message":"➕ [Queue] Adding: https://jewellmaster.com/features/ai-powered-reports (targetHost: jewellmaster.com, hostNorm: jewellmaster.com)","timestamp":"2026-06-13 12:30:53"}
{"level":"info","message":"➕ [Queue] Adding: https://jewellmaster.com/features/multi-branch-management (targetHost: jewellmaster.com, hostNorm: jewellmaster.com)","timestamp":"2026-06-13 12:30:53"}
{"level":"info","message":"➕ [Queue] Adding: https://jewellmaster.com/features/mobile-app (targetHost: jewellmaster.com, hostNorm: jewellmaster.com)","timestamp":"2026-06-13 12:30:53"}
{"level":"info","message":"➕ [Queue] Adding: https://jewellmaster.com/features/integrations (targetHost: jewellmaster.com, hostNorm: jewellmaster.com)","timestamp":"2026-06-13 12:30:53"}
{"level":"info","message":"➕ [Queue] Adding: https://jewellmaster.com/features/security-reliability (targetHost: jewellmaster.com, hostNorm: jewellmaster.com)","timestamp":"2026-06-13 12:30:53"}
{"level":"info","message":"🔍 [Crawl] Queue: 9 | Visited: 3 | Scanning: https://jewellmaster.com/demo.html","timestamp":"2026-06-13 12:30:53"}
{"level":"info","message":"🔍 [Domain: jewellmaster.com] [Page 3/10] Scanning: https://jewellmaster.com/demo.html","timestamp":"2026-06-13 12:30:53"}
{"level":"info","message":"🔍 [Scraper] HTML length: 10784 | Body length: 4099 | Total <a> tags: 11","timestamp":"2026-06-13 12:30:56"}
{"level":"info","message":"🔗 [Link Extraction] Page: https://jewellmaster.com/features/mobile-app | hostNorm: jewellmaster.com | Found 11 total links (11 internal)","timestamp":"2026-06-13 12:30:56"}
{"level":"info","message":"🔍 [Scraper] HTML length: 24659 | Body length: 13539 | Total <a> tags: 3","timestamp":"2026-06-13 12:30:59"}
{"level":"info","message":"🔗 [Link Extraction] Page: https://jewellmaster.com/demo | hostNorm: jewellmaster.com | Found 3 total links (2 internal)","timestamp":"2026-06-13 12:30:59"}
{"level":"info","message":"🔍 [Scraper] HTML length: 24659 | Body length: 13539 | Total <a> tags: 3","timestamp":"2026-06-13 12:31:01"}
{"level":"info","message":"🔗 [Link Extraction] Page: https://jewellmaster.com/demo | hostNorm: jewellmaster.com | Found 3 total links (2 internal)","timestamp":"2026-06-13 12:31:01"}
{"level":"info","message":"🚀 [PageSpeed API] Fetching metrics for https://jewellmaster.com/features/mobile-app...","timestamp":"2026-06-13 12:31:01"}
{"level":"info","message":"🚀 [PageSpeed API] Fetching metrics for https://jewellmaster.com/demo...","timestamp":"2026-06-13 12:31:03"}
{"level":"info","message":"🚀 [PageSpeed API] Fetching metrics for https://jewellmaster.com/demo...","timestamp":"2026-06-13 12:31:03"}
{"level":"info","message":"✅ [PageSpeed API] Score for https://jewellmaster.com/features/mobile-app: 85","timestamp":"2026-06-13 12:31:20"}
{"level":"info","message":"📊 [Lighthouse] Results for https://jewellmaster.com/features/mobile-app: Performance: 85, SEO: 92, Accessibility: 100","timestamp":"2026-06-13 12:31:20"}
{"level":"info","message":"🔍 [Domain: jewellmaster.com] [Page 10/10] Found 11 internal links on https://jewellmaster.com/features/mobile-app","timestamp":"2026-06-13 12:31:20"}
{"level":"info","message":"✅ [https://jewellmaster.com] Saved 10 pages to database tenant_sbi.","timestamp":"2026-06-13 12:31:21"}
{"level":"info","message":"📊 [https://jewellmaster.com] Domain summary created in tenant_sbi. Final Score: 30","timestamp":"2026-06-13 12:31:21"}
{"level":"info","message":"📋 [jewellmaster.com] Compiling detailed audit data snapshot for jobId: 3-1781333776674...","timestamp":"2026-06-13 12:31:21"}
{"level":"info","message":"💾 [jewellmaster.com] Saved complete Audit details & summary snap to DB for jobId: 3-1781333776674","timestamp":"2026-06-13 12:31:21"}
{"level":"info","message":"📋 [jewellmaster.com] QA scan saved: 10 pages, jobId 3-1781333776674","timestamp":"2026-06-13 12:31:21"}
{"level":"info","message":"♿ [jewellmaster.com] Starting Accessibility scan for 10 pages...","timestamp":"2026-06-13 12:31:21"}
{"level":"info","message":"✅ [PageSpeed API] Score for https://jewellmaster.com/demo: 85","timestamp":"2026-06-13 12:31:24"}
{"level":"info","message":"📊 [Lighthouse] Results for https://jewellmaster.com/demo: Performance: 85, SEO: 85, Accessibility: 69","timestamp":"2026-06-13 12:31:24"}
{"level":"info","message":"✅ [PageSpeed API] Score for https://jewellmaster.com/demo: 85","timestamp":"2026-06-13 12:31:24"}
{"level":"info","message":"📊 [Lighthouse] Results for https://jewellmaster.com/demo: Performance: 85, SEO: 85, Accessibility: 69","timestamp":"2026-06-13 12:31:24"}
{"level":"info","message":"🔍 [Domain: jewellmaster.com] [Page 3/10] Found 2 internal links on https://jewellmaster.com/demo.html","timestamp":"2026-06-13 12:31:24"}
{"level":"info","message":"➕ [Queue] Adding: https://jewellmaster.com/demo (targetHost: jewellmaster.com, hostNorm: jewellmaster.com)","timestamp":"2026-06-13 12:31:24"}
{"level":"info","message":"🔍 [Crawl] Queue: 9 | Visited: 4 | Scanning: https://jewellmaster.com/features/jewelry-inventory-management","timestamp":"2026-06-13 12:31:24"}
{"level":"info","message":"🔍 [Domain: jewellmaster.com] [Page 4/10] Scanning: https://jewellmaster.com/features/jewelry-inventory-management","timestamp":"2026-06-13 12:31:24"}
{"level":"info","message":"🔍 [Domain: jewellmaster.com] [Page 3/10] Found 2 internal links on https://jewellmaster.com/demo.html","timestamp":"2026-06-13 12:31:24"}
{"level":"info","message":"➕ [Queue] Adding: https://jewellmaster.com/demo (targetHost: jewellmaster.com, hostNorm: jewellmaster.com)","timestamp":"2026-06-13 12:31:24"}
{"level":"info","message":"🔍 [Crawl] Queue: 9 | Visited: 4 | Scanning: https://jewellmaster.com/features/jewelry-inventory-management","timestamp":"2026-06-13 12:31:24"}
{"level":"info","message":"🔍 [Domain: jewellmaster.com] [Page 4/10] Scanning: https://jewellmaster.com/features/jewelry-inventory-management","timestamp":"2026-06-13 12:31:24"}
{"level":"info","message":"🔍 [Scraper] HTML length: 10851 | Body length: 4145 | Total <a> tags: 11","timestamp":"2026-06-13 12:31:29"}
{"level":"info","message":"🔗 [Link Extraction] Page: https://jewellmaster.com/features/jewelry-inventory-management | hostNorm: jewellmaster.com | Found 11 total links (11 internal)","timestamp":"2026-06-13 12:31:29"}
{"level":"info","message":"🔍 [Scraper] HTML length: 10851 | Body length: 4145 | Total <a> tags: 11","timestamp":"2026-06-13 12:31:31"}
{"level":"info","message":"🔗 [Link Extraction] Page: https://jewellmaster.com/features/jewelry-inventory-management | hostNorm: jewellmaster.com | Found 11 total links (11 internal)","timestamp":"2026-06-13 12:31:31"}
{"level":"error","message":"Axe-core failed for https://jewellmaster.com/features: Page/Frame is not ready","timestamp":"2026-06-13 12:31:31"}
{"level":"info","message":"🚀 [PageSpeed API] Fetching metrics for https://jewellmaster.com/features/jewelry-inventory-management...","timestamp":"2026-06-13 12:31:34"}
{"level":"info","message":"🚀 [PageSpeed API] Fetching metrics for https://jewellmaster.com/features/jewelry-inventory-management...","timestamp":"2026-06-13 12:31:34"}
{"level":"info","message":"♿ [jewellmaster.com] Axe-core scanned 5/10","timestamp":"2026-06-13 12:31:34"}
{"level":"info","message":"♿ [jewellmaster.com] Axe-core scanned 10/10","timestamp":"2026-06-13 12:31:38"}
{"level":"info","message":"✅ [jewellmaster.com] Accessibility scan saved: 9 pages, jobId 3-1781333776674","timestamp":"2026-06-13 12:31:39"}
{"level":"info","message":"Job 3 (https://jewellmaster.com) completed successfully.","timestamp":"2026-06-13 12:31:39"}
{"level":"info","message":"[Job repeat:c10eea93bf68cc56fd5c63b351df3d32:1781334000000] 🚀 Executing scheduled global orchestration...","timestamp":"2026-06-13 12:31:39"}
{"level":"info","message":"Orchestrator: Starting global scan orchestration... ","timestamp":"2026-06-13 12:31:39"}
{"level":"info","message":"🔗 Connecting to MASTER database: master","timestamp":"2026-06-13 12:31:39"}
{"level":"info","message":"Orchestrator: Found 2 tenants to process.","timestamp":"2026-06-13 12:31:39"}
{"level":"info","message":"📁 Switching to CLIENT database: tenant_rbi (Tenant: rbi)","timestamp":"2026-06-13 12:31:39"}
{"level":"info","message":"Orchestrator: No domains found for tenant rbi (excluding those currently scanning).","timestamp":"2026-06-13 12:31:39"}
{"level":"info","message":"📁 Switching to CLIENT database: tenant_sbi (Tenant: sbi)","timestamp":"2026-06-13 12:31:39"}
{"level":"info","message":"Orchestrator: No domains found for tenant sbi (excluding those currently scanning).","timestamp":"2026-06-13 12:31:39"}
{"level":"info","message":"Orchestrator: Master DB connection closed.","timestamp":"2026-06-13 12:31:39"}
{"level":"info","message":"✅ Orchestrator: Finished. Total jobs enqueued: 0","timestamp":"2026-06-13 12:31:40"}
{"level":"info","message":"Job repeat:c10eea93bf68cc56fd5c63b351df3d32:1781334000000 (Orchestrator) completed successfully.","timestamp":"2026-06-13 12:31:40"}
{"level":"info","message":"✅ [PageSpeed API] Score for https://jewellmaster.com/features/jewelry-inventory-management: 88","timestamp":"2026-06-13 12:31:54"}
{"level":"info","message":"📊 [Lighthouse] Results for https://jewellmaster.com/features/jewelry-inventory-management: Performance: 88, SEO: 92, Accessibility: 100","timestamp":"2026-06-13 12:31:54"}
{"level":"info","message":"🔍 [Domain: jewellmaster.com] [Page 4/10] Found 11 internal links on https://jewellmaster.com/features/jewelry-inventory-management","timestamp":"2026-06-13 12:31:54"}
{"level":"info","message":"🔍 [Crawl] Queue: 8 | Visited: 5 | Scanning: https://jewellmaster.com/features/gst-billing-invoicing","timestamp":"2026-06-13 12:31:54"}
{"level":"info","message":"🔍 [Domain: jewellmaster.com] [Page 5/10] Scanning: https://jewellmaster.com/features/gst-billing-invoicing","timestamp":"2026-06-13 12:31:54"}
{"level":"info","message":"✅ [PageSpeed API] Score for https://jewellmaster.com/features/jewelry-inventory-management: 88","timestamp":"2026-06-13 12:31:54"}
{"level":"info","message":"📊 [Lighthouse] Results for https://jewellmaster.com/features/jewelry-inventory-management: Performance: 88, SEO: 92, Accessibility: 100","timestamp":"2026-06-13 12:31:54"}
{"level":"info","message":"🔍 [Domain: jewellmaster.com] [Page 4/10] Found 11 internal links on https://jewellmaster.com/features/jewelry-inventory-management","timestamp":"2026-06-13 12:31:54"}
{"level":"info","message":"🔍 [Crawl] Queue: 8 | Visited: 5 | Scanning: https://jewellmaster.com/features/gst-billing-invoicing","timestamp":"2026-06-13 12:31:54"}
{"level":"info","message":"🔍 [Domain: jewellmaster.com] [Page 5/10] Scanning: https://jewellmaster.com/features/gst-billing-invoicing","timestamp":"2026-06-13 12:31:54"}
{"level":"info","message":"🔍 [Scraper] HTML length: 10890 | Body length: 4131 | Total <a> tags: 11","timestamp":"2026-06-13 12:31:58"}
{"level":"info","message":"🔗 [Link Extraction] Page: https://jewellmaster.com/features/gst-billing-invoicing | hostNorm: jewellmaster.com | Found 11 total links (11 internal)","timestamp":"2026-06-13 12:31:58"}
{"level":"info","message":"🔍 [Scraper] HTML length: 10890 | Body length: 4131 | Total <a> tags: 11","timestamp":"2026-06-13 12:32:00"}
{"level":"info","message":"🔗 [Link Extraction] Page: https://jewellmaster.com/features/gst-billing-invoicing | hostNorm: jewellmaster.com | Found 11 total links (11 internal)","timestamp":"2026-06-13 12:32:00"}
{"level":"info","message":"[Job repeat:c10eea93bf68cc56fd5c63b351df3d32:1781334120000] 🚀 Executing scheduled global orchestration...","timestamp":"2026-06-13 12:32:00"}
{"level":"info","message":"Orchestrator: Starting global scan orchestration... ","timestamp":"2026-06-13 12:32:00"}
{"level":"info","message":"🔗 Connecting to MASTER database: master","timestamp":"2026-06-13 12:32:00"}
{"level":"info","message":"Orchestrator: Found 2 tenants to process.","timestamp":"2026-06-13 12:32:01"}
{"level":"info","message":"📁 Switching to CLIENT database: tenant_rbi (Tenant: rbi)","timestamp":"2026-06-13 12:32:01"}
{"level":"info","message":"Orchestrator: No domains found for tenant rbi (excluding those currently scanning).","timestamp":"2026-06-13 12:32:01"}
{"level":"info","message":"📁 Switching to CLIENT database: tenant_sbi (Tenant: sbi)","timestamp":"2026-06-13 12:32:01"}
{"level":"info","message":"Orchestrator: No domains found for tenant sbi (excluding those currently scanning).","timestamp":"2026-06-13 12:32:01"}
{"level":"info","message":"Orchestrator: Master DB connection closed.","timestamp":"2026-06-13 12:32:01"}
{"level":"info","message":"✅ Orchestrator: Finished. Total jobs enqueued: 0","timestamp":"2026-06-13 12:32:01"}
{"level":"info","message":"Job repeat:c10eea93bf68cc56fd5c63b351df3d32:1781334120000 (Orchestrator) completed successfully.","timestamp":"2026-06-13 12:32:01"}
{"level":"info","message":"🚀 [PageSpeed API] Fetching metrics for https://jewellmaster.com/features/gst-billing-invoicing...","timestamp":"2026-06-13 12:32:03"}
{"level":"info","message":"🚀 [PageSpeed API] Fetching metrics for https://jewellmaster.com/features/gst-billing-invoicing...","timestamp":"2026-06-13 12:32:03"}
{"level":"info","message":"✅ [PageSpeed API] Score for https://jewellmaster.com/features/gst-billing-invoicing: 87","timestamp":"2026-06-13 12:32:53"}
{"level":"info","message":"📊 [Lighthouse] Results for https://jewellmaster.com/features/gst-billing-invoicing: Performance: 87, SEO: 92, Accessibility: 100","timestamp":"2026-06-13 12:32:53"}
{"level":"info","message":"✅ [PageSpeed API] Score for https://jewellmaster.com/features/gst-billing-invoicing: 87","timestamp":"2026-06-13 12:32:53"}
{"level":"info","message":"📊 [Lighthouse] Results for https://jewellmaster.com/features/gst-billing-invoicing: Performance: 87, SEO: 92, Accessibility: 100","timestamp":"2026-06-13 12:32:53"}
{"level":"info","message":"🔍 [Domain: jewellmaster.com] [Page 5/10] Found 11 internal links on https://jewellmaster.com/features/gst-billing-invoicing","timestamp":"2026-06-13 12:32:53"}
{"level":"info","message":"🔍 [Crawl] Queue: 7 | Visited: 6 | Scanning: https://jewellmaster.com/features/crm-customer-management","timestamp":"2026-06-13 12:32:53"}
{"level":"info","message":"🔍 [Domain: jewellmaster.com] [Page 6/10] Scanning: https://jewellmaster.com/features/crm-customer-management","timestamp":"2026-06-13 12:32:53"}
{"level":"info","message":"🔍 [Domain: jewellmaster.com] [Page 5/10] Found 11 internal links on https://jewellmaster.com/features/gst-billing-invoicing","timestamp":"2026-06-13 12:32:53"}
{"level":"info","message":"🔍 [Crawl] Queue: 7 | Visited: 6 | Scanning: https://jewellmaster.com/features/crm-customer-management","timestamp":"2026-06-13 12:32:53"}
{"level":"info","message":"🔍 [Domain: jewellmaster.com] [Page 6/10] Scanning: https://jewellmaster.com/features/crm-customer-management","timestamp":"2026-06-13 12:32:53"}
{"level":"info","message":"🔍 [Scraper] HTML length: 10796 | Body length: 4116 | Total <a> tags: 11","timestamp":"2026-06-13 12:32:57"}
{"level":"info","message":"🔗 [Link Extraction] Page: https://jewellmaster.com/features/crm-customer-management | hostNorm: jewellmaster.com | Found 11 total links (11 internal)","timestamp":"2026-06-13 12:32:57"}
{"level":"info","message":"🔍 [Scraper] HTML length: 10796 | Body length: 4116 | Total <a> tags: 11","timestamp":"2026-06-13 12:33:00"}
{"level":"info","message":"🔗 [Link Extraction] Page: https://jewellmaster.com/features/crm-customer-management | hostNorm: jewellmaster.com | Found 11 total links (11 internal)","timestamp":"2026-06-13 12:33:00"}
{"level":"info","message":"[Job repeat:c10eea93bf68cc56fd5c63b351df3d32:1781334180000] 🚀 Executing scheduled global orchestration...","timestamp":"2026-06-13 12:33:00"}
{"level":"info","message":"Orchestrator: Starting global scan orchestration... ","timestamp":"2026-06-13 12:33:00"}
{"level":"info","message":"🔗 Connecting to MASTER database: master","timestamp":"2026-06-13 12:33:00"}
{"level":"info","message":"Orchestrator: Found 2 tenants to process.","timestamp":"2026-06-13 12:33:01"}
{"level":"info","message":"📁 Switching to CLIENT database: tenant_rbi (Tenant: rbi)","timestamp":"2026-06-13 12:33:01"}
{"level":"info","message":"Orchestrator: No domains found for tenant rbi (excluding those currently scanning).","timestamp":"2026-06-13 12:33:01"}
{"level":"info","message":"📁 Switching to CLIENT database: tenant_sbi (Tenant: sbi)","timestamp":"2026-06-13 12:33:01"}
{"level":"info","message":"Orchestrator: No domains found for tenant sbi (excluding those currently scanning).","timestamp":"2026-06-13 12:33:01"}
{"level":"info","message":"Orchestrator: Master DB connection closed.","timestamp":"2026-06-13 12:33:01"}
{"level":"info","message":"✅ Orchestrator: Finished. Total jobs enqueued: 0","timestamp":"2026-06-13 12:33:01"}
{"level":"info","message":"Job repeat:c10eea93bf68cc56fd5c63b351df3d32:1781334180000 (Orchestrator) completed successfully.","timestamp":"2026-06-13 12:33:01"}
{"level":"info","message":"🚀 [PageSpeed API] Fetching metrics for https://jewellmaster.com/features/crm-customer-management...","timestamp":"2026-06-13 12:33:03"}
{"level":"info","message":"🚀 [PageSpeed API] Fetching metrics for https://jewellmaster.com/features/crm-customer-management...","timestamp":"2026-06-13 12:33:04"}
{"level":"info","message":"✅ [PageSpeed API] Score for https://jewellmaster.com/features/crm-customer-management: 89","timestamp":"2026-06-13 12:33:23"}
{"level":"info","message":"📊 [Lighthouse] Results for https://jewellmaster.com/features/crm-customer-management: Performance: 89, SEO: 92, Accessibility: 100","timestamp":"2026-06-13 12:33:23"}
{"level":"info","message":"✅ [PageSpeed API] Score for https://jewellmaster.com/features/crm-customer-management: 89","timestamp":"2026-06-13 12:33:23"}
{"level":"info","message":"📊 [Lighthouse] Results for https://jewellmaster.com/features/crm-customer-management: Performance: 89, SEO: 92, Accessibility: 100","timestamp":"2026-06-13 12:33:23"}
{"level":"info","message":"🔍 [Domain: jewellmaster.com] [Page 6/10] Found 11 internal links on https://jewellmaster.com/features/crm-customer-management","timestamp":"2026-06-13 12:33:23"}
{"level":"info","message":"🔍 [Crawl] Queue: 6 | Visited: 7 | Scanning: https://jewellmaster.com/features/accounting-financial-management","timestamp":"2026-06-13 12:33:23"}
{"level":"info","message":"🔍 [Domain: jewellmaster.com] [Page 7/10] Scanning: https://jewellmaster.com/features/accounting-financial-management","timestamp":"2026-06-13 12:33:23"}
{"level":"info","message":"🔍 [Domain: jewellmaster.com] [Page 6/10] Found 11 internal links on https://jewellmaster.com/features/crm-customer-management","timestamp":"2026-06-13 12:33:23"}
{"level":"info","message":"🔍 [Crawl] Queue: 6 | Visited: 7 | Scanning: https://jewellmaster.com/features/accounting-financial-management","timestamp":"2026-06-13 12:33:23"}
{"level":"info","message":"🔍 [Domain: jewellmaster.com] [Page 7/10] Scanning: https://jewellmaster.com/features/accounting-financial-management","timestamp":"2026-06-13 12:33:23"}
{"level":"info","message":"🔍 [Scraper] HTML length: 10878 | Body length: 4176 | Total <a> tags: 11","timestamp":"2026-06-13 12:33:27"}
{"level":"info","message":"🔗 [Link Extraction] Page: https://jewellmaster.com/features/accounting-financial-management | hostNorm: jewellmaster.com | Found 11 total links (11 internal)","timestamp":"2026-06-13 12:33:27"}
{"level":"info","message":"🔍 [Scraper] HTML length: 10878 | Body length: 4176 | Total <a> tags: 11","timestamp":"2026-06-13 12:33:29"}
{"level":"info","message":"🔗 [Link Extraction] Page: https://jewellmaster.com/features/accounting-financial-management | hostNorm: jewellmaster.com | Found 11 total links (11 internal)","timestamp":"2026-06-13 12:33:29"}
{"level":"info","message":"🚀 [PageSpeed API] Fetching metrics for https://jewellmaster.com/features/accounting-financial-management...","timestamp":"2026-06-13 12:33:32"}
{"level":"info","message":"🚀 [PageSpeed API] Fetching metrics for https://jewellmaster.com/features/accounting-financial-management...","timestamp":"2026-06-13 12:33:32"}
{"level":"info","message":"✅ [PageSpeed API] Score for https://jewellmaster.com/features/accounting-financial-management: 92","timestamp":"2026-06-13 12:33:55"}
{"level":"info","message":"📊 [Lighthouse] Results for https://jewellmaster.com/features/accounting-financial-management: Performance: 92, SEO: 92, Accessibility: 100","timestamp":"2026-06-13 12:33:55"}
{"level":"info","message":"🔍 [Domain: jewellmaster.com] [Page 7/10] Found 11 internal links on https://jewellmaster.com/features/accounting-financial-management","timestamp":"2026-06-13 12:33:55"}
{"level":"info","message":"🔍 [Crawl] Queue: 5 | Visited: 8 | Scanning: https://jewellmaster.com/features/ai-powered-reports","timestamp":"2026-06-13 12:33:55"}
{"level":"info","message":"🔍 [Domain: jewellmaster.com] [Page 8/10] Scanning: https://jewellmaster.com/features/ai-powered-reports","timestamp":"2026-06-13 12:33:55"}
{"level":"info","message":"✅ [PageSpeed API] Score for https://jewellmaster.com/features/accounting-financial-management: 92","timestamp":"2026-06-13 12:33:56"}
{"level":"info","message":"📊 [Lighthouse] Results for https://jewellmaster.com/features/accounting-financial-management: Performance: 92, SEO: 92, Accessibility: 100","timestamp":"2026-06-13 12:33:56"}
{"level":"info","message":"🔍 [Domain: jewellmaster.com] [Page 7/10] Found 11 internal links on https://jewellmaster.com/features/accounting-financial-management","timestamp":"2026-06-13 12:33:56"}
{"level":"info","message":"🔍 [Crawl] Queue: 5 | Visited: 8 | Scanning: https://jewellmaster.com/features/ai-powered-reports","timestamp":"2026-06-13 12:33:56"}
{"level":"info","message":"🔍 [Domain: jewellmaster.com] [Page 8/10] Scanning: https://jewellmaster.com/features/ai-powered-reports","timestamp":"2026-06-13 12:33:56"}
{"level":"info","message":"🔍 [Scraper] HTML length: 10800 | Body length: 4124 | Total <a> tags: 11","timestamp":"2026-06-13 12:33:59"}
{"level":"info","message":"🔗 [Link Extraction] Page: https://jewellmaster.com/features/ai-powered-reports | hostNorm: jewellmaster.com | Found 11 total links (11 internal)","timestamp":"2026-06-13 12:33:59"}
{"level":"info","message":"[Job repeat:c10eea93bf68cc56fd5c63b351df3d32:1781334240000] 🚀 Executing scheduled global orchestration...","timestamp":"2026-06-13 12:34:00"}
{"level":"info","message":"Orchestrator: Starting global scan orchestration... ","timestamp":"2026-06-13 12:34:00"}
{"level":"info","message":"🔗 Connecting to MASTER database: master","timestamp":"2026-06-13 12:34:00"}
{"level":"info","message":"Orchestrator: Found 2 tenants to process.","timestamp":"2026-06-13 12:34:01"}
{"level":"info","message":"📁 Switching to CLIENT database: tenant_rbi (Tenant: rbi)","timestamp":"2026-06-13 12:34:01"}
{"level":"info","message":"Orchestrator: No domains found for tenant rbi (excluding those currently scanning).","timestamp":"2026-06-13 12:34:01"}
{"level":"info","message":"📁 Switching to CLIENT database: tenant_sbi (Tenant: sbi)","timestamp":"2026-06-13 12:34:01"}
{"level":"info","message":"Orchestrator: No domains found for tenant sbi (excluding those currently scanning).","timestamp":"2026-06-13 12:34:01"}
{"level":"info","message":"Orchestrator: Master DB connection closed.","timestamp":"2026-06-13 12:34:01"}
{"level":"info","message":"✅ Orchestrator: Finished. Total jobs enqueued: 0","timestamp":"2026-06-13 12:34:01"}
{"level":"info","message":"Job repeat:c10eea93bf68cc56fd5c63b351df3d32:1781334240000 (Orchestrator) completed successfully.","timestamp":"2026-06-13 12:34:01"}
{"level":"info","message":"🚀 [PageSpeed API] Fetching metrics for https://jewellmaster.com/features/ai-powered-reports...","timestamp":"2026-06-13 12:34:03"}
{"level":"info","message":"✅ [PageSpeed API] Score for https://jewellmaster.com/features/ai-powered-reports: 91","timestamp":"2026-06-13 12:34:24"}
{"level":"info","message":"📊 [Lighthouse] Results for https://jewellmaster.com/features/ai-powered-reports: Performance: 91, SEO: 92, Accessibility: 100","timestamp":"2026-06-13 12:34:24"}
{"level":"info","message":"🔍 [Domain: jewellmaster.com] [Page 8/10] Found 11 internal links on https://jewellmaster.com/features/ai-powered-reports","timestamp":"2026-06-13 12:34:24"}
{"level":"info","message":"🔍 [Crawl] Queue: 4 | Visited: 9 | Scanning: https://jewellmaster.com/features/multi-branch-management","timestamp":"2026-06-13 12:34:24"}
{"level":"info","message":"🔍 [Domain: jewellmaster.com] [Page 9/10] Scanning: https://jewellmaster.com/features/multi-branch-management","timestamp":"2026-06-13 12:34:24"}
{"level":"info","message":"🔍 [Scraper] HTML length: 10798 | Body length: 4111 | Total <a> tags: 11","timestamp":"2026-06-13 12:34:28"}
{"level":"info","message":"🔗 [Link Extraction] Page: https://jewellmaster.com/features/multi-branch-management | hostNorm: jewellmaster.com | Found 11 total links (11 internal)","timestamp":"2026-06-13 12:34:28"}
{"level":"info","message":"🔍 [Scraper] HTML length: 10800 | Body length: 4124 | Total <a> tags: 11","timestamp":"2026-06-13 12:34:32"}
{"level":"info","message":"🔗 [Link Extraction] Page: https://jewellmaster.com/features/ai-powered-reports | hostNorm: jewellmaster.com | Found 11 total links (11 internal)","timestamp":"2026-06-13 12:34:32"}
{"level":"info","message":"🚀 [PageSpeed API] Fetching metrics for https://jewellmaster.com/features/multi-branch-management...","timestamp":"2026-06-13 12:34:32"}
{"level":"info","message":"🚀 [PageSpeed API] Fetching metrics for https://jewellmaster.com/features/ai-powered-reports...","timestamp":"2026-06-13 12:34:35"}
{"level":"info","message":"✅ [PageSpeed API] Score for https://jewellmaster.com/features/multi-branch-management: 88","timestamp":"2026-06-13 12:34:51"}
{"level":"info","message":"📊 [Lighthouse] Results for https://jewellmaster.com/features/multi-branch-management: Performance: 88, SEO: 92, Accessibility: 100","timestamp":"2026-06-13 12:34:51"}
{"level":"info","message":"🔍 [Domain: jewellmaster.com] [Page 9/10] Found 11 internal links on https://jewellmaster.com/features/multi-branch-management","timestamp":"2026-06-13 12:34:51"}
{"level":"info","message":"🔍 [Crawl] Queue: 3 | Visited: 10 | Scanning: https://jewellmaster.com/features/mobile-app","timestamp":"2026-06-13 12:34:51"}
{"level":"info","message":"🔍 [Domain: jewellmaster.com] [Page 10/10] Scanning: https://jewellmaster.com/features/mobile-app","timestamp":"2026-06-13 12:34:51"}
{"level":"info","message":"🔍 [Scraper] HTML length: 10784 | Body length: 4099 | Total <a> tags: 11","timestamp":"2026-06-13 12:34:56"}
{"level":"info","message":"🔗 [Link Extraction] Page: https://jewellmaster.com/features/mobile-app | hostNorm: jewellmaster.com | Found 11 total links (11 internal)","timestamp":"2026-06-13 12:34:56"}
{"level":"info","message":"✅ [PageSpeed API] Score for https://jewellmaster.com/features/ai-powered-reports: 89","timestamp":"2026-06-13 12:34:56"}
{"level":"info","message":"📊 [Lighthouse] Results for https://jewellmaster.com/features/ai-powered-reports: Performance: 89, SEO: 92, Accessibility: 100","timestamp":"2026-06-13 12:34:56"}
{"level":"info","message":"🔍 [Domain: jewellmaster.com] [Page 8/10] Found 11 internal links on https://jewellmaster.com/features/ai-powered-reports","timestamp":"2026-06-13 12:34:56"}
{"level":"info","message":"🔍 [Crawl] Queue: 4 | Visited: 9 | Scanning: https://jewellmaster.com/features/multi-branch-management","timestamp":"2026-06-13 12:34:56"}
{"level":"info","message":"🔍 [Domain: jewellmaster.com] [Page 9/10] Scanning: https://jewellmaster.com/features/multi-branch-management","timestamp":"2026-06-13 12:34:56"}
{"level":"info","message":"🔍 [Scraper] HTML length: 10798 | Body length: 4111 | Total <a> tags: 11","timestamp":"2026-06-13 12:34:59"}
{"level":"info","message":"🔗 [Link Extraction] Page: https://jewellmaster.com/features/multi-branch-management | hostNorm: jewellmaster.com | Found 11 total links (11 internal)","timestamp":"2026-06-13 12:34:59"}
{"level":"info","message":"🚀 [PageSpeed API] Fetching metrics for https://jewellmaster.com/features/mobile-app...","timestamp":"2026-06-13 12:34:59"}
{"level":"info","message":"[Job repeat:c10eea93bf68cc56fd5c63b351df3d32:1781334300000] 🚀 Executing scheduled global orchestration...","timestamp":"2026-06-13 12:35:00"}
{"level":"info","message":"Orchestrator: Starting global scan orchestration... ","timestamp":"2026-06-13 12:35:00"}
{"level":"info","message":"🔗 Connecting to MASTER database: master","timestamp":"2026-06-13 12:35:00"}
{"level":"info","message":"Orchestrator: Found 2 tenants to process.","timestamp":"2026-06-13 12:35:00"}
{"level":"info","message":"📁 Switching to CLIENT database: tenant_rbi (Tenant: rbi)","timestamp":"2026-06-13 12:35:00"}
{"level":"info","message":"Orchestrator: No domains found for tenant rbi (excluding those currently scanning).","timestamp":"2026-06-13 12:35:00"}
{"level":"info","message":"📁 Switching to CLIENT database: tenant_sbi (Tenant: sbi)","timestamp":"2026-06-13 12:35:00"}
{"level":"info","message":"Orchestrator: No domains found for tenant sbi (excluding those currently scanning).","timestamp":"2026-06-13 12:35:00"}
{"level":"info","message":"Orchestrator: Master DB connection closed.","timestamp":"2026-06-13 12:35:00"}
{"level":"info","message":"✅ Orchestrator: Finished. Total jobs enqueued: 0","timestamp":"2026-06-13 12:35:00"}
{"level":"info","message":"Job repeat:c10eea93bf68cc56fd5c63b351df3d32:1781334300000 (Orchestrator) completed successfully.","timestamp":"2026-06-13 12:35:00"}
{"level":"info","message":"🚀 [PageSpeed API] Fetching metrics for https://jewellmaster.com/features/multi-branch-management...","timestamp":"2026-06-13 12:35:02"}
{"level":"info","message":"✅ [PageSpeed API] Score for https://jewellmaster.com/features/multi-branch-management: 88","timestamp":"2026-06-13 12:35:07"}
{"level":"info","message":"📊 [Lighthouse] Results for https://jewellmaster.com/features/multi-branch-management: Performance: 88, SEO: 92, Accessibility: 100","timestamp":"2026-06-13 12:35:07"}
{"level":"info","message":"🔍 [Domain: jewellmaster.com] [Page 9/10] Found 11 internal links on https://jewellmaster.com/features/multi-branch-management","timestamp":"2026-06-13 12:35:07"}
{"level":"info","message":"🔍 [Crawl] Queue: 3 | Visited: 10 | Scanning: https://jewellmaster.com/features/mobile-app","timestamp":"2026-06-13 12:35:07"}
{"level":"info","message":"🔍 [Domain: jewellmaster.com] [Page 10/10] Scanning: https://jewellmaster.com/features/mobile-app","timestamp":"2026-06-13 12:35:07"}
{"level":"info","message":"🔍 [Scraper] HTML length: 10784 | Body length: 4099 | Total <a> tags: 11","timestamp":"2026-06-13 12:35:11"}
{"level":"info","message":"🔗 [Link Extraction] Page: https://jewellmaster.com/features/mobile-app | hostNorm: jewellmaster.com | Found 11 total links (11 internal)","timestamp":"2026-06-13 12:35:11"}
{"level":"info","message":"🚀 [PageSpeed API] Fetching metrics for https://jewellmaster.com/features/mobile-app...","timestamp":"2026-06-13 12:35:14"}
{"level":"info","message":"✅ [PageSpeed API] Score for https://jewellmaster.com/features/mobile-app: 89","timestamp":"2026-06-13 12:35:18"}
{"level":"info","message":"📊 [Lighthouse] Results for https://jewellmaster.com/features/mobile-app: Performance: 89, SEO: 92, Accessibility: 100","timestamp":"2026-06-13 12:35:18"}
{"level":"info","message":"✅ [PageSpeed API] Score for https://jewellmaster.com/features/mobile-app: 89","timestamp":"2026-06-13 12:35:18"}
{"level":"info","message":"📊 [Lighthouse] Results for https://jewellmaster.com/features/mobile-app: Performance: 89, SEO: 92, Accessibility: 100","timestamp":"2026-06-13 12:35:18"}
{"level":"info","message":"🔍 [Domain: jewellmaster.com] [Page 10/10] Found 11 internal links on https://jewellmaster.com/features/mobile-app","timestamp":"2026-06-13 12:35:18"}
{"level":"info","message":"🔍 [Domain: jewellmaster.com] [Page 10/10] Found 11 internal links on https://jewellmaster.com/features/mobile-app","timestamp":"2026-06-13 12:35:18"}
{"level":"info","message":"✅ [https://jewellmaster.com] Saved 10 pages to database tenant_sbi.","timestamp":"2026-06-13 12:35:19"}
{"level":"info","message":"📊 [https://jewellmaster.com] Domain summary created in tenant_sbi. Final Score: 30","timestamp":"2026-06-13 12:35:19"}
{"level":"info","message":"📋 [jewellmaster.com] Compiling detailed audit data snapshot for jobId: 9-1781334001782...","timestamp":"2026-06-13 12:35:19"}
{"level":"info","message":"✅ [https://jewellmaster.com] Saved 10 pages to database tenant_sbi.","timestamp":"2026-06-13 12:35:19"}
{"level":"info","message":"💾 [jewellmaster.com] Saved complete Audit details & summary snap to DB for jobId: 9-1781334001782","timestamp":"2026-06-13 12:35:19"}
{"level":"info","message":"📊 [https://jewellmaster.com] Domain summary created in tenant_sbi. Final Score: 29","timestamp":"2026-06-13 12:35:19"}
{"level":"info","message":"📋 [jewellmaster.com] Compiling detailed audit data snapshot for jobId: 7-1781333975584...","timestamp":"2026-06-13 12:35:19"}
{"level":"info","message":"💾 [jewellmaster.com] Saved complete Audit details & summary snap to DB for jobId: 7-1781333975584","timestamp":"2026-06-13 12:35:19"}
{"level":"info","message":"📋 [jewellmaster.com] QA scan saved: 10 pages, jobId 9-1781334001782","timestamp":"2026-06-13 12:35:20"}
{"level":"info","message":"♿ [jewellmaster.com] Starting Accessibility scan for 10 pages...","timestamp":"2026-06-13 12:35:20"}
{"level":"info","message":"📋 [jewellmaster.com] QA scan saved: 10 pages, jobId 7-1781333975584","timestamp":"2026-06-13 12:35:20"}
{"level":"info","message":"♿ [jewellmaster.com] Starting Accessibility scan for 10 pages...","timestamp":"2026-06-13 12:35:20"}
{"level":"info","message":"♿ [jewellmaster.com] Axe-core scanned 5/10","timestamp":"2026-06-13 12:35:33"}
{"level":"info","message":"♿ [jewellmaster.com] Axe-core scanned 5/10","timestamp":"2026-06-13 12:35:34"}
{"level":"info","message":"♿ [jewellmaster.com] Axe-core scanned 10/10","timestamp":"2026-06-13 12:35:40"}
{"level":"info","message":"♿ [jewellmaster.com] Axe-core scanned 10/10","timestamp":"2026-06-13 12:35:41"}
{"level":"info","message":"✅ [jewellmaster.com] Accessibility scan saved: 10 pages, jobId 7-1781333975584","timestamp":"2026-06-13 12:35:41"}
{"level":"info","message":"Job 7 (https://jewellmaster.com) completed successfully.","timestamp":"2026-06-13 12:35:41"}
{"level":"info","message":"✅ [jewellmaster.com] Accessibility scan saved: 10 pages, jobId 9-1781334001782","timestamp":"2026-06-13 12:35:42"}
{"level":"info","message":"Job 9 (https://jewellmaster.com) completed successfully.","timestamp":"2026-06-13 12:35:42"}
{"level":"info","message":"[Job repeat:c10eea93bf68cc56fd5c63b351df3d32:1781334360000] 🚀 Executing scheduled global orchestration...","timestamp":"2026-06-13 12:36:00"}
{"level":"info","message":"Orchestrator: Starting global scan orchestration... ","timestamp":"2026-06-13 12:36:00"}
{"level":"info","message":"🔗 Connecting to MASTER database: master","timestamp":"2026-06-13 12:36:00"}
{"level":"info","message":"Orchestrator: Found 2 tenants to process.","timestamp":"2026-06-13 12:36:01"}
{"level":"info","message":"📁 Switching to CLIENT database: tenant_rbi (Tenant: rbi)","timestamp":"2026-06-13 12:36:01"}
{"level":"info","message":"Orchestrator: No domains found for tenant rbi (excluding those currently scanning).","timestamp":"2026-06-13 12:36:01"}
{"level":"info","message":"📁 Switching to CLIENT database: tenant_sbi (Tenant: sbi)","timestamp":"2026-06-13 12:36:01"}
{"level":"info","message":"Orchestrator: No domains found for tenant sbi (excluding those currently scanning).","timestamp":"2026-06-13 12:36:01"}
{"level":"info","message":"Orchestrator: Master DB connection closed.","timestamp":"2026-06-13 12:36:01"}
{"level":"info","message":"✅ Orchestrator: Finished. Total jobs enqueued: 0","timestamp":"2026-06-13 12:36:01"}
{"level":"info","message":"Job repeat:c10eea93bf68cc56fd5c63b351df3d32:1781334360000 (Orchestrator) completed successfully.","timestamp":"2026-06-13 12:36:01"}
{"level":"info","message":"[Job repeat:c10eea93bf68cc56fd5c63b351df3d32:1781334420000] 🚀 Executing scheduled global orchestration...","timestamp":"2026-06-13 12:37:00"}
{"level":"info","message":"Orchestrator: Starting global scan orchestration... ","timestamp":"2026-06-13 12:37:00"}
{"level":"info","message":"🔗 Connecting to MASTER database: master","timestamp":"2026-06-13 12:37:00"}
{"level":"info","message":"Orchestrator: Found 2 tenants to process.","timestamp":"2026-06-13 12:37:00"}
{"level":"info","message":"📁 Switching to CLIENT database: tenant_rbi (Tenant: rbi)","timestamp":"2026-06-13 12:37:00"}
{"level":"info","message":"Orchestrator: No domains found for tenant rbi (excluding those currently scanning).","timestamp":"2026-06-13 12:37:00"}
{"level":"info","message":"📁 Switching to CLIENT database: tenant_sbi (Tenant: sbi)","timestamp":"2026-06-13 12:37:00"}
{"level":"info","message":"Orchestrator: No domains found for tenant sbi (excluding those currently scanning).","timestamp":"2026-06-13 12:37:00"}
{"level":"info","message":"Orchestrator: Master DB connection closed.","timestamp":"2026-06-13 12:37:00"}
{"level":"info","message":"✅ Orchestrator: Finished. Total jobs enqueued: 0","timestamp":"2026-06-13 12:37:00"}
{"level":"info","message":"Job repeat:c10eea93bf68cc56fd5c63b351df3d32:1781334420000 (Orchestrator) completed successfully.","timestamp":"2026-06-13 12:37:00"}
{"level":"info","message":"[Job repeat:c10eea93bf68cc56fd5c63b351df3d32:1781334480000] 🚀 Executing scheduled global orchestration...","timestamp":"2026-06-13 12:38:00"}
{"level":"info","message":"Orchestrator: Starting global scan orchestration... ","timestamp":"2026-06-13 12:38:00"}
{"level":"info","message":"🔗 Connecting to MASTER database: master","timestamp":"2026-06-13 12:38:00"}
{"level":"info","message":"Orchestrator: Found 2 tenants to process.","timestamp":"2026-06-13 12:38:01"}
{"level":"info","message":"📁 Switching to CLIENT database: tenant_rbi (Tenant: rbi)","timestamp":"2026-06-13 12:38:01"}
{"level":"info","message":"Orchestrator: No domains found for tenant rbi (excluding those currently scanning).","timestamp":"2026-06-13 12:38:01"}
{"level":"info","message":"📁 Switching to CLIENT database: tenant_sbi (Tenant: sbi)","timestamp":"2026-06-13 12:38:01"}
{"level":"info","message":"Orchestrator: No domains found for tenant sbi (excluding those currently scanning).","timestamp":"2026-06-13 12:38:01"}
{"level":"info","message":"Orchestrator: Master DB connection closed.","timestamp":"2026-06-13 12:38:01"}
{"level":"info","message":"✅ Orchestrator: Finished. Total jobs enqueued: 0","timestamp":"2026-06-13 12:38:01"}
{"level":"info","message":"Job repeat:c10eea93bf68cc56fd5c63b351df3d32:1781334480000 (Orchestrator) completed successfully.","timestamp":"2026-06-13 12:38:01"}
{"level":"info","message":"[Job repeat:c10eea93bf68cc56fd5c63b351df3d32:1781334540000] 🚀 Executing scheduled global orchestration...","timestamp":"2026-06-13 12:39:00"}
{"level":"info","message":"Orchestrator: Starting global scan orchestration... ","timestamp":"2026-06-13 12:39:00"}
{"level":"info","message":"🔗 Connecting to MASTER database: master","timestamp":"2026-06-13 12:39:00"}
{"level":"info","message":"Orchestrator: Found 2 tenants to process.","timestamp":"2026-06-13 12:39:01"}
{"level":"info","message":"📁 Switching to CLIENT database: tenant_rbi (Tenant: rbi)","timestamp":"2026-06-13 12:39:01"}
{"level":"info","message":"Orchestrator: No domains found for tenant rbi (excluding those currently scanning).","timestamp":"2026-06-13 12:39:01"}
{"level":"info","message":"📁 Switching to CLIENT database: tenant_sbi (Tenant: sbi)","timestamp":"2026-06-13 12:39:01"}
{"level":"info","message":"Orchestrator: No domains found for tenant sbi (excluding those currently scanning).","timestamp":"2026-06-13 12:39:01"}
{"level":"info","message":"Orchestrator: Master DB connection closed.","timestamp":"2026-06-13 12:39:01"}
{"level":"info","message":"✅ Orchestrator: Finished. Total jobs enqueued: 0","timestamp":"2026-06-13 12:39:01"}
{"level":"info","message":"Job repeat:c10eea93bf68cc56fd5c63b351df3d32:1781334540000 (Orchestrator) completed successfully.","timestamp":"2026-06-13 12:39:01"}
{"level":"info","message":"[Job repeat:c10eea93bf68cc56fd5c63b351df3d32:1781334600000] 🚀 Executing scheduled global orchestration...","timestamp":"2026-06-13 12:40:00"}
{"level":"info","message":"Orchestrator: Starting global scan orchestration... ","timestamp":"2026-06-13 12:40:00"}
{"level":"info","message":"🔗 Connecting to MASTER database: master","timestamp":"2026-06-13 12:40:00"}
{"level":"info","message":"Orchestrator: Found 2 tenants to process.","timestamp":"2026-06-13 12:40:00"}
{"level":"info","message":"📁 Switching to CLIENT database: tenant_rbi (Tenant: rbi)","timestamp":"2026-06-13 12:40:00"}
{"level":"info","message":"Orchestrator: No domains found for tenant rbi (excluding those currently scanning).","timestamp":"2026-06-13 12:40:00"}
{"level":"info","message":"📁 Switching to CLIENT database: tenant_sbi (Tenant: sbi)","timestamp":"2026-06-13 12:40:00"}
{"level":"info","message":"Orchestrator: No domains found for tenant sbi (excluding those currently scanning).","timestamp":"2026-06-13 12:40:00"}
{"level":"info","message":"Orchestrator: Master DB connection closed.","timestamp":"2026-06-13 12:40:00"}
{"level":"info","message":"✅ Orchestrator: Finished. Total jobs enqueued: 0","timestamp":"2026-06-13 12:40:00"}
{"level":"info","message":"Job repeat:c10eea93bf68cc56fd5c63b351df3d32:1781334600000 (Orchestrator) completed successfully.","timestamp":"2026-06-13 12:40:00"}
{"level":"info","message":"[Job repeat:c10eea93bf68cc56fd5c63b351df3d32:1781334660000] 🚀 Executing scheduled global orchestration...","timestamp":"2026-06-13 12:41:00"}
{"level":"info","message":"Orchestrator: Starting global scan orchestration... ","timestamp":"2026-06-13 12:41:00"}
{"level":"info","message":"🔗 Connecting to MASTER database: master","timestamp":"2026-06-13 12:41:00"}
{"level":"info","message":"Orchestrator: Found 2 tenants to process.","timestamp":"2026-06-13 12:41:01"}
{"level":"info","message":"📁 Switching to CLIENT database: tenant_rbi (Tenant: rbi)","timestamp":"2026-06-13 12:41:01"}
{"level":"info","message":"Orchestrator: No domains found for tenant rbi (excluding those currently scanning).","timestamp":"2026-06-13 12:41:01"}
{"level":"info","message":"📁 Switching to CLIENT database: tenant_sbi (Tenant: sbi)","timestamp":"2026-06-13 12:41:01"}
{"level":"info","message":"Orchestrator: No domains found for tenant sbi (excluding those currently scanning).","timestamp":"2026-06-13 12:41:01"}
{"level":"info","message":"Orchestrator: Master DB connection closed.","timestamp":"2026-06-13 12:41:01"}
{"level":"info","message":"✅ Orchestrator: Finished. Total jobs enqueued: 0","timestamp":"2026-06-13 12:41:01"}
{"level":"info","message":"Job repeat:c10eea93bf68cc56fd5c63b351df3d32:1781334660000 (Orchestrator) completed successfully.","timestamp":"2026-06-13 12:41:01"}
{"level":"info","message":"[Job repeat:c10eea93bf68cc56fd5c63b351df3d32:1781334720000] 🚀 Executing scheduled global orchestration...","timestamp":"2026-06-13 12:42:00"}
{"level":"info","message":"Orchestrator: Starting global scan orchestration... ","timestamp":"2026-06-13 12:42:00"}
{"level":"info","message":"🔗 Connecting to MASTER database: master","timestamp":"2026-06-13 12:42:00"}
{"level":"info","message":"Orchestrator: Found 2 tenants to process.","timestamp":"2026-06-13 12:42:01"}
{"level":"info","message":"📁 Switching to CLIENT database: tenant_rbi (Tenant: rbi)","timestamp":"2026-06-13 12:42:01"}
{"level":"info","message":"Orchestrator: No domains found for tenant rbi (excluding those currently scanning).","timestamp":"2026-06-13 12:42:01"}
{"level":"info","message":"📁 Switching to CLIENT database: tenant_sbi (Tenant: sbi)","timestamp":"2026-06-13 12:42:01"}
{"level":"info","message":"Orchestrator: No domains found for tenant sbi (excluding those currently scanning).","timestamp":"2026-06-13 12:42:01"}
{"level":"info","message":"Orchestrator: Master DB connection closed.","timestamp":"2026-06-13 12:42:01"}
{"level":"info","message":"✅ Orchestrator: Finished. Total jobs enqueued: 0","timestamp":"2026-06-13 12:42:01"}
{"level":"info","message":"Job repeat:c10eea93bf68cc56fd5c63b351df3d32:1781334720000 (Orchestrator) completed successfully.","timestamp":"2026-06-13 12:42:01"}
{"level":"info","message":"[Job repeat:c10eea93bf68cc56fd5c63b351df3d32:1781334780000] 🚀 Executing scheduled global orchestration...","timestamp":"2026-06-13 12:43:00"}
{"level":"info","message":"Orchestrator: Starting global scan orchestration... ","timestamp":"2026-06-13 12:43:00"}
{"level":"info","message":"🔗 Connecting to MASTER database: master","timestamp":"2026-06-13 12:43:00"}
{"level":"info","message":"Orchestrator: Found 2 tenants to process.","timestamp":"2026-06-13 12:43:00"}
{"level":"info","message":"📁 Switching to CLIENT database: tenant_rbi (Tenant: rbi)","timestamp":"2026-06-13 12:43:00"}
{"level":"info","message":"Orchestrator: No domains found for tenant rbi (excluding those currently scanning).","timestamp":"2026-06-13 12:43:00"}
{"level":"info","message":"📁 Switching to CLIENT database: tenant_sbi (Tenant: sbi)","timestamp":"2026-06-13 12:43:00"}
{"level":"info","message":"Orchestrator: No domains found for tenant sbi (excluding those currently scanning).","timestamp":"2026-06-13 12:43:00"}
{"level":"info","message":"Orchestrator: Master DB connection closed.","timestamp":"2026-06-13 12:43:00"}
{"level":"info","message":"✅ Orchestrator: Finished. Total jobs enqueued: 0","timestamp":"2026-06-13 12:43:00"}
{"level":"info","message":"Job repeat:c10eea93bf68cc56fd5c63b351df3d32:1781334780000 (Orchestrator) completed successfully.","timestamp":"2026-06-13 12:43:00"}
{"level":"info","message":"[Job repeat:c10eea93bf68cc56fd5c63b351df3d32:1781334840000] 🚀 Executing scheduled global orchestration...","timestamp":"2026-06-13 12:44:00"}
{"level":"info","message":"Orchestrator: Starting global scan orchestration... ","timestamp":"2026-06-13 12:44:00"}
{"level":"info","message":"🔗 Connecting to MASTER database: master","timestamp":"2026-06-13 12:44:00"}
{"level":"info","message":"Orchestrator: Found 2 tenants to process.","timestamp":"2026-06-13 12:44:01"}
{"level":"info","message":"📁 Switching to CLIENT database: tenant_rbi (Tenant: rbi)","timestamp":"2026-06-13 12:44:01"}
{"level":"info","message":"Orchestrator: No domains found for tenant rbi (excluding those currently scanning).","timestamp":"2026-06-13 12:44:01"}
{"level":"info","message":"📁 Switching to CLIENT database: tenant_sbi (Tenant: sbi)","timestamp":"2026-06-13 12:44:01"}
{"level":"info","message":"Orchestrator: No domains found for tenant sbi (excluding those currently scanning).","timestamp":"2026-06-13 12:44:01"}
{"level":"info","message":"Orchestrator: Master DB connection closed.","timestamp":"2026-06-13 12:44:01"}
{"level":"info","message":"✅ Orchestrator: Finished. Total jobs enqueued: 0","timestamp":"2026-06-13 12:44:01"}
{"level":"info","message":"Job repeat:c10eea93bf68cc56fd5c63b351df3d32:1781334840000 (Orchestrator) completed successfully.","timestamp":"2026-06-13 12:44:01"}
{"level":"info","message":"[Job repeat:c10eea93bf68cc56fd5c63b351df3d32:1781334900000] 🚀 Executing scheduled global orchestration...","timestamp":"2026-06-13 12:45:00"}
{"level":"info","message":"Orchestrator: Starting global scan orchestration... ","timestamp":"2026-06-13 12:45:00"}
{"level":"info","message":"🔗 Connecting to MASTER database: master","timestamp":"2026-06-13 12:45:00"}
{"level":"info","message":"Orchestrator: Found 2 tenants to process.","timestamp":"2026-06-13 12:45:01"}
{"level":"info","message":"📁 Switching to CLIENT database: tenant_rbi (Tenant: rbi)","timestamp":"2026-06-13 12:45:01"}
{"level":"info","message":"Orchestrator: No domains found for tenant rbi (excluding those currently scanning).","timestamp":"2026-06-13 12:45:01"}
{"level":"info","message":"📁 Switching to CLIENT database: tenant_sbi (Tenant: sbi)","timestamp":"2026-06-13 12:45:01"}
{"level":"info","message":"Orchestrator: No domains found for tenant sbi (excluding those currently scanning).","timestamp":"2026-06-13 12:45:01"}
{"level":"info","message":"Orchestrator: Master DB connection closed.","timestamp":"2026-06-13 12:45:01"}
{"level":"info","message":"✅ Orchestrator: Finished. Total jobs enqueued: 0","timestamp":"2026-06-13 12:45:01"}
{"level":"info","message":"Job repeat:c10eea93bf68cc56fd5c63b351df3d32:1781334900000 (Orchestrator) completed successfully.","timestamp":"2026-06-13 12:45:01"}
{"level":"info","message":"[Job repeat:c10eea93bf68cc56fd5c63b351df3d32:1781334960000] 🚀 Executing scheduled global orchestration...","timestamp":"2026-06-13 12:46:00"}
{"level":"info","message":"Orchestrator: Starting global scan orchestration... ","timestamp":"2026-06-13 12:46:00"}
{"level":"info","message":"🔗 Connecting to MASTER database: master","timestamp":"2026-06-13 12:46:00"}
{"level":"info","message":"Orchestrator: Found 2 tenants to process.","timestamp":"2026-06-13 12:46:00"}
{"level":"info","message":"📁 Switching to CLIENT database: tenant_rbi (Tenant: rbi)","timestamp":"2026-06-13 12:46:00"}
{"level":"info","message":"Orchestrator: No domains found for tenant rbi (excluding those currently scanning).","timestamp":"2026-06-13 12:46:00"}
{"level":"info","message":"📁 Switching to CLIENT database: tenant_sbi (Tenant: sbi)","timestamp":"2026-06-13 12:46:00"}
{"level":"info","message":"Orchestrator: No domains found for tenant sbi (excluding those currently scanning).","timestamp":"2026-06-13 12:46:00"}
{"level":"info","message":"Orchestrator: Master DB connection closed.","timestamp":"2026-06-13 12:46:00"}
{"level":"info","message":"✅ Orchestrator: Finished. Total jobs enqueued: 0","timestamp":"2026-06-13 12:46:00"}
{"level":"info","message":"Job repeat:c10eea93bf68cc56fd5c63b351df3d32:1781334960000 (Orchestrator) completed successfully.","timestamp":"2026-06-13 12:46:01"}
{"level":"info","message":"[Job repeat:c10eea93bf68cc56fd5c63b351df3d32:1781335020000] 🚀 Executing scheduled global orchestration...","timestamp":"2026-06-13 12:47:00"}
{"level":"info","message":"Orchestrator: Starting global scan orchestration... ","timestamp":"2026-06-13 12:47:00"}
{"level":"info","message":"🔗 Connecting to MASTER database: master","timestamp":"2026-06-13 12:47:00"}
{"level":"info","message":"Orchestrator: Found 2 tenants to process.","timestamp":"2026-06-13 12:47:01"}
{"level":"info","message":"📁 Switching to CLIENT database: tenant_rbi (Tenant: rbi)","timestamp":"2026-06-13 12:47:01"}
{"level":"info","message":"Orchestrator: No domains found for tenant rbi (excluding those currently scanning).","timestamp":"2026-06-13 12:47:01"}
{"level":"info","message":"📁 Switching to CLIENT database: tenant_sbi (Tenant: sbi)","timestamp":"2026-06-13 12:47:01"}
{"level":"info","message":"Orchestrator: No domains found for tenant sbi (excluding those currently scanning).","timestamp":"2026-06-13 12:47:01"}
{"level":"info","message":"Orchestrator: Master DB connection closed.","timestamp":"2026-06-13 12:47:01"}
{"level":"info","message":"✅ Orchestrator: Finished. Total jobs enqueued: 0","timestamp":"2026-06-13 12:47:01"}
{"level":"info","message":"Job repeat:c10eea93bf68cc56fd5c63b351df3d32:1781335020000 (Orchestrator) completed successfully.","timestamp":"2026-06-13 12:47:01"}
{"level":"info","message":"[Job repeat:c10eea93bf68cc56fd5c63b351df3d32:1781335080000] 🚀 Executing scheduled global orchestration...","timestamp":"2026-06-13 12:48:00"}
{"level":"info","message":"Orchestrator: Starting global scan orchestration... ","timestamp":"2026-06-13 12:48:00"}
{"level":"info","message":"🔗 Connecting to MASTER database: master","timestamp":"2026-06-13 12:48:00"}
{"level":"info","message":"Orchestrator: Found 2 tenants to process.","timestamp":"2026-06-13 12:48:01"}
{"level":"info","message":"📁 Switching to CLIENT database: tenant_rbi (Tenant: rbi)","timestamp":"2026-06-13 12:48:01"}
{"level":"info","message":"Orchestrator: No domains found for tenant rbi (excluding those currently scanning).","timestamp":"2026-06-13 12:48:01"}
{"level":"info","message":"📁 Switching to CLIENT database: tenant_sbi (Tenant: sbi)","timestamp":"2026-06-13 12:48:01"}
{"level":"info","message":"Orchestrator: No domains found for tenant sbi (excluding those currently scanning).","timestamp":"2026-06-13 12:48:01"}
{"level":"info","message":"Orchestrator: Master DB connection closed.","timestamp":"2026-06-13 12:48:01"}
{"level":"info","message":"✅ Orchestrator: Finished. Total jobs enqueued: 0","timestamp":"2026-06-13 12:48:01"}
{"level":"info","message":"Job repeat:c10eea93bf68cc56fd5c63b351df3d32:1781335080000 (Orchestrator) completed successfully.","timestamp":"2026-06-13 12:48:01"}
{"level":"info","message":"[Job repeat:c10eea93bf68cc56fd5c63b351df3d32:1781335140000] 🚀 Executing scheduled global orchestration...","timestamp":"2026-06-13 12:49:00"}
{"level":"info","message":"Orchestrator: Starting global scan orchestration... ","timestamp":"2026-06-13 12:49:00"}
{"level":"info","message":"🔗 Connecting to MASTER database: master","timestamp":"2026-06-13 12:49:00"}
{"level":"info","message":"Orchestrator: Found 2 tenants to process.","timestamp":"2026-06-13 12:49:00"}
{"level":"info","message":"📁 Switching to CLIENT database: tenant_rbi (Tenant: rbi)","timestamp":"2026-06-13 12:49:00"}
{"level":"info","message":"Orchestrator: No domains found for tenant rbi (excluding those currently scanning).","timestamp":"2026-06-13 12:49:00"}
{"level":"info","message":"📁 Switching to CLIENT database: tenant_sbi (Tenant: sbi)","timestamp":"2026-06-13 12:49:00"}
{"level":"info","message":"Orchestrator: No domains found for tenant sbi (excluding those currently scanning).","timestamp":"2026-06-13 12:49:00"}
{"level":"info","message":"Orchestrator: Master DB connection closed.","timestamp":"2026-06-13 12:49:00"}
{"level":"info","message":"✅ Orchestrator: Finished. Total jobs enqueued: 0","timestamp":"2026-06-13 12:49:00"}
{"level":"info","message":"Job repeat:c10eea93bf68cc56fd5c63b351df3d32:1781335140000 (Orchestrator) completed successfully.","timestamp":"2026-06-13 12:49:00"}
{"level":"info","message":"[Job repeat:c10eea93bf68cc56fd5c63b351df3d32:1781335200000] 🚀 Executing scheduled global orchestration...","timestamp":"2026-06-13 12:50:00"}
{"level":"info","message":"Orchestrator: Starting global scan orchestration... ","timestamp":"2026-06-13 12:50:00"}
{"level":"info","message":"🔗 Connecting to MASTER database: master","timestamp":"2026-06-13 12:50:00"}
{"level":"info","message":"Orchestrator: Found 2 tenants to process.","timestamp":"2026-06-13 12:50:01"}
{"level":"info","message":"📁 Switching to CLIENT database: tenant_rbi (Tenant: rbi)","timestamp":"2026-06-13 12:50:01"}
{"level":"info","message":"Orchestrator: No domains found for tenant rbi (excluding those currently scanning).","timestamp":"2026-06-13 12:50:01"}
{"level":"info","message":"📁 Switching to CLIENT database: tenant_sbi (Tenant: sbi)","timestamp":"2026-06-13 12:50:01"}
{"level":"info","message":"Orchestrator: No domains found for tenant sbi (excluding those currently scanning).","timestamp":"2026-06-13 12:50:01"}
{"level":"info","message":"Orchestrator: Master DB connection closed.","timestamp":"2026-06-13 12:50:01"}
{"level":"info","message":"✅ Orchestrator: Finished. Total jobs enqueued: 0","timestamp":"2026-06-13 12:50:01"}
{"level":"info","message":"Job repeat:c10eea93bf68cc56fd5c63b351df3d32:1781335200000 (Orchestrator) completed successfully.","timestamp":"2026-06-13 12:50:01"}
{"level":"info","message":"[Job repeat:c10eea93bf68cc56fd5c63b351df3d32:1781335260000] 🚀 Executing scheduled global orchestration...","timestamp":"2026-06-13 12:51:00"}
{"level":"info","message":"Orchestrator: Starting global scan orchestration... ","timestamp":"2026-06-13 12:51:00"}
{"level":"info","message":"🔗 Connecting to MASTER database: master","timestamp":"2026-06-13 12:51:00"}
{"level":"info","message":"Orchestrator: Found 2 tenants to process.","timestamp":"2026-06-13 12:51:01"}
{"level":"info","message":"📁 Switching to CLIENT database: tenant_rbi (Tenant: rbi)","timestamp":"2026-06-13 12:51:01"}
{"level":"info","message":"Orchestrator: No domains found for tenant rbi (excluding those currently scanning).","timestamp":"2026-06-13 12:51:01"}
{"level":"info","message":"📁 Switching to CLIENT database: tenant_sbi (Tenant: sbi)","timestamp":"2026-06-13 12:51:01"}
{"level":"info","message":"Orchestrator: No domains found for tenant sbi (excluding those currently scanning).","timestamp":"2026-06-13 12:51:01"}
{"level":"info","message":"Orchestrator: Master DB connection closed.","timestamp":"2026-06-13 12:51:01"}
{"level":"info","message":"✅ Orchestrator: Finished. Total jobs enqueued: 0","timestamp":"2026-06-13 12:51:01"}
{"level":"info","message":"Job repeat:c10eea93bf68cc56fd5c63b351df3d32:1781335260000 (Orchestrator) completed successfully.","timestamp":"2026-06-13 12:51:01"}
{"level":"info","message":"[Job repeat:c10eea93bf68cc56fd5c63b351df3d32:1781335320000] 🚀 Executing scheduled global orchestration...","timestamp":"2026-06-13 12:52:00"}
{"level":"info","message":"Orchestrator: Starting global scan orchestration... ","timestamp":"2026-06-13 12:52:00"}
{"level":"info","message":"🔗 Connecting to MASTER database: master","timestamp":"2026-06-13 12:52:00"}
{"level":"info","message":"Orchestrator: Found 2 tenants to process.","timestamp":"2026-06-13 12:52:00"}
{"level":"info","message":"📁 Switching to CLIENT database: tenant_rbi (Tenant: rbi)","timestamp":"2026-06-13 12:52:00"}
{"level":"info","message":"Orchestrator: No domains found for tenant rbi (excluding those currently scanning).","timestamp":"2026-06-13 12:52:00"}
{"level":"info","message":"📁 Switching to CLIENT database: tenant_sbi (Tenant: sbi)","timestamp":"2026-06-13 12:52:00"}
{"level":"info","message":"Orchestrator: No domains found for tenant sbi (excluding those currently scanning).","timestamp":"2026-06-13 12:52:00"}
{"level":"info","message":"Orchestrator: Master DB connection closed.","timestamp":"2026-06-13 12:52:00"}
{"level":"info","message":"✅ Orchestrator: Finished. Total jobs enqueued: 0","timestamp":"2026-06-13 12:52:00"}
{"level":"info","message":"Job repeat:c10eea93bf68cc56fd5c63b351df3d32:1781335320000 (Orchestrator) completed successfully.","timestamp":"2026-06-13 12:52:00"}
{"level":"info","message":"[Job repeat:c10eea93bf68cc56fd5c63b351df3d32:1781335380000] 🚀 Executing scheduled global orchestration...","timestamp":"2026-06-13 12:53:00"}
{"level":"info","message":"Orchestrator: Starting global scan orchestration... ","timestamp":"2026-06-13 12:53:00"}
{"level":"info","message":"🔗 Connecting to MASTER database: master","timestamp":"2026-06-13 12:53:00"}
{"level":"info","message":"Orchestrator: Found 2 tenants to process.","timestamp":"2026-06-13 12:53:01"}
{"level":"info","message":"📁 Switching to CLIENT database: tenant_rbi (Tenant: rbi)","timestamp":"2026-06-13 12:53:01"}
{"level":"info","message":"Orchestrator: No domains found for tenant rbi (excluding those currently scanning).","timestamp":"2026-06-13 12:53:01"}
{"level":"info","message":"📁 Switching to CLIENT database: tenant_sbi (Tenant: sbi)","timestamp":"2026-06-13 12:53:01"}
{"level":"info","message":"Orchestrator: No domains found for tenant sbi (excluding those currently scanning).","timestamp":"2026-06-13 12:53:01"}
{"level":"info","message":"Orchestrator: Master DB connection closed.","timestamp":"2026-06-13 12:53:01"}
{"level":"info","message":"✅ Orchestrator: Finished. Total jobs enqueued: 0","timestamp":"2026-06-13 12:53:01"}
{"level":"info","message":"Job repeat:c10eea93bf68cc56fd5c63b351df3d32:1781335380000 (Orchestrator) completed successfully.","timestamp":"2026-06-13 12:53:01"}
{"level":"info","message":"[Job repeat:c10eea93bf68cc56fd5c63b351df3d32:1781335440000] 🚀 Executing scheduled global orchestration...","timestamp":"2026-06-13 12:54:01"}
{"level":"info","message":"Orchestrator: Starting global scan orchestration... ","timestamp":"2026-06-13 12:54:01"}
{"level":"info","message":"🔗 Connecting to MASTER database: master","timestamp":"2026-06-13 12:54:01"}
{"level":"info","message":"Orchestrator: Found 2 tenants to process.","timestamp":"2026-06-13 12:54:01"}
{"level":"info","message":"📁 Switching to CLIENT database: tenant_rbi (Tenant: rbi)","timestamp":"2026-06-13 12:54:01"}
{"level":"info","message":"Orchestrator: No domains found for tenant rbi (excluding those currently scanning).","timestamp":"2026-06-13 12:54:01"}
{"level":"info","message":"📁 Switching to CLIENT database: tenant_sbi (Tenant: sbi)","timestamp":"2026-06-13 12:54:01"}
{"level":"info","message":"Orchestrator: No domains found for tenant sbi (excluding those currently scanning).","timestamp":"2026-06-13 12:54:01"}
{"level":"info","message":"Orchestrator: Master DB connection closed.","timestamp":"2026-06-13 12:54:01"}
{"level":"info","message":"✅ Orchestrator: Finished. Total jobs enqueued: 0","timestamp":"2026-06-13 12:54:01"}
{"level":"info","message":"Job repeat:c10eea93bf68cc56fd5c63b351df3d32:1781335440000 (Orchestrator) completed successfully.","timestamp":"2026-06-13 12:54:01"}
{"level":"info","message":"[Job repeat:c10eea93bf68cc56fd5c63b351df3d32:1781335500000] 🚀 Executing scheduled global orchestration...","timestamp":"2026-06-13 12:55:00"}
{"level":"info","message":"Orchestrator: Starting global scan orchestration... ","timestamp":"2026-06-13 12:55:00"}
{"level":"info","message":"🔗 Connecting to MASTER database: master","timestamp":"2026-06-13 12:55:00"}
{"level":"info","message":"Orchestrator: Found 2 tenants to process.","timestamp":"2026-06-13 12:55:01"}
{"level":"info","message":"📁 Switching to CLIENT database: tenant_rbi (Tenant: rbi)","timestamp":"2026-06-13 12:55:01"}
{"level":"info","message":"Orchestrator: No domains found for tenant rbi (excluding those currently scanning).","timestamp":"2026-06-13 12:55:01"}
{"level":"info","message":"📁 Switching to CLIENT database: tenant_sbi (Tenant: sbi)","timestamp":"2026-06-13 12:55:01"}
{"level":"info","message":"Orchestrator: No domains found for tenant sbi (excluding those currently scanning).","timestamp":"2026-06-13 12:55:01"}
{"level":"info","message":"Orchestrator: Master DB connection closed.","timestamp":"2026-06-13 12:55:01"}
{"level":"info","message":"✅ Orchestrator: Finished. Total jobs enqueued: 0","timestamp":"2026-06-13 12:55:01"}
{"level":"info","message":"Job repeat:c10eea93bf68cc56fd5c63b351df3d32:1781335500000 (Orchestrator) completed successfully.","timestamp":"2026-06-13 12:55:01"}
{"level":"info","message":"[Job repeat:c10eea93bf68cc56fd5c63b351df3d32:1781335560000] 🚀 Executing scheduled global orchestration...","timestamp":"2026-06-13 12:56:00"}
{"level":"info","message":"Orchestrator: Starting global scan orchestration... ","timestamp":"2026-06-13 12:56:00"}
{"level":"info","message":"🔗 Connecting to MASTER database: master","timestamp":"2026-06-13 12:56:00"}
{"level":"info","message":"Orchestrator: Found 2 tenants to process.","timestamp":"2026-06-13 12:56:01"}
{"level":"info","message":"📁 Switching to CLIENT database: tenant_rbi (Tenant: rbi)","timestamp":"2026-06-13 12:56:01"}
{"level":"info","message":"Orchestrator: No domains found for tenant rbi (excluding those currently scanning).","timestamp":"2026-06-13 12:56:01"}
{"level":"info","message":"📁 Switching to CLIENT database: tenant_sbi (Tenant: sbi)","timestamp":"2026-06-13 12:56:01"}
{"level":"info","message":"Orchestrator: No domains found for tenant sbi (excluding those currently scanning).","timestamp":"2026-06-13 12:56:01"}
{"level":"info","message":"Orchestrator: Master DB connection closed.","timestamp":"2026-06-13 12:56:01"}
{"level":"info","message":"✅ Orchestrator: Finished. Total jobs enqueued: 0","timestamp":"2026-06-13 12:56:01"}
{"level":"info","message":"Job repeat:c10eea93bf68cc56fd5c63b351df3d32:1781335560000 (Orchestrator) completed successfully.","timestamp":"2026-06-13 12:56:01"}
{"level":"info","message":"[Job repeat:c10eea93bf68cc56fd5c63b351df3d32:1781335620000] 🚀 Executing scheduled global orchestration...","timestamp":"2026-06-13 12:57:00"}
{"level":"info","message":"Orchestrator: Starting global scan orchestration... ","timestamp":"2026-06-13 12:57:00"}
{"level":"info","message":"🔗 Connecting to MASTER database: master","timestamp":"2026-06-13 12:57:00"}
{"level":"info","message":"Orchestrator: Found 2 tenants to process.","timestamp":"2026-06-13 12:57:00"}
{"level":"info","message":"📁 Switching to CLIENT database: tenant_rbi (Tenant: rbi)","timestamp":"2026-06-13 12:57:00"}
{"level":"info","message":"Orchestrator: No domains found for tenant rbi (excluding those currently scanning).","timestamp":"2026-06-13 12:57:00"}
{"level":"info","message":"📁 Switching to CLIENT database: tenant_sbi (Tenant: sbi)","timestamp":"2026-06-13 12:57:00"}
{"level":"info","message":"Orchestrator: No domains found for tenant sbi (excluding those currently scanning).","timestamp":"2026-06-13 12:57:00"}
{"level":"info","message":"Orchestrator: Master DB connection closed.","timestamp":"2026-06-13 12:57:00"}
{"level":"info","message":"✅ Orchestrator: Finished. Total jobs enqueued: 0","timestamp":"2026-06-13 12:57:00"}
{"level":"info","message":"Job repeat:c10eea93bf68cc56fd5c63b351df3d32:1781335620000 (Orchestrator) completed successfully.","timestamp":"2026-06-13 12:57:00"}
{"level":"info","message":"[Job repeat:c10eea93bf68cc56fd5c63b351df3d32:1781335680000] 🚀 Executing scheduled global orchestration...","timestamp":"2026-06-13 12:58:00"}
{"level":"info","message":"Orchestrator: Starting global scan orchestration... ","timestamp":"2026-06-13 12:58:00"}
{"level":"info","message":"🔗 Connecting to MASTER database: master","timestamp":"2026-06-13 12:58:00"}
{"level":"info","message":"Orchestrator: Found 2 tenants to process.","timestamp":"2026-06-13 12:58:01"}
{"level":"info","message":"📁 Switching to CLIENT database: tenant_rbi (Tenant: rbi)","timestamp":"2026-06-13 12:58:01"}
{"level":"info","message":"Orchestrator: No domains found for tenant rbi (excluding those currently scanning).","timestamp":"2026-06-13 12:58:01"}
{"level":"info","message":"📁 Switching to CLIENT database: tenant_sbi (Tenant: sbi)","timestamp":"2026-06-13 12:58:01"}
{"level":"info","message":"Orchestrator: No domains found for tenant sbi (excluding those currently scanning).","timestamp":"2026-06-13 12:58:01"}
{"level":"info","message":"Orchestrator: Master DB connection closed.","timestamp":"2026-06-13 12:58:01"}
{"level":"info","message":"✅ Orchestrator: Finished. Total jobs enqueued: 0","timestamp":"2026-06-13 12:58:01"}
{"level":"info","message":"Job repeat:c10eea93bf68cc56fd5c63b351df3d32:1781335680000 (Orchestrator) completed successfully.","timestamp":"2026-06-13 12:58:01"}
{"level":"info","message":"[Job repeat:c10eea93bf68cc56fd5c63b351df3d32:1781335740000] 🚀 Executing scheduled global orchestration...","timestamp":"2026-06-13 12:59:01"}
{"level":"info","message":"Orchestrator: Starting global scan orchestration... ","timestamp":"2026-06-13 12:59:01"}
{"level":"info","message":"🔗 Connecting to MASTER database: master","timestamp":"2026-06-13 12:59:01"}
{"level":"info","message":"Orchestrator: Found 2 tenants to process.","timestamp":"2026-06-13 12:59:01"}
{"level":"info","message":"📁 Switching to CLIENT database: tenant_rbi (Tenant: rbi)","timestamp":"2026-06-13 12:59:01"}
{"level":"info","message":"Orchestrator: No domains found for tenant rbi (excluding those currently scanning).","timestamp":"2026-06-13 12:59:01"}
{"level":"info","message":"📁 Switching to CLIENT database: tenant_sbi (Tenant: sbi)","timestamp":"2026-06-13 12:59:01"}
{"level":"info","message":"Orchestrator: No domains found for tenant sbi (excluding those currently scanning).","timestamp":"2026-06-13 12:59:01"}
{"level":"info","message":"Orchestrator: Master DB connection closed.","timestamp":"2026-06-13 12:59:01"}
{"level":"info","message":"✅ Orchestrator: Finished. Total jobs enqueued: 0","timestamp":"2026-06-13 12:59:01"}
{"level":"info","message":"Job repeat:c10eea93bf68cc56fd5c63b351df3d32:1781335740000 (Orchestrator) completed successfully.","timestamp":"2026-06-13 12:59:01"}
{"level":"info","message":"[Job repeat:c10eea93bf68cc56fd5c63b351df3d32:1781335800000] 🚀 Executing scheduled global orchestration...","timestamp":"2026-06-13 13:00:00"}
{"level":"info","message":"Orchestrator: Starting global scan orchestration... ","timestamp":"2026-06-13 13:00:00"}
{"level":"info","message":"🔗 Connecting to MASTER database: master","timestamp":"2026-06-13 13:00:00"}
{"level":"info","message":"Orchestrator: Found 2 tenants to process.","timestamp":"2026-06-13 13:00:01"}
{"level":"info","message":"📁 Switching to CLIENT database: tenant_rbi (Tenant: rbi)","timestamp":"2026-06-13 13:00:01"}
{"level":"info","message":"Orchestrator: No domains found for tenant rbi (excluding those currently scanning).","timestamp":"2026-06-13 13:00:01"}
{"level":"info","message":"📁 Switching to CLIENT database: tenant_sbi (Tenant: sbi)","timestamp":"2026-06-13 13:00:01"}
{"level":"info","message":"Orchestrator: No domains found for tenant sbi (excluding those currently scanning).","timestamp":"2026-06-13 13:00:01"}
{"level":"info","message":"Orchestrator: Master DB connection closed.","timestamp":"2026-06-13 13:00:01"}
{"level":"info","message":"✅ Orchestrator: Finished. Total jobs enqueued: 0","timestamp":"2026-06-13 13:00:01"}
{"level":"info","message":"Job repeat:c10eea93bf68cc56fd5c63b351df3d32:1781335800000 (Orchestrator) completed successfully.","timestamp":"2026-06-13 13:00:01"}
{"level":"info","message":"[Job repeat:c10eea93bf68cc56fd5c63b351df3d32:1781335860000] 🚀 Executing scheduled global orchestration...","timestamp":"2026-06-13 13:01:00"}
{"level":"info","message":"Orchestrator: Starting global scan orchestration... ","timestamp":"2026-06-13 13:01:00"}
{"level":"info","message":"🔗 Connecting to MASTER database: master","timestamp":"2026-06-13 13:01:00"}
{"level":"info","message":"Orchestrator: Found 2 tenants to process.","timestamp":"2026-06-13 13:01:01"}
{"level":"info","message":"📁 Switching to CLIENT database: tenant_rbi (Tenant: rbi)","timestamp":"2026-06-13 13:01:01"}
{"level":"info","message":"Orchestrator: No domains found for tenant rbi (excluding those currently scanning).","timestamp":"2026-06-13 13:01:01"}
{"level":"info","message":"📁 Switching to CLIENT database: tenant_sbi (Tenant: sbi)","timestamp":"2026-06-13 13:01:01"}
{"level":"info","message":"Orchestrator: No domains found for tenant sbi (excluding those currently scanning).","timestamp":"2026-06-13 13:01:01"}
{"level":"info","message":"Orchestrator: Master DB connection closed.","timestamp":"2026-06-13 13:01:01"}
{"level":"info","message":"✅ Orchestrator: Finished. Total jobs enqueued: 0","timestamp":"2026-06-13 13:01:01"}
{"level":"info","message":"Job repeat:c10eea93bf68cc56fd5c63b351df3d32:1781335860000 (Orchestrator) completed successfully.","timestamp":"2026-06-13 13:01:01"}
{"level":"info","message":"[Job repeat:c10eea93bf68cc56fd5c63b351df3d32:1781335920000] 🚀 Executing scheduled global orchestration...","timestamp":"2026-06-13 13:02:00"}
{"level":"info","message":"Orchestrator: Starting global scan orchestration... ","timestamp":"2026-06-13 13:02:00"}
{"level":"info","message":"🔗 Connecting to MASTER database: master","timestamp":"2026-06-13 13:02:00"}
{"level":"info","message":"Orchestrator: Found 2 tenants to process.","timestamp":"2026-06-13 13:02:01"}
{"level":"info","message":"📁 Switching to CLIENT database: tenant_rbi (Tenant: rbi)","timestamp":"2026-06-13 13:02:01"}
{"level":"info","message":"Orchestrator: No domains found for tenant rbi (excluding those currently scanning).","timestamp":"2026-06-13 13:02:01"}
{"level":"info","message":"📁 Switching to CLIENT database: tenant_sbi (Tenant: sbi)","timestamp":"2026-06-13 13:02:01"}
{"level":"info","message":"Orchestrator: No domains found for tenant sbi (excluding those currently scanning).","timestamp":"2026-06-13 13:02:01"}
{"level":"info","message":"Orchestrator: Master DB connection closed.","timestamp":"2026-06-13 13:02:01"}
{"level":"info","message":"✅ Orchestrator: Finished. Total jobs enqueued: 0","timestamp":"2026-06-13 13:02:01"}
{"level":"info","message":"Job repeat:c10eea93bf68cc56fd5c63b351df3d32:1781335920000 (Orchestrator) completed successfully.","timestamp":"2026-06-13 13:02:01"}
{"level":"info","message":"[Job repeat:c10eea93bf68cc56fd5c63b351df3d32:1781335980000] 🚀 Executing scheduled global orchestration...","timestamp":"2026-06-13 13:03:00"}
{"level":"info","message":"Orchestrator: Starting global scan orchestration... ","timestamp":"2026-06-13 13:03:00"}
{"level":"info","message":"🔗 Connecting to MASTER database: master","timestamp":"2026-06-13 13:03:00"}
{"level":"info","message":"Orchestrator: Found 2 tenants to process.","timestamp":"2026-06-13 13:03:00"}
{"level":"info","message":"📁 Switching to CLIENT database: tenant_rbi (Tenant: rbi)","timestamp":"2026-06-13 13:03:00"}
{"level":"info","message":"Orchestrator: No domains found for tenant rbi (excluding those currently scanning).","timestamp":"2026-06-13 13:03:00"}
{"level":"info","message":"📁 Switching to CLIENT database: tenant_sbi (Tenant: sbi)","timestamp":"2026-06-13 13:03:00"}
{"level":"info","message":"Orchestrator: No domains found for tenant sbi (excluding those currently scanning).","timestamp":"2026-06-13 13:03:00"}
{"level":"info","message":"Orchestrator: Master DB connection closed.","timestamp":"2026-06-13 13:03:00"}
{"level":"info","message":"✅ Orchestrator: Finished. Total jobs enqueued: 0","timestamp":"2026-06-13 13:03:00"}
{"level":"info","message":"Job repeat:c10eea93bf68cc56fd5c63b351df3d32:1781335980000 (Orchestrator) completed successfully.","timestamp":"2026-06-13 13:03:00"}
{"level":"info","message":"[Job repeat:c10eea93bf68cc56fd5c63b351df3d32:1781336040000] 🚀 Executing scheduled global orchestration...","timestamp":"2026-06-13 13:04:00"}
{"level":"info","message":"Orchestrator: Starting global scan orchestration... ","timestamp":"2026-06-13 13:04:00"}
{"level":"info","message":"🔗 Connecting to MASTER database: master","timestamp":"2026-06-13 13:04:00"}
{"level":"info","message":"Orchestrator: Found 2 tenants to process.","timestamp":"2026-06-13 13:04:01"}
{"level":"info","message":"📁 Switching to CLIENT database: tenant_rbi (Tenant: rbi)","timestamp":"2026-06-13 13:04:01"}
{"level":"info","message":"Orchestrator: No domains found for tenant rbi (excluding those currently scanning).","timestamp":"2026-06-13 13:04:01"}
{"level":"info","message":"📁 Switching to CLIENT database: tenant_sbi (Tenant: sbi)","timestamp":"2026-06-13 13:04:01"}
{"level":"info","message":"Orchestrator: No domains found for tenant sbi (excluding those currently scanning).","timestamp":"2026-06-13 13:04:01"}
{"level":"info","message":"Orchestrator: Master DB connection closed.","timestamp":"2026-06-13 13:04:01"}
{"level":"info","message":"✅ Orchestrator: Finished. Total jobs enqueued: 0","timestamp":"2026-06-13 13:04:01"}
{"level":"info","message":"Job repeat:c10eea93bf68cc56fd5c63b351df3d32:1781336040000 (Orchestrator) completed successfully.","timestamp":"2026-06-13 13:04:01"}
{"level":"info","message":"[Job repeat:c10eea93bf68cc56fd5c63b351df3d32:1781336100000] 🚀 Executing scheduled global orchestration...","timestamp":"2026-06-13 13:05:00"}
{"level":"info","message":"Orchestrator: Starting global scan orchestration... ","timestamp":"2026-06-13 13:05:00"}
{"level":"info","message":"🔗 Connecting to MASTER database: master","timestamp":"2026-06-13 13:05:00"}
{"level":"info","message":"Orchestrator: Found 2 tenants to process.","timestamp":"2026-06-13 13:05:01"}
{"level":"info","message":"📁 Switching to CLIENT database: tenant_rbi (Tenant: rbi)","timestamp":"2026-06-13 13:05:01"}
{"level":"info","message":"Orchestrator: No domains found for tenant rbi (excluding those currently scanning).","timestamp":"2026-06-13 13:05:01"}
{"level":"info","message":"📁 Switching to CLIENT database: tenant_sbi (Tenant: sbi)","timestamp":"2026-06-13 13:05:01"}
{"level":"info","message":"Orchestrator: No domains found for tenant sbi (excluding those currently scanning).","timestamp":"2026-06-13 13:05:01"}
{"level":"info","message":"Orchestrator: Master DB connection closed.","timestamp":"2026-06-13 13:05:01"}
{"level":"info","message":"✅ Orchestrator: Finished. Total jobs enqueued: 0","timestamp":"2026-06-13 13:05:01"}
{"level":"info","message":"Job repeat:c10eea93bf68cc56fd5c63b351df3d32:1781336100000 (Orchestrator) completed successfully.","timestamp":"2026-06-13 13:05:01"}
{"level":"info","message":"[Job repeat:c10eea93bf68cc56fd5c63b351df3d32:1781336160000] 🚀 Executing scheduled global orchestration...","timestamp":"2026-06-13 13:06:00"}
{"level":"info","message":"Orchestrator: Starting global scan orchestration... ","timestamp":"2026-06-13 13:06:00"}
{"level":"info","message":"🔗 Connecting to MASTER database: master","timestamp":"2026-06-13 13:06:00"}
{"level":"info","message":"Orchestrator: Found 2 tenants to process.","timestamp":"2026-06-13 13:06:00"}
{"level":"info","message":"📁 Switching to CLIENT database: tenant_rbi (Tenant: rbi)","timestamp":"2026-06-13 13:06:00"}
{"level":"info","message":"Orchestrator: No domains found for tenant rbi (excluding those currently scanning).","timestamp":"2026-06-13 13:06:00"}
{"level":"info","message":"📁 Switching to CLIENT database: tenant_sbi (Tenant: sbi)","timestamp":"2026-06-13 13:06:00"}
{"level":"info","message":"Orchestrator: No domains found for tenant sbi (excluding those currently scanning).","timestamp":"2026-06-13 13:06:00"}
{"level":"info","message":"Orchestrator: Master DB connection closed.","timestamp":"2026-06-13 13:06:00"}
{"level":"info","message":"✅ Orchestrator: Finished. Total jobs enqueued: 0","timestamp":"2026-06-13 13:06:00"}
{"level":"info","message":"Job repeat:c10eea93bf68cc56fd5c63b351df3d32:1781336160000 (Orchestrator) completed successfully.","timestamp":"2026-06-13 13:06:00"}
{"level":"info","message":"[Job repeat:c10eea93bf68cc56fd5c63b351df3d32:1781336220000] 🚀 Executing scheduled global orchestration...","timestamp":"2026-06-13 13:07:00"}
{"level":"info","message":"Orchestrator: Starting global scan orchestration... ","timestamp":"2026-06-13 13:07:00"}
{"level":"info","message":"🔗 Connecting to MASTER database: master","timestamp":"2026-06-13 13:07:00"}
{"level":"info","message":"Orchestrator: Found 2 tenants to process.","timestamp":"2026-06-13 13:07:00"}
{"level":"info","message":"📁 Switching to CLIENT database: tenant_rbi (Tenant: rbi)","timestamp":"2026-06-13 13:07:00"}
{"level":"info","message":"Orchestrator: No domains found for tenant rbi (excluding those currently scanning).","timestamp":"2026-06-13 13:07:01"}
{"level":"info","message":"📁 Switching to CLIENT database: tenant_sbi (Tenant: sbi)","timestamp":"2026-06-13 13:07:01"}
{"level":"info","message":"Orchestrator: No domains found for tenant sbi (excluding those currently scanning).","timestamp":"2026-06-13 13:07:01"}
{"level":"info","message":"Orchestrator: Master DB connection closed.","timestamp":"2026-06-13 13:07:01"}
{"level":"info","message":"✅ Orchestrator: Finished. Total jobs enqueued: 0","timestamp":"2026-06-13 13:07:01"}
{"level":"info","message":"Job repeat:c10eea93bf68cc56fd5c63b351df3d32:1781336220000 (Orchestrator) completed successfully.","timestamp":"2026-06-13 13:07:01"}
{"level":"info","message":"[Job repeat:c10eea93bf68cc56fd5c63b351df3d32:1781336280000] 🚀 Executing scheduled global orchestration...","timestamp":"2026-06-13 13:08:00"}
{"level":"info","message":"Orchestrator: Starting global scan orchestration... ","timestamp":"2026-06-13 13:08:00"}
{"level":"info","message":"🔗 Connecting to MASTER database: master","timestamp":"2026-06-13 13:08:00"}
{"level":"info","message":"Orchestrator: Found 2 tenants to process.","timestamp":"2026-06-13 13:08:01"}
{"level":"info","message":"📁 Switching to CLIENT database: tenant_rbi (Tenant: rbi)","timestamp":"2026-06-13 13:08:01"}
{"level":"info","message":"Orchestrator: No domains found for tenant rbi (excluding those currently scanning).","timestamp":"2026-06-13 13:08:01"}
{"level":"info","message":"📁 Switching to CLIENT database: tenant_sbi (Tenant: sbi)","timestamp":"2026-06-13 13:08:01"}
{"level":"info","message":"Orchestrator: No domains found for tenant sbi (excluding those currently scanning).","timestamp":"2026-06-13 13:08:01"}
{"level":"info","message":"Orchestrator: Master DB connection closed.","timestamp":"2026-06-13 13:08:01"}
{"level":"info","message":"✅ Orchestrator: Finished. Total jobs enqueued: 0","timestamp":"2026-06-13 13:08:01"}
{"level":"info","message":"Job repeat:c10eea93bf68cc56fd5c63b351df3d32:1781336280000 (Orchestrator) completed successfully.","timestamp":"2026-06-13 13:08:01"}
{"level":"info","message":"[Job repeat:c10eea93bf68cc56fd5c63b351df3d32:1781336340000] 🚀 Executing scheduled global orchestration...","timestamp":"2026-06-13 13:09:00"}
{"level":"info","message":"Orchestrator: Starting global scan orchestration... ","timestamp":"2026-06-13 13:09:00"}
{"level":"info","message":"🔗 Connecting to MASTER database: master","timestamp":"2026-06-13 13:09:00"}
{"level":"info","message":"Orchestrator: Found 2 tenants to process.","timestamp":"2026-06-13 13:09:01"}
{"level":"info","message":"📁 Switching to CLIENT database: tenant_rbi (Tenant: rbi)","timestamp":"2026-06-13 13:09:01"}
{"level":"info","message":"Orchestrator: No domains found for tenant rbi (excluding those currently scanning).","timestamp":"2026-06-13 13:09:01"}
{"level":"info","message":"📁 Switching to CLIENT database: tenant_sbi (Tenant: sbi)","timestamp":"2026-06-13 13:09:01"}
{"level":"info","message":"Orchestrator: No domains found for tenant sbi (excluding those currently scanning).","timestamp":"2026-06-13 13:09:01"}
{"level":"info","message":"Orchestrator: Master DB connection closed.","timestamp":"2026-06-13 13:09:01"}
{"level":"info","message":"✅ Orchestrator: Finished. Total jobs enqueued: 0","timestamp":"2026-06-13 13:09:01"}
{"level":"info","message":"Job repeat:c10eea93bf68cc56fd5c63b351df3d32:1781336340000 (Orchestrator) completed successfully.","timestamp":"2026-06-13 13:09:01"}
{"level":"info","message":"[Job repeat:c10eea93bf68cc56fd5c63b351df3d32:1781336400000] 🚀 Executing scheduled global orchestration...","timestamp":"2026-06-13 13:10:00"}
{"level":"info","message":"Orchestrator: Starting global scan orchestration... ","timestamp":"2026-06-13 13:10:00"}
{"level":"info","message":"🔗 Connecting to MASTER database: master","timestamp":"2026-06-13 13:10:00"}
{"level":"info","message":"Orchestrator: Found 2 tenants to process.","timestamp":"2026-06-13 13:10:00"}
{"level":"info","message":"📁 Switching to CLIENT database: tenant_rbi (Tenant: rbi)","timestamp":"2026-06-13 13:10:00"}
{"level":"info","message":"Orchestrator: No domains found for tenant rbi (excluding those currently scanning).","timestamp":"2026-06-13 13:10:00"}
{"level":"info","message":"📁 Switching to CLIENT database: tenant_sbi (Tenant: sbi)","timestamp":"2026-06-13 13:10:00"}
{"level":"info","message":"Orchestrator: No domains found for tenant sbi (excluding those currently scanning).","timestamp":"2026-06-13 13:10:00"}
{"level":"info","message":"Orchestrator: Master DB connection closed.","timestamp":"2026-06-13 13:10:00"}
{"level":"info","message":"✅ Orchestrator: Finished. Total jobs enqueued: 0","timestamp":"2026-06-13 13:10:00"}
{"level":"info","message":"Job repeat:c10eea93bf68cc56fd5c63b351df3d32:1781336400000 (Orchestrator) completed successfully.","timestamp":"2026-06-13 13:10:00"}
{"level":"info","message":"[Job repeat:c10eea93bf68cc56fd5c63b351df3d32:1781336460000] 🚀 Executing scheduled global orchestration...","timestamp":"2026-06-13 13:11:00"}
{"level":"info","message":"Orchestrator: Starting global scan orchestration... ","timestamp":"2026-06-13 13:11:00"}
{"level":"info","message":"🔗 Connecting to MASTER database: master","timestamp":"2026-06-13 13:11:00"}
{"level":"info","message":"Orchestrator: Found 2 tenants to process.","timestamp":"2026-06-13 13:11:01"}
{"level":"info","message":"📁 Switching to CLIENT database: tenant_rbi (Tenant: rbi)","timestamp":"2026-06-13 13:11:01"}
{"level":"info","message":"Orchestrator: No domains found for tenant rbi (excluding those currently scanning).","timestamp":"2026-06-13 13:11:01"}
{"level":"info","message":"📁 Switching to CLIENT database: tenant_sbi (Tenant: sbi)","timestamp":"2026-06-13 13:11:01"}
{"level":"info","message":"Orchestrator: No domains found for tenant sbi (excluding those currently scanning).","timestamp":"2026-06-13 13:11:01"}
{"level":"info","message":"Orchestrator: Master DB connection closed.","timestamp":"2026-06-13 13:11:01"}
{"level":"info","message":"✅ Orchestrator: Finished. Total jobs enqueued: 0","timestamp":"2026-06-13 13:11:01"}
{"level":"info","message":"Job repeat:c10eea93bf68cc56fd5c63b351df3d32:1781336460000 (Orchestrator) completed successfully.","timestamp":"2026-06-13 13:11:01"}
{"level":"info","message":"[Job repeat:c10eea93bf68cc56fd5c63b351df3d32:1781336520000] 🚀 Executing scheduled global orchestration...","timestamp":"2026-06-13 13:12:00"}
{"level":"info","message":"Orchestrator: Starting global scan orchestration... ","timestamp":"2026-06-13 13:12:00"}
{"level":"info","message":"🔗 Connecting to MASTER database: master","timestamp":"2026-06-13 13:12:00"}
{"level":"info","message":"Orchestrator: Found 2 tenants to process.","timestamp":"2026-06-13 13:12:01"}
{"level":"info","message":"📁 Switching to CLIENT database: tenant_rbi (Tenant: rbi)","timestamp":"2026-06-13 13:12:01"}
{"level":"info","message":"Orchestrator: No domains found for tenant rbi (excluding those currently scanning).","timestamp":"2026-06-13 13:12:01"}
{"level":"info","message":"📁 Switching to CLIENT database: tenant_sbi (Tenant: sbi)","timestamp":"2026-06-13 13:12:01"}
{"level":"info","message":"Orchestrator: No domains found for tenant sbi (excluding those currently scanning).","timestamp":"2026-06-13 13:12:01"}
{"level":"info","message":"Orchestrator: Master DB connection closed.","timestamp":"2026-06-13 13:12:01"}
{"level":"info","message":"✅ Orchestrator: Finished. Total jobs enqueued: 0","timestamp":"2026-06-13 13:12:01"}
{"level":"info","message":"Job repeat:c10eea93bf68cc56fd5c63b351df3d32:1781336520000 (Orchestrator) completed successfully.","timestamp":"2026-06-13 13:12:01"}
{"level":"info","message":"[Job repeat:c10eea93bf68cc56fd5c63b351df3d32:1781336580000] 🚀 Executing scheduled global orchestration...","timestamp":"2026-06-13 13:13:00"}
{"level":"info","message":"Orchestrator: Starting global scan orchestration... ","timestamp":"2026-06-13 13:13:00"}
{"level":"info","message":"🔗 Connecting to MASTER database: master","timestamp":"2026-06-13 13:13:00"}
{"level":"info","message":"Orchestrator: Found 2 tenants to process.","timestamp":"2026-06-13 13:13:00"}
{"level":"info","message":"📁 Switching to CLIENT database: tenant_rbi (Tenant: rbi)","timestamp":"2026-06-13 13:13:00"}
{"level":"info","message":"Orchestrator: No domains found for tenant rbi (excluding those currently scanning).","timestamp":"2026-06-13 13:13:00"}
{"level":"info","message":"📁 Switching to CLIENT database: tenant_sbi (Tenant: sbi)","timestamp":"2026-06-13 13:13:00"}
{"level":"info","message":"Orchestrator: No domains found for tenant sbi (excluding those currently scanning).","timestamp":"2026-06-13 13:13:00"}
{"level":"info","message":"Orchestrator: Master DB connection closed.","timestamp":"2026-06-13 13:13:00"}
{"level":"info","message":"✅ Orchestrator: Finished. Total jobs enqueued: 0","timestamp":"2026-06-13 13:13:00"}
{"level":"info","message":"Job repeat:c10eea93bf68cc56fd5c63b351df3d32:1781336580000 (Orchestrator) completed successfully.","timestamp":"2026-06-13 13:13:00"}
{"level":"info","message":"[Job repeat:c10eea93bf68cc56fd5c63b351df3d32:1781336640000] 🚀 Executing scheduled global orchestration...","timestamp":"2026-06-13 13:14:00"}
{"level":"info","message":"Orchestrator: Starting global scan orchestration... ","timestamp":"2026-06-13 13:14:00"}
{"level":"info","message":"🔗 Connecting to MASTER database: master","timestamp":"2026-06-13 13:14:00"}
{"level":"info","message":"Orchestrator: Found 2 tenants to process.","timestamp":"2026-06-13 13:14:01"}
{"level":"info","message":"📁 Switching to CLIENT database: tenant_rbi (Tenant: rbi)","timestamp":"2026-06-13 13:14:01"}
{"level":"info","message":"Orchestrator: No domains found for tenant rbi (excluding those currently scanning).","timestamp":"2026-06-13 13:14:01"}
{"level":"info","message":"📁 Switching to CLIENT database: tenant_sbi (Tenant: sbi)","timestamp":"2026-06-13 13:14:01"}
{"level":"info","message":"Orchestrator: No domains found for tenant sbi (excluding those currently scanning).","timestamp":"2026-06-13 13:14:01"}
{"level":"info","message":"Orchestrator: Master DB connection closed.","timestamp":"2026-06-13 13:14:01"}
{"level":"info","message":"✅ Orchestrator: Finished. Total jobs enqueued: 0","timestamp":"2026-06-13 13:14:01"}
{"level":"info","message":"Job repeat:c10eea93bf68cc56fd5c63b351df3d32:1781336640000 (Orchestrator) completed successfully.","timestamp":"2026-06-13 13:14:01"}
{"level":"info","message":"[Job repeat:c10eea93bf68cc56fd5c63b351df3d32:1781336700000] 🚀 Executing scheduled global orchestration...","timestamp":"2026-06-13 13:15:00"}
{"level":"info","message":"Orchestrator: Starting global scan orchestration... ","timestamp":"2026-06-13 13:15:00"}
{"level":"info","message":"🔗 Connecting to MASTER database: master","timestamp":"2026-06-13 13:15:00"}
{"level":"info","message":"Orchestrator: Found 2 tenants to process.","timestamp":"2026-06-13 13:15:00"}
{"level":"info","message":"📁 Switching to CLIENT database: tenant_rbi (Tenant: rbi)","timestamp":"2026-06-13 13:15:00"}
{"level":"info","message":"Orchestrator: No domains found for tenant rbi (excluding those currently scanning).","timestamp":"2026-06-13 13:15:00"}
{"level":"info","message":"📁 Switching to CLIENT database: tenant_sbi (Tenant: sbi)","timestamp":"2026-06-13 13:15:00"}
{"level":"info","message":"Orchestrator: No domains found for tenant sbi (excluding those currently scanning).","timestamp":"2026-06-13 13:15:00"}
{"level":"info","message":"Orchestrator: Master DB connection closed.","timestamp":"2026-06-13 13:15:00"}
{"level":"info","message":"✅ Orchestrator: Finished. Total jobs enqueued: 0","timestamp":"2026-06-13 13:15:00"}
{"level":"info","message":"Job repeat:c10eea93bf68cc56fd5c63b351df3d32:1781336700000 (Orchestrator) completed successfully.","timestamp":"2026-06-13 13:15:00"}
{"level":"info","message":"[Job repeat:c10eea93bf68cc56fd5c63b351df3d32:1781336760000] 🚀 Executing scheduled global orchestration...","timestamp":"2026-06-13 13:16:00"}
{"level":"info","message":"Orchestrator: Starting global scan orchestration... ","timestamp":"2026-06-13 13:16:00"}
{"level":"info","message":"🔗 Connecting to MASTER database: master","timestamp":"2026-06-13 13:16:00"}
{"level":"info","message":"Orchestrator: Found 2 tenants to process.","timestamp":"2026-06-13 13:16:00"}
{"level":"info","message":"📁 Switching to CLIENT database: tenant_rbi (Tenant: rbi)","timestamp":"2026-06-13 13:16:00"}
{"level":"info","message":"Orchestrator: No domains found for tenant rbi (excluding those currently scanning).","timestamp":"2026-06-13 13:16:00"}
{"level":"info","message":"📁 Switching to CLIENT database: tenant_sbi (Tenant: sbi)","timestamp":"2026-06-13 13:16:00"}
{"level":"info","message":"Orchestrator: No domains found for tenant sbi (excluding those currently scanning).","timestamp":"2026-06-13 13:16:01"}
{"level":"info","message":"Orchestrator: Master DB connection closed.","timestamp":"2026-06-13 13:16:01"}
{"level":"info","message":"✅ Orchestrator: Finished. Total jobs enqueued: 0","timestamp":"2026-06-13 13:16:01"}
{"level":"info","message":"Job repeat:c10eea93bf68cc56fd5c63b351df3d32:1781336760000 (Orchestrator) completed successfully.","timestamp":"2026-06-13 13:16:01"}
{"level":"info","message":"[Job repeat:c10eea93bf68cc56fd5c63b351df3d32:1781336820000] 🚀 Executing scheduled global orchestration...","timestamp":"2026-06-13 13:17:00"}
{"level":"info","message":"Orchestrator: Starting global scan orchestration... ","timestamp":"2026-06-13 13:17:00"}
{"level":"info","message":"🔗 Connecting to MASTER database: master","timestamp":"2026-06-13 13:17:00"}
{"level":"info","message":"Orchestrator: Found 2 tenants to process.","timestamp":"2026-06-13 13:17:01"}
{"level":"info","message":"📁 Switching to CLIENT database: tenant_rbi (Tenant: rbi)","timestamp":"2026-06-13 13:17:01"}
{"level":"info","message":"Orchestrator: No domains found for tenant rbi (excluding those currently scanning).","timestamp":"2026-06-13 13:17:01"}
{"level":"info","message":"📁 Switching to CLIENT database: tenant_sbi (Tenant: sbi)","timestamp":"2026-06-13 13:17:01"}
{"level":"info","message":"Orchestrator: No domains found for tenant sbi (excluding those currently scanning).","timestamp":"2026-06-13 13:17:01"}
{"level":"info","message":"Orchestrator: Master DB connection closed.","timestamp":"2026-06-13 13:17:01"}
{"level":"info","message":"✅ Orchestrator: Finished. Total jobs enqueued: 0","timestamp":"2026-06-13 13:17:01"}
{"level":"info","message":"Job repeat:c10eea93bf68cc56fd5c63b351df3d32:1781336820000 (Orchestrator) completed successfully.","timestamp":"2026-06-13 13:17:01"}
{"level":"info","message":"[Job repeat:c10eea93bf68cc56fd5c63b351df3d32:1781336880000] 🚀 Executing scheduled global orchestration...","timestamp":"2026-06-13 13:18:01"}
{"level":"info","message":"Orchestrator: Starting global scan orchestration... ","timestamp":"2026-06-13 13:18:01"}
{"level":"info","message":"🔗 Connecting to MASTER database: master","timestamp":"2026-06-13 13:18:01"}
{"level":"info","message":"Orchestrator: Found 2 tenants to process.","timestamp":"2026-06-13 13:18:01"}
{"level":"info","message":"📁 Switching to CLIENT database: tenant_rbi (Tenant: rbi)","timestamp":"2026-06-13 13:18:01"}
{"level":"info","message":"Orchestrator: No domains found for tenant rbi (excluding those currently scanning).","timestamp":"2026-06-13 13:18:01"}
{"level":"info","message":"📁 Switching to CLIENT database: tenant_sbi (Tenant: sbi)","timestamp":"2026-06-13 13:18:01"}
{"level":"info","message":"Orchestrator: No domains found for tenant sbi (excluding those currently scanning).","timestamp":"2026-06-13 13:18:01"}
{"level":"info","message":"Orchestrator: Master DB connection closed.","timestamp":"2026-06-13 13:18:01"}
{"level":"info","message":"✅ Orchestrator: Finished. Total jobs enqueued: 0","timestamp":"2026-06-13 13:18:01"}
{"level":"info","message":"Job repeat:c10eea93bf68cc56fd5c63b351df3d32:1781336880000 (Orchestrator) completed successfully.","timestamp":"2026-06-13 13:18:01"}
{"level":"info","message":"[Job repeat:c10eea93bf68cc56fd5c63b351df3d32:1781336940000] 🚀 Executing scheduled global orchestration...","timestamp":"2026-06-13 13:19:00"}
{"level":"info","message":"Orchestrator: Starting global scan orchestration... ","timestamp":"2026-06-13 13:19:00"}
{"level":"info","message":"🔗 Connecting to MASTER database: master","timestamp":"2026-06-13 13:19:00"}
{"level":"info","message":"Orchestrator: Found 2 tenants to process.","timestamp":"2026-06-13 13:19:00"}
{"level":"info","message":"📁 Switching to CLIENT database: tenant_rbi (Tenant: rbi)","timestamp":"2026-06-13 13:19:00"}
{"level":"info","message":"Orchestrator: No domains found for tenant rbi (excluding those currently scanning).","timestamp":"2026-06-13 13:19:00"}
{"level":"info","message":"📁 Switching to CLIENT database: tenant_sbi (Tenant: sbi)","timestamp":"2026-06-13 13:19:00"}
{"level":"info","message":"Orchestrator: No domains found for tenant sbi (excluding those currently scanning).","timestamp":"2026-06-13 13:19:00"}
{"level":"info","message":"Orchestrator: Master DB connection closed.","timestamp":"2026-06-13 13:19:00"}
{"level":"info","message":"✅ Orchestrator: Finished. Total jobs enqueued: 0","timestamp":"2026-06-13 13:19:00"}
{"level":"info","message":"Job repeat:c10eea93bf68cc56fd5c63b351df3d32:1781336940000 (Orchestrator) completed successfully.","timestamp":"2026-06-13 13:19:00"}
{"level":"info","message":"[Job repeat:c10eea93bf68cc56fd5c63b351df3d32:1781337000000] 🚀 Executing scheduled global orchestration...","timestamp":"2026-06-13 13:20:00"}
{"level":"info","message":"Orchestrator: Starting global scan orchestration... ","timestamp":"2026-06-13 13:20:00"}
{"level":"info","message":"🔗 Connecting to MASTER database: master","timestamp":"2026-06-13 13:20:00"}
{"level":"info","message":"Orchestrator: Found 2 tenants to process.","timestamp":"2026-06-13 13:20:01"}
{"level":"info","message":"📁 Switching to CLIENT database: tenant_rbi (Tenant: rbi)","timestamp":"2026-06-13 13:20:01"}
{"level":"info","message":"Orchestrator: No domains found for tenant rbi (excluding those currently scanning).","timestamp":"2026-06-13 13:20:01"}
{"level":"info","message":"📁 Switching to CLIENT database: tenant_sbi (Tenant: sbi)","timestamp":"2026-06-13 13:20:01"}
{"level":"info","message":"Orchestrator: No domains found for tenant sbi (excluding those currently scanning).","timestamp":"2026-06-13 13:20:01"}
{"level":"info","message":"Orchestrator: Master DB connection closed.","timestamp":"2026-06-13 13:20:01"}
{"level":"info","message":"✅ Orchestrator: Finished. Total jobs enqueued: 0","timestamp":"2026-06-13 13:20:01"}
{"level":"info","message":"Job repeat:c10eea93bf68cc56fd5c63b351df3d32:1781337000000 (Orchestrator) completed successfully.","timestamp":"2026-06-13 13:20:01"}
{"level":"info","message":"[Job repeat:c10eea93bf68cc56fd5c63b351df3d32:1781337060000] 🚀 Executing scheduled global orchestration...","timestamp":"2026-06-13 13:21:00"}
{"level":"info","message":"Orchestrator: Starting global scan orchestration... ","timestamp":"2026-06-13 13:21:00"}
{"level":"info","message":"🔗 Connecting to MASTER database: master","timestamp":"2026-06-13 13:21:00"}
{"level":"info","message":"Orchestrator: Found 2 tenants to process.","timestamp":"2026-06-13 13:21:01"}
{"level":"info","message":"📁 Switching to CLIENT database: tenant_rbi (Tenant: rbi)","timestamp":"2026-06-13 13:21:01"}
{"level":"info","message":"Orchestrator: No domains found for tenant rbi (excluding those currently scanning).","timestamp":"2026-06-13 13:21:01"}
{"level":"info","message":"📁 Switching to CLIENT database: tenant_sbi (Tenant: sbi)","timestamp":"2026-06-13 13:21:01"}
{"level":"info","message":"Orchestrator: No domains found for tenant sbi (excluding those currently scanning).","timestamp":"2026-06-13 13:21:01"}
{"level":"info","message":"Orchestrator: Master DB connection closed.","timestamp":"2026-06-13 13:21:01"}
{"level":"info","message":"✅ Orchestrator: Finished. Total jobs enqueued: 0","timestamp":"2026-06-13 13:21:01"}
{"level":"info","message":"Job repeat:c10eea93bf68cc56fd5c63b351df3d32:1781337060000 (Orchestrator) completed successfully.","timestamp":"2026-06-13 13:21:01"}
{"level":"info","message":"[Job repeat:c10eea93bf68cc56fd5c63b351df3d32:1781337120000] 🚀 Executing scheduled global orchestration...","timestamp":"2026-06-13 13:22:00"}
{"level":"info","message":"Orchestrator: Starting global scan orchestration... ","timestamp":"2026-06-13 13:22:00"}
{"level":"info","message":"🔗 Connecting to MASTER database: master","timestamp":"2026-06-13 13:22:00"}
{"level":"info","message":"Orchestrator: Found 2 tenants to process.","timestamp":"2026-06-13 13:22:00"}
{"level":"info","message":"📁 Switching to CLIENT database: tenant_rbi (Tenant: rbi)","timestamp":"2026-06-13 13:22:00"}
{"level":"info","message":"Orchestrator: No domains found for tenant rbi (excluding those currently scanning).","timestamp":"2026-06-13 13:22:00"}
{"level":"info","message":"📁 Switching to CLIENT database: tenant_sbi (Tenant: sbi)","timestamp":"2026-06-13 13:22:00"}
{"level":"info","message":"Orchestrator: No domains found for tenant sbi (excluding those currently scanning).","timestamp":"2026-06-13 13:22:00"}
{"level":"info","message":"Orchestrator: Master DB connection closed.","timestamp":"2026-06-13 13:22:00"}
{"level":"info","message":"✅ Orchestrator: Finished. Total jobs enqueued: 0","timestamp":"2026-06-13 13:22:00"}
{"level":"info","message":"Job repeat:c10eea93bf68cc56fd5c63b351df3d32:1781337120000 (Orchestrator) completed successfully.","timestamp":"2026-06-13 13:22:00"}
{"level":"info","message":"[Job repeat:c10eea93bf68cc56fd5c63b351df3d32:1781337180000] 🚀 Executing scheduled global orchestration...","timestamp":"2026-06-13 13:23:00"}
{"level":"info","message":"Orchestrator: Starting global scan orchestration... ","timestamp":"2026-06-13 13:23:00"}
{"level":"info","message":"🔗 Connecting to MASTER database: master","timestamp":"2026-06-13 13:23:00"}
{"level":"info","message":"Orchestrator: Found 2 tenants to process.","timestamp":"2026-06-13 13:23:01"}
{"level":"info","message":"📁 Switching to CLIENT database: tenant_rbi (Tenant: rbi)","timestamp":"2026-06-13 13:23:01"}
{"level":"info","message":"Orchestrator: No domains found for tenant rbi (excluding those currently scanning).","timestamp":"2026-06-13 13:23:01"}
{"level":"info","message":"📁 Switching to CLIENT database: tenant_sbi (Tenant: sbi)","timestamp":"2026-06-13 13:23:01"}
{"level":"info","message":"Orchestrator: No domains found for tenant sbi (excluding those currently scanning).","timestamp":"2026-06-13 13:23:01"}
{"level":"info","message":"Orchestrator: Master DB connection closed.","timestamp":"2026-06-13 13:23:01"}
{"level":"info","message":"✅ Orchestrator: Finished. Total jobs enqueued: 0","timestamp":"2026-06-13 13:23:01"}
{"level":"info","message":"Job repeat:c10eea93bf68cc56fd5c63b351df3d32:1781337180000 (Orchestrator) completed successfully.","timestamp":"2026-06-13 13:23:01"}
{"level":"info","message":"[Job repeat:c10eea93bf68cc56fd5c63b351df3d32:1781337240000] 🚀 Executing scheduled global orchestration...","timestamp":"2026-06-13 13:24:00"}
{"level":"info","message":"Orchestrator: Starting global scan orchestration... ","timestamp":"2026-06-13 13:24:00"}
{"level":"info","message":"🔗 Connecting to MASTER database: master","timestamp":"2026-06-13 13:24:00"}
{"level":"info","message":"Orchestrator: Found 2 tenants to process.","timestamp":"2026-06-13 13:24:01"}
{"level":"info","message":"📁 Switching to CLIENT database: tenant_rbi (Tenant: rbi)","timestamp":"2026-06-13 13:24:01"}
{"level":"info","message":"Orchestrator: No domains found for tenant rbi (excluding those currently scanning).","timestamp":"2026-06-13 13:24:01"}
{"level":"info","message":"📁 Switching to CLIENT database: tenant_sbi (Tenant: sbi)","timestamp":"2026-06-13 13:24:01"}
{"level":"info","message":"Orchestrator: No domains found for tenant sbi (excluding those currently scanning).","timestamp":"2026-06-13 13:24:01"}
{"level":"info","message":"Orchestrator: Master DB connection closed.","timestamp":"2026-06-13 13:24:01"}
{"level":"info","message":"✅ Orchestrator: Finished. Total jobs enqueued: 0","timestamp":"2026-06-13 13:24:01"}
{"level":"info","message":"Job repeat:c10eea93bf68cc56fd5c63b351df3d32:1781337240000 (Orchestrator) completed successfully.","timestamp":"2026-06-13 13:24:01"}
{"level":"info","message":"[Job repeat:c10eea93bf68cc56fd5c63b351df3d32:1781337300000] 🚀 Executing scheduled global orchestration...","timestamp":"2026-06-13 13:25:00"}
{"level":"info","message":"Orchestrator: Starting global scan orchestration... ","timestamp":"2026-06-13 13:25:00"}
{"level":"info","message":"🔗 Connecting to MASTER database: master","timestamp":"2026-06-13 13:25:00"}
{"level":"info","message":"Orchestrator: Found 2 tenants to process.","timestamp":"2026-06-13 13:25:00"}
{"level":"info","message":"📁 Switching to CLIENT database: tenant_rbi (Tenant: rbi)","timestamp":"2026-06-13 13:25:00"}
{"level":"info","message":"Orchestrator: No domains found for tenant rbi (excluding those currently scanning).","timestamp":"2026-06-13 13:25:00"}
{"level":"info","message":"📁 Switching to CLIENT database: tenant_sbi (Tenant: sbi)","timestamp":"2026-06-13 13:25:00"}
{"level":"info","message":"Orchestrator: No domains found for tenant sbi (excluding those currently scanning).","timestamp":"2026-06-13 13:25:00"}
{"level":"info","message":"Orchestrator: Master DB connection closed.","timestamp":"2026-06-13 13:25:00"}
{"level":"info","message":"✅ Orchestrator: Finished. Total jobs enqueued: 0","timestamp":"2026-06-13 13:25:00"}
{"level":"info","message":"Job repeat:c10eea93bf68cc56fd5c63b351df3d32:1781337300000 (Orchestrator) completed successfully.","timestamp":"2026-06-13 13:25:00"}
{"level":"info","message":"[Job repeat:c10eea93bf68cc56fd5c63b351df3d32:1781337360000] 🚀 Executing scheduled global orchestration...","timestamp":"2026-06-13 13:26:00"}
{"level":"info","message":"Orchestrator: Starting global scan orchestration... ","timestamp":"2026-06-13 13:26:00"}
{"level":"info","message":"🔗 Connecting to MASTER database: master","timestamp":"2026-06-13 13:26:00"}
{"level":"info","message":"Orchestrator: Found 2 tenants to process.","timestamp":"2026-06-13 13:26:01"}
{"level":"info","message":"📁 Switching to CLIENT database: tenant_rbi (Tenant: rbi)","timestamp":"2026-06-13 13:26:01"}
{"level":"info","message":"Orchestrator: No domains found for tenant rbi (excluding those currently scanning).","timestamp":"2026-06-13 13:26:01"}
{"level":"info","message":"📁 Switching to CLIENT database: tenant_sbi (Tenant: sbi)","timestamp":"2026-06-13 13:26:01"}
{"level":"info","message":"Orchestrator: No domains found for tenant sbi (excluding those currently scanning).","timestamp":"2026-06-13 13:26:01"}
{"level":"info","message":"Orchestrator: Master DB connection closed.","timestamp":"2026-06-13 13:26:01"}
{"level":"info","message":"✅ Orchestrator: Finished. Total jobs enqueued: 0","timestamp":"2026-06-13 13:26:01"}
{"level":"info","message":"Job repeat:c10eea93bf68cc56fd5c63b351df3d32:1781337360000 (Orchestrator) completed successfully.","timestamp":"2026-06-13 13:26:01"}
{"level":"info","message":"[Job repeat:c10eea93bf68cc56fd5c63b351df3d32:1781337420000] 🚀 Executing scheduled global orchestration...","timestamp":"2026-06-13 13:27:00"}
{"level":"info","message":"Orchestrator: Starting global scan orchestration... ","timestamp":"2026-06-13 13:27:00"}
{"level":"info","message":"🔗 Connecting to MASTER database: master","timestamp":"2026-06-13 13:27:00"}
{"level":"info","message":"Orchestrator: Found 2 tenants to process.","timestamp":"2026-06-13 13:27:01"}
{"level":"info","message":"📁 Switching to CLIENT database: tenant_rbi (Tenant: rbi)","timestamp":"2026-06-13 13:27:01"}
{"level":"info","message":"Orchestrator: No domains found for tenant rbi (excluding those currently scanning).","timestamp":"2026-06-13 13:27:01"}
{"level":"info","message":"📁 Switching to CLIENT database: tenant_sbi (Tenant: sbi)","timestamp":"2026-06-13 13:27:01"}
{"level":"info","message":"Orchestrator: No domains found for tenant sbi (excluding those currently scanning).","timestamp":"2026-06-13 13:27:01"}
{"level":"info","message":"Orchestrator: Master DB connection closed.","timestamp":"2026-06-13 13:27:01"}
{"level":"info","message":"✅ Orchestrator: Finished. Total jobs enqueued: 0","timestamp":"2026-06-13 13:27:01"}
{"level":"info","message":"Job repeat:c10eea93bf68cc56fd5c63b351df3d32:1781337420000 (Orchestrator) completed successfully.","timestamp":"2026-06-13 13:27:01"}
{"level":"info","message":"[Job repeat:c10eea93bf68cc56fd5c63b351df3d32:1781337480000] 🚀 Executing scheduled global orchestration...","timestamp":"2026-06-13 13:28:00"}
{"level":"info","message":"Orchestrator: Starting global scan orchestration... ","timestamp":"2026-06-13 13:28:00"}
{"level":"info","message":"🔗 Connecting to MASTER database: master","timestamp":"2026-06-13 13:28:00"}
{"level":"info","message":"Orchestrator: Found 2 tenants to process.","timestamp":"2026-06-13 13:28:01"}
{"level":"info","message":"📁 Switching to CLIENT database: tenant_rbi (Tenant: rbi)","timestamp":"2026-06-13 13:28:01"}
{"level":"info","message":"Orchestrator: No domains found for tenant rbi (excluding those currently scanning).","timestamp":"2026-06-13 13:28:01"}
{"level":"info","message":"📁 Switching to CLIENT database: tenant_sbi (Tenant: sbi)","timestamp":"2026-06-13 13:28:01"}
{"level":"info","message":"Orchestrator: No domains found for tenant sbi (excluding those currently scanning).","timestamp":"2026-06-13 13:28:01"}
{"level":"info","message":"Orchestrator: Master DB connection closed.","timestamp":"2026-06-13 13:28:01"}
{"level":"info","message":"✅ Orchestrator: Finished. Total jobs enqueued: 0","timestamp":"2026-06-13 13:28:01"}
{"level":"info","message":"Job repeat:c10eea93bf68cc56fd5c63b351df3d32:1781337480000 (Orchestrator) completed successfully.","timestamp":"2026-06-13 13:28:01"}
{"level":"info","message":"[Job repeat:c10eea93bf68cc56fd5c63b351df3d32:1781337540000] 🚀 Executing scheduled global orchestration...","timestamp":"2026-06-13 13:29:00"}
{"level":"info","message":"Orchestrator: Starting global scan orchestration... ","timestamp":"2026-06-13 13:29:00"}
{"level":"info","message":"🔗 Connecting to MASTER database: master","timestamp":"2026-06-13 13:29:00"}
{"level":"info","message":"Orchestrator: Found 2 tenants to process.","timestamp":"2026-06-13 13:29:01"}
{"level":"info","message":"📁 Switching to CLIENT database: tenant_rbi (Tenant: rbi)","timestamp":"2026-06-13 13:29:01"}
{"level":"info","message":"Orchestrator: No domains found for tenant rbi (excluding those currently scanning).","timestamp":"2026-06-13 13:29:01"}
{"level":"info","message":"📁 Switching to CLIENT database: tenant_sbi (Tenant: sbi)","timestamp":"2026-06-13 13:29:01"}
{"level":"info","message":"Orchestrator: No domains found for tenant sbi (excluding those currently scanning).","timestamp":"2026-06-13 13:29:01"}
{"level":"info","message":"Orchestrator: Master DB connection closed.","timestamp":"2026-06-13 13:29:01"}
{"level":"info","message":"✅ Orchestrator: Finished. Total jobs enqueued: 0","timestamp":"2026-06-13 13:29:01"}
{"level":"info","message":"Job repeat:c10eea93bf68cc56fd5c63b351df3d32:1781337540000 (Orchestrator) completed successfully.","timestamp":"2026-06-13 13:29:01"}
{"level":"info","message":"[Job repeat:c10eea93bf68cc56fd5c63b351df3d32:1781337600000] 🚀 Executing scheduled global orchestration...","timestamp":"2026-06-13 13:30:01"}
{"level":"info","message":"Orchestrator: Starting global scan orchestration... ","timestamp":"2026-06-13 13:30:01"}
{"level":"info","message":"🔗 Connecting to MASTER database: master","timestamp":"2026-06-13 13:30:01"}
{"level":"info","message":"Orchestrator: Found 2 tenants to process.","timestamp":"2026-06-13 13:30:01"}
{"level":"info","message":"📁 Switching to CLIENT database: tenant_rbi (Tenant: rbi)","timestamp":"2026-06-13 13:30:01"}
{"level":"info","message":"Orchestrator: No domains found for tenant rbi (excluding those currently scanning).","timestamp":"2026-06-13 13:30:01"}
{"level":"info","message":"📁 Switching to CLIENT database: tenant_sbi (Tenant: sbi)","timestamp":"2026-06-13 13:30:01"}
{"level":"info","message":"Orchestrator: No domains found for tenant sbi (excluding those currently scanning).","timestamp":"2026-06-13 13:30:02"}
{"level":"info","message":"Orchestrator: Master DB connection closed.","timestamp":"2026-06-13 13:30:02"}
{"level":"info","message":"✅ Orchestrator: Finished. Total jobs enqueued: 0","timestamp":"2026-06-13 13:30:02"}
{"level":"info","message":"Job repeat:c10eea93bf68cc56fd5c63b351df3d32:1781337600000 (Orchestrator) completed successfully.","timestamp":"2026-06-13 13:30:02"}
{"level":"info","message":"[Job repeat:c10eea93bf68cc56fd5c63b351df3d32:1781337660000] 🚀 Executing scheduled global orchestration...","timestamp":"2026-06-13 13:31:00"}
{"level":"info","message":"Orchestrator: Starting global scan orchestration... ","timestamp":"2026-06-13 13:31:00"}
{"level":"info","message":"🔗 Connecting to MASTER database: master","timestamp":"2026-06-13 13:31:00"}
{"level":"info","message":"Orchestrator: Found 2 tenants to process.","timestamp":"2026-06-13 13:31:00"}
{"level":"info","message":"📁 Switching to CLIENT database: tenant_rbi (Tenant: rbi)","timestamp":"2026-06-13 13:31:00"}
{"level":"info","message":"Orchestrator: No domains found for tenant rbi (excluding those currently scanning).","timestamp":"2026-06-13 13:31:01"}
{"level":"info","message":"📁 Switching to CLIENT database: tenant_sbi (Tenant: sbi)","timestamp":"2026-06-13 13:31:01"}
{"level":"info","message":"Orchestrator: No domains found for tenant sbi (excluding those currently scanning).","timestamp":"2026-06-13 13:31:01"}
{"level":"info","message":"Orchestrator: Master DB connection closed.","timestamp":"2026-06-13 13:31:01"}
{"level":"info","message":"✅ Orchestrator: Finished. Total jobs enqueued: 0","timestamp":"2026-06-13 13:31:01"}
{"level":"info","message":"Job repeat:c10eea93bf68cc56fd5c63b351df3d32:1781337660000 (Orchestrator) completed successfully.","timestamp":"2026-06-13 13:31:01"}
{"level":"info","message":"[Job repeat:c10eea93bf68cc56fd5c63b351df3d32:1781337720000] 🚀 Executing scheduled global orchestration...","timestamp":"2026-06-13 13:32:00"}
{"level":"info","message":"Orchestrator: Starting global scan orchestration... ","timestamp":"2026-06-13 13:32:00"}
{"level":"info","message":"🔗 Connecting to MASTER database: master","timestamp":"2026-06-13 13:32:00"}
{"level":"info","message":"Orchestrator: Found 2 tenants to process.","timestamp":"2026-06-13 13:32:01"}
{"level":"info","message":"📁 Switching to CLIENT database: tenant_rbi (Tenant: rbi)","timestamp":"2026-06-13 13:32:01"}
{"level":"info","message":"Orchestrator: No domains found for tenant rbi (excluding those currently scanning).","timestamp":"2026-06-13 13:32:01"}
{"level":"info","message":"📁 Switching to CLIENT database: tenant_sbi (Tenant: sbi)","timestamp":"2026-06-13 13:32:01"}
{"level":"info","message":"Orchestrator: No domains found for tenant sbi (excluding those currently scanning).","timestamp":"2026-06-13 13:32:01"}
{"level":"info","message":"Orchestrator: Master DB connection closed.","timestamp":"2026-06-13 13:32:01"}
{"level":"info","message":"✅ Orchestrator: Finished. Total jobs enqueued: 0","timestamp":"2026-06-13 13:32:01"}
{"level":"info","message":"Job repeat:c10eea93bf68cc56fd5c63b351df3d32:1781337720000 (Orchestrator) completed successfully.","timestamp":"2026-06-13 13:32:01"}
{"level":"info","message":"[Job repeat:c10eea93bf68cc56fd5c63b351df3d32:1781337780000] 🚀 Executing scheduled global orchestration...","timestamp":"2026-06-13 13:33:00"}
{"level":"info","message":"Orchestrator: Starting global scan orchestration... ","timestamp":"2026-06-13 13:33:00"}
{"level":"info","message":"🔗 Connecting to MASTER database: master","timestamp":"2026-06-13 13:33:00"}
{"level":"info","message":"Orchestrator: Found 2 tenants to process.","timestamp":"2026-06-13 13:33:01"}
{"level":"info","message":"📁 Switching to CLIENT database: tenant_rbi (Tenant: rbi)","timestamp":"2026-06-13 13:33:01"}
{"level":"info","message":"Orchestrator: No domains found for tenant rbi (excluding those currently scanning).","timestamp":"2026-06-13 13:33:01"}
{"level":"info","message":"📁 Switching to CLIENT database: tenant_sbi (Tenant: sbi)","timestamp":"2026-06-13 13:33:01"}
{"level":"info","message":"Orchestrator: No domains found for tenant sbi (excluding those currently scanning).","timestamp":"2026-06-13 13:33:01"}
{"level":"info","message":"Orchestrator: Master DB connection closed.","timestamp":"2026-06-13 13:33:01"}
{"level":"info","message":"✅ Orchestrator: Finished. Total jobs enqueued: 0","timestamp":"2026-06-13 13:33:01"}
{"level":"info","message":"Job repeat:c10eea93bf68cc56fd5c63b351df3d32:1781337780000 (Orchestrator) completed successfully.","timestamp":"2026-06-13 13:33:01"}
{"level":"info","message":"[Job repeat:c10eea93bf68cc56fd5c63b351df3d32:1781337840000] 🚀 Executing scheduled global orchestration...","timestamp":"2026-06-13 13:34:00"}
{"level":"info","message":"Orchestrator: Starting global scan orchestration... ","timestamp":"2026-06-13 13:34:00"}
{"level":"info","message":"🔗 Connecting to MASTER database: master","timestamp":"2026-06-13 13:34:00"}
{"level":"info","message":"Orchestrator: Found 2 tenants to process.","timestamp":"2026-06-13 13:34:00"}
{"level":"info","message":"📁 Switching to CLIENT database: tenant_rbi (Tenant: rbi)","timestamp":"2026-06-13 13:34:00"}
{"level":"info","message":"Orchestrator: No domains found for tenant rbi (excluding those currently scanning).","timestamp":"2026-06-13 13:34:00"}
{"level":"info","message":"📁 Switching to CLIENT database: tenant_sbi (Tenant: sbi)","timestamp":"2026-06-13 13:34:00"}
{"level":"info","message":"Orchestrator: No domains found for tenant sbi (excluding those currently scanning).","timestamp":"2026-06-13 13:34:00"}
{"level":"info","message":"Orchestrator: Master DB connection closed.","timestamp":"2026-06-13 13:34:00"}
{"level":"info","message":"✅ Orchestrator: Finished. Total jobs enqueued: 0","timestamp":"2026-06-13 13:34:00"}
{"level":"info","message":"Job repeat:c10eea93bf68cc56fd5c63b351df3d32:1781337840000 (Orchestrator) completed successfully.","timestamp":"2026-06-13 13:34:00"}
{"level":"info","message":"[Job repeat:c10eea93bf68cc56fd5c63b351df3d32:1781337900000] 🚀 Executing scheduled global orchestration...","timestamp":"2026-06-13 13:35:00"}
{"level":"info","message":"Orchestrator: Starting global scan orchestration... ","timestamp":"2026-06-13 13:35:00"}
{"level":"info","message":"🔗 Connecting to MASTER database: master","timestamp":"2026-06-13 13:35:00"}
{"level":"info","message":"Orchestrator: Found 2 tenants to process.","timestamp":"2026-06-13 13:35:01"}
{"level":"info","message":"📁 Switching to CLIENT database: tenant_rbi (Tenant: rbi)","timestamp":"2026-06-13 13:35:01"}
{"level":"info","message":"Orchestrator: No domains found for tenant rbi (excluding those currently scanning).","timestamp":"2026-06-13 13:35:01"}
{"level":"info","message":"📁 Switching to CLIENT database: tenant_sbi (Tenant: sbi)","timestamp":"2026-06-13 13:35:01"}
{"level":"info","message":"Orchestrator: No domains found for tenant sbi (excluding those currently scanning).","timestamp":"2026-06-13 13:35:01"}
{"level":"info","message":"Orchestrator: Master DB connection closed.","timestamp":"2026-06-13 13:35:01"}
{"level":"info","message":"✅ Orchestrator: Finished. Total jobs enqueued: 0","timestamp":"2026-06-13 13:35:01"}
{"level":"info","message":"Job repeat:c10eea93bf68cc56fd5c63b351df3d32:1781337900000 (Orchestrator) completed successfully.","timestamp":"2026-06-13 13:35:01"}
{"level":"info","message":"[Job repeat:c10eea93bf68cc56fd5c63b351df3d32:1781337960000] 🚀 Executing scheduled global orchestration...","timestamp":"2026-06-13 13:36:00"}
{"level":"info","message":"Orchestrator: Starting global scan orchestration... ","timestamp":"2026-06-13 13:36:00"}
{"level":"info","message":"🔗 Connecting to MASTER database: master","timestamp":"2026-06-13 13:36:00"}
{"level":"info","message":"Orchestrator: Found 2 tenants to process.","timestamp":"2026-06-13 13:36:01"}
{"level":"info","message":"📁 Switching to CLIENT database: tenant_rbi (Tenant: rbi)","timestamp":"2026-06-13 13:36:01"}
{"level":"info","message":"Orchestrator: No domains found for tenant rbi (excluding those currently scanning).","timestamp":"2026-06-13 13:36:01"}
{"level":"info","message":"📁 Switching to CLIENT database: tenant_sbi (Tenant: sbi)","timestamp":"2026-06-13 13:36:01"}
{"level":"info","message":"Orchestrator: No domains found for tenant sbi (excluding those currently scanning).","timestamp":"2026-06-13 13:36:01"}
{"level":"info","message":"Orchestrator: Master DB connection closed.","timestamp":"2026-06-13 13:36:01"}
{"level":"info","message":"✅ Orchestrator: Finished. Total jobs enqueued: 0","timestamp":"2026-06-13 13:36:01"}
{"level":"info","message":"Job repeat:c10eea93bf68cc56fd5c63b351df3d32:1781337960000 (Orchestrator) completed successfully.","timestamp":"2026-06-13 13:36:01"}
{"level":"info","message":"[Job repeat:c10eea93bf68cc56fd5c63b351df3d32:1781338020000] 🚀 Executing scheduled global orchestration...","timestamp":"2026-06-13 13:37:00"}
{"level":"info","message":"Orchestrator: Starting global scan orchestration... ","timestamp":"2026-06-13 13:37:00"}
{"level":"info","message":"🔗 Connecting to MASTER database: master","timestamp":"2026-06-13 13:37:00"}
{"level":"info","message":"Orchestrator: Found 2 tenants to process.","timestamp":"2026-06-13 13:37:01"}
{"level":"info","message":"📁 Switching to CLIENT database: tenant_rbi (Tenant: rbi)","timestamp":"2026-06-13 13:37:01"}
{"level":"info","message":"Orchestrator: No domains found for tenant rbi (excluding those currently scanning).","timestamp":"2026-06-13 13:37:01"}
{"level":"info","message":"📁 Switching to CLIENT database: tenant_sbi (Tenant: sbi)","timestamp":"2026-06-13 13:37:01"}
{"level":"info","message":"Orchestrator: No domains found for tenant sbi (excluding those currently scanning).","timestamp":"2026-06-13 13:37:01"}
{"level":"info","message":"Orchestrator: Master DB connection closed.","timestamp":"2026-06-13 13:37:01"}
{"level":"info","message":"✅ Orchestrator: Finished. Total jobs enqueued: 0","timestamp":"2026-06-13 13:37:01"}
{"level":"info","message":"Job repeat:c10eea93bf68cc56fd5c63b351df3d32:1781338020000 (Orchestrator) completed successfully.","timestamp":"2026-06-13 13:37:01"}
{"level":"info","message":"[Job repeat:c10eea93bf68cc56fd5c63b351df3d32:1781338080000] 🚀 Executing scheduled global orchestration...","timestamp":"2026-06-13 13:38:00"}
{"level":"info","message":"Orchestrator: Starting global scan orchestration... ","timestamp":"2026-06-13 13:38:00"}
{"level":"info","message":"🔗 Connecting to MASTER database: master","timestamp":"2026-06-13 13:38:00"}
{"level":"info","message":"Orchestrator: Found 2 tenants to process.","timestamp":"2026-06-13 13:38:01"}
{"level":"info","message":"📁 Switching to CLIENT database: tenant_rbi (Tenant: rbi)","timestamp":"2026-06-13 13:38:01"}
{"level":"info","message":"Orchestrator: No domains found for tenant rbi (excluding those currently scanning).","timestamp":"2026-06-13 13:38:01"}
{"level":"info","message":"📁 Switching to CLIENT database: tenant_sbi (Tenant: sbi)","timestamp":"2026-06-13 13:38:01"}
{"level":"info","message":"Orchestrator: No domains found for tenant sbi (excluding those currently scanning).","timestamp":"2026-06-13 13:38:01"}
{"level":"info","message":"Orchestrator: Master DB connection closed.","timestamp":"2026-06-13 13:38:01"}
{"level":"info","message":"✅ Orchestrator: Finished. Total jobs enqueued: 0","timestamp":"2026-06-13 13:38:01"}
{"level":"info","message":"Job repeat:c10eea93bf68cc56fd5c63b351df3d32:1781338080000 (Orchestrator) completed successfully.","timestamp":"2026-06-13 13:38:01"}
{"level":"info","message":"[Job repeat:c10eea93bf68cc56fd5c63b351df3d32:1781338140000] 🚀 Executing scheduled global orchestration...","timestamp":"2026-06-13 13:39:01"}
{"level":"info","message":"Orchestrator: Starting global scan orchestration... ","timestamp":"2026-06-13 13:39:01"}
{"level":"info","message":"🔗 Connecting to MASTER database: master","timestamp":"2026-06-13 13:39:01"}
{"level":"info","message":"Orchestrator: Found 2 tenants to process.","timestamp":"2026-06-13 13:39:01"}
{"level":"info","message":"📁 Switching to CLIENT database: tenant_rbi (Tenant: rbi)","timestamp":"2026-06-13 13:39:01"}
{"level":"info","message":"Orchestrator: No domains found for tenant rbi (excluding those currently scanning).","timestamp":"2026-06-13 13:39:01"}
{"level":"info","message":"📁 Switching to CLIENT database: tenant_sbi (Tenant: sbi)","timestamp":"2026-06-13 13:39:01"}
{"level":"info","message":"Orchestrator: No domains found for tenant sbi (excluding those currently scanning).","timestamp":"2026-06-13 13:39:01"}
{"level":"info","message":"Orchestrator: Master DB connection closed.","timestamp":"2026-06-13 13:39:01"}
{"level":"info","message":"✅ Orchestrator: Finished. Total jobs enqueued: 0","timestamp":"2026-06-13 13:39:01"}
{"level":"info","message":"Job repeat:c10eea93bf68cc56fd5c63b351df3d32:1781338140000 (Orchestrator) completed successfully.","timestamp":"2026-06-13 13:39:01"}
{"level":"info","message":"[Job repeat:c10eea93bf68cc56fd5c63b351df3d32:1781338200000] 🚀 Executing scheduled global orchestration...","timestamp":"2026-06-13 13:40:00"}
{"level":"info","message":"Orchestrator: Starting global scan orchestration... ","timestamp":"2026-06-13 13:40:00"}
{"level":"info","message":"🔗 Connecting to MASTER database: master","timestamp":"2026-06-13 13:40:00"}
{"level":"info","message":"Orchestrator: Found 2 tenants to process.","timestamp":"2026-06-13 13:40:00"}
{"level":"info","message":"📁 Switching to CLIENT database: tenant_rbi (Tenant: rbi)","timestamp":"2026-06-13 13:40:00"}
{"level":"info","message":"Orchestrator: No domains found for tenant rbi (excluding those currently scanning).","timestamp":"2026-06-13 13:40:00"}
{"level":"info","message":"📁 Switching to CLIENT database: tenant_sbi (Tenant: sbi)","timestamp":"2026-06-13 13:40:00"}
{"level":"info","message":"Orchestrator: No domains found for tenant sbi (excluding those currently scanning).","timestamp":"2026-06-13 13:40:00"}
{"level":"info","message":"Orchestrator: Master DB connection closed.","timestamp":"2026-06-13 13:40:00"}
{"level":"info","message":"✅ Orchestrator: Finished. Total jobs enqueued: 0","timestamp":"2026-06-13 13:40:00"}
{"level":"info","message":"Job repeat:c10eea93bf68cc56fd5c63b351df3d32:1781338200000 (Orchestrator) completed successfully.","timestamp":"2026-06-13 13:40:00"}
{"level":"info","message":"[Job repeat:c10eea93bf68cc56fd5c63b351df3d32:1781338260000] 🚀 Executing scheduled global orchestration...","timestamp":"2026-06-13 13:41:00"}
{"level":"info","message":"Orchestrator: Starting global scan orchestration... ","timestamp":"2026-06-13 13:41:00"}
{"level":"info","message":"🔗 Connecting to MASTER database: master","timestamp":"2026-06-13 13:41:00"}
{"level":"info","message":"Orchestrator: Found 2 tenants to process.","timestamp":"2026-06-13 13:41:01"}
{"level":"info","message":"📁 Switching to CLIENT database: tenant_rbi (Tenant: rbi)","timestamp":"2026-06-13 13:41:01"}
{"level":"info","message":"Orchestrator: No domains found for tenant rbi (excluding those currently scanning).","timestamp":"2026-06-13 13:41:01"}
{"level":"info","message":"📁 Switching to CLIENT database: tenant_sbi (Tenant: sbi)","timestamp":"2026-06-13 13:41:01"}
{"level":"info","message":"Orchestrator: No domains found for tenant sbi (excluding those currently scanning).","timestamp":"2026-06-13 13:41:01"}
{"level":"info","message":"Orchestrator: Master DB connection closed.","timestamp":"2026-06-13 13:41:01"}
{"level":"info","message":"✅ Orchestrator: Finished. Total jobs enqueued: 0","timestamp":"2026-06-13 13:41:01"}
{"level":"info","message":"Job repeat:c10eea93bf68cc56fd5c63b351df3d32:1781338260000 (Orchestrator) completed successfully.","timestamp":"2026-06-13 13:41:01"}
{"level":"info","message":"[Job repeat:c10eea93bf68cc56fd5c63b351df3d32:1781338320000] 🚀 Executing scheduled global orchestration...","timestamp":"2026-06-13 13:42:00"}
{"level":"info","message":"Orchestrator: Starting global scan orchestration... ","timestamp":"2026-06-13 13:42:00"}
{"level":"info","message":"🔗 Connecting to MASTER database: master","timestamp":"2026-06-13 13:42:00"}
{"level":"info","message":"Orchestrator: Found 2 tenants to process.","timestamp":"2026-06-13 13:42:01"}
{"level":"info","message":"📁 Switching to CLIENT database: tenant_rbi (Tenant: rbi)","timestamp":"2026-06-13 13:42:01"}
{"level":"info","message":"Orchestrator: No domains found for tenant rbi (excluding those currently scanning).","timestamp":"2026-06-13 13:42:01"}
{"level":"info","message":"📁 Switching to CLIENT database: tenant_sbi (Tenant: sbi)","timestamp":"2026-06-13 13:42:01"}
{"level":"info","message":"Orchestrator: No domains found for tenant sbi (excluding those currently scanning).","timestamp":"2026-06-13 13:42:01"}
{"level":"info","message":"Orchestrator: Master DB connection closed.","timestamp":"2026-06-13 13:42:01"}
{"level":"info","message":"✅ Orchestrator: Finished. Total jobs enqueued: 0","timestamp":"2026-06-13 13:42:01"}
{"level":"info","message":"Job repeat:c10eea93bf68cc56fd5c63b351df3d32:1781338320000 (Orchestrator) completed successfully.","timestamp":"2026-06-13 13:42:01"}
{"level":"info","message":"[Job repeat:c10eea93bf68cc56fd5c63b351df3d32:1781338380000] 🚀 Executing scheduled global orchestration...","timestamp":"2026-06-13 13:43:00"}
{"level":"info","message":"Orchestrator: Starting global scan orchestration... ","timestamp":"2026-06-13 13:43:00"}
{"level":"info","message":"🔗 Connecting to MASTER database: master","timestamp":"2026-06-13 13:43:00"}
{"level":"info","message":"Orchestrator: Found 2 tenants to process.","timestamp":"2026-06-13 13:43:00"}
{"level":"info","message":"📁 Switching to CLIENT database: tenant_rbi (Tenant: rbi)","timestamp":"2026-06-13 13:43:00"}
{"level":"info","message":"Orchestrator: No domains found for tenant rbi (excluding those currently scanning).","timestamp":"2026-06-13 13:43:00"}
{"level":"info","message":"📁 Switching to CLIENT database: tenant_sbi (Tenant: sbi)","timestamp":"2026-06-13 13:43:00"}
{"level":"info","message":"Orchestrator: No domains found for tenant sbi (excluding those currently scanning).","timestamp":"2026-06-13 13:43:01"}
{"level":"info","message":"Orchestrator: Master DB connection closed.","timestamp":"2026-06-13 13:43:01"}
{"level":"info","message":"✅ Orchestrator: Finished. Total jobs enqueued: 0","timestamp":"2026-06-13 13:43:01"}
{"level":"info","message":"Job repeat:c10eea93bf68cc56fd5c63b351df3d32:1781338380000 (Orchestrator) completed successfully.","timestamp":"2026-06-13 13:43:01"}
{"level":"info","message":"[Job repeat:c10eea93bf68cc56fd5c63b351df3d32:1781338440000] 🚀 Executing scheduled global orchestration...","timestamp":"2026-06-13 13:44:00"}
{"level":"info","message":"Orchestrator: Starting global scan orchestration... ","timestamp":"2026-06-13 13:44:00"}
{"level":"info","message":"🔗 Connecting to MASTER database: master","timestamp":"2026-06-13 13:44:00"}
{"level":"info","message":"Orchestrator: Found 2 tenants to process.","timestamp":"2026-06-13 13:44:01"}
{"level":"info","message":"📁 Switching to CLIENT database: tenant_rbi (Tenant: rbi)","timestamp":"2026-06-13 13:44:01"}
{"level":"info","message":"Orchestrator: No domains found for tenant rbi (excluding those currently scanning).","timestamp":"2026-06-13 13:44:01"}
{"level":"info","message":"📁 Switching to CLIENT database: tenant_sbi (Tenant: sbi)","timestamp":"2026-06-13 13:44:01"}
{"level":"info","message":"Orchestrator: No domains found for tenant sbi (excluding those currently scanning).","timestamp":"2026-06-13 13:44:01"}
{"level":"info","message":"Orchestrator: Master DB connection closed.","timestamp":"2026-06-13 13:44:01"}
{"level":"info","message":"✅ Orchestrator: Finished. Total jobs enqueued: 0","timestamp":"2026-06-13 13:44:01"}
{"level":"info","message":"Job repeat:c10eea93bf68cc56fd5c63b351df3d32:1781338440000 (Orchestrator) completed successfully.","timestamp":"2026-06-13 13:44:01"}
{"level":"info","message":"[Job repeat:c10eea93bf68cc56fd5c63b351df3d32:1781338500000] 🚀 Executing scheduled global orchestration...","timestamp":"2026-06-13 13:45:00"}
{"level":"info","message":"Orchestrator: Starting global scan orchestration... ","timestamp":"2026-06-13 13:45:00"}
{"level":"info","message":"🔗 Connecting to MASTER database: master","timestamp":"2026-06-13 13:45:00"}
{"level":"info","message":"Orchestrator: Found 2 tenants to process.","timestamp":"2026-06-13 13:45:01"}
{"level":"info","message":"📁 Switching to CLIENT database: tenant_rbi (Tenant: rbi)","timestamp":"2026-06-13 13:45:01"}
{"level":"info","message":"Orchestrator: No domains found for tenant rbi (excluding those currently scanning).","timestamp":"2026-06-13 13:45:01"}
{"level":"info","message":"📁 Switching to CLIENT database: tenant_sbi (Tenant: sbi)","timestamp":"2026-06-13 13:45:01"}
{"level":"info","message":"Orchestrator: No domains found for tenant sbi (excluding those currently scanning).","timestamp":"2026-06-13 13:45:01"}
{"level":"info","message":"Orchestrator: Master DB connection closed.","timestamp":"2026-06-13 13:45:01"}
{"level":"info","message":"✅ Orchestrator: Finished. Total jobs enqueued: 0","timestamp":"2026-06-13 13:45:01"}
{"level":"info","message":"Job repeat:c10eea93bf68cc56fd5c63b351df3d32:1781338500000 (Orchestrator) completed successfully.","timestamp":"2026-06-13 13:45:01"}
{"level":"info","message":"[Job repeat:c10eea93bf68cc56fd5c63b351df3d32:1781338560000] 🚀 Executing scheduled global orchestration...","timestamp":"2026-06-13 13:46:00"}
{"level":"info","message":"Orchestrator: Starting global scan orchestration... ","timestamp":"2026-06-13 13:46:00"}
{"level":"info","message":"🔗 Connecting to MASTER database: master","timestamp":"2026-06-13 13:46:00"}
{"level":"info","message":"Orchestrator: Found 2 tenants to process.","timestamp":"2026-06-13 13:46:00"}
{"level":"info","message":"📁 Switching to CLIENT database: tenant_rbi (Tenant: rbi)","timestamp":"2026-06-13 13:46:00"}
{"level":"info","message":"Orchestrator: No domains found for tenant rbi (excluding those currently scanning).","timestamp":"2026-06-13 13:46:00"}
{"level":"info","message":"📁 Switching to CLIENT database: tenant_sbi (Tenant: sbi)","timestamp":"2026-06-13 13:46:00"}
{"level":"info","message":"Orchestrator: No domains found for tenant sbi (excluding those currently scanning).","timestamp":"2026-06-13 13:46:00"}
{"level":"info","message":"Orchestrator: Master DB connection closed.","timestamp":"2026-06-13 13:46:00"}
{"level":"info","message":"✅ Orchestrator: Finished. Total jobs enqueued: 0","timestamp":"2026-06-13 13:46:00"}
{"level":"info","message":"Job repeat:c10eea93bf68cc56fd5c63b351df3d32:1781338560000 (Orchestrator) completed successfully.","timestamp":"2026-06-13 13:46:00"}
{"level":"info","message":"[Job repeat:c10eea93bf68cc56fd5c63b351df3d32:1781338620000] 🚀 Executing scheduled global orchestration...","timestamp":"2026-06-13 13:47:00"}
{"level":"info","message":"Orchestrator: Starting global scan orchestration... ","timestamp":"2026-06-13 13:47:00"}
{"level":"info","message":"🔗 Connecting to MASTER database: master","timestamp":"2026-06-13 13:47:00"}
{"level":"info","message":"Orchestrator: Found 2 tenants to process.","timestamp":"2026-06-13 13:47:01"}
{"level":"info","message":"📁 Switching to CLIENT database: tenant_rbi (Tenant: rbi)","timestamp":"2026-06-13 13:47:01"}
{"level":"info","message":"Orchestrator: No domains found for tenant rbi (excluding those currently scanning).","timestamp":"2026-06-13 13:47:01"}
{"level":"info","message":"📁 Switching to CLIENT database: tenant_sbi (Tenant: sbi)","timestamp":"2026-06-13 13:47:01"}
{"level":"info","message":"Orchestrator: No domains found for tenant sbi (excluding those currently scanning).","timestamp":"2026-06-13 13:47:01"}
{"level":"info","message":"Orchestrator: Master DB connection closed.","timestamp":"2026-06-13 13:47:01"}
{"level":"info","message":"✅ Orchestrator: Finished. Total jobs enqueued: 0","timestamp":"2026-06-13 13:47:01"}
{"level":"info","message":"Job repeat:c10eea93bf68cc56fd5c63b351df3d32:1781338620000 (Orchestrator) completed successfully.","timestamp":"2026-06-13 13:47:01"}
{"level":"info","message":"[Job repeat:c10eea93bf68cc56fd5c63b351df3d32:1781338680000] 🚀 Executing scheduled global orchestration...","timestamp":"2026-06-13 13:48:00"}
{"level":"info","message":"Orchestrator: Starting global scan orchestration... ","timestamp":"2026-06-13 13:48:00"}
{"level":"info","message":"🔗 Connecting to MASTER database: master","timestamp":"2026-06-13 13:48:00"}
{"level":"info","message":"Orchestrator: Found 2 tenants to process.","timestamp":"2026-06-13 13:48:01"}
{"level":"info","message":"📁 Switching to CLIENT database: tenant_rbi (Tenant: rbi)","timestamp":"2026-06-13 13:48:01"}
{"level":"info","message":"Orchestrator: No domains found for tenant rbi (excluding those currently scanning).","timestamp":"2026-06-13 13:48:01"}
{"level":"info","message":"📁 Switching to CLIENT database: tenant_sbi (Tenant: sbi)","timestamp":"2026-06-13 13:48:01"}
{"level":"info","message":"Orchestrator: No domains found for tenant sbi (excluding those currently scanning).","timestamp":"2026-06-13 13:48:01"}
{"level":"info","message":"Orchestrator: Master DB connection closed.","timestamp":"2026-06-13 13:48:01"}
{"level":"info","message":"✅ Orchestrator: Finished. Total jobs enqueued: 0","timestamp":"2026-06-13 13:48:01"}
{"level":"info","message":"Job repeat:c10eea93bf68cc56fd5c63b351df3d32:1781338680000 (Orchestrator) completed successfully.","timestamp":"2026-06-13 13:48:01"}
{"level":"info","message":"[Job repeat:c10eea93bf68cc56fd5c63b351df3d32:1781338740000] 🚀 Executing scheduled global orchestration...","timestamp":"2026-06-13 13:49:00"}
{"level":"info","message":"Orchestrator: Starting global scan orchestration... ","timestamp":"2026-06-13 13:49:00"}
{"level":"info","message":"🔗 Connecting to MASTER database: master","timestamp":"2026-06-13 13:49:00"}
{"level":"info","message":"Orchestrator: Found 2 tenants to process.","timestamp":"2026-06-13 13:49:01"}
{"level":"info","message":"📁 Switching to CLIENT database: tenant_rbi (Tenant: rbi)","timestamp":"2026-06-13 13:49:01"}
{"level":"info","message":"Orchestrator: No domains found for tenant rbi (excluding those currently scanning).","timestamp":"2026-06-13 13:49:01"}
{"level":"info","message":"📁 Switching to CLIENT database: tenant_sbi (Tenant: sbi)","timestamp":"2026-06-13 13:49:01"}
{"level":"info","message":"Orchestrator: No domains found for tenant sbi (excluding those currently scanning).","timestamp":"2026-06-13 13:49:01"}
{"level":"info","message":"Orchestrator: Master DB connection closed.","timestamp":"2026-06-13 13:49:01"}
{"level":"info","message":"✅ Orchestrator: Finished. Total jobs enqueued: 0","timestamp":"2026-06-13 13:49:01"}
{"level":"info","message":"Job repeat:c10eea93bf68cc56fd5c63b351df3d32:1781338740000 (Orchestrator) completed successfully.","timestamp":"2026-06-13 13:49:01"}
{"level":"info","message":"[Job repeat:c10eea93bf68cc56fd5c63b351df3d32:1781338800000] 🚀 Executing scheduled global orchestration...","timestamp":"2026-06-13 13:50:00"}
{"level":"info","message":"Orchestrator: Starting global scan orchestration... ","timestamp":"2026-06-13 13:50:00"}
{"level":"info","message":"🔗 Connecting to MASTER database: master","timestamp":"2026-06-13 13:50:00"}
{"level":"info","message":"Orchestrator: Found 2 tenants to process.","timestamp":"2026-06-13 13:50:01"}
{"level":"info","message":"📁 Switching to CLIENT database: tenant_rbi (Tenant: rbi)","timestamp":"2026-06-13 13:50:01"}
{"level":"info","message":"Orchestrator: No domains found for tenant rbi (excluding those currently scanning).","timestamp":"2026-06-13 13:50:01"}
{"level":"info","message":"📁 Switching to CLIENT database: tenant_sbi (Tenant: sbi)","timestamp":"2026-06-13 13:50:01"}
{"level":"info","message":"Orchestrator: No domains found for tenant sbi (excluding those currently scanning).","timestamp":"2026-06-13 13:50:01"}
{"level":"info","message":"Orchestrator: Master DB connection closed.","timestamp":"2026-06-13 13:50:01"}
{"level":"info","message":"✅ Orchestrator: Finished. Total jobs enqueued: 0","timestamp":"2026-06-13 13:50:01"}
{"level":"info","message":"Job repeat:c10eea93bf68cc56fd5c63b351df3d32:1781338800000 (Orchestrator) completed successfully.","timestamp":"2026-06-13 13:50:01"}
{"level":"info","message":"[Job repeat:c10eea93bf68cc56fd5c63b351df3d32:1781338860000] 🚀 Executing scheduled global orchestration...","timestamp":"2026-06-13 13:51:00"}
{"level":"info","message":"Orchestrator: Starting global scan orchestration... ","timestamp":"2026-06-13 13:51:00"}
{"level":"info","message":"🔗 Connecting to MASTER database: master","timestamp":"2026-06-13 13:51:00"}
{"level":"info","message":"Orchestrator: Found 2 tenants to process.","timestamp":"2026-06-13 13:51:01"}
{"level":"info","message":"📁 Switching to CLIENT database: tenant_rbi (Tenant: rbi)","timestamp":"2026-06-13 13:51:01"}
{"level":"info","message":"Orchestrator: No domains found for tenant rbi (excluding those currently scanning).","timestamp":"2026-06-13 13:51:01"}
{"level":"info","message":"📁 Switching to CLIENT database: tenant_sbi (Tenant: sbi)","timestamp":"2026-06-13 13:51:01"}
{"level":"info","message":"Orchestrator: No domains found for tenant sbi (excluding those currently scanning).","timestamp":"2026-06-13 13:51:01"}
{"level":"info","message":"Orchestrator: Master DB connection closed.","timestamp":"2026-06-13 13:51:01"}
{"level":"info","message":"✅ Orchestrator: Finished. Total jobs enqueued: 0","timestamp":"2026-06-13 13:51:01"}
{"level":"info","message":"Job repeat:c10eea93bf68cc56fd5c63b351df3d32:1781338860000 (Orchestrator) completed successfully.","timestamp":"2026-06-13 13:51:01"}
{"level":"info","message":"[Job repeat:c10eea93bf68cc56fd5c63b351df3d32:1781338920000] 🚀 Executing scheduled global orchestration...","timestamp":"2026-06-13 13:52:00"}
{"level":"info","message":"Orchestrator: Starting global scan orchestration... ","timestamp":"2026-06-13 13:52:00"}
{"level":"info","message":"🔗 Connecting to MASTER database: master","timestamp":"2026-06-13 13:52:00"}
{"level":"info","message":"Orchestrator: Found 2 tenants to process.","timestamp":"2026-06-13 13:52:00"}
{"level":"info","message":"📁 Switching to CLIENT database: tenant_rbi (Tenant: rbi)","timestamp":"2026-06-13 13:52:00"}
{"level":"info","message":"Orchestrator: No domains found for tenant rbi (excluding those currently scanning).","timestamp":"2026-06-13 13:52:01"}
{"level":"info","message":"📁 Switching to CLIENT database: tenant_sbi (Tenant: sbi)","timestamp":"2026-06-13 13:52:01"}
{"level":"info","message":"Orchestrator: No domains found for tenant sbi (excluding those currently scanning).","timestamp":"2026-06-13 13:52:01"}
{"level":"info","message":"Orchestrator: Master DB connection closed.","timestamp":"2026-06-13 13:52:01"}
{"level":"info","message":"✅ Orchestrator: Finished. Total jobs enqueued: 0","timestamp":"2026-06-13 13:52:01"}
{"level":"info","message":"Job repeat:c10eea93bf68cc56fd5c63b351df3d32:1781338920000 (Orchestrator) completed successfully.","timestamp":"2026-06-13 13:52:01"}
{"level":"info","message":"BullBoard dashboard available at http://localhost:4100/admin/queues","timestamp":"2026-06-13 13:52:41"}
{"level":"info","message":"SEO Scan Worker initialized.","timestamp":"2026-06-13 13:52:41"}
{"level":"info","message":"🧹 Queue \"seo-scan-queue\" cleared recursively.","timestamp":"2026-06-13 13:52:41"}
{"level":"info","message":"⏰ Scheduled global orchestration every 1 minutes.","timestamp":"2026-06-13 13:52:41"}
{"level":"info","message":"SEO Scanner Service running on port 4100","timestamp":"2026-06-13 13:52:41"}
{"level":"info","message":"🚀 SCAN_ON_STARTUP is enabled. Triggering global orchestration...","timestamp":"2026-06-13 13:52:41"}
{"level":"info","message":"Orchestrator: Starting global scan orchestration... [STARTUP MODE]","timestamp":"2026-06-13 13:52:41"}
{"level":"info","message":"🔗 Connecting to MASTER database: master","timestamp":"2026-06-13 13:52:41"}
{"level":"info","message":"Orchestrator: Found 2 tenants to process.","timestamp":"2026-06-13 13:52:42"}
{"level":"info","message":"📁 Switching to CLIENT database: tenant_rbi (Tenant: rbi)","timestamp":"2026-06-13 13:52:42"}
{"level":"info","message":"✅ Successfully connected to database: tenant_rbi","timestamp":"2026-06-13 13:52:43"}
{"level":"info","message":"Orchestrator: No domains found for tenant rbi (excluding those currently scanning).","timestamp":"2026-06-13 13:52:43"}
{"level":"info","message":"📁 Switching to CLIENT database: tenant_sbi (Tenant: sbi)","timestamp":"2026-06-13 13:52:43"}
{"level":"info","message":"✅ Successfully connected to database: tenant_sbi","timestamp":"2026-06-13 13:52:43"}
{"level":"info","message":"Orchestrator: No domains found for tenant sbi (excluding those currently scanning).","timestamp":"2026-06-13 13:52:43"}
{"level":"info","message":"Orchestrator: Master DB connection closed.","timestamp":"2026-06-13 13:52:43"}
{"level":"info","message":"✅ Orchestrator: Finished. Total jobs enqueued: 0","timestamp":"2026-06-13 13:52:43"}
{"level":"info","message":"✅ Initial global scan orchestration completed.","timestamp":"2026-06-13 13:52:43"}
{"level":"info","message":"[Job repeat:c10eea93bf68cc56fd5c63b351df3d32:1781338980000] 🚀 Executing scheduled global orchestration...","timestamp":"2026-06-13 13:53:00"}
{"level":"info","message":"Orchestrator: Starting global scan orchestration... ","timestamp":"2026-06-13 13:53:00"}
{"level":"info","message":"🔗 Connecting to MASTER database: master","timestamp":"2026-06-13 13:53:00"}
{"level":"info","message":"Orchestrator: Found 2 tenants to process.","timestamp":"2026-06-13 13:53:01"}
{"level":"info","message":"📁 Switching to CLIENT database: tenant_rbi (Tenant: rbi)","timestamp":"2026-06-13 13:53:01"}
{"level":"info","message":"Orchestrator: No domains found for tenant rbi (excluding those currently scanning).","timestamp":"2026-06-13 13:53:01"}
{"level":"info","message":"📁 Switching to CLIENT database: tenant_sbi (Tenant: sbi)","timestamp":"2026-06-13 13:53:01"}
{"level":"info","message":"Orchestrator: No domains found for tenant sbi (excluding those currently scanning).","timestamp":"2026-06-13 13:53:01"}
{"level":"info","message":"Orchestrator: Master DB connection closed.","timestamp":"2026-06-13 13:53:01"}
{"level":"info","message":"✅ Orchestrator: Finished. Total jobs enqueued: 0","timestamp":"2026-06-13 13:53:01"}
{"level":"info","message":"Job repeat:c10eea93bf68cc56fd5c63b351df3d32:1781338980000 (Orchestrator) completed successfully.","timestamp":"2026-06-13 13:53:01"}
{"level":"info","message":"[Job 3] 🔍 Starting scan for: https://omunim.com/","timestamp":"2026-06-13 13:53:42"}
{"level":"info","message":"[https://omunim.com/] Checking domain status for ID: 69fed1b9ce195e92e93ad3ad. Found: true, Deleted: false, Archived: false, Status: active","timestamp":"2026-06-13 13:53:42"}
{"level":"info","message":"🔍 [Crawl] Queue: 0 | Visited: 1 | Scanning: https://omunim.com/","timestamp":"2026-06-13 13:53:43"}
{"level":"info","message":"🔍 [Domain: omunim.com] [Page 1/4] Scanning: https://omunim.com/","timestamp":"2026-06-13 13:53:43"}
{"level":"info","message":"🔍 [Scraper] HTML length: 77167 | Body length: 20046 | Total <a> tags: 65","timestamp":"2026-06-13 13:53:48"}
{"level":"info","message":"🔗 [Link Extraction] Page: https://omunim.com/ | hostNorm: omunim.com | Found 65 total links (21 internal)","timestamp":"2026-06-13 13:53:48"}
{"level":"info","message":"✅ [Late Detection] Found T&C at https://omunim.com/terms","timestamp":"2026-06-13 13:53:49"}
{"level":"info","message":"🚀 [PageSpeed API] Fetching metrics for https://omunim.com/...","timestamp":"2026-06-13 13:53:58"}
{"level":"info","message":"[Job repeat:c10eea93bf68cc56fd5c63b351df3d32:1781339040000] 🚀 Executing scheduled global orchestration...","timestamp":"2026-06-13 13:54:00"}
{"level":"info","message":"Orchestrator: Starting global scan orchestration... ","timestamp":"2026-06-13 13:54:00"}
{"level":"info","message":"🔗 Connecting to MASTER database: master","timestamp":"2026-06-13 13:54:00"}
{"level":"info","message":"Orchestrator: Found 2 tenants to process.","timestamp":"2026-06-13 13:54:01"}
{"level":"info","message":"📁 Switching to CLIENT database: tenant_rbi (Tenant: rbi)","timestamp":"2026-06-13 13:54:01"}
{"level":"info","message":"Orchestrator: No domains found for tenant rbi (excluding those currently scanning).","timestamp":"2026-06-13 13:54:01"}
{"level":"info","message":"📁 Switching to CLIENT database: tenant_sbi (Tenant: sbi)","timestamp":"2026-06-13 13:54:01"}
{"level":"info","message":"Orchestrator: No domains found for tenant sbi (excluding those currently scanning).","timestamp":"2026-06-13 13:54:01"}
{"level":"info","message":"Orchestrator: Master DB connection closed.","timestamp":"2026-06-13 13:54:01"}
{"level":"info","message":"✅ Orchestrator: Finished. Total jobs enqueued: 0","timestamp":"2026-06-13 13:54:01"}
{"level":"info","message":"Job repeat:c10eea93bf68cc56fd5c63b351df3d32:1781339040000 (Orchestrator) completed successfully.","timestamp":"2026-06-13 13:54:01"}
{"level":"info","message":"✅ [PageSpeed API] Score for https://omunim.com/: 67","timestamp":"2026-06-13 13:54:23"}
{"level":"info","message":"📊 [Lighthouse] Results for https://omunim.com/: Performance: 67, SEO: 92, Accessibility: 78","timestamp":"2026-06-13 13:54:23"}
{"level":"info","message":"🔍 [Domain: omunim.com] [Page 1/4] Found 21 internal links on https://omunim.com/","timestamp":"2026-06-13 13:54:23"}
{"level":"info","message":"➕ [Queue] Adding: https://omunim.com/jewellery-software (targetHost: omunim.com, hostNorm: omunim.com)","timestamp":"2026-06-13 13:54:23"}
{"level":"info","message":"➕ [Queue] Adding: https://omunim.com/signin (targetHost: omunim.com, hostNorm: omunim.com)","timestamp":"2026-06-13 13:54:23"}
{"level":"info","message":"➕ [Queue] Adding: https://omunim.com/jewellery-billing-software (targetHost: omunim.com, hostNorm: omunim.com)","timestamp":"2026-06-13 13:54:23"}
{"level":"info","message":"➕ [Queue] Adding: https://omunim.com/gold-loan-software (targetHost: omunim.com, hostNorm: omunim.com)","timestamp":"2026-06-13 13:54:23"}
{"level":"info","message":"➕ [Queue] Adding: https://omunim.com/jewellery-mobile-app (targetHost: omunim.com, hostNorm: omunim.com)","timestamp":"2026-06-13 13:54:23"}
{"level":"info","message":"➕ [Queue] Adding: https://omunim.com/ecommerce (targetHost: omunim.com, hostNorm: omunim.com)","timestamp":"2026-06-13 13:54:23"}
{"level":"info","message":"➕ [Queue] Adding: https://omunim.com/jewellery-videos (targetHost: omunim.com, hostNorm: omunim.com)","timestamp":"2026-06-13 13:54:24"}
{"level":"info","message":"➕ [Queue] Adding: https://omunim.com/all-features (targetHost: omunim.com, hostNorm: omunim.com)","timestamp":"2026-06-13 13:54:24"}
{"level":"info","message":"➕ [Queue] Adding: https://omunim.com/jewellery-billing-software-free (targetHost: omunim.com, hostNorm: omunim.com)","timestamp":"2026-06-13 13:54:24"}
{"level":"info","message":"➕ [Queue] Adding: https://omunim.com/best-jewellery-software (targetHost: omunim.com, hostNorm: omunim.com)","timestamp":"2026-06-13 13:54:24"}
{"level":"info","message":"➕ [Queue] Adding: https://omunim.com/top-10-jewellery-software (targetHost: omunim.com, hostNorm: omunim.com)","timestamp":"2026-06-13 13:54:24"}
{"level":"info","message":"➕ [Queue] Adding: https://omunim.com/downloads (targetHost: omunim.com, hostNorm: omunim.com)","timestamp":"2026-06-13 13:54:24"}
{"level":"info","message":"➕ [Queue] Adding: https://omunim.com/aboutus (targetHost: omunim.com, hostNorm: omunim.com)","timestamp":"2026-06-13 13:54:24"}
{"level":"info","message":"➕ [Queue] Adding: https://omunim.com/contactus (targetHost: omunim.com, hostNorm: omunim.com)","timestamp":"2026-06-13 13:54:24"}
{"level":"info","message":"➕ [Queue] Adding: https://omunim.com/career (targetHost: omunim.com, hostNorm: omunim.com)","timestamp":"2026-06-13 13:54:24"}
{"level":"info","message":"➕ [Queue] Adding: https://omunim.com/faq (targetHost: omunim.com, hostNorm: omunim.com)","timestamp":"2026-06-13 13:54:24"}
{"level":"info","message":"➕ [Queue] Adding: https://omunim.com/feedback (targetHost: omunim.com, hostNorm: omunim.com)","timestamp":"2026-06-13 13:54:24"}
{"level":"info","message":"➕ [Queue] Adding: https://omunim.com/terms (targetHost: omunim.com, hostNorm: omunim.com)","timestamp":"2026-06-13 13:54:24"}
{"level":"info","message":"➕ [Queue] Adding: https://omunim.com/privacypolicy (targetHost: omunim.com, hostNorm: omunim.com)","timestamp":"2026-06-13 13:54:24"}
{"level":"info","message":"➕ [Queue] Adding: https://omunim.com/site-map (targetHost: omunim.com, hostNorm: omunim.com)","timestamp":"2026-06-13 13:54:24"}
{"level":"info","message":"🔍 [Crawl] Queue: 19 | Visited: 2 | Scanning: https://omunim.com/jewellery-software","timestamp":"2026-06-13 13:54:24"}
{"level":"info","message":"🔍 [Domain: omunim.com] [Page 2/4] Scanning: https://omunim.com/jewellery-software","timestamp":"2026-06-13 13:54:24"}
{"level":"info","message":"🔍 [Scraper] HTML length: 77185 | Body length: 20046 | Total <a> tags: 65","timestamp":"2026-06-13 13:54:29"}
{"level":"info","message":"🔗 [Link Extraction] Page: https://omunim.com/jewellery-software | hostNorm: omunim.com | Found 65 total links (21 internal)","timestamp":"2026-06-13 13:54:29"}
{"level":"info","message":"🚀 [PageSpeed API] Fetching metrics for https://omunim.com/jewellery-software...","timestamp":"2026-06-13 13:54:38"}
{"level":"info","message":"[Job repeat:c10eea93bf68cc56fd5c63b351df3d32:1781339100000] 🚀 Executing scheduled global orchestration...","timestamp":"2026-06-13 13:55:00"}
{"level":"info","message":"Orchestrator: Starting global scan orchestration... ","timestamp":"2026-06-13 13:55:00"}
{"level":"info","message":"🔗 Connecting to MASTER database: master","timestamp":"2026-06-13 13:55:00"}
{"level":"info","message":"Orchestrator: Found 2 tenants to process.","timestamp":"2026-06-13 13:55:01"}
{"level":"info","message":"📁 Switching to CLIENT database: tenant_rbi (Tenant: rbi)","timestamp":"2026-06-13 13:55:01"}
{"level":"info","message":"Orchestrator: No domains found for tenant rbi (excluding those currently scanning).","timestamp":"2026-06-13 13:55:01"}
{"level":"info","message":"📁 Switching to CLIENT database: tenant_sbi (Tenant: sbi)","timestamp":"2026-06-13 13:55:01"}
{"level":"info","message":"Orchestrator: No domains found for tenant sbi (excluding those currently scanning).","timestamp":"2026-06-13 13:55:01"}
{"level":"info","message":"Orchestrator: Master DB connection closed.","timestamp":"2026-06-13 13:55:01"}
{"level":"info","message":"✅ Orchestrator: Finished. Total jobs enqueued: 0","timestamp":"2026-06-13 13:55:01"}
{"level":"info","message":"Job repeat:c10eea93bf68cc56fd5c63b351df3d32:1781339100000 (Orchestrator) completed successfully.","timestamp":"2026-06-13 13:55:01"}
{"level":"info","message":"✅ [PageSpeed API] Score for https://omunim.com/jewellery-software: 65","timestamp":"2026-06-13 13:55:03"}
{"level":"info","message":"📊 [Lighthouse] Results for https://omunim.com/jewellery-software: Performance: 65, SEO: 92, Accessibility: 78","timestamp":"2026-06-13 13:55:03"}
{"level":"info","message":"🔍 [Domain: omunim.com] [Page 2/4] Found 21 internal links on https://omunim.com/jewellery-software","timestamp":"2026-06-13 13:55:04"}
{"level":"info","message":"🔍 [Crawl] Queue: 18 | Visited: 3 | Scanning: https://omunim.com/signin","timestamp":"2026-06-13 13:55:04"}
{"level":"info","message":"🔍 [Domain: omunim.com] [Page 3/4] Scanning: https://omunim.com/signin","timestamp":"2026-06-13 13:55:04"}
{"level":"info","message":"🔍 [Scraper] HTML length: 58428 | Body length: 7856 | Total <a> tags: 44","timestamp":"2026-06-13 13:55:08"}
{"level":"info","message":"🔗 [Link Extraction] Page: https://omunim.com/signin | hostNorm: omunim.com | Found 44 total links (18 internal)","timestamp":"2026-06-13 13:55:08"}
{"level":"info","message":"🚀 [PageSpeed API] Fetching metrics for https://omunim.com/signin...","timestamp":"2026-06-13 13:55:15"}
{"level":"info","message":"✅ [PageSpeed API] Score for https://omunim.com/signin: 68","timestamp":"2026-06-13 13:55:36"}
{"level":"info","message":"📊 [Lighthouse] Results for https://omunim.com/signin: Performance: 68, SEO: 92, Accessibility: 87","timestamp":"2026-06-13 13:55:36"}
{"level":"info","message":"🔍 [Domain: omunim.com] [Page 3/4] Found 18 internal links on https://omunim.com/signin","timestamp":"2026-06-13 13:55:36"}
{"level":"info","message":"🔍 [Crawl] Queue: 17 | Visited: 4 | Scanning: https://omunim.com/jewellery-billing-software","timestamp":"2026-06-13 13:55:36"}
{"level":"info","message":"🔍 [Domain: omunim.com] [Page 4/4] Scanning: https://omunim.com/jewellery-billing-software","timestamp":"2026-06-13 13:55:36"}
{"level":"info","message":"🔍 [Scraper] HTML length: 48441 | Body length: 10525 | Total <a> tags: 48","timestamp":"2026-06-13 13:55:55"}
{"level":"info","message":"🔗 [Link Extraction] Page: https://omunim.com/jewellery-billing-software | hostNorm: omunim.com | Found 48 total links (19 internal)","timestamp":"2026-06-13 13:55:55"}
{"level":"info","message":"[Job repeat:c10eea93bf68cc56fd5c63b351df3d32:1781339160000] 🚀 Executing scheduled global orchestration...","timestamp":"2026-06-13 13:56:00"}
{"level":"info","message":"Orchestrator: Starting global scan orchestration... ","timestamp":"2026-06-13 13:56:00"}
{"level":"info","message":"🔗 Connecting to MASTER database: master","timestamp":"2026-06-13 13:56:00"}
{"level":"info","message":"Orchestrator: Found 2 tenants to process.","timestamp":"2026-06-13 13:56:00"}
{"level":"info","message":"📁 Switching to CLIENT database: tenant_rbi (Tenant: rbi)","timestamp":"2026-06-13 13:56:00"}
{"level":"info","message":"Orchestrator: No domains found for tenant rbi (excluding those currently scanning).","timestamp":"2026-06-13 13:56:00"}
{"level":"info","message":"📁 Switching to CLIENT database: tenant_sbi (Tenant: sbi)","timestamp":"2026-06-13 13:56:00"}
{"level":"info","message":"Orchestrator: No domains found for tenant sbi (excluding those currently scanning).","timestamp":"2026-06-13 13:56:00"}
{"level":"info","message":"Orchestrator: Master DB connection closed.","timestamp":"2026-06-13 13:56:00"}
{"level":"info","message":"✅ Orchestrator: Finished. Total jobs enqueued: 0","timestamp":"2026-06-13 13:56:00"}
{"level":"info","message":"Job repeat:c10eea93bf68cc56fd5c63b351df3d32:1781339160000 (Orchestrator) completed successfully.","timestamp":"2026-06-13 13:56:00"}
{"level":"info","message":"🚀 [PageSpeed API] Fetching metrics for https://omunim.com/jewellery-billing-software...","timestamp":"2026-06-13 13:56:02"}
{"level":"info","message":"✅ [PageSpeed API] Score for https://omunim.com/jewellery-billing-software: 70","timestamp":"2026-06-13 13:56:22"}
{"level":"info","message":"📊 [Lighthouse] Results for https://omunim.com/jewellery-billing-software: Performance: 70, SEO: 92, Accessibility: 91","timestamp":"2026-06-13 13:56:22"}
{"level":"info","message":"🔍 [Domain: omunim.com] [Page 4/4] Found 19 internal links on https://omunim.com/jewellery-billing-software","timestamp":"2026-06-13 13:56:22"}
{"level":"info","message":"[https://omunim.com/] Evaluating 1 policies against 4 pages.","timestamp":"2026-06-13 13:56:23"}
{"level":"info","message":"✅ [https://omunim.com/] Saved 4 pages to database tenant_sbi.","timestamp":"2026-06-13 13:56:23"}
{"level":"info","message":"📊 [https://omunim.com/] Domain summary created in tenant_sbi. Final Score: 31","timestamp":"2026-06-13 13:56:24"}
{"level":"info","message":"📋 [omunim.com] Compiling detailed audit data snapshot for jobId: 3-1781339022245...","timestamp":"2026-06-13 13:56:24"}
{"level":"info","message":"💾 [omunim.com] Saved complete Audit details & summary snap to DB for jobId: 3-1781339022245","timestamp":"2026-06-13 13:56:24"}
{"level":"info","message":"📋 [omunim.com] QA scan saved: 4 pages, jobId 3-1781339022245","timestamp":"2026-06-13 13:56:24"}
{"level":"info","message":"♿ [omunim.com] Starting Accessibility scan for 4 pages...","timestamp":"2026-06-13 13:56:24"}
{"level":"error","message":"Axe-core failed for https://omunim.com/signin: Page/Frame is not ready","timestamp":"2026-06-13 13:56:29"}
{"level":"info","message":"♿ [omunim.com] Axe-core scanned 4/4","timestamp":"2026-06-13 13:56:37"}
{"level":"info","message":"✅ [omunim.com] Accessibility scan saved: 3 pages, jobId 3-1781339022245","timestamp":"2026-06-13 13:56:39"}
{"level":"info","message":"Job 3 (https://omunim.com/) completed successfully.","timestamp":"2026-06-13 13:56:39"}
{"level":"info","message":"[Job repeat:c10eea93bf68cc56fd5c63b351df3d32:1781339220000] 🚀 Executing scheduled global orchestration...","timestamp":"2026-06-13 13:57:00"}
{"level":"info","message":"Orchestrator: Starting global scan orchestration... ","timestamp":"2026-06-13 13:57:00"}
{"level":"info","message":"🔗 Connecting to MASTER database: master","timestamp":"2026-06-13 13:57:00"}
{"level":"info","message":"Orchestrator: Found 2 tenants to process.","timestamp":"2026-06-13 13:57:01"}
{"level":"info","message":"📁 Switching to CLIENT database: tenant_rbi (Tenant: rbi)","timestamp":"2026-06-13 13:57:01"}
{"level":"info","message":"Orchestrator: No domains found for tenant rbi (excluding those currently scanning).","timestamp":"2026-06-13 13:57:01"}
{"level":"info","message":"📁 Switching to CLIENT database: tenant_sbi (Tenant: sbi)","timestamp":"2026-06-13 13:57:01"}
{"level":"info","message":"Orchestrator: No domains found for tenant sbi (excluding those currently scanning).","timestamp":"2026-06-13 13:57:01"}
{"level":"info","message":"Orchestrator: Master DB connection closed.","timestamp":"2026-06-13 13:57:01"}
{"level":"info","message":"✅ Orchestrator: Finished. Total jobs enqueued: 0","timestamp":"2026-06-13 13:57:01"}
{"level":"info","message":"Job repeat:c10eea93bf68cc56fd5c63b351df3d32:1781339220000 (Orchestrator) completed successfully.","timestamp":"2026-06-13 13:57:01"}
{"level":"info","message":"[Job repeat:c10eea93bf68cc56fd5c63b351df3d32:1781339280000] 🚀 Executing scheduled global orchestration...","timestamp":"2026-06-13 13:58:00"}
{"level":"info","message":"Orchestrator: Starting global scan orchestration... ","timestamp":"2026-06-13 13:58:00"}
{"level":"info","message":"🔗 Connecting to MASTER database: master","timestamp":"2026-06-13 13:58:00"}
{"level":"info","message":"Orchestrator: Found 2 tenants to process.","timestamp":"2026-06-13 13:58:01"}
{"level":"info","message":"📁 Switching to CLIENT database: tenant_rbi (Tenant: rbi)","timestamp":"2026-06-13 13:58:01"}
{"level":"info","message":"Orchestrator: No domains found for tenant rbi (excluding those currently scanning).","timestamp":"2026-06-13 13:58:01"}
{"level":"info","message":"📁 Switching to CLIENT database: tenant_sbi (Tenant: sbi)","timestamp":"2026-06-13 13:58:01"}
{"level":"info","message":"Orchestrator: No domains found for tenant sbi (excluding those currently scanning).","timestamp":"2026-06-13 13:58:01"}
{"level":"info","message":"Orchestrator: Master DB connection closed.","timestamp":"2026-06-13 13:58:01"}
{"level":"info","message":"✅ Orchestrator: Finished. Total jobs enqueued: 0","timestamp":"2026-06-13 13:58:01"}
{"level":"info","message":"Job repeat:c10eea93bf68cc56fd5c63b351df3d32:1781339280000 (Orchestrator) completed successfully.","timestamp":"2026-06-13 13:58:01"}
{"level":"info","message":"[Job repeat:c10eea93bf68cc56fd5c63b351df3d32:1781339340000] 🚀 Executing scheduled global orchestration...","timestamp":"2026-06-13 13:59:00"}
{"level":"info","message":"Orchestrator: Starting global scan orchestration... ","timestamp":"2026-06-13 13:59:00"}
{"level":"info","message":"🔗 Connecting to MASTER database: master","timestamp":"2026-06-13 13:59:00"}
{"level":"info","message":"Orchestrator: Found 2 tenants to process.","timestamp":"2026-06-13 13:59:00"}
{"level":"info","message":"📁 Switching to CLIENT database: tenant_rbi (Tenant: rbi)","timestamp":"2026-06-13 13:59:00"}
{"level":"info","message":"Orchestrator: No domains found for tenant rbi (excluding those currently scanning).","timestamp":"2026-06-13 13:59:00"}
{"level":"info","message":"📁 Switching to CLIENT database: tenant_sbi (Tenant: sbi)","timestamp":"2026-06-13 13:59:00"}
{"level":"info","message":"Orchestrator: No domains found for tenant sbi (excluding those currently scanning).","timestamp":"2026-06-13 13:59:00"}
{"level":"info","message":"Orchestrator: Master DB connection closed.","timestamp":"2026-06-13 13:59:00"}
{"level":"info","message":"✅ Orchestrator: Finished. Total jobs enqueued: 0","timestamp":"2026-06-13 13:59:00"}
{"level":"info","message":"Job repeat:c10eea93bf68cc56fd5c63b351df3d32:1781339340000 (Orchestrator) completed successfully.","timestamp":"2026-06-13 13:59:00"}
{"level":"info","message":"[Job repeat:c10eea93bf68cc56fd5c63b351df3d32:1781339400000] 🚀 Executing scheduled global orchestration...","timestamp":"2026-06-13 14:00:00"}
{"level":"info","message":"Orchestrator: Starting global scan orchestration... ","timestamp":"2026-06-13 14:00:00"}
{"level":"info","message":"🔗 Connecting to MASTER database: master","timestamp":"2026-06-13 14:00:00"}
{"level":"info","message":"Orchestrator: Found 2 tenants to process.","timestamp":"2026-06-13 14:00:01"}
{"level":"info","message":"📁 Switching to CLIENT database: tenant_rbi (Tenant: rbi)","timestamp":"2026-06-13 14:00:01"}
{"level":"info","message":"Orchestrator: No domains found for tenant rbi (excluding those currently scanning).","timestamp":"2026-06-13 14:00:01"}
{"level":"info","message":"📁 Switching to CLIENT database: tenant_sbi (Tenant: sbi)","timestamp":"2026-06-13 14:00:01"}
{"level":"info","message":"Orchestrator: No domains found for tenant sbi (excluding those currently scanning).","timestamp":"2026-06-13 14:00:01"}
{"level":"info","message":"Orchestrator: Master DB connection closed.","timestamp":"2026-06-13 14:00:01"}
{"level":"info","message":"✅ Orchestrator: Finished. Total jobs enqueued: 0","timestamp":"2026-06-13 14:00:01"}
{"level":"info","message":"Job repeat:c10eea93bf68cc56fd5c63b351df3d32:1781339400000 (Orchestrator) completed successfully.","timestamp":"2026-06-13 14:00:01"}
{"level":"info","message":"[Job repeat:c10eea93bf68cc56fd5c63b351df3d32:1781339460000] 🚀 Executing scheduled global orchestration...","timestamp":"2026-06-13 14:01:00"}
{"level":"info","message":"Orchestrator: Starting global scan orchestration... ","timestamp":"2026-06-13 14:01:00"}
{"level":"info","message":"🔗 Connecting to MASTER database: master","timestamp":"2026-06-13 14:01:00"}
{"level":"info","message":"Orchestrator: Found 2 tenants to process.","timestamp":"2026-06-13 14:01:01"}
{"level":"info","message":"📁 Switching to CLIENT database: tenant_rbi (Tenant: rbi)","timestamp":"2026-06-13 14:01:01"}
{"level":"info","message":"Orchestrator: No domains found for tenant rbi (excluding those currently scanning).","timestamp":"2026-06-13 14:01:01"}
{"level":"info","message":"📁 Switching to CLIENT database: tenant_sbi (Tenant: sbi)","timestamp":"2026-06-13 14:01:01"}
{"level":"info","message":"Orchestrator: No domains found for tenant sbi (excluding those currently scanning).","timestamp":"2026-06-13 14:01:01"}
{"level":"info","message":"Orchestrator: Master DB connection closed.","timestamp":"2026-06-13 14:01:01"}
{"level":"info","message":"✅ Orchestrator: Finished. Total jobs enqueued: 0","timestamp":"2026-06-13 14:01:01"}
{"level":"info","message":"Job repeat:c10eea93bf68cc56fd5c63b351df3d32:1781339460000 (Orchestrator) completed successfully.","timestamp":"2026-06-13 14:01:01"}
{"level":"info","message":"[Job repeat:c10eea93bf68cc56fd5c63b351df3d32:1781339520000] 🚀 Executing scheduled global orchestration...","timestamp":"2026-06-13 14:02:00"}
{"level":"info","message":"Orchestrator: Starting global scan orchestration... ","timestamp":"2026-06-13 14:02:00"}
{"level":"info","message":"🔗 Connecting to MASTER database: master","timestamp":"2026-06-13 14:02:00"}
{"level":"info","message":"Orchestrator: Found 2 tenants to process.","timestamp":"2026-06-13 14:02:00"}
{"level":"info","message":"📁 Switching to CLIENT database: tenant_rbi (Tenant: rbi)","timestamp":"2026-06-13 14:02:00"}
{"level":"info","message":"Orchestrator: No domains found for tenant rbi (excluding those currently scanning).","timestamp":"2026-06-13 14:02:00"}
{"level":"info","message":"📁 Switching to CLIENT database: tenant_sbi (Tenant: sbi)","timestamp":"2026-06-13 14:02:00"}
{"level":"info","message":"Orchestrator: No domains found for tenant sbi (excluding those currently scanning).","timestamp":"2026-06-13 14:02:00"}
{"level":"info","message":"Orchestrator: Master DB connection closed.","timestamp":"2026-06-13 14:02:00"}
{"level":"info","message":"✅ Orchestrator: Finished. Total jobs enqueued: 0","timestamp":"2026-06-13 14:02:00"}
{"level":"info","message":"Job repeat:c10eea93bf68cc56fd5c63b351df3d32:1781339520000 (Orchestrator) completed successfully.","timestamp":"2026-06-13 14:02:00"}
{"level":"info","message":"[Job repeat:c10eea93bf68cc56fd5c63b351df3d32:1781339580000] 🚀 Executing scheduled global orchestration...","timestamp":"2026-06-13 14:03:00"}
{"level":"info","message":"Orchestrator: Starting global scan orchestration... ","timestamp":"2026-06-13 14:03:00"}
{"level":"info","message":"🔗 Connecting to MASTER database: master","timestamp":"2026-06-13 14:03:00"}
{"level":"info","message":"Orchestrator: Found 2 tenants to process.","timestamp":"2026-06-13 14:03:01"}
{"level":"info","message":"📁 Switching to CLIENT database: tenant_rbi (Tenant: rbi)","timestamp":"2026-06-13 14:03:01"}
{"level":"info","message":"Orchestrator: No domains found for tenant rbi (excluding those currently scanning).","timestamp":"2026-06-13 14:03:01"}
{"level":"info","message":"📁 Switching to CLIENT database: tenant_sbi (Tenant: sbi)","timestamp":"2026-06-13 14:03:01"}
{"level":"info","message":"Orchestrator: No domains found for tenant sbi (excluding those currently scanning).","timestamp":"2026-06-13 14:03:01"}
{"level":"info","message":"Orchestrator: Master DB connection closed.","timestamp":"2026-06-13 14:03:01"}
{"level":"info","message":"✅ Orchestrator: Finished. Total jobs enqueued: 0","timestamp":"2026-06-13 14:03:01"}
{"level":"info","message":"Job repeat:c10eea93bf68cc56fd5c63b351df3d32:1781339580000 (Orchestrator) completed successfully.","timestamp":"2026-06-13 14:03:01"}
{"level":"info","message":"[Job repeat:c10eea93bf68cc56fd5c63b351df3d32:1781339640000] 🚀 Executing scheduled global orchestration...","timestamp":"2026-06-13 14:04:00"}
{"level":"info","message":"Orchestrator: Starting global scan orchestration... ","timestamp":"2026-06-13 14:04:00"}
{"level":"info","message":"🔗 Connecting to MASTER database: master","timestamp":"2026-06-13 14:04:00"}
{"level":"info","message":"Orchestrator: Found 2 tenants to process.","timestamp":"2026-06-13 14:04:01"}
{"level":"info","message":"📁 Switching to CLIENT database: tenant_rbi (Tenant: rbi)","timestamp":"2026-06-13 14:04:01"}
{"level":"info","message":"Orchestrator: No domains found for tenant rbi (excluding those currently scanning).","timestamp":"2026-06-13 14:04:01"}
{"level":"info","message":"📁 Switching to CLIENT database: tenant_sbi (Tenant: sbi)","timestamp":"2026-06-13 14:04:01"}
{"level":"info","message":"Orchestrator: No domains found for tenant sbi (excluding those currently scanning).","timestamp":"2026-06-13 14:04:01"}
{"level":"info","message":"Orchestrator: Master DB connection closed.","timestamp":"2026-06-13 14:04:01"}
{"level":"info","message":"✅ Orchestrator: Finished. Total jobs enqueued: 0","timestamp":"2026-06-13 14:04:01"}
{"level":"info","message":"Job repeat:c10eea93bf68cc56fd5c63b351df3d32:1781339640000 (Orchestrator) completed successfully.","timestamp":"2026-06-13 14:04:01"}
{"level":"info","message":"[Job repeat:c10eea93bf68cc56fd5c63b351df3d32:1781339700000] 🚀 Executing scheduled global orchestration...","timestamp":"2026-06-13 14:05:00"}
{"level":"info","message":"Orchestrator: Starting global scan orchestration... ","timestamp":"2026-06-13 14:05:00"}
{"level":"info","message":"🔗 Connecting to MASTER database: master","timestamp":"2026-06-13 14:05:00"}
{"level":"info","message":"Orchestrator: Found 2 tenants to process.","timestamp":"2026-06-13 14:05:00"}
{"level":"info","message":"📁 Switching to CLIENT database: tenant_rbi (Tenant: rbi)","timestamp":"2026-06-13 14:05:00"}
{"level":"info","message":"Orchestrator: No domains found for tenant rbi (excluding those currently scanning).","timestamp":"2026-06-13 14:05:00"}
{"level":"info","message":"📁 Switching to CLIENT database: tenant_sbi (Tenant: sbi)","timestamp":"2026-06-13 14:05:00"}
{"level":"info","message":"Orchestrator: No domains found for tenant sbi (excluding those currently scanning).","timestamp":"2026-06-13 14:05:00"}
{"level":"info","message":"Orchestrator: Master DB connection closed.","timestamp":"2026-06-13 14:05:00"}
{"level":"info","message":"✅ Orchestrator: Finished. Total jobs enqueued: 0","timestamp":"2026-06-13 14:05:00"}
{"level":"info","message":"Job repeat:c10eea93bf68cc56fd5c63b351df3d32:1781339700000 (Orchestrator) completed successfully.","timestamp":"2026-06-13 14:05:00"}
{"level":"info","message":"[Job repeat:c10eea93bf68cc56fd5c63b351df3d32:1781339760000] 🚀 Executing scheduled global orchestration...","timestamp":"2026-06-13 14:06:00"}
{"level":"info","message":"Orchestrator: Starting global scan orchestration... ","timestamp":"2026-06-13 14:06:00"}
{"level":"info","message":"🔗 Connecting to MASTER database: master","timestamp":"2026-06-13 14:06:00"}
{"level":"info","message":"Orchestrator: Found 2 tenants to process.","timestamp":"2026-06-13 14:06:01"}
{"level":"info","message":"📁 Switching to CLIENT database: tenant_rbi (Tenant: rbi)","timestamp":"2026-06-13 14:06:01"}
{"level":"info","message":"Orchestrator: No domains found for tenant rbi (excluding those currently scanning).","timestamp":"2026-06-13 14:06:01"}
{"level":"info","message":"📁 Switching to CLIENT database: tenant_sbi (Tenant: sbi)","timestamp":"2026-06-13 14:06:01"}
{"level":"info","message":"Orchestrator: No domains found for tenant sbi (excluding those currently scanning).","timestamp":"2026-06-13 14:06:01"}
{"level":"info","message":"Orchestrator: Master DB connection closed.","timestamp":"2026-06-13 14:06:01"}
{"level":"info","message":"✅ Orchestrator: Finished. Total jobs enqueued: 0","timestamp":"2026-06-13 14:06:01"}
{"level":"info","message":"Job repeat:c10eea93bf68cc56fd5c63b351df3d32:1781339760000 (Orchestrator) completed successfully.","timestamp":"2026-06-13 14:06:01"}
{"level":"info","message":"[Job repeat:c10eea93bf68cc56fd5c63b351df3d32:1781339820000] 🚀 Executing scheduled global orchestration...","timestamp":"2026-06-13 14:07:01"}
{"level":"info","message":"Orchestrator: Starting global scan orchestration... ","timestamp":"2026-06-13 14:07:01"}
{"level":"info","message":"🔗 Connecting to MASTER database: master","timestamp":"2026-06-13 14:07:01"}
{"level":"info","message":"Orchestrator: Found 2 tenants to process.","timestamp":"2026-06-13 14:07:01"}
{"level":"info","message":"📁 Switching to CLIENT database: tenant_rbi (Tenant: rbi)","timestamp":"2026-06-13 14:07:01"}
{"level":"info","message":"Orchestrator: No domains found for tenant rbi (excluding those currently scanning).","timestamp":"2026-06-13 14:07:01"}
{"level":"info","message":"📁 Switching to CLIENT database: tenant_sbi (Tenant: sbi)","timestamp":"2026-06-13 14:07:01"}
{"level":"info","message":"Orchestrator: No domains found for tenant sbi (excluding those currently scanning).","timestamp":"2026-06-13 14:07:01"}
{"level":"info","message":"Orchestrator: Master DB connection closed.","timestamp":"2026-06-13 14:07:01"}
{"level":"info","message":"✅ Orchestrator: Finished. Total jobs enqueued: 0","timestamp":"2026-06-13 14:07:01"}
{"level":"info","message":"Job repeat:c10eea93bf68cc56fd5c63b351df3d32:1781339820000 (Orchestrator) completed successfully.","timestamp":"2026-06-13 14:07:01"}
{"level":"info","message":"[Job repeat:c10eea93bf68cc56fd5c63b351df3d32:1781339880000] 🚀 Executing scheduled global orchestration...","timestamp":"2026-06-13 14:08:00"}
{"level":"info","message":"Orchestrator: Starting global scan orchestration... ","timestamp":"2026-06-13 14:08:00"}
{"level":"info","message":"🔗 Connecting to MASTER database: master","timestamp":"2026-06-13 14:08:00"}
{"level":"info","message":"Orchestrator: Found 2 tenants to process.","timestamp":"2026-06-13 14:08:00"}
{"level":"info","message":"📁 Switching to CLIENT database: tenant_rbi (Tenant: rbi)","timestamp":"2026-06-13 14:08:00"}
{"level":"info","message":"Orchestrator: No domains found for tenant rbi (excluding those currently scanning).","timestamp":"2026-06-13 14:08:00"}
{"level":"info","message":"📁 Switching to CLIENT database: tenant_sbi (Tenant: sbi)","timestamp":"2026-06-13 14:08:00"}
{"level":"info","message":"Orchestrator: No domains found for tenant sbi (excluding those currently scanning).","timestamp":"2026-06-13 14:08:01"}
{"level":"info","message":"Orchestrator: Master DB connection closed.","timestamp":"2026-06-13 14:08:01"}
{"level":"info","message":"✅ Orchestrator: Finished. Total jobs enqueued: 0","timestamp":"2026-06-13 14:08:01"}
{"level":"info","message":"Job repeat:c10eea93bf68cc56fd5c63b351df3d32:1781339880000 (Orchestrator) completed successfully.","timestamp":"2026-06-13 14:08:01"}
{"level":"info","message":"[Job repeat:c10eea93bf68cc56fd5c63b351df3d32:1781339940000] 🚀 Executing scheduled global orchestration...","timestamp":"2026-06-13 14:09:00"}
{"level":"info","message":"Orchestrator: Starting global scan orchestration... ","timestamp":"2026-06-13 14:09:00"}
{"level":"info","message":"🔗 Connecting to MASTER database: master","timestamp":"2026-06-13 14:09:00"}
{"level":"info","message":"Orchestrator: Found 2 tenants to process.","timestamp":"2026-06-13 14:09:01"}
{"level":"info","message":"📁 Switching to CLIENT database: tenant_rbi (Tenant: rbi)","timestamp":"2026-06-13 14:09:01"}
{"level":"info","message":"Orchestrator: No domains found for tenant rbi (excluding those currently scanning).","timestamp":"2026-06-13 14:09:01"}
{"level":"info","message":"📁 Switching to CLIENT database: tenant_sbi (Tenant: sbi)","timestamp":"2026-06-13 14:09:01"}
{"level":"info","message":"Orchestrator: No domains found for tenant sbi (excluding those currently scanning).","timestamp":"2026-06-13 14:09:01"}
{"level":"info","message":"Orchestrator: Master DB connection closed.","timestamp":"2026-06-13 14:09:01"}
{"level":"info","message":"✅ Orchestrator: Finished. Total jobs enqueued: 0","timestamp":"2026-06-13 14:09:01"}
{"level":"info","message":"Job repeat:c10eea93bf68cc56fd5c63b351df3d32:1781339940000 (Orchestrator) completed successfully.","timestamp":"2026-06-13 14:09:01"}
{"level":"info","message":"[Job repeat:c10eea93bf68cc56fd5c63b351df3d32:1781340000000] 🚀 Executing scheduled global orchestration...","timestamp":"2026-06-13 14:10:00"}
{"level":"info","message":"Orchestrator: Starting global scan orchestration... ","timestamp":"2026-06-13 14:10:00"}
{"level":"info","message":"🔗 Connecting to MASTER database: master","timestamp":"2026-06-13 14:10:00"}
{"level":"info","message":"Orchestrator: Found 2 tenants to process.","timestamp":"2026-06-13 14:10:01"}
{"level":"info","message":"📁 Switching to CLIENT database: tenant_rbi (Tenant: rbi)","timestamp":"2026-06-13 14:10:01"}
{"level":"info","message":"Orchestrator: No domains found for tenant rbi (excluding those currently scanning).","timestamp":"2026-06-13 14:10:01"}
{"level":"info","message":"📁 Switching to CLIENT database: tenant_sbi (Tenant: sbi)","timestamp":"2026-06-13 14:10:01"}
{"level":"info","message":"Orchestrator: No domains found for tenant sbi (excluding those currently scanning).","timestamp":"2026-06-13 14:10:01"}
{"level":"info","message":"Orchestrator: Master DB connection closed.","timestamp":"2026-06-13 14:10:01"}
{"level":"info","message":"✅ Orchestrator: Finished. Total jobs enqueued: 0","timestamp":"2026-06-13 14:10:01"}
{"level":"info","message":"Job repeat:c10eea93bf68cc56fd5c63b351df3d32:1781340000000 (Orchestrator) completed successfully.","timestamp":"2026-06-13 14:10:01"}
{"level":"info","message":"[Job repeat:c10eea93bf68cc56fd5c63b351df3d32:1781340060000] 🚀 Executing scheduled global orchestration...","timestamp":"2026-06-13 14:11:00"}
{"level":"info","message":"Orchestrator: Starting global scan orchestration... ","timestamp":"2026-06-13 14:11:00"}
{"level":"info","message":"🔗 Connecting to MASTER database: master","timestamp":"2026-06-13 14:11:00"}
{"level":"info","message":"Orchestrator: Found 2 tenants to process.","timestamp":"2026-06-13 14:11:01"}
{"level":"info","message":"📁 Switching to CLIENT database: tenant_rbi (Tenant: rbi)","timestamp":"2026-06-13 14:11:01"}
{"level":"info","message":"Orchestrator: No domains found for tenant rbi (excluding those currently scanning).","timestamp":"2026-06-13 14:11:01"}
{"level":"info","message":"📁 Switching to CLIENT database: tenant_sbi (Tenant: sbi)","timestamp":"2026-06-13 14:11:01"}
{"level":"info","message":"Orchestrator: No domains found for tenant sbi (excluding those currently scanning).","timestamp":"2026-06-13 14:11:01"}
{"level":"info","message":"Orchestrator: Master DB connection closed.","timestamp":"2026-06-13 14:11:01"}
{"level":"info","message":"✅ Orchestrator: Finished. Total jobs enqueued: 0","timestamp":"2026-06-13 14:11:01"}
{"level":"info","message":"Job repeat:c10eea93bf68cc56fd5c63b351df3d32:1781340060000 (Orchestrator) completed successfully.","timestamp":"2026-06-13 14:11:01"}
{"level":"info","message":"[Job repeat:c10eea93bf68cc56fd5c63b351df3d32:1781340120000] 🚀 Executing scheduled global orchestration...","timestamp":"2026-06-13 14:12:00"}
{"level":"info","message":"Orchestrator: Starting global scan orchestration... ","timestamp":"2026-06-13 14:12:00"}
{"level":"info","message":"🔗 Connecting to MASTER database: master","timestamp":"2026-06-13 14:12:00"}
{"level":"info","message":"Orchestrator: Found 2 tenants to process.","timestamp":"2026-06-13 14:12:01"}
{"level":"info","message":"📁 Switching to CLIENT database: tenant_rbi (Tenant: rbi)","timestamp":"2026-06-13 14:12:01"}
{"level":"info","message":"Orchestrator: No domains found for tenant rbi (excluding those currently scanning).","timestamp":"2026-06-13 14:12:01"}
{"level":"info","message":"📁 Switching to CLIENT database: tenant_sbi (Tenant: sbi)","timestamp":"2026-06-13 14:12:01"}
{"level":"info","message":"Orchestrator: No domains found for tenant sbi (excluding those currently scanning).","timestamp":"2026-06-13 14:12:01"}
{"level":"info","message":"Orchestrator: Master DB connection closed.","timestamp":"2026-06-13 14:12:01"}
{"level":"info","message":"✅ Orchestrator: Finished. Total jobs enqueued: 0","timestamp":"2026-06-13 14:12:01"}
{"level":"info","message":"Job repeat:c10eea93bf68cc56fd5c63b351df3d32:1781340120000 (Orchestrator) completed successfully.","timestamp":"2026-06-13 14:12:01"}
{"level":"info","message":"[Job repeat:c10eea93bf68cc56fd5c63b351df3d32:1781340180000] 🚀 Executing scheduled global orchestration...","timestamp":"2026-06-13 14:13:00"}
{"level":"info","message":"Orchestrator: Starting global scan orchestration... ","timestamp":"2026-06-13 14:13:00"}
{"level":"info","message":"🔗 Connecting to MASTER database: master","timestamp":"2026-06-13 14:13:00"}
{"level":"info","message":"Orchestrator: Found 2 tenants to process.","timestamp":"2026-06-13 14:13:01"}
{"level":"info","message":"📁 Switching to CLIENT database: tenant_rbi (Tenant: rbi)","timestamp":"2026-06-13 14:13:01"}
{"level":"info","message":"Orchestrator: No domains found for tenant rbi (excluding those currently scanning).","timestamp":"2026-06-13 14:13:01"}
{"level":"info","message":"📁 Switching to CLIENT database: tenant_sbi (Tenant: sbi)","timestamp":"2026-06-13 14:13:01"}
{"level":"info","message":"Orchestrator: No domains found for tenant sbi (excluding those currently scanning).","timestamp":"2026-06-13 14:13:01"}
{"level":"info","message":"Orchestrator: Master DB connection closed.","timestamp":"2026-06-13 14:13:01"}
{"level":"info","message":"✅ Orchestrator: Finished. Total jobs enqueued: 0","timestamp":"2026-06-13 14:13:01"}
{"level":"info","message":"Job repeat:c10eea93bf68cc56fd5c63b351df3d32:1781340180000 (Orchestrator) completed successfully.","timestamp":"2026-06-13 14:13:01"}
{"level":"info","message":"[Job repeat:c10eea93bf68cc56fd5c63b351df3d32:1781340240000] 🚀 Executing scheduled global orchestration...","timestamp":"2026-06-13 14:14:00"}
{"level":"info","message":"Orchestrator: Starting global scan orchestration... ","timestamp":"2026-06-13 14:14:00"}
{"level":"info","message":"🔗 Connecting to MASTER database: master","timestamp":"2026-06-13 14:14:00"}
{"level":"info","message":"Orchestrator: Found 2 tenants to process.","timestamp":"2026-06-13 14:14:00"}
{"level":"info","message":"📁 Switching to CLIENT database: tenant_rbi (Tenant: rbi)","timestamp":"2026-06-13 14:14:00"}
{"level":"info","message":"Orchestrator: No domains found for tenant rbi (excluding those currently scanning).","timestamp":"2026-06-13 14:14:00"}
{"level":"info","message":"📁 Switching to CLIENT database: tenant_sbi (Tenant: sbi)","timestamp":"2026-06-13 14:14:00"}
{"level":"info","message":"Orchestrator: No domains found for tenant sbi (excluding those currently scanning).","timestamp":"2026-06-13 14:14:00"}
{"level":"info","message":"Orchestrator: Master DB connection closed.","timestamp":"2026-06-13 14:14:00"}
{"level":"info","message":"✅ Orchestrator: Finished. Total jobs enqueued: 0","timestamp":"2026-06-13 14:14:00"}
{"level":"info","message":"Job repeat:c10eea93bf68cc56fd5c63b351df3d32:1781340240000 (Orchestrator) completed successfully.","timestamp":"2026-06-13 14:14:00"}
{"level":"info","message":"[Job repeat:c10eea93bf68cc56fd5c63b351df3d32:1781340300000] 🚀 Executing scheduled global orchestration...","timestamp":"2026-06-13 14:15:00"}
{"level":"info","message":"Orchestrator: Starting global scan orchestration... ","timestamp":"2026-06-13 14:15:00"}
{"level":"info","message":"🔗 Connecting to MASTER database: master","timestamp":"2026-06-13 14:15:00"}
{"level":"info","message":"Orchestrator: Found 2 tenants to process.","timestamp":"2026-06-13 14:15:01"}
{"level":"info","message":"📁 Switching to CLIENT database: tenant_rbi (Tenant: rbi)","timestamp":"2026-06-13 14:15:01"}
{"level":"info","message":"Orchestrator: No domains found for tenant rbi (excluding those currently scanning).","timestamp":"2026-06-13 14:15:01"}
{"level":"info","message":"📁 Switching to CLIENT database: tenant_sbi (Tenant: sbi)","timestamp":"2026-06-13 14:15:01"}
{"level":"info","message":"Orchestrator: No domains found for tenant sbi (excluding those currently scanning).","timestamp":"2026-06-13 14:15:01"}
{"level":"info","message":"Orchestrator: Master DB connection closed.","timestamp":"2026-06-13 14:15:01"}
{"level":"info","message":"✅ Orchestrator: Finished. Total jobs enqueued: 0","timestamp":"2026-06-13 14:15:01"}
{"level":"info","message":"Job repeat:c10eea93bf68cc56fd5c63b351df3d32:1781340300000 (Orchestrator) completed successfully.","timestamp":"2026-06-13 14:15:01"}
{"level":"info","message":"[Job repeat:c10eea93bf68cc56fd5c63b351df3d32:1781340360000] 🚀 Executing scheduled global orchestration...","timestamp":"2026-06-13 14:16:00"}
{"level":"info","message":"Orchestrator: Starting global scan orchestration... ","timestamp":"2026-06-13 14:16:00"}
{"level":"info","message":"🔗 Connecting to MASTER database: master","timestamp":"2026-06-13 14:16:00"}
{"level":"info","message":"Orchestrator: Found 2 tenants to process.","timestamp":"2026-06-13 14:16:01"}
{"level":"info","message":"📁 Switching to CLIENT database: tenant_rbi (Tenant: rbi)","timestamp":"2026-06-13 14:16:01"}
{"level":"info","message":"Orchestrator: No domains found for tenant rbi (excluding those currently scanning).","timestamp":"2026-06-13 14:16:01"}
{"level":"info","message":"📁 Switching to CLIENT database: tenant_sbi (Tenant: sbi)","timestamp":"2026-06-13 14:16:01"}
{"level":"info","message":"Orchestrator: No domains found for tenant sbi (excluding those currently scanning).","timestamp":"2026-06-13 14:16:01"}
{"level":"info","message":"Orchestrator: Master DB connection closed.","timestamp":"2026-06-13 14:16:01"}
{"level":"info","message":"✅ Orchestrator: Finished. Total jobs enqueued: 0","timestamp":"2026-06-13 14:16:01"}
{"level":"info","message":"Job repeat:c10eea93bf68cc56fd5c63b351df3d32:1781340360000 (Orchestrator) completed successfully.","timestamp":"2026-06-13 14:16:01"}
{"level":"info","message":"[Job repeat:c10eea93bf68cc56fd5c63b351df3d32:1781340420000] 🚀 Executing scheduled global orchestration...","timestamp":"2026-06-13 14:17:00"}
{"level":"info","message":"Orchestrator: Starting global scan orchestration... ","timestamp":"2026-06-13 14:17:00"}
{"level":"info","message":"🔗 Connecting to MASTER database: master","timestamp":"2026-06-13 14:17:00"}
{"level":"info","message":"Orchestrator: Found 2 tenants to process.","timestamp":"2026-06-13 14:17:01"}
{"level":"info","message":"📁 Switching to CLIENT database: tenant_rbi (Tenant: rbi)","timestamp":"2026-06-13 14:17:01"}
{"level":"info","message":"Orchestrator: No domains found for tenant rbi (excluding those currently scanning).","timestamp":"2026-06-13 14:17:01"}
{"level":"info","message":"📁 Switching to CLIENT database: tenant_sbi (Tenant: sbi)","timestamp":"2026-06-13 14:17:01"}
{"level":"info","message":"Orchestrator: No domains found for tenant sbi (excluding those currently scanning).","timestamp":"2026-06-13 14:17:01"}
{"level":"info","message":"Orchestrator: Master DB connection closed.","timestamp":"2026-06-13 14:17:01"}
{"level":"info","message":"✅ Orchestrator: Finished. Total jobs enqueued: 0","timestamp":"2026-06-13 14:17:01"}
{"level":"info","message":"Job repeat:c10eea93bf68cc56fd5c63b351df3d32:1781340420000 (Orchestrator) completed successfully.","timestamp":"2026-06-13 14:17:01"}
{"level":"info","message":"[Job repeat:c10eea93bf68cc56fd5c63b351df3d32:1781340480000] 🚀 Executing scheduled global orchestration...","timestamp":"2026-06-13 14:18:00"}
{"level":"info","message":"Orchestrator: Starting global scan orchestration... ","timestamp":"2026-06-13 14:18:00"}
{"level":"info","message":"🔗 Connecting to MASTER database: master","timestamp":"2026-06-13 14:18:00"}
{"level":"info","message":"Orchestrator: Found 2 tenants to process.","timestamp":"2026-06-13 14:18:00"}
{"level":"info","message":"📁 Switching to CLIENT database: tenant_rbi (Tenant: rbi)","timestamp":"2026-06-13 14:18:00"}
{"level":"info","message":"Orchestrator: No domains found for tenant rbi (excluding those currently scanning).","timestamp":"2026-06-13 14:18:00"}
{"level":"info","message":"📁 Switching to CLIENT database: tenant_sbi (Tenant: sbi)","timestamp":"2026-06-13 14:18:00"}
{"level":"info","message":"Orchestrator: No domains found for tenant sbi (excluding those currently scanning).","timestamp":"2026-06-13 14:18:00"}
{"level":"info","message":"Orchestrator: Master DB connection closed.","timestamp":"2026-06-13 14:18:00"}
{"level":"info","message":"✅ Orchestrator: Finished. Total jobs enqueued: 0","timestamp":"2026-06-13 14:18:00"}
{"level":"info","message":"Job repeat:c10eea93bf68cc56fd5c63b351df3d32:1781340480000 (Orchestrator) completed successfully.","timestamp":"2026-06-13 14:18:00"}
{"level":"info","message":"BullBoard dashboard available at http://localhost:4100/admin/queues","timestamp":"2026-06-13 14:18:09"}
{"level":"info","message":"SEO Scan Worker initialized.","timestamp":"2026-06-13 14:18:09"}
{"level":"info","message":"🧹 Queue \"seo-scan-queue\" cleared recursively.","timestamp":"2026-06-13 14:18:09"}
{"level":"info","message":"⏰ Scheduled global orchestration every 1 minutes.","timestamp":"2026-06-13 14:18:09"}
{"level":"info","message":"SEO Scanner Service running on port 4100","timestamp":"2026-06-13 14:18:09"}
{"level":"info","message":"🚀 SCAN_ON_STARTUP is enabled. Triggering global orchestration...","timestamp":"2026-06-13 14:18:09"}
{"level":"info","message":"Orchestrator: Starting global scan orchestration... [STARTUP MODE]","timestamp":"2026-06-13 14:18:09"}
{"level":"info","message":"🔗 Connecting to MASTER database: master","timestamp":"2026-06-13 14:18:09"}
{"level":"info","message":"Orchestrator: Found 2 tenants to process.","timestamp":"2026-06-13 14:18:10"}
{"level":"info","message":"📁 Switching to CLIENT database: tenant_rbi (Tenant: rbi)","timestamp":"2026-06-13 14:18:10"}
{"level":"info","message":"✅ Successfully connected to database: tenant_rbi","timestamp":"2026-06-13 14:18:10"}
{"level":"info","message":"Orchestrator: No domains found for tenant rbi (excluding those currently scanning).","timestamp":"2026-06-13 14:18:10"}
{"level":"info","message":"📁 Switching to CLIENT database: tenant_sbi (Tenant: sbi)","timestamp":"2026-06-13 14:18:10"}
{"level":"info","message":"✅ Successfully connected to database: tenant_sbi","timestamp":"2026-06-13 14:18:11"}
{"level":"info","message":"Orchestrator: No domains found for tenant sbi (excluding those currently scanning).","timestamp":"2026-06-13 14:18:11"}
{"level":"info","message":"Orchestrator: Master DB connection closed.","timestamp":"2026-06-13 14:18:11"}
{"level":"info","message":"✅ Orchestrator: Finished. Total jobs enqueued: 0","timestamp":"2026-06-13 14:18:11"}
{"level":"info","message":"✅ Initial global scan orchestration completed.","timestamp":"2026-06-13 14:18:11"}
{"level":"info","message":"BullBoard dashboard available at http://localhost:4100/admin/queues","timestamp":"2026-06-13 14:18:32"}
{"level":"info","message":"SEO Scan Worker initialized.","timestamp":"2026-06-13 14:18:32"}
{"level":"info","message":"🧹 Queue \"seo-scan-queue\" cleared recursively.","timestamp":"2026-06-13 14:18:32"}
{"level":"info","message":"⏰ Scheduled global orchestration every 1 minutes.","timestamp":"2026-06-13 14:18:32"}
{"level":"info","message":"SEO Scanner Service running on port 4100","timestamp":"2026-06-13 14:18:32"}
{"level":"info","message":"🚀 SCAN_ON_STARTUP is enabled. Triggering global orchestration...","timestamp":"2026-06-13 14:18:32"}
{"level":"info","message":"Orchestrator: Starting global scan orchestration... [STARTUP MODE]","timestamp":"2026-06-13 14:18:32"}
{"level":"info","message":"🔗 Connecting to MASTER database: master","timestamp":"2026-06-13 14:18:32"}
{"level":"info","message":"Orchestrator: Found 2 tenants to process.","timestamp":"2026-06-13 14:18:32"}
{"level":"info","message":"📁 Switching to CLIENT database: tenant_rbi (Tenant: rbi)","timestamp":"2026-06-13 14:18:32"}
{"level":"info","message":"✅ Successfully connected to database: tenant_rbi","timestamp":"2026-06-13 14:18:33"}
{"level":"info","message":"Orchestrator: No domains found for tenant rbi (excluding those currently scanning).","timestamp":"2026-06-13 14:18:33"}
{"level":"info","message":"📁 Switching to CLIENT database: tenant_sbi (Tenant: sbi)","timestamp":"2026-06-13 14:18:33"}
{"level":"info","message":"✅ Successfully connected to database: tenant_sbi","timestamp":"2026-06-13 14:18:33"}
{"level":"info","message":"Orchestrator: No domains found for tenant sbi (excluding those currently scanning).","timestamp":"2026-06-13 14:18:34"}
{"level":"info","message":"Orchestrator: Master DB connection closed.","timestamp":"2026-06-13 14:18:34"}
{"level":"info","message":"✅ Orchestrator: Finished. Total jobs enqueued: 0","timestamp":"2026-06-13 14:18:34"}
{"level":"info","message":"✅ Initial global scan orchestration completed.","timestamp":"2026-06-13 14:18:34"}
{"level":"info","message":"BullBoard dashboard available at http://localhost:4100/admin/queues","timestamp":"2026-06-13 14:18:55"}
{"level":"info","message":"SEO Scan Worker initialized.","timestamp":"2026-06-13 14:18:56"}
{"level":"info","message":"🧹 Queue \"seo-scan-queue\" cleared recursively.","timestamp":"2026-06-13 14:18:56"}
{"level":"info","message":"⏰ Scheduled global orchestration every 1 minutes.","timestamp":"2026-06-13 14:18:56"}
{"level":"info","message":"SEO Scanner Service running on port 4100","timestamp":"2026-06-13 14:18:56"}
{"level":"info","message":"🚀 SCAN_ON_STARTUP is enabled. Triggering global orchestration...","timestamp":"2026-06-13 14:18:56"}
{"level":"info","message":"Orchestrator: Starting global scan orchestration... [STARTUP MODE]","timestamp":"2026-06-13 14:18:56"}
{"level":"info","message":"🔗 Connecting to MASTER database: master","timestamp":"2026-06-13 14:18:56"}
{"level":"info","message":"Orchestrator: Found 2 tenants to process.","timestamp":"2026-06-13 14:18:56"}
{"level":"info","message":"📁 Switching to CLIENT database: tenant_rbi (Tenant: rbi)","timestamp":"2026-06-13 14:18:56"}
{"level":"info","message":"✅ Successfully connected to database: tenant_rbi","timestamp":"2026-06-13 14:18:57"}
{"level":"info","message":"Orchestrator: No domains found for tenant rbi (excluding those currently scanning).","timestamp":"2026-06-13 14:18:57"}
{"level":"info","message":"📁 Switching to CLIENT database: tenant_sbi (Tenant: sbi)","timestamp":"2026-06-13 14:18:57"}
{"level":"info","message":"✅ Successfully connected to database: tenant_sbi","timestamp":"2026-06-13 14:18:57"}
{"level":"info","message":"Orchestrator: No domains found for tenant sbi (excluding those currently scanning).","timestamp":"2026-06-13 14:18:58"}
{"level":"info","message":"Orchestrator: Master DB connection closed.","timestamp":"2026-06-13 14:18:58"}
{"level":"info","message":"✅ Orchestrator: Finished. Total jobs enqueued: 0","timestamp":"2026-06-13 14:18:58"}
{"level":"info","message":"✅ Initial global scan orchestration completed.","timestamp":"2026-06-13 14:18:58"}
{"level":"info","message":"[Job repeat:c10eea93bf68cc56fd5c63b351df3d32:1781340540000] 🚀 Executing scheduled global orchestration...","timestamp":"2026-06-13 14:19:00"}
{"level":"info","message":"Orchestrator: Starting global scan orchestration... ","timestamp":"2026-06-13 14:19:00"}
{"level":"info","message":"🔗 Connecting to MASTER database: master","timestamp":"2026-06-13 14:19:00"}
{"level":"info","message":"Orchestrator: Found 2 tenants to process.","timestamp":"2026-06-13 14:19:00"}
{"level":"info","message":"📁 Switching to CLIENT database: tenant_rbi (Tenant: rbi)","timestamp":"2026-06-13 14:19:00"}
{"level":"info","message":"Orchestrator: No domains found for tenant rbi (excluding those currently scanning).","timestamp":"2026-06-13 14:19:00"}
{"level":"info","message":"📁 Switching to CLIENT database: tenant_sbi (Tenant: sbi)","timestamp":"2026-06-13 14:19:00"}
{"level":"info","message":"Orchestrator: No domains found for tenant sbi (excluding those currently scanning).","timestamp":"2026-06-13 14:19:00"}
{"level":"info","message":"Orchestrator: Master DB connection closed.","timestamp":"2026-06-13 14:19:00"}
{"level":"info","message":"✅ Orchestrator: Finished. Total jobs enqueued: 0","timestamp":"2026-06-13 14:19:00"}
{"level":"info","message":"Job repeat:c10eea93bf68cc56fd5c63b351df3d32:1781340540000 (Orchestrator) completed successfully.","timestamp":"2026-06-13 14:19:00"}
{"level":"info","message":"BullBoard dashboard available at http://localhost:4100/admin/queues","timestamp":"2026-06-13 14:19:13"}
{"level":"info","message":"SEO Scan Worker initialized.","timestamp":"2026-06-13 14:19:13"}
{"level":"info","message":"🧹 Queue \"seo-scan-queue\" cleared recursively.","timestamp":"2026-06-13 14:19:13"}
{"level":"info","message":"⏰ Scheduled global orchestration every 1 minutes.","timestamp":"2026-06-13 14:19:13"}
{"level":"info","message":"SEO Scanner Service running on port 4100","timestamp":"2026-06-13 14:19:13"}
{"level":"info","message":"🚀 SCAN_ON_STARTUP is enabled. Triggering global orchestration...","timestamp":"2026-06-13 14:19:13"}
{"level":"info","message":"Orchestrator: Starting global scan orchestration... [STARTUP MODE]","timestamp":"2026-06-13 14:19:13"}
{"level":"info","message":"🔗 Connecting to MASTER database: master","timestamp":"2026-06-13 14:19:13"}
{"level":"info","message":"Orchestrator: Found 2 tenants to process.","timestamp":"2026-06-13 14:19:14"}
{"level":"info","message":"📁 Switching to CLIENT database: tenant_rbi (Tenant: rbi)","timestamp":"2026-06-13 14:19:14"}
{"level":"info","message":"✅ Successfully connected to database: tenant_rbi","timestamp":"2026-06-13 14:19:15"}
{"level":"info","message":"Orchestrator: No domains found for tenant rbi (excluding those currently scanning).","timestamp":"2026-06-13 14:19:15"}
{"level":"info","message":"📁 Switching to CLIENT database: tenant_sbi (Tenant: sbi)","timestamp":"2026-06-13 14:19:15"}
{"level":"info","message":"✅ Successfully connected to database: tenant_sbi","timestamp":"2026-06-13 14:19:15"}
{"level":"info","message":"Orchestrator: No domains found for tenant sbi (excluding those currently scanning).","timestamp":"2026-06-13 14:19:16"}
{"level":"info","message":"Orchestrator: Master DB connection closed.","timestamp":"2026-06-13 14:19:16"}
{"level":"info","message":"✅ Orchestrator: Finished. Total jobs enqueued: 0","timestamp":"2026-06-13 14:19:16"}
{"level":"info","message":"✅ Initial global scan orchestration completed.","timestamp":"2026-06-13 14:19:16"}
{"level":"info","message":"[Job repeat:c10eea93bf68cc56fd5c63b351df3d32:1781340600000] 🚀 Executing scheduled global orchestration...","timestamp":"2026-06-13 14:20:00"}
{"level":"info","message":"Orchestrator: Starting global scan orchestration... ","timestamp":"2026-06-13 14:20:00"}
{"level":"info","message":"🔗 Connecting to MASTER database: master","timestamp":"2026-06-13 14:20:00"}
{"level":"info","message":"Orchestrator: Found 2 tenants to process.","timestamp":"2026-06-13 14:20:00"}
{"level":"info","message":"📁 Switching to CLIENT database: tenant_rbi (Tenant: rbi)","timestamp":"2026-06-13 14:20:00"}
{"level":"info","message":"Orchestrator: No domains found for tenant rbi (excluding those currently scanning).","timestamp":"2026-06-13 14:20:00"}
{"level":"info","message":"📁 Switching to CLIENT database: tenant_sbi (Tenant: sbi)","timestamp":"2026-06-13 14:20:00"}
{"level":"info","message":"Orchestrator: No domains found for tenant sbi (excluding those currently scanning).","timestamp":"2026-06-13 14:20:00"}
{"level":"info","message":"Orchestrator: Master DB connection closed.","timestamp":"2026-06-13 14:20:00"}
{"level":"info","message":"✅ Orchestrator: Finished. Total jobs enqueued: 0","timestamp":"2026-06-13 14:20:00"}
{"level":"info","message":"Job repeat:c10eea93bf68cc56fd5c63b351df3d32:1781340600000 (Orchestrator) completed successfully.","timestamp":"2026-06-13 14:20:00"}
{"level":"info","message":"[Job repeat:c10eea93bf68cc56fd5c63b351df3d32:1781340660000] 🚀 Executing scheduled global orchestration...","timestamp":"2026-06-13 14:21:00"}
{"level":"info","message":"Orchestrator: Starting global scan orchestration... ","timestamp":"2026-06-13 14:21:00"}
{"level":"info","message":"🔗 Connecting to MASTER database: master","timestamp":"2026-06-13 14:21:00"}
{"level":"info","message":"Orchestrator: Found 2 tenants to process.","timestamp":"2026-06-13 14:21:01"}
{"level":"info","message":"📁 Switching to CLIENT database: tenant_rbi (Tenant: rbi)","timestamp":"2026-06-13 14:21:01"}
{"level":"info","message":"Orchestrator: No domains found for tenant rbi (excluding those currently scanning).","timestamp":"2026-06-13 14:21:01"}
{"level":"info","message":"📁 Switching to CLIENT database: tenant_sbi (Tenant: sbi)","timestamp":"2026-06-13 14:21:01"}
{"level":"info","message":"Orchestrator: No domains found for tenant sbi (excluding those currently scanning).","timestamp":"2026-06-13 14:21:01"}
{"level":"info","message":"Orchestrator: Master DB connection closed.","timestamp":"2026-06-13 14:21:01"}
{"level":"info","message":"✅ Orchestrator: Finished. Total jobs enqueued: 0","timestamp":"2026-06-13 14:21:01"}
{"level":"info","message":"Job repeat:c10eea93bf68cc56fd5c63b351df3d32:1781340660000 (Orchestrator) completed successfully.","timestamp":"2026-06-13 14:21:01"}
{"level":"info","message":"[Job repeat:c10eea93bf68cc56fd5c63b351df3d32:1781340720000] 🚀 Executing scheduled global orchestration...","timestamp":"2026-06-13 14:22:00"}
{"level":"info","message":"Orchestrator: Starting global scan orchestration... ","timestamp":"2026-06-13 14:22:00"}
{"level":"info","message":"🔗 Connecting to MASTER database: master","timestamp":"2026-06-13 14:22:00"}
{"level":"info","message":"Orchestrator: Found 2 tenants to process.","timestamp":"2026-06-13 14:22:01"}
{"level":"info","message":"📁 Switching to CLIENT database: tenant_rbi (Tenant: rbi)","timestamp":"2026-06-13 14:22:01"}
{"level":"info","message":"Orchestrator: No domains found for tenant rbi (excluding those currently scanning).","timestamp":"2026-06-13 14:22:01"}
{"level":"info","message":"📁 Switching to CLIENT database: tenant_sbi (Tenant: sbi)","timestamp":"2026-06-13 14:22:01"}
{"level":"info","message":"Orchestrator: No domains found for tenant sbi (excluding those currently scanning).","timestamp":"2026-06-13 14:22:01"}
{"level":"info","message":"Orchestrator: Master DB connection closed.","timestamp":"2026-06-13 14:22:01"}
{"level":"info","message":"✅ Orchestrator: Finished. Total jobs enqueued: 0","timestamp":"2026-06-13 14:22:01"}
{"level":"info","message":"Job repeat:c10eea93bf68cc56fd5c63b351df3d32:1781340720000 (Orchestrator) completed successfully.","timestamp":"2026-06-13 14:22:01"}
{"level":"info","message":"[Job repeat:c10eea93bf68cc56fd5c63b351df3d32:1781340780000] 🚀 Executing scheduled global orchestration...","timestamp":"2026-06-13 14:23:00"}
{"level":"info","message":"Orchestrator: Starting global scan orchestration... ","timestamp":"2026-06-13 14:23:00"}
{"level":"info","message":"🔗 Connecting to MASTER database: master","timestamp":"2026-06-13 14:23:00"}
{"level":"info","message":"Orchestrator: Found 2 tenants to process.","timestamp":"2026-06-13 14:23:01"}
{"level":"info","message":"📁 Switching to CLIENT database: tenant_rbi (Tenant: rbi)","timestamp":"2026-06-13 14:23:01"}
{"level":"info","message":"Orchestrator: No domains found for tenant rbi (excluding those currently scanning).","timestamp":"2026-06-13 14:23:01"}
{"level":"info","message":"📁 Switching to CLIENT database: tenant_sbi (Tenant: sbi)","timestamp":"2026-06-13 14:23:01"}
{"level":"info","message":"Orchestrator: No domains found for tenant sbi (excluding those currently scanning).","timestamp":"2026-06-13 14:23:01"}
{"level":"info","message":"Orchestrator: Master DB connection closed.","timestamp":"2026-06-13 14:23:01"}
{"level":"info","message":"✅ Orchestrator: Finished. Total jobs enqueued: 0","timestamp":"2026-06-13 14:23:01"}
{"level":"info","message":"Job repeat:c10eea93bf68cc56fd5c63b351df3d32:1781340780000 (Orchestrator) completed successfully.","timestamp":"2026-06-13 14:23:01"}
{"level":"info","message":"[Job repeat:c10eea93bf68cc56fd5c63b351df3d32:1781340840000] 🚀 Executing scheduled global orchestration...","timestamp":"2026-06-13 14:24:00"}
{"level":"info","message":"Orchestrator: Starting global scan orchestration... ","timestamp":"2026-06-13 14:24:00"}
{"level":"info","message":"🔗 Connecting to MASTER database: master","timestamp":"2026-06-13 14:24:00"}
{"level":"info","message":"Orchestrator: Found 2 tenants to process.","timestamp":"2026-06-13 14:24:01"}
{"level":"info","message":"📁 Switching to CLIENT database: tenant_rbi (Tenant: rbi)","timestamp":"2026-06-13 14:24:01"}
{"level":"info","message":"Orchestrator: No domains found for tenant rbi (excluding those currently scanning).","timestamp":"2026-06-13 14:24:01"}
{"level":"info","message":"📁 Switching to CLIENT database: tenant_sbi (Tenant: sbi)","timestamp":"2026-06-13 14:24:01"}
{"level":"info","message":"Orchestrator: No domains found for tenant sbi (excluding those currently scanning).","timestamp":"2026-06-13 14:24:01"}
{"level":"info","message":"Orchestrator: Master DB connection closed.","timestamp":"2026-06-13 14:24:01"}
{"level":"info","message":"✅ Orchestrator: Finished. Total jobs enqueued: 0","timestamp":"2026-06-13 14:24:01"}
{"level":"info","message":"Job repeat:c10eea93bf68cc56fd5c63b351df3d32:1781340840000 (Orchestrator) completed successfully.","timestamp":"2026-06-13 14:24:01"}
{"level":"info","message":"BullBoard dashboard available at http://localhost:4100/admin/queues","timestamp":"2026-06-13 14:24:52"}
{"level":"info","message":"SEO Scan Worker initialized.","timestamp":"2026-06-13 14:24:52"}
{"level":"info","message":"🧹 Queue \"seo-scan-queue\" cleared recursively.","timestamp":"2026-06-13 14:24:52"}
{"level":"info","message":"⏰ Scheduled global orchestration every 1 minutes.","timestamp":"2026-06-13 14:24:52"}
{"level":"info","message":"SEO Scanner Service running on port 4100","timestamp":"2026-06-13 14:24:52"}
{"level":"info","message":"🚀 SCAN_ON_STARTUP is enabled. Triggering global orchestration...","timestamp":"2026-06-13 14:24:52"}
{"level":"info","message":"Orchestrator: Starting global scan orchestration... [STARTUP MODE]","timestamp":"2026-06-13 14:24:52"}
{"level":"info","message":"🔗 Connecting to MASTER database: master","timestamp":"2026-06-13 14:24:52"}
{"level":"info","message":"Orchestrator: Found 2 tenants to process.","timestamp":"2026-06-13 14:24:53"}
{"level":"info","message":"📁 Switching to CLIENT database: tenant_rbi (Tenant: rbi)","timestamp":"2026-06-13 14:24:53"}
{"level":"info","message":"✅ Successfully connected to database: tenant_rbi","timestamp":"2026-06-13 14:24:53"}
{"level":"info","message":"Orchestrator: No domains found for tenant rbi (excluding those currently scanning).","timestamp":"2026-06-13 14:24:53"}
{"level":"info","message":"📁 Switching to CLIENT database: tenant_sbi (Tenant: sbi)","timestamp":"2026-06-13 14:24:53"}
{"level":"info","message":"✅ Successfully connected to database: tenant_sbi","timestamp":"2026-06-13 14:24:54"}
{"level":"info","message":"Orchestrator: No domains found for tenant sbi (excluding those currently scanning).","timestamp":"2026-06-13 14:24:54"}
{"level":"info","message":"Orchestrator: Master DB connection closed.","timestamp":"2026-06-13 14:24:54"}
{"level":"info","message":"✅ Orchestrator: Finished. Total jobs enqueued: 0","timestamp":"2026-06-13 14:24:54"}
{"level":"info","message":"✅ Initial global scan orchestration completed.","timestamp":"2026-06-13 14:24:54"}
{"level":"info","message":"[Job repeat:c10eea93bf68cc56fd5c63b351df3d32:1781340900000] 🚀 Executing scheduled global orchestration...","timestamp":"2026-06-13 14:25:00"}
{"level":"info","message":"Orchestrator: Starting global scan orchestration... ","timestamp":"2026-06-13 14:25:00"}
{"level":"info","message":"🔗 Connecting to MASTER database: master","timestamp":"2026-06-13 14:25:00"}
{"level":"info","message":"Orchestrator: Found 2 tenants to process.","timestamp":"2026-06-13 14:25:00"}
{"level":"info","message":"📁 Switching to CLIENT database: tenant_rbi (Tenant: rbi)","timestamp":"2026-06-13 14:25:00"}
{"level":"info","message":"Orchestrator: No domains found for tenant rbi (excluding those currently scanning).","timestamp":"2026-06-13 14:25:01"}
{"level":"info","message":"📁 Switching to CLIENT database: tenant_sbi (Tenant: sbi)","timestamp":"2026-06-13 14:25:01"}
{"level":"info","message":"Orchestrator: No domains found for tenant sbi (excluding those currently scanning).","timestamp":"2026-06-13 14:25:01"}
{"level":"info","message":"Orchestrator: Master DB connection closed.","timestamp":"2026-06-13 14:25:01"}
{"level":"info","message":"✅ Orchestrator: Finished. Total jobs enqueued: 0","timestamp":"2026-06-13 14:25:01"}
{"level":"info","message":"Job repeat:c10eea93bf68cc56fd5c63b351df3d32:1781340900000 (Orchestrator) completed successfully.","timestamp":"2026-06-13 14:25:01"}
{"level":"info","message":"[Job 3] 🔎 Starting QA scan for: https://omunim.com/","timestamp":"2026-06-13 14:25:37"}
{"level":"info","message":"[https://omunim.com/] Starting standalone QA crawl (job qa-3-1781340937260)...","timestamp":"2026-06-13 14:25:37"}
{"level":"info","message":"🔍 [Crawl] Queue: 0 | Visited: 1 | Scanning: https://omunim.com/","timestamp":"2026-06-13 14:25:38"}
{"level":"info","message":"🔍 [Domain: omunim.com] [Page 1/4] Scanning: https://omunim.com/","timestamp":"2026-06-13 14:25:38"}
{"level":"info","message":"🔍 [Scraper] HTML length: 77167 | Body length: 20046 | Total <a> tags: 65","timestamp":"2026-06-13 14:25:57"}
{"level":"info","message":"🔗 [Link Extraction] Page: https://omunim.com/ | hostNorm: omunim.com | Found 65 total links (21 internal)","timestamp":"2026-06-13 14:25:57"}
{"level":"info","message":"✅ [Late Detection] Found T&C at https://omunim.com/terms","timestamp":"2026-06-13 14:25:58"}
{"level":"info","message":"[Job repeat:c10eea93bf68cc56fd5c63b351df3d32:1781340960000] 🚀 Executing scheduled global orchestration...","timestamp":"2026-06-13 14:26:00"}
{"level":"info","message":"Orchestrator: Starting global scan orchestration... ","timestamp":"2026-06-13 14:26:00"}
{"level":"info","message":"🔗 Connecting to MASTER database: master","timestamp":"2026-06-13 14:26:00"}
{"level":"info","message":"Orchestrator: Found 2 tenants to process.","timestamp":"2026-06-13 14:26:01"}
{"level":"info","message":"📁 Switching to CLIENT database: tenant_rbi (Tenant: rbi)","timestamp":"2026-06-13 14:26:01"}
{"level":"info","message":"Orchestrator: No domains found for tenant rbi (excluding those currently scanning).","timestamp":"2026-06-13 14:26:01"}
{"level":"info","message":"📁 Switching to CLIENT database: tenant_sbi (Tenant: sbi)","timestamp":"2026-06-13 14:26:01"}
{"level":"info","message":"Orchestrator: No domains found for tenant sbi (excluding those currently scanning).","timestamp":"2026-06-13 14:26:01"}
{"level":"info","message":"Orchestrator: Master DB connection closed.","timestamp":"2026-06-13 14:26:01"}
{"level":"info","message":"✅ Orchestrator: Finished. Total jobs enqueued: 0","timestamp":"2026-06-13 14:26:01"}
{"level":"info","message":"Job repeat:c10eea93bf68cc56fd5c63b351df3d32:1781340960000 (Orchestrator) completed successfully.","timestamp":"2026-06-13 14:26:01"}
{"level":"info","message":"🚀 [PageSpeed API] Fetching metrics for https://omunim.com/...","timestamp":"2026-06-13 14:26:07"}
{"level":"info","message":"✅ [PageSpeed API] Score for https://omunim.com/: 68","timestamp":"2026-06-13 14:26:30"}
{"level":"info","message":"📊 [Lighthouse] Results for https://omunim.com/: Performance: 68, SEO: 92, Accessibility: 78","timestamp":"2026-06-13 14:26:30"}
{"level":"info","message":"🔍 [Domain: omunim.com] [Page 1/4] Found 21 internal links on https://omunim.com/","timestamp":"2026-06-13 14:26:31"}
{"level":"info","message":"➕ [Queue] Adding: https://omunim.com/jewellery-software (targetHost: omunim.com, hostNorm: omunim.com)","timestamp":"2026-06-13 14:26:31"}
{"level":"info","message":"➕ [Queue] Adding: https://omunim.com/signin (targetHost: omunim.com, hostNorm: omunim.com)","timestamp":"2026-06-13 14:26:31"}
{"level":"info","message":"➕ [Queue] Adding: https://omunim.com/jewellery-billing-software (targetHost: omunim.com, hostNorm: omunim.com)","timestamp":"2026-06-13 14:26:31"}
{"level":"info","message":"➕ [Queue] Adding: https://omunim.com/gold-loan-software (targetHost: omunim.com, hostNorm: omunim.com)","timestamp":"2026-06-13 14:26:31"}
{"level":"info","message":"➕ [Queue] Adding: https://omunim.com/jewellery-mobile-app (targetHost: omunim.com, hostNorm: omunim.com)","timestamp":"2026-06-13 14:26:31"}
{"level":"info","message":"➕ [Queue] Adding: https://omunim.com/ecommerce (targetHost: omunim.com, hostNorm: omunim.com)","timestamp":"2026-06-13 14:26:31"}
{"level":"info","message":"➕ [Queue] Adding: https://omunim.com/jewellery-videos (targetHost: omunim.com, hostNorm: omunim.com)","timestamp":"2026-06-13 14:26:31"}
{"level":"info","message":"➕ [Queue] Adding: https://omunim.com/all-features (targetHost: omunim.com, hostNorm: omunim.com)","timestamp":"2026-06-13 14:26:31"}
{"level":"info","message":"➕ [Queue] Adding: https://omunim.com/jewellery-billing-software-free (targetHost: omunim.com, hostNorm: omunim.com)","timestamp":"2026-06-13 14:26:31"}
{"level":"info","message":"➕ [Queue] Adding: https://omunim.com/best-jewellery-software (targetHost: omunim.com, hostNorm: omunim.com)","timestamp":"2026-06-13 14:26:31"}
{"level":"info","message":"➕ [Queue] Adding: https://omunim.com/top-10-jewellery-software (targetHost: omunim.com, hostNorm: omunim.com)","timestamp":"2026-06-13 14:26:31"}
{"level":"info","message":"➕ [Queue] Adding: https://omunim.com/downloads (targetHost: omunim.com, hostNorm: omunim.com)","timestamp":"2026-06-13 14:26:31"}
{"level":"info","message":"➕ [Queue] Adding: https://omunim.com/aboutus (targetHost: omunim.com, hostNorm: omunim.com)","timestamp":"2026-06-13 14:26:31"}
{"level":"info","message":"➕ [Queue] Adding: https://omunim.com/contactus (targetHost: omunim.com, hostNorm: omunim.com)","timestamp":"2026-06-13 14:26:31"}
{"level":"info","message":"➕ [Queue] Adding: https://omunim.com/career (targetHost: omunim.com, hostNorm: omunim.com)","timestamp":"2026-06-13 14:26:31"}
{"level":"info","message":"➕ [Queue] Adding: https://omunim.com/faq (targetHost: omunim.com, hostNorm: omunim.com)","timestamp":"2026-06-13 14:26:31"}
{"level":"info","message":"➕ [Queue] Adding: https://omunim.com/feedback (targetHost: omunim.com, hostNorm: omunim.com)","timestamp":"2026-06-13 14:26:31"}
{"level":"info","message":"➕ [Queue] Adding: https://omunim.com/terms (targetHost: omunim.com, hostNorm: omunim.com)","timestamp":"2026-06-13 14:26:31"}
{"level":"info","message":"➕ [Queue] Adding: https://omunim.com/privacypolicy (targetHost: omunim.com, hostNorm: omunim.com)","timestamp":"2026-06-13 14:26:31"}
{"level":"info","message":"➕ [Queue] Adding: https://omunim.com/site-map (targetHost: omunim.com, hostNorm: omunim.com)","timestamp":"2026-06-13 14:26:31"}
{"level":"info","message":"🔍 [Crawl] Queue: 19 | Visited: 2 | Scanning: https://omunim.com/jewellery-software","timestamp":"2026-06-13 14:26:31"}
{"level":"info","message":"🔍 [Domain: omunim.com] [Page 2/4] Scanning: https://omunim.com/jewellery-software","timestamp":"2026-06-13 14:26:31"}
{"level":"info","message":"🔍 [Scraper] HTML length: 77185 | Body length: 20046 | Total <a> tags: 65","timestamp":"2026-06-13 14:26:34"}
{"level":"info","message":"🔗 [Link Extraction] Page: https://omunim.com/jewellery-software | hostNorm: omunim.com | Found 65 total links (21 internal)","timestamp":"2026-06-13 14:26:34"}
{"level":"info","message":"🚀 [PageSpeed API] Fetching metrics for https://omunim.com/jewellery-software...","timestamp":"2026-06-13 14:26:45"}
{"level":"info","message":"[Job repeat:c10eea93bf68cc56fd5c63b351df3d32:1781341020000] 🚀 Executing scheduled global orchestration...","timestamp":"2026-06-13 14:27:00"}
{"level":"info","message":"Orchestrator: Starting global scan orchestration... ","timestamp":"2026-06-13 14:27:00"}
{"level":"info","message":"🔗 Connecting to MASTER database: master","timestamp":"2026-06-13 14:27:00"}
{"level":"info","message":"Orchestrator: Found 2 tenants to process.","timestamp":"2026-06-13 14:27:00"}
{"level":"info","message":"📁 Switching to CLIENT database: tenant_rbi (Tenant: rbi)","timestamp":"2026-06-13 14:27:00"}
{"level":"info","message":"Orchestrator: No domains found for tenant rbi (excluding those currently scanning).","timestamp":"2026-06-13 14:27:00"}
{"level":"info","message":"📁 Switching to CLIENT database: tenant_sbi (Tenant: sbi)","timestamp":"2026-06-13 14:27:00"}
{"level":"info","message":"Orchestrator: No domains found for tenant sbi (excluding those currently scanning).","timestamp":"2026-06-13 14:27:00"}
{"level":"info","message":"Orchestrator: Master DB connection closed.","timestamp":"2026-06-13 14:27:00"}
{"level":"info","message":"✅ Orchestrator: Finished. Total jobs enqueued: 0","timestamp":"2026-06-13 14:27:00"}
{"level":"info","message":"Job repeat:c10eea93bf68cc56fd5c63b351df3d32:1781341020000 (Orchestrator) completed successfully.","timestamp":"2026-06-13 14:27:00"}
{"level":"info","message":"✅ [PageSpeed API] Score for https://omunim.com/jewellery-software: 62","timestamp":"2026-06-13 14:27:07"}
{"level":"info","message":"📊 [Lighthouse] Results for https://omunim.com/jewellery-software: Performance: 62, SEO: 92, Accessibility: 78","timestamp":"2026-06-13 14:27:07"}
{"level":"info","message":"🔍 [Domain: omunim.com] [Page 2/4] Found 21 internal links on https://omunim.com/jewellery-software","timestamp":"2026-06-13 14:27:07"}
{"level":"info","message":"🔍 [Crawl] Queue: 18 | Visited: 3 | Scanning: https://omunim.com/signin","timestamp":"2026-06-13 14:27:07"}
{"level":"info","message":"🔍 [Domain: omunim.com] [Page 3/4] Scanning: https://omunim.com/signin","timestamp":"2026-06-13 14:27:07"}
{"level":"info","message":"🔍 [Scraper] HTML length: 58428 | Body length: 7856 | Total <a> tags: 44","timestamp":"2026-06-13 14:27:26"}
{"level":"info","message":"🔗 [Link Extraction] Page: https://omunim.com/signin | hostNorm: omunim.com | Found 44 total links (18 internal)","timestamp":"2026-06-13 14:27:26"}
{"level":"info","message":"🚀 [PageSpeed API] Fetching metrics for https://omunim.com/signin...","timestamp":"2026-06-13 14:27:33"}
{"level":"info","message":"✅ [PageSpeed API] Score for https://omunim.com/signin: 70","timestamp":"2026-06-13 14:27:51"}
{"level":"info","message":"📊 [Lighthouse] Results for https://omunim.com/signin: Performance: 70, SEO: 92, Accessibility: 87","timestamp":"2026-06-13 14:27:51"}
{"level":"info","message":"🔍 [Domain: omunim.com] [Page 3/4] Found 18 internal links on https://omunim.com/signin","timestamp":"2026-06-13 14:27:51"}
{"level":"info","message":"🔍 [Crawl] Queue: 17 | Visited: 4 | Scanning: https://omunim.com/jewellery-billing-software","timestamp":"2026-06-13 14:27:51"}
{"level":"info","message":"🔍 [Domain: omunim.com] [Page 4/4] Scanning: https://omunim.com/jewellery-billing-software","timestamp":"2026-06-13 14:27:51"}
{"level":"info","message":"[Job repeat:c10eea93bf68cc56fd5c63b351df3d32:1781341080000] 🚀 Executing scheduled global orchestration...","timestamp":"2026-06-13 14:28:00"}
{"level":"info","message":"Orchestrator: Starting global scan orchestration... ","timestamp":"2026-06-13 14:28:00"}
{"level":"info","message":"🔗 Connecting to MASTER database: master","timestamp":"2026-06-13 14:28:00"}
{"level":"info","message":"Orchestrator: Found 2 tenants to process.","timestamp":"2026-06-13 14:28:01"}
{"level":"info","message":"📁 Switching to CLIENT database: tenant_rbi (Tenant: rbi)","timestamp":"2026-06-13 14:28:01"}
{"level":"info","message":"Orchestrator: No domains found for tenant rbi (excluding those currently scanning).","timestamp":"2026-06-13 14:28:01"}
{"level":"info","message":"📁 Switching to CLIENT database: tenant_sbi (Tenant: sbi)","timestamp":"2026-06-13 14:28:01"}
{"level":"info","message":"Orchestrator: No domains found for tenant sbi (excluding those currently scanning).","timestamp":"2026-06-13 14:28:01"}
{"level":"info","message":"Orchestrator: Master DB connection closed.","timestamp":"2026-06-13 14:28:01"}
{"level":"info","message":"✅ Orchestrator: Finished. Total jobs enqueued: 0","timestamp":"2026-06-13 14:28:01"}
{"level":"info","message":"Job repeat:c10eea93bf68cc56fd5c63b351df3d32:1781341080000 (Orchestrator) completed successfully.","timestamp":"2026-06-13 14:28:01"}
{"level":"info","message":"🔍 [Scraper] HTML length: 48441 | Body length: 10525 | Total <a> tags: 48","timestamp":"2026-06-13 14:28:09"}
{"level":"info","message":"🔗 [Link Extraction] Page: https://omunim.com/jewellery-billing-software | hostNorm: omunim.com | Found 48 total links (19 internal)","timestamp":"2026-06-13 14:28:09"}
{"level":"info","message":"🚀 [PageSpeed API] Fetching metrics for https://omunim.com/jewellery-billing-software...","timestamp":"2026-06-13 14:28:18"}
{"level":"info","message":"✅ [PageSpeed API] Score for https://omunim.com/jewellery-billing-software: 68","timestamp":"2026-06-13 14:28:35"}
{"level":"info","message":"📊 [Lighthouse] Results for https://omunim.com/jewellery-billing-software: Performance: 68, SEO: 92, Accessibility: 91","timestamp":"2026-06-13 14:28:35"}
{"level":"info","message":"🔍 [Domain: omunim.com] [Page 4/4] Found 19 internal links on https://omunim.com/jewellery-billing-software","timestamp":"2026-06-13 14:28:35"}
{"level":"info","message":"📋 [omunim.com] QA scan saved: 4 pages, jobId qa-3-1781340937260","timestamp":"2026-06-13 14:28:36"}
{"level":"info","message":"✅ QA scan completed for https://omunim.com/ in 179353ms (4 pages)","timestamp":"2026-06-13 14:28:36"}
{"level":"info","message":"Job 3 (https://omunim.com/) completed successfully.","timestamp":"2026-06-13 14:28:36"}
{"level":"info","message":"[Job repeat:c10eea93bf68cc56fd5c63b351df3d32:1781341140000] 🚀 Executing scheduled global orchestration...","timestamp":"2026-06-13 14:29:00"}
{"level":"info","message":"Orchestrator: Starting global scan orchestration... ","timestamp":"2026-06-13 14:29:00"}
{"level":"info","message":"🔗 Connecting to MASTER database: master","timestamp":"2026-06-13 14:29:00"}
{"level":"info","message":"Orchestrator: Found 2 tenants to process.","timestamp":"2026-06-13 14:29:01"}
{"level":"info","message":"📁 Switching to CLIENT database: tenant_rbi (Tenant: rbi)","timestamp":"2026-06-13 14:29:01"}
{"level":"info","message":"Orchestrator: No domains found for tenant rbi (excluding those currently scanning).","timestamp":"2026-06-13 14:29:01"}
{"level":"info","message":"📁 Switching to CLIENT database: tenant_sbi (Tenant: sbi)","timestamp":"2026-06-13 14:29:01"}
{"level":"info","message":"Orchestrator: No domains found for tenant sbi (excluding those currently scanning).","timestamp":"2026-06-13 14:29:01"}
{"level":"info","message":"Orchestrator: Master DB connection closed.","timestamp":"2026-06-13 14:29:01"}
{"level":"info","message":"✅ Orchestrator: Finished. Total jobs enqueued: 0","timestamp":"2026-06-13 14:29:01"}
{"level":"info","message":"Job repeat:c10eea93bf68cc56fd5c63b351df3d32:1781341140000 (Orchestrator) completed successfully.","timestamp":"2026-06-13 14:29:01"}
{"level":"info","message":"[Job repeat:c10eea93bf68cc56fd5c63b351df3d32:1781341200000] 🚀 Executing scheduled global orchestration...","timestamp":"2026-06-13 14:30:00"}
{"level":"info","message":"Orchestrator: Starting global scan orchestration... ","timestamp":"2026-06-13 14:30:00"}
{"level":"info","message":"🔗 Connecting to MASTER database: master","timestamp":"2026-06-13 14:30:00"}
{"level":"info","message":"Orchestrator: Found 2 tenants to process.","timestamp":"2026-06-13 14:30:01"}
{"level":"info","message":"📁 Switching to CLIENT database: tenant_rbi (Tenant: rbi)","timestamp":"2026-06-13 14:30:01"}
{"level":"info","message":"Orchestrator: No domains found for tenant rbi (excluding those currently scanning).","timestamp":"2026-06-13 14:30:01"}
{"level":"info","message":"📁 Switching to CLIENT database: tenant_sbi (Tenant: sbi)","timestamp":"2026-06-13 14:30:01"}
{"level":"info","message":"Orchestrator: No domains found for tenant sbi (excluding those currently scanning).","timestamp":"2026-06-13 14:30:01"}
{"level":"info","message":"Orchestrator: Master DB connection closed.","timestamp":"2026-06-13 14:30:01"}
{"level":"info","message":"✅ Orchestrator: Finished. Total jobs enqueued: 0","timestamp":"2026-06-13 14:30:01"}
{"level":"info","message":"Job repeat:c10eea93bf68cc56fd5c63b351df3d32:1781341200000 (Orchestrator) completed successfully.","timestamp":"2026-06-13 14:30:01"}
{"level":"info","message":"[Job repeat:c10eea93bf68cc56fd5c63b351df3d32:1781341260000] 🚀 Executing scheduled global orchestration...","timestamp":"2026-06-13 14:31:00"}
{"level":"info","message":"Orchestrator: Starting global scan orchestration... ","timestamp":"2026-06-13 14:31:00"}
{"level":"info","message":"🔗 Connecting to MASTER database: master","timestamp":"2026-06-13 14:31:00"}
{"level":"info","message":"Orchestrator: Found 2 tenants to process.","timestamp":"2026-06-13 14:31:01"}
{"level":"info","message":"📁 Switching to CLIENT database: tenant_rbi (Tenant: rbi)","timestamp":"2026-06-13 14:31:01"}
{"level":"info","message":"Orchestrator: No domains found for tenant rbi (excluding those currently scanning).","timestamp":"2026-06-13 14:31:01"}
{"level":"info","message":"📁 Switching to CLIENT database: tenant_sbi (Tenant: sbi)","timestamp":"2026-06-13 14:31:01"}
{"level":"info","message":"Orchestrator: No domains found for tenant sbi (excluding those currently scanning).","timestamp":"2026-06-13 14:31:01"}
{"level":"info","message":"Orchestrator: Master DB connection closed.","timestamp":"2026-06-13 14:31:01"}
{"level":"info","message":"✅ Orchestrator: Finished. Total jobs enqueued: 0","timestamp":"2026-06-13 14:31:01"}
{"level":"info","message":"Job repeat:c10eea93bf68cc56fd5c63b351df3d32:1781341260000 (Orchestrator) completed successfully.","timestamp":"2026-06-13 14:31:01"}
{"level":"info","message":"[Job repeat:c10eea93bf68cc56fd5c63b351df3d32:1781341320000] 🚀 Executing scheduled global orchestration...","timestamp":"2026-06-13 14:32:01"}
{"level":"info","message":"Orchestrator: Starting global scan orchestration... ","timestamp":"2026-06-13 14:32:01"}
{"level":"info","message":"🔗 Connecting to MASTER database: master","timestamp":"2026-06-13 14:32:01"}
{"level":"info","message":"Orchestrator: Found 2 tenants to process.","timestamp":"2026-06-13 14:32:01"}
{"level":"info","message":"📁 Switching to CLIENT database: tenant_rbi (Tenant: rbi)","timestamp":"2026-06-13 14:32:01"}
{"level":"info","message":"Orchestrator: No domains found for tenant rbi (excluding those currently scanning).","timestamp":"2026-06-13 14:32:01"}
{"level":"info","message":"📁 Switching to CLIENT database: tenant_sbi (Tenant: sbi)","timestamp":"2026-06-13 14:32:01"}
{"level":"info","message":"Orchestrator: No domains found for tenant sbi (excluding those currently scanning).","timestamp":"2026-06-13 14:32:01"}
{"level":"info","message":"Orchestrator: Master DB connection closed.","timestamp":"2026-06-13 14:32:01"}
{"level":"info","message":"✅ Orchestrator: Finished. Total jobs enqueued: 0","timestamp":"2026-06-13 14:32:01"}
{"level":"info","message":"Job repeat:c10eea93bf68cc56fd5c63b351df3d32:1781341320000 (Orchestrator) completed successfully.","timestamp":"2026-06-13 14:32:01"}
{"level":"info","message":"[Job repeat:c10eea93bf68cc56fd5c63b351df3d32:1781341380000] 🚀 Executing scheduled global orchestration...","timestamp":"2026-06-13 14:33:00"}
{"level":"info","message":"Orchestrator: Starting global scan orchestration... ","timestamp":"2026-06-13 14:33:00"}
{"level":"info","message":"🔗 Connecting to MASTER database: master","timestamp":"2026-06-13 14:33:00"}
{"level":"info","message":"Orchestrator: Found 2 tenants to process.","timestamp":"2026-06-13 14:33:01"}
{"level":"info","message":"📁 Switching to CLIENT database: tenant_rbi (Tenant: rbi)","timestamp":"2026-06-13 14:33:01"}
{"level":"info","message":"Orchestrator: No domains found for tenant rbi (excluding those currently scanning).","timestamp":"2026-06-13 14:33:01"}
{"level":"info","message":"📁 Switching to CLIENT database: tenant_sbi (Tenant: sbi)","timestamp":"2026-06-13 14:33:01"}
{"level":"info","message":"Orchestrator: No domains found for tenant sbi (excluding those currently scanning).","timestamp":"2026-06-13 14:33:01"}
{"level":"info","message":"Orchestrator: Master DB connection closed.","timestamp":"2026-06-13 14:33:01"}
{"level":"info","message":"✅ Orchestrator: Finished. Total jobs enqueued: 0","timestamp":"2026-06-13 14:33:01"}
{"level":"info","message":"Job repeat:c10eea93bf68cc56fd5c63b351df3d32:1781341380000 (Orchestrator) completed successfully.","timestamp":"2026-06-13 14:33:01"}
{"level":"info","message":"[Job repeat:c10eea93bf68cc56fd5c63b351df3d32:1781341440000] 🚀 Executing scheduled global orchestration...","timestamp":"2026-06-13 14:34:00"}
{"level":"info","message":"Orchestrator: Starting global scan orchestration... ","timestamp":"2026-06-13 14:34:00"}
{"level":"info","message":"🔗 Connecting to MASTER database: master","timestamp":"2026-06-13 14:34:00"}
{"level":"info","message":"Orchestrator: Found 2 tenants to process.","timestamp":"2026-06-13 14:34:01"}
{"level":"info","message":"📁 Switching to CLIENT database: tenant_rbi (Tenant: rbi)","timestamp":"2026-06-13 14:34:01"}
{"level":"info","message":"Orchestrator: No domains found for tenant rbi (excluding those currently scanning).","timestamp":"2026-06-13 14:34:01"}
{"level":"info","message":"📁 Switching to CLIENT database: tenant_sbi (Tenant: sbi)","timestamp":"2026-06-13 14:34:01"}
{"level":"info","message":"Orchestrator: No domains found for tenant sbi (excluding those currently scanning).","timestamp":"2026-06-13 14:34:01"}
{"level":"info","message":"Orchestrator: Master DB connection closed.","timestamp":"2026-06-13 14:34:01"}
{"level":"info","message":"✅ Orchestrator: Finished. Total jobs enqueued: 0","timestamp":"2026-06-13 14:34:01"}
{"level":"info","message":"Job repeat:c10eea93bf68cc56fd5c63b351df3d32:1781341440000 (Orchestrator) completed successfully.","timestamp":"2026-06-13 14:34:01"}
{"level":"info","message":"[Job repeat:c10eea93bf68cc56fd5c63b351df3d32:1781341500000] 🚀 Executing scheduled global orchestration...","timestamp":"2026-06-13 14:35:00"}
{"level":"info","message":"Orchestrator: Starting global scan orchestration... ","timestamp":"2026-06-13 14:35:00"}
{"level":"info","message":"🔗 Connecting to MASTER database: master","timestamp":"2026-06-13 14:35:00"}
{"level":"info","message":"Orchestrator: Found 2 tenants to process.","timestamp":"2026-06-13 14:35:00"}
{"level":"info","message":"📁 Switching to CLIENT database: tenant_rbi (Tenant: rbi)","timestamp":"2026-06-13 14:35:00"}
{"level":"info","message":"Orchestrator: No domains found for tenant rbi (excluding those currently scanning).","timestamp":"2026-06-13 14:35:00"}
{"level":"info","message":"📁 Switching to CLIENT database: tenant_sbi (Tenant: sbi)","timestamp":"2026-06-13 14:35:00"}
{"level":"info","message":"Orchestrator: No domains found for tenant sbi (excluding those currently scanning).","timestamp":"2026-06-13 14:35:00"}
{"level":"info","message":"Orchestrator: Master DB connection closed.","timestamp":"2026-06-13 14:35:00"}
{"level":"info","message":"✅ Orchestrator: Finished. Total jobs enqueued: 0","timestamp":"2026-06-13 14:35:00"}
{"level":"info","message":"Job repeat:c10eea93bf68cc56fd5c63b351df3d32:1781341500000 (Orchestrator) completed successfully.","timestamp":"2026-06-13 14:35:00"}
{"level":"info","message":"[Job repeat:c10eea93bf68cc56fd5c63b351df3d32:1781341560000] 🚀 Executing scheduled global orchestration...","timestamp":"2026-06-13 14:36:00"}
{"level":"info","message":"Orchestrator: Starting global scan orchestration... ","timestamp":"2026-06-13 14:36:00"}
{"level":"info","message":"🔗 Connecting to MASTER database: master","timestamp":"2026-06-13 14:36:00"}
{"level":"info","message":"Orchestrator: Found 2 tenants to process.","timestamp":"2026-06-13 14:36:01"}
{"level":"info","message":"📁 Switching to CLIENT database: tenant_rbi (Tenant: rbi)","timestamp":"2026-06-13 14:36:01"}
{"level":"info","message":"Orchestrator: No domains found for tenant rbi (excluding those currently scanning).","timestamp":"2026-06-13 14:36:01"}
{"level":"info","message":"📁 Switching to CLIENT database: tenant_sbi (Tenant: sbi)","timestamp":"2026-06-13 14:36:01"}
{"level":"info","message":"Orchestrator: No domains found for tenant sbi (excluding those currently scanning).","timestamp":"2026-06-13 14:36:01"}
{"level":"info","message":"Orchestrator: Master DB connection closed.","timestamp":"2026-06-13 14:36:01"}
{"level":"info","message":"✅ Orchestrator: Finished. Total jobs enqueued: 0","timestamp":"2026-06-13 14:36:01"}
{"level":"info","message":"Job repeat:c10eea93bf68cc56fd5c63b351df3d32:1781341560000 (Orchestrator) completed successfully.","timestamp":"2026-06-13 14:36:01"}
{"level":"info","message":"[Job repeat:c10eea93bf68cc56fd5c63b351df3d32:1781341620000] 🚀 Executing scheduled global orchestration...","timestamp":"2026-06-13 14:37:00"}
{"level":"info","message":"Orchestrator: Starting global scan orchestration... ","timestamp":"2026-06-13 14:37:00"}
{"level":"info","message":"🔗 Connecting to MASTER database: master","timestamp":"2026-06-13 14:37:00"}
{"level":"info","message":"Orchestrator: Found 2 tenants to process.","timestamp":"2026-06-13 14:37:01"}
{"level":"info","message":"📁 Switching to CLIENT database: tenant_rbi (Tenant: rbi)","timestamp":"2026-06-13 14:37:01"}
{"level":"info","message":"Orchestrator: No domains found for tenant rbi (excluding those currently scanning).","timestamp":"2026-06-13 14:37:01"}
{"level":"info","message":"📁 Switching to CLIENT database: tenant_sbi (Tenant: sbi)","timestamp":"2026-06-13 14:37:01"}
{"level":"info","message":"Orchestrator: No domains found for tenant sbi (excluding those currently scanning).","timestamp":"2026-06-13 14:37:01"}
{"level":"info","message":"Orchestrator: Master DB connection closed.","timestamp":"2026-06-13 14:37:01"}
{"level":"info","message":"✅ Orchestrator: Finished. Total jobs enqueued: 0","timestamp":"2026-06-13 14:37:01"}
{"level":"info","message":"Job repeat:c10eea93bf68cc56fd5c63b351df3d32:1781341620000 (Orchestrator) completed successfully.","timestamp":"2026-06-13 14:37:01"}
{"level":"info","message":"[Job repeat:c10eea93bf68cc56fd5c63b351df3d32:1781341680000] 🚀 Executing scheduled global orchestration...","timestamp":"2026-06-13 14:38:00"}
{"level":"info","message":"Orchestrator: Starting global scan orchestration... ","timestamp":"2026-06-13 14:38:00"}
{"level":"info","message":"🔗 Connecting to MASTER database: master","timestamp":"2026-06-13 14:38:00"}
{"level":"info","message":"Orchestrator: Found 2 tenants to process.","timestamp":"2026-06-13 14:38:01"}
{"level":"info","message":"📁 Switching to CLIENT database: tenant_rbi (Tenant: rbi)","timestamp":"2026-06-13 14:38:01"}
{"level":"info","message":"Orchestrator: No domains found for tenant rbi (excluding those currently scanning).","timestamp":"2026-06-13 14:38:01"}
{"level":"info","message":"📁 Switching to CLIENT database: tenant_sbi (Tenant: sbi)","timestamp":"2026-06-13 14:38:01"}
{"level":"info","message":"Orchestrator: No domains found for tenant sbi (excluding those currently scanning).","timestamp":"2026-06-13 14:38:01"}
{"level":"info","message":"Orchestrator: Master DB connection closed.","timestamp":"2026-06-13 14:38:01"}
{"level":"info","message":"✅ Orchestrator: Finished. Total jobs enqueued: 0","timestamp":"2026-06-13 14:38:01"}
{"level":"info","message":"Job repeat:c10eea93bf68cc56fd5c63b351df3d32:1781341680000 (Orchestrator) completed successfully.","timestamp":"2026-06-13 14:38:01"}
{"level":"info","message":"[Job repeat:c10eea93bf68cc56fd5c63b351df3d32:1781341740000] 🚀 Executing scheduled global orchestration...","timestamp":"2026-06-13 14:39:00"}
{"level":"info","message":"Orchestrator: Starting global scan orchestration... ","timestamp":"2026-06-13 14:39:00"}
{"level":"info","message":"🔗 Connecting to MASTER database: master","timestamp":"2026-06-13 14:39:00"}
{"level":"info","message":"Orchestrator: Found 2 tenants to process.","timestamp":"2026-06-13 14:39:01"}
{"level":"info","message":"📁 Switching to CLIENT database: tenant_rbi (Tenant: rbi)","timestamp":"2026-06-13 14:39:01"}
{"level":"info","message":"Orchestrator: No domains found for tenant rbi (excluding those currently scanning).","timestamp":"2026-06-13 14:39:01"}
{"level":"info","message":"📁 Switching to CLIENT database: tenant_sbi (Tenant: sbi)","timestamp":"2026-06-13 14:39:01"}
{"level":"info","message":"Orchestrator: No domains found for tenant sbi (excluding those currently scanning).","timestamp":"2026-06-13 14:39:01"}
{"level":"info","message":"Orchestrator: Master DB connection closed.","timestamp":"2026-06-13 14:39:01"}
{"level":"info","message":"✅ Orchestrator: Finished. Total jobs enqueued: 0","timestamp":"2026-06-13 14:39:01"}
{"level":"info","message":"Job repeat:c10eea93bf68cc56fd5c63b351df3d32:1781341740000 (Orchestrator) completed successfully.","timestamp":"2026-06-13 14:39:01"}
{"level":"info","message":"[Job repeat:c10eea93bf68cc56fd5c63b351df3d32:1781341800000] 🚀 Executing scheduled global orchestration...","timestamp":"2026-06-13 14:40:00"}
{"level":"info","message":"Orchestrator: Starting global scan orchestration... ","timestamp":"2026-06-13 14:40:00"}
{"level":"info","message":"🔗 Connecting to MASTER database: master","timestamp":"2026-06-13 14:40:00"}
{"level":"info","message":"Orchestrator: Found 2 tenants to process.","timestamp":"2026-06-13 14:40:00"}
{"level":"info","message":"📁 Switching to CLIENT database: tenant_rbi (Tenant: rbi)","timestamp":"2026-06-13 14:40:00"}
{"level":"info","message":"Orchestrator: No domains found for tenant rbi (excluding those currently scanning).","timestamp":"2026-06-13 14:40:00"}
{"level":"info","message":"📁 Switching to CLIENT database: tenant_sbi (Tenant: sbi)","timestamp":"2026-06-13 14:40:00"}
{"level":"info","message":"Orchestrator: No domains found for tenant sbi (excluding those currently scanning).","timestamp":"2026-06-13 14:40:01"}
{"level":"info","message":"Orchestrator: Master DB connection closed.","timestamp":"2026-06-13 14:40:01"}
{"level":"info","message":"✅ Orchestrator: Finished. Total jobs enqueued: 0","timestamp":"2026-06-13 14:40:01"}
{"level":"info","message":"Job repeat:c10eea93bf68cc56fd5c63b351df3d32:1781341800000 (Orchestrator) completed successfully.","timestamp":"2026-06-13 14:40:01"}
{"level":"info","message":"[Job repeat:c10eea93bf68cc56fd5c63b351df3d32:1781341860000] 🚀 Executing scheduled global orchestration...","timestamp":"2026-06-13 14:41:00"}
{"level":"info","message":"Orchestrator: Starting global scan orchestration... ","timestamp":"2026-06-13 14:41:00"}
{"level":"info","message":"🔗 Connecting to MASTER database: master","timestamp":"2026-06-13 14:41:00"}
{"level":"info","message":"Orchestrator: Found 2 tenants to process.","timestamp":"2026-06-13 14:41:01"}
{"level":"info","message":"📁 Switching to CLIENT database: tenant_rbi (Tenant: rbi)","timestamp":"2026-06-13 14:41:01"}
{"level":"info","message":"Orchestrator: No domains found for tenant rbi (excluding those currently scanning).","timestamp":"2026-06-13 14:41:01"}
{"level":"info","message":"📁 Switching to CLIENT database: tenant_sbi (Tenant: sbi)","timestamp":"2026-06-13 14:41:01"}
{"level":"info","message":"Orchestrator: No domains found for tenant sbi (excluding those currently scanning).","timestamp":"2026-06-13 14:41:01"}
{"level":"info","message":"Orchestrator: Master DB connection closed.","timestamp":"2026-06-13 14:41:01"}
{"level":"info","message":"✅ Orchestrator: Finished. Total jobs enqueued: 0","timestamp":"2026-06-13 14:41:01"}
{"level":"info","message":"Job repeat:c10eea93bf68cc56fd5c63b351df3d32:1781341860000 (Orchestrator) completed successfully.","timestamp":"2026-06-13 14:41:01"}
{"level":"info","message":"[Job repeat:c10eea93bf68cc56fd5c63b351df3d32:1781341920000] 🚀 Executing scheduled global orchestration...","timestamp":"2026-06-13 14:42:00"}
{"level":"info","message":"Orchestrator: Starting global scan orchestration... ","timestamp":"2026-06-13 14:42:00"}
{"level":"info","message":"🔗 Connecting to MASTER database: master","timestamp":"2026-06-13 14:42:00"}
{"level":"info","message":"Orchestrator: Found 2 tenants to process.","timestamp":"2026-06-13 14:42:00"}
{"level":"info","message":"📁 Switching to CLIENT database: tenant_rbi (Tenant: rbi)","timestamp":"2026-06-13 14:42:00"}
{"level":"info","message":"Orchestrator: No domains found for tenant rbi (excluding those currently scanning).","timestamp":"2026-06-13 14:42:00"}
{"level":"info","message":"📁 Switching to CLIENT database: tenant_sbi (Tenant: sbi)","timestamp":"2026-06-13 14:42:00"}
{"level":"info","message":"Orchestrator: No domains found for tenant sbi (excluding those currently scanning).","timestamp":"2026-06-13 14:42:00"}
{"level":"info","message":"Orchestrator: Master DB connection closed.","timestamp":"2026-06-13 14:42:00"}
{"level":"info","message":"✅ Orchestrator: Finished. Total jobs enqueued: 0","timestamp":"2026-06-13 14:42:00"}
{"level":"info","message":"Job repeat:c10eea93bf68cc56fd5c63b351df3d32:1781341920000 (Orchestrator) completed successfully.","timestamp":"2026-06-13 14:42:00"}
{"level":"info","message":"[Job repeat:c10eea93bf68cc56fd5c63b351df3d32:1781341980000] 🚀 Executing scheduled global orchestration...","timestamp":"2026-06-13 14:43:00"}
{"level":"info","message":"Orchestrator: Starting global scan orchestration... ","timestamp":"2026-06-13 14:43:00"}
{"level":"info","message":"🔗 Connecting to MASTER database: master","timestamp":"2026-06-13 14:43:00"}
{"level":"info","message":"Orchestrator: Found 2 tenants to process.","timestamp":"2026-06-13 14:43:01"}
{"level":"info","message":"📁 Switching to CLIENT database: tenant_rbi (Tenant: rbi)","timestamp":"2026-06-13 14:43:01"}
{"level":"info","message":"Orchestrator: No domains found for tenant rbi (excluding those currently scanning).","timestamp":"2026-06-13 14:43:01"}
{"level":"info","message":"📁 Switching to CLIENT database: tenant_sbi (Tenant: sbi)","timestamp":"2026-06-13 14:43:01"}
{"level":"info","message":"Orchestrator: No domains found for tenant sbi (excluding those currently scanning).","timestamp":"2026-06-13 14:43:01"}
{"level":"info","message":"Orchestrator: Master DB connection closed.","timestamp":"2026-06-13 14:43:01"}
{"level":"info","message":"✅ Orchestrator: Finished. Total jobs enqueued: 0","timestamp":"2026-06-13 14:43:01"}
{"level":"info","message":"Job repeat:c10eea93bf68cc56fd5c63b351df3d32:1781341980000 (Orchestrator) completed successfully.","timestamp":"2026-06-13 14:43:01"}
{"level":"info","message":"[Job repeat:c10eea93bf68cc56fd5c63b351df3d32:1781342040000] 🚀 Executing scheduled global orchestration...","timestamp":"2026-06-13 14:44:00"}
{"level":"info","message":"Orchestrator: Starting global scan orchestration... ","timestamp":"2026-06-13 14:44:00"}
{"level":"info","message":"🔗 Connecting to MASTER database: master","timestamp":"2026-06-13 14:44:00"}
{"level":"info","message":"Orchestrator: Found 2 tenants to process.","timestamp":"2026-06-13 14:44:01"}
{"level":"info","message":"📁 Switching to CLIENT database: tenant_rbi (Tenant: rbi)","timestamp":"2026-06-13 14:44:01"}
{"level":"info","message":"Orchestrator: No domains found for tenant rbi (excluding those currently scanning).","timestamp":"2026-06-13 14:44:01"}
{"level":"info","message":"📁 Switching to CLIENT database: tenant_sbi (Tenant: sbi)","timestamp":"2026-06-13 14:44:01"}
{"level":"info","message":"Orchestrator: No domains found for tenant sbi (excluding those currently scanning).","timestamp":"2026-06-13 14:44:01"}
{"level":"info","message":"Orchestrator: Master DB connection closed.","timestamp":"2026-06-13 14:44:01"}
{"level":"info","message":"✅ Orchestrator: Finished. Total jobs enqueued: 0","timestamp":"2026-06-13 14:44:01"}
{"level":"info","message":"Job repeat:c10eea93bf68cc56fd5c63b351df3d32:1781342040000 (Orchestrator) completed successfully.","timestamp":"2026-06-13 14:44:01"}
{"level":"info","message":"[Job repeat:c10eea93bf68cc56fd5c63b351df3d32:1781342100000] 🚀 Executing scheduled global orchestration...","timestamp":"2026-06-13 14:45:00"}
{"level":"info","message":"Orchestrator: Starting global scan orchestration... ","timestamp":"2026-06-13 14:45:00"}
{"level":"info","message":"🔗 Connecting to MASTER database: master","timestamp":"2026-06-13 14:45:00"}
{"level":"info","message":"Orchestrator: Found 2 tenants to process.","timestamp":"2026-06-13 14:45:01"}
{"level":"info","message":"📁 Switching to CLIENT database: tenant_rbi (Tenant: rbi)","timestamp":"2026-06-13 14:45:01"}
{"level":"info","message":"Orchestrator: No domains found for tenant rbi (excluding those currently scanning).","timestamp":"2026-06-13 14:45:01"}
{"level":"info","message":"📁 Switching to CLIENT database: tenant_sbi (Tenant: sbi)","timestamp":"2026-06-13 14:45:01"}
{"level":"info","message":"Orchestrator: No domains found for tenant sbi (excluding those currently scanning).","timestamp":"2026-06-13 14:45:01"}
{"level":"info","message":"Orchestrator: Master DB connection closed.","timestamp":"2026-06-13 14:45:01"}
{"level":"info","message":"✅ Orchestrator: Finished. Total jobs enqueued: 0","timestamp":"2026-06-13 14:45:01"}
{"level":"info","message":"Job repeat:c10eea93bf68cc56fd5c63b351df3d32:1781342100000 (Orchestrator) completed successfully.","timestamp":"2026-06-13 14:45:01"}
{"level":"info","message":"[Job repeat:c10eea93bf68cc56fd5c63b351df3d32:1781342160000] 🚀 Executing scheduled global orchestration...","timestamp":"2026-06-13 14:46:00"}
{"level":"info","message":"Orchestrator: Starting global scan orchestration... ","timestamp":"2026-06-13 14:46:00"}
{"level":"info","message":"🔗 Connecting to MASTER database: master","timestamp":"2026-06-13 14:46:00"}
{"level":"info","message":"Orchestrator: Found 2 tenants to process.","timestamp":"2026-06-13 14:46:01"}
{"level":"info","message":"📁 Switching to CLIENT database: tenant_rbi (Tenant: rbi)","timestamp":"2026-06-13 14:46:01"}
{"level":"info","message":"Orchestrator: No domains found for tenant rbi (excluding those currently scanning).","timestamp":"2026-06-13 14:46:01"}
{"level":"info","message":"📁 Switching to CLIENT database: tenant_sbi (Tenant: sbi)","timestamp":"2026-06-13 14:46:01"}
{"level":"info","message":"Orchestrator: No domains found for tenant sbi (excluding those currently scanning).","timestamp":"2026-06-13 14:46:01"}
{"level":"info","message":"Orchestrator: Master DB connection closed.","timestamp":"2026-06-13 14:46:01"}
{"level":"info","message":"✅ Orchestrator: Finished. Total jobs enqueued: 0","timestamp":"2026-06-13 14:46:01"}
{"level":"info","message":"Job repeat:c10eea93bf68cc56fd5c63b351df3d32:1781342160000 (Orchestrator) completed successfully.","timestamp":"2026-06-13 14:46:01"}
{"level":"info","message":"[Job repeat:c10eea93bf68cc56fd5c63b351df3d32:1781342220000] 🚀 Executing scheduled global orchestration...","timestamp":"2026-06-13 14:47:00"}
{"level":"info","message":"Orchestrator: Starting global scan orchestration... ","timestamp":"2026-06-13 14:47:00"}
{"level":"info","message":"🔗 Connecting to MASTER database: master","timestamp":"2026-06-13 14:47:00"}
{"level":"info","message":"Orchestrator: Found 2 tenants to process.","timestamp":"2026-06-13 14:47:01"}
{"level":"info","message":"📁 Switching to CLIENT database: tenant_rbi (Tenant: rbi)","timestamp":"2026-06-13 14:47:01"}
{"level":"info","message":"Orchestrator: No domains found for tenant rbi (excluding those currently scanning).","timestamp":"2026-06-13 14:47:01"}
{"level":"info","message":"📁 Switching to CLIENT database: tenant_sbi (Tenant: sbi)","timestamp":"2026-06-13 14:47:01"}
{"level":"info","message":"Orchestrator: No domains found for tenant sbi (excluding those currently scanning).","timestamp":"2026-06-13 14:47:01"}
{"level":"info","message":"Orchestrator: Master DB connection closed.","timestamp":"2026-06-13 14:47:01"}
{"level":"info","message":"✅ Orchestrator: Finished. Total jobs enqueued: 0","timestamp":"2026-06-13 14:47:01"}
{"level":"info","message":"Job repeat:c10eea93bf68cc56fd5c63b351df3d32:1781342220000 (Orchestrator) completed successfully.","timestamp":"2026-06-13 14:47:01"}
{"level":"info","message":"[Job repeat:c10eea93bf68cc56fd5c63b351df3d32:1781342280000] 🚀 Executing scheduled global orchestration...","timestamp":"2026-06-13 14:48:01"}
{"level":"info","message":"Orchestrator: Starting global scan orchestration... ","timestamp":"2026-06-13 14:48:01"}
{"level":"info","message":"🔗 Connecting to MASTER database: master","timestamp":"2026-06-13 14:48:01"}
{"level":"info","message":"Orchestrator: Found 2 tenants to process.","timestamp":"2026-06-13 14:48:01"}
{"level":"info","message":"📁 Switching to CLIENT database: tenant_rbi (Tenant: rbi)","timestamp":"2026-06-13 14:48:01"}
{"level":"info","message":"Orchestrator: No domains found for tenant rbi (excluding those currently scanning).","timestamp":"2026-06-13 14:48:01"}
{"level":"info","message":"📁 Switching to CLIENT database: tenant_sbi (Tenant: sbi)","timestamp":"2026-06-13 14:48:01"}
{"level":"info","message":"Orchestrator: No domains found for tenant sbi (excluding those currently scanning).","timestamp":"2026-06-13 14:48:01"}
{"level":"info","message":"Orchestrator: Master DB connection closed.","timestamp":"2026-06-13 14:48:01"}
{"level":"info","message":"✅ Orchestrator: Finished. Total jobs enqueued: 0","timestamp":"2026-06-13 14:48:01"}
{"level":"info","message":"Job repeat:c10eea93bf68cc56fd5c63b351df3d32:1781342280000 (Orchestrator) completed successfully.","timestamp":"2026-06-13 14:48:01"}
{"level":"info","message":"[Job repeat:c10eea93bf68cc56fd5c63b351df3d32:1781342340000] 🚀 Executing scheduled global orchestration...","timestamp":"2026-06-13 14:49:00"}
{"level":"info","message":"Orchestrator: Starting global scan orchestration... ","timestamp":"2026-06-13 14:49:00"}
{"level":"info","message":"🔗 Connecting to MASTER database: master","timestamp":"2026-06-13 14:49:00"}
{"level":"info","message":"Orchestrator: Found 2 tenants to process.","timestamp":"2026-06-13 14:49:00"}
{"level":"info","message":"📁 Switching to CLIENT database: tenant_rbi (Tenant: rbi)","timestamp":"2026-06-13 14:49:00"}
{"level":"info","message":"Orchestrator: No domains found for tenant rbi (excluding those currently scanning).","timestamp":"2026-06-13 14:49:00"}
{"level":"info","message":"📁 Switching to CLIENT database: tenant_sbi (Tenant: sbi)","timestamp":"2026-06-13 14:49:00"}
{"level":"info","message":"Orchestrator: No domains found for tenant sbi (excluding those currently scanning).","timestamp":"2026-06-13 14:49:00"}
{"level":"info","message":"Orchestrator: Master DB connection closed.","timestamp":"2026-06-13 14:49:01"}
{"level":"info","message":"✅ Orchestrator: Finished. Total jobs enqueued: 0","timestamp":"2026-06-13 14:49:01"}
{"level":"info","message":"Job repeat:c10eea93bf68cc56fd5c63b351df3d32:1781342340000 (Orchestrator) completed successfully.","timestamp":"2026-06-13 14:49:01"}
{"level":"info","message":"[Job repeat:c10eea93bf68cc56fd5c63b351df3d32:1781342400000] 🚀 Executing scheduled global orchestration...","timestamp":"2026-06-13 14:50:00"}
{"level":"info","message":"Orchestrator: Starting global scan orchestration... ","timestamp":"2026-06-13 14:50:00"}
{"level":"info","message":"🔗 Connecting to MASTER database: master","timestamp":"2026-06-13 14:50:00"}
{"level":"info","message":"Orchestrator: Found 2 tenants to process.","timestamp":"2026-06-13 14:50:01"}
{"level":"info","message":"📁 Switching to CLIENT database: tenant_rbi (Tenant: rbi)","timestamp":"2026-06-13 14:50:01"}
{"level":"info","message":"Orchestrator: No domains found for tenant rbi (excluding those currently scanning).","timestamp":"2026-06-13 14:50:01"}
{"level":"info","message":"📁 Switching to CLIENT database: tenant_sbi (Tenant: sbi)","timestamp":"2026-06-13 14:50:01"}
{"level":"info","message":"Orchestrator: No domains found for tenant sbi (excluding those currently scanning).","timestamp":"2026-06-13 14:50:01"}
{"level":"info","message":"Orchestrator: Master DB connection closed.","timestamp":"2026-06-13 14:50:01"}
{"level":"info","message":"✅ Orchestrator: Finished. Total jobs enqueued: 0","timestamp":"2026-06-13 14:50:01"}
{"level":"info","message":"Job repeat:c10eea93bf68cc56fd5c63b351df3d32:1781342400000 (Orchestrator) completed successfully.","timestamp":"2026-06-13 14:50:01"}
{"level":"info","message":"[Job repeat:c10eea93bf68cc56fd5c63b351df3d32:1781342460000] 🚀 Executing scheduled global orchestration...","timestamp":"2026-06-13 14:51:00"}
{"level":"info","message":"Orchestrator: Starting global scan orchestration... ","timestamp":"2026-06-13 14:51:00"}
{"level":"info","message":"🔗 Connecting to MASTER database: master","timestamp":"2026-06-13 14:51:00"}
{"level":"info","message":"Orchestrator: Found 2 tenants to process.","timestamp":"2026-06-13 14:51:00"}
{"level":"info","message":"📁 Switching to CLIENT database: tenant_rbi (Tenant: rbi)","timestamp":"2026-06-13 14:51:00"}
{"level":"info","message":"Orchestrator: No domains found for tenant rbi (excluding those currently scanning).","timestamp":"2026-06-13 14:51:00"}
{"level":"info","message":"📁 Switching to CLIENT database: tenant_sbi (Tenant: sbi)","timestamp":"2026-06-13 14:51:00"}
{"level":"info","message":"Orchestrator: No domains found for tenant sbi (excluding those currently scanning).","timestamp":"2026-06-13 14:51:00"}
{"level":"info","message":"Orchestrator: Master DB connection closed.","timestamp":"2026-06-13 14:51:00"}
{"level":"info","message":"✅ Orchestrator: Finished. Total jobs enqueued: 0","timestamp":"2026-06-13 14:51:00"}
{"level":"info","message":"Job repeat:c10eea93bf68cc56fd5c63b351df3d32:1781342460000 (Orchestrator) completed successfully.","timestamp":"2026-06-13 14:51:00"}
{"level":"info","message":"[Job repeat:c10eea93bf68cc56fd5c63b351df3d32:1781342520000] 🚀 Executing scheduled global orchestration...","timestamp":"2026-06-13 14:52:00"}
{"level":"info","message":"Orchestrator: Starting global scan orchestration... ","timestamp":"2026-06-13 14:52:00"}
{"level":"info","message":"🔗 Connecting to MASTER database: master","timestamp":"2026-06-13 14:52:00"}
{"level":"info","message":"Orchestrator: Found 2 tenants to process.","timestamp":"2026-06-13 14:52:01"}
{"level":"info","message":"📁 Switching to CLIENT database: tenant_rbi (Tenant: rbi)","timestamp":"2026-06-13 14:52:01"}
{"level":"info","message":"Orchestrator: No domains found for tenant rbi (excluding those currently scanning).","timestamp":"2026-06-13 14:52:01"}
{"level":"info","message":"📁 Switching to CLIENT database: tenant_sbi (Tenant: sbi)","timestamp":"2026-06-13 14:52:01"}
{"level":"info","message":"Orchestrator: No domains found for tenant sbi (excluding those currently scanning).","timestamp":"2026-06-13 14:52:01"}
{"level":"info","message":"Orchestrator: Master DB connection closed.","timestamp":"2026-06-13 14:52:01"}
{"level":"info","message":"✅ Orchestrator: Finished. Total jobs enqueued: 0","timestamp":"2026-06-13 14:52:01"}
{"level":"info","message":"Job repeat:c10eea93bf68cc56fd5c63b351df3d32:1781342520000 (Orchestrator) completed successfully.","timestamp":"2026-06-13 14:52:01"}
{"level":"info","message":"[Job repeat:c10eea93bf68cc56fd5c63b351df3d32:1781342580000] 🚀 Executing scheduled global orchestration...","timestamp":"2026-06-13 14:53:01"}
{"level":"info","message":"Orchestrator: Starting global scan orchestration... ","timestamp":"2026-06-13 14:53:01"}
{"level":"info","message":"🔗 Connecting to MASTER database: master","timestamp":"2026-06-13 14:53:01"}
{"level":"info","message":"Orchestrator: Found 2 tenants to process.","timestamp":"2026-06-13 14:53:01"}
{"level":"info","message":"📁 Switching to CLIENT database: tenant_rbi (Tenant: rbi)","timestamp":"2026-06-13 14:53:01"}
{"level":"info","message":"Orchestrator: No domains found for tenant rbi (excluding those currently scanning).","timestamp":"2026-06-13 14:53:01"}
{"level":"info","message":"📁 Switching to CLIENT database: tenant_sbi (Tenant: sbi)","timestamp":"2026-06-13 14:53:01"}
{"level":"info","message":"Orchestrator: No domains found for tenant sbi (excluding those currently scanning).","timestamp":"2026-06-13 14:53:01"}
{"level":"info","message":"Orchestrator: Master DB connection closed.","timestamp":"2026-06-13 14:53:01"}
{"level":"info","message":"✅ Orchestrator: Finished. Total jobs enqueued: 0","timestamp":"2026-06-13 14:53:01"}
{"level":"info","message":"Job repeat:c10eea93bf68cc56fd5c63b351df3d32:1781342580000 (Orchestrator) completed successfully.","timestamp":"2026-06-13 14:53:01"}
{"level":"info","message":"[Job repeat:c10eea93bf68cc56fd5c63b351df3d32:1781342640000] 🚀 Executing scheduled global orchestration...","timestamp":"2026-06-13 14:54:00"}
{"level":"info","message":"Orchestrator: Starting global scan orchestration... ","timestamp":"2026-06-13 14:54:00"}
{"level":"info","message":"🔗 Connecting to MASTER database: master","timestamp":"2026-06-13 14:54:00"}
{"level":"info","message":"Orchestrator: Found 2 tenants to process.","timestamp":"2026-06-13 14:54:01"}
{"level":"info","message":"📁 Switching to CLIENT database: tenant_rbi (Tenant: rbi)","timestamp":"2026-06-13 14:54:01"}
{"level":"info","message":"Orchestrator: No domains found for tenant rbi (excluding those currently scanning).","timestamp":"2026-06-13 14:54:01"}
{"level":"info","message":"📁 Switching to CLIENT database: tenant_sbi (Tenant: sbi)","timestamp":"2026-06-13 14:54:01"}
{"level":"info","message":"Orchestrator: No domains found for tenant sbi (excluding those currently scanning).","timestamp":"2026-06-13 14:54:01"}
{"level":"info","message":"Orchestrator: Master DB connection closed.","timestamp":"2026-06-13 14:54:01"}
{"level":"info","message":"✅ Orchestrator: Finished. Total jobs enqueued: 0","timestamp":"2026-06-13 14:54:01"}
{"level":"info","message":"Job repeat:c10eea93bf68cc56fd5c63b351df3d32:1781342640000 (Orchestrator) completed successfully.","timestamp":"2026-06-13 14:54:01"}
{"level":"info","message":"[Job repeat:c10eea93bf68cc56fd5c63b351df3d32:1781342700000] 🚀 Executing scheduled global orchestration...","timestamp":"2026-06-13 14:55:00"}
{"level":"info","message":"Orchestrator: Starting global scan orchestration... ","timestamp":"2026-06-13 14:55:00"}
{"level":"info","message":"🔗 Connecting to MASTER database: master","timestamp":"2026-06-13 14:55:00"}
{"level":"info","message":"Orchestrator: Found 2 tenants to process.","timestamp":"2026-06-13 14:55:01"}
{"level":"info","message":"📁 Switching to CLIENT database: tenant_rbi (Tenant: rbi)","timestamp":"2026-06-13 14:55:01"}
{"level":"info","message":"Orchestrator: No domains found for tenant rbi (excluding those currently scanning).","timestamp":"2026-06-13 14:55:01"}
{"level":"info","message":"📁 Switching to CLIENT database: tenant_sbi (Tenant: sbi)","timestamp":"2026-06-13 14:55:01"}
{"level":"info","message":"Orchestrator: No domains found for tenant sbi (excluding those currently scanning).","timestamp":"2026-06-13 14:55:01"}
{"level":"info","message":"Orchestrator: Master DB connection closed.","timestamp":"2026-06-13 14:55:01"}
{"level":"info","message":"✅ Orchestrator: Finished. Total jobs enqueued: 0","timestamp":"2026-06-13 14:55:01"}
{"level":"info","message":"Job repeat:c10eea93bf68cc56fd5c63b351df3d32:1781342700000 (Orchestrator) completed successfully.","timestamp":"2026-06-13 14:55:01"}
{"level":"info","message":"[Job repeat:c10eea93bf68cc56fd5c63b351df3d32:1781342760000] 🚀 Executing scheduled global orchestration...","timestamp":"2026-06-13 14:56:00"}
{"level":"info","message":"Orchestrator: Starting global scan orchestration... ","timestamp":"2026-06-13 14:56:00"}
{"level":"info","message":"🔗 Connecting to MASTER database: master","timestamp":"2026-06-13 14:56:00"}
{"level":"info","message":"Orchestrator: Found 2 tenants to process.","timestamp":"2026-06-13 14:56:01"}
{"level":"info","message":"📁 Switching to CLIENT database: tenant_rbi (Tenant: rbi)","timestamp":"2026-06-13 14:56:01"}
{"level":"info","message":"Orchestrator: No domains found for tenant rbi (excluding those currently scanning).","timestamp":"2026-06-13 14:56:01"}
{"level":"info","message":"📁 Switching to CLIENT database: tenant_sbi (Tenant: sbi)","timestamp":"2026-06-13 14:56:01"}
{"level":"info","message":"Orchestrator: No domains found for tenant sbi (excluding those currently scanning).","timestamp":"2026-06-13 14:56:01"}
{"level":"info","message":"Orchestrator: Master DB connection closed.","timestamp":"2026-06-13 14:56:01"}
{"level":"info","message":"✅ Orchestrator: Finished. Total jobs enqueued: 0","timestamp":"2026-06-13 14:56:01"}
{"level":"info","message":"Job repeat:c10eea93bf68cc56fd5c63b351df3d32:1781342760000 (Orchestrator) completed successfully.","timestamp":"2026-06-13 14:56:01"}
{"level":"info","message":"[Job repeat:c10eea93bf68cc56fd5c63b351df3d32:1781342820000] 🚀 Executing scheduled global orchestration...","timestamp":"2026-06-13 14:57:00"}
{"level":"info","message":"Orchestrator: Starting global scan orchestration... ","timestamp":"2026-06-13 14:57:00"}
{"level":"info","message":"🔗 Connecting to MASTER database: master","timestamp":"2026-06-13 14:57:00"}
{"level":"info","message":"Orchestrator: Found 2 tenants to process.","timestamp":"2026-06-13 14:57:01"}
{"level":"info","message":"📁 Switching to CLIENT database: tenant_rbi (Tenant: rbi)","timestamp":"2026-06-13 14:57:01"}
{"level":"info","message":"Orchestrator: No domains found for tenant rbi (excluding those currently scanning).","timestamp":"2026-06-13 14:57:01"}
{"level":"info","message":"📁 Switching to CLIENT database: tenant_sbi (Tenant: sbi)","timestamp":"2026-06-13 14:57:01"}
{"level":"info","message":"Orchestrator: No domains found for tenant sbi (excluding those currently scanning).","timestamp":"2026-06-13 14:57:01"}
{"level":"info","message":"Orchestrator: Master DB connection closed.","timestamp":"2026-06-13 14:57:01"}
{"level":"info","message":"✅ Orchestrator: Finished. Total jobs enqueued: 0","timestamp":"2026-06-13 14:57:01"}
{"level":"info","message":"Job repeat:c10eea93bf68cc56fd5c63b351df3d32:1781342820000 (Orchestrator) completed successfully.","timestamp":"2026-06-13 14:57:01"}
{"level":"info","message":"[Job repeat:c10eea93bf68cc56fd5c63b351df3d32:1781342880000] 🚀 Executing scheduled global orchestration...","timestamp":"2026-06-13 14:58:01"}
{"level":"info","message":"Orchestrator: Starting global scan orchestration... ","timestamp":"2026-06-13 14:58:01"}
{"level":"info","message":"🔗 Connecting to MASTER database: master","timestamp":"2026-06-13 14:58:01"}
{"level":"info","message":"Orchestrator: Found 2 tenants to process.","timestamp":"2026-06-13 14:58:01"}
{"level":"info","message":"📁 Switching to CLIENT database: tenant_rbi (Tenant: rbi)","timestamp":"2026-06-13 14:58:01"}
{"level":"info","message":"Orchestrator: No domains found for tenant rbi (excluding those currently scanning).","timestamp":"2026-06-13 14:58:01"}
{"level":"info","message":"📁 Switching to CLIENT database: tenant_sbi (Tenant: sbi)","timestamp":"2026-06-13 14:58:01"}
{"level":"info","message":"Orchestrator: No domains found for tenant sbi (excluding those currently scanning).","timestamp":"2026-06-13 14:58:01"}
{"level":"info","message":"Orchestrator: Master DB connection closed.","timestamp":"2026-06-13 14:58:01"}
{"level":"info","message":"✅ Orchestrator: Finished. Total jobs enqueued: 0","timestamp":"2026-06-13 14:58:01"}
{"level":"info","message":"Job repeat:c10eea93bf68cc56fd5c63b351df3d32:1781342880000 (Orchestrator) completed successfully.","timestamp":"2026-06-13 14:58:01"}
{"level":"info","message":"[Job repeat:c10eea93bf68cc56fd5c63b351df3d32:1781342940000] 🚀 Executing scheduled global orchestration...","timestamp":"2026-06-13 14:59:00"}
{"level":"info","message":"Orchestrator: Starting global scan orchestration... ","timestamp":"2026-06-13 14:59:00"}
{"level":"info","message":"🔗 Connecting to MASTER database: master","timestamp":"2026-06-13 14:59:00"}
{"level":"info","message":"Orchestrator: Found 2 tenants to process.","timestamp":"2026-06-13 14:59:01"}
{"level":"info","message":"📁 Switching to CLIENT database: tenant_rbi (Tenant: rbi)","timestamp":"2026-06-13 14:59:01"}
{"level":"info","message":"Orchestrator: No domains found for tenant rbi (excluding those currently scanning).","timestamp":"2026-06-13 14:59:01"}
{"level":"info","message":"📁 Switching to CLIENT database: tenant_sbi (Tenant: sbi)","timestamp":"2026-06-13 14:59:01"}
{"level":"info","message":"Orchestrator: No domains found for tenant sbi (excluding those currently scanning).","timestamp":"2026-06-13 14:59:01"}
{"level":"info","message":"Orchestrator: Master DB connection closed.","timestamp":"2026-06-13 14:59:01"}
{"level":"info","message":"✅ Orchestrator: Finished. Total jobs enqueued: 0","timestamp":"2026-06-13 14:59:01"}
{"level":"info","message":"Job repeat:c10eea93bf68cc56fd5c63b351df3d32:1781342940000 (Orchestrator) completed successfully.","timestamp":"2026-06-13 14:59:01"}
{"level":"info","message":"[Job repeat:c10eea93bf68cc56fd5c63b351df3d32:1781343000000] 🚀 Executing scheduled global orchestration...","timestamp":"2026-06-13 15:00:00"}
{"level":"info","message":"Orchestrator: Starting global scan orchestration... ","timestamp":"2026-06-13 15:00:00"}
{"level":"info","message":"🔗 Connecting to MASTER database: master","timestamp":"2026-06-13 15:00:00"}
{"level":"info","message":"Orchestrator: Found 2 tenants to process.","timestamp":"2026-06-13 15:00:01"}
{"level":"info","message":"📁 Switching to CLIENT database: tenant_rbi (Tenant: rbi)","timestamp":"2026-06-13 15:00:01"}
{"level":"info","message":"Orchestrator: No domains found for tenant rbi (excluding those currently scanning).","timestamp":"2026-06-13 15:00:01"}
{"level":"info","message":"📁 Switching to CLIENT database: tenant_sbi (Tenant: sbi)","timestamp":"2026-06-13 15:00:01"}
{"level":"info","message":"Orchestrator: No domains found for tenant sbi (excluding those currently scanning).","timestamp":"2026-06-13 15:00:01"}
{"level":"info","message":"Orchestrator: Master DB connection closed.","timestamp":"2026-06-13 15:00:01"}
{"level":"info","message":"✅ Orchestrator: Finished. Total jobs enqueued: 0","timestamp":"2026-06-13 15:00:01"}
{"level":"info","message":"Job repeat:c10eea93bf68cc56fd5c63b351df3d32:1781343000000 (Orchestrator) completed successfully.","timestamp":"2026-06-13 15:00:01"}
{"level":"info","message":"[Job repeat:c10eea93bf68cc56fd5c63b351df3d32:1781343060000] 🚀 Executing scheduled global orchestration...","timestamp":"2026-06-13 15:01:00"}
{"level":"info","message":"Orchestrator: Starting global scan orchestration... ","timestamp":"2026-06-13 15:01:00"}
{"level":"info","message":"🔗 Connecting to MASTER database: master","timestamp":"2026-06-13 15:01:00"}
{"level":"info","message":"Orchestrator: Found 2 tenants to process.","timestamp":"2026-06-13 15:01:00"}
{"level":"info","message":"📁 Switching to CLIENT database: tenant_rbi (Tenant: rbi)","timestamp":"2026-06-13 15:01:00"}
{"level":"info","message":"Orchestrator: No domains found for tenant rbi (excluding those currently scanning).","timestamp":"2026-06-13 15:01:00"}
{"level":"info","message":"📁 Switching to CLIENT database: tenant_sbi (Tenant: sbi)","timestamp":"2026-06-13 15:01:00"}
{"level":"info","message":"Orchestrator: No domains found for tenant sbi (excluding those currently scanning).","timestamp":"2026-06-13 15:01:01"}
{"level":"info","message":"Orchestrator: Master DB connection closed.","timestamp":"2026-06-13 15:01:01"}
{"level":"info","message":"✅ Orchestrator: Finished. Total jobs enqueued: 0","timestamp":"2026-06-13 15:01:01"}
{"level":"info","message":"Job repeat:c10eea93bf68cc56fd5c63b351df3d32:1781343060000 (Orchestrator) completed successfully.","timestamp":"2026-06-13 15:01:01"}
{"level":"info","message":"[Job repeat:c10eea93bf68cc56fd5c63b351df3d32:1781343120000] 🚀 Executing scheduled global orchestration...","timestamp":"2026-06-13 15:02:00"}
{"level":"info","message":"Orchestrator: Starting global scan orchestration... ","timestamp":"2026-06-13 15:02:00"}
{"level":"info","message":"🔗 Connecting to MASTER database: master","timestamp":"2026-06-13 15:02:00"}
{"level":"info","message":"Orchestrator: Found 2 tenants to process.","timestamp":"2026-06-13 15:02:01"}
{"level":"info","message":"📁 Switching to CLIENT database: tenant_rbi (Tenant: rbi)","timestamp":"2026-06-13 15:02:01"}
{"level":"info","message":"Orchestrator: No domains found for tenant rbi (excluding those currently scanning).","timestamp":"2026-06-13 15:02:01"}
{"level":"info","message":"📁 Switching to CLIENT database: tenant_sbi (Tenant: sbi)","timestamp":"2026-06-13 15:02:01"}
{"level":"info","message":"Orchestrator: No domains found for tenant sbi (excluding those currently scanning).","timestamp":"2026-06-13 15:02:01"}
{"level":"info","message":"Orchestrator: Master DB connection closed.","timestamp":"2026-06-13 15:02:01"}
{"level":"info","message":"✅ Orchestrator: Finished. Total jobs enqueued: 0","timestamp":"2026-06-13 15:02:01"}
{"level":"info","message":"Job repeat:c10eea93bf68cc56fd5c63b351df3d32:1781343120000 (Orchestrator) completed successfully.","timestamp":"2026-06-13 15:02:01"}
{"level":"info","message":"[Job repeat:c10eea93bf68cc56fd5c63b351df3d32:1781343180000] 🚀 Executing scheduled global orchestration...","timestamp":"2026-06-13 15:03:00"}
{"level":"info","message":"Orchestrator: Starting global scan orchestration... ","timestamp":"2026-06-13 15:03:00"}
{"level":"info","message":"🔗 Connecting to MASTER database: master","timestamp":"2026-06-13 15:03:00"}
{"level":"info","message":"Orchestrator: Found 2 tenants to process.","timestamp":"2026-06-13 15:03:01"}
{"level":"info","message":"📁 Switching to CLIENT database: tenant_rbi (Tenant: rbi)","timestamp":"2026-06-13 15:03:01"}
{"level":"info","message":"Orchestrator: No domains found for tenant rbi (excluding those currently scanning).","timestamp":"2026-06-13 15:03:01"}
{"level":"info","message":"📁 Switching to CLIENT database: tenant_sbi (Tenant: sbi)","timestamp":"2026-06-13 15:03:01"}
{"level":"info","message":"Orchestrator: No domains found for tenant sbi (excluding those currently scanning).","timestamp":"2026-06-13 15:03:01"}
{"level":"info","message":"Orchestrator: Master DB connection closed.","timestamp":"2026-06-13 15:03:01"}
{"level":"info","message":"✅ Orchestrator: Finished. Total jobs enqueued: 0","timestamp":"2026-06-13 15:03:01"}
{"level":"info","message":"Job repeat:c10eea93bf68cc56fd5c63b351df3d32:1781343180000 (Orchestrator) completed successfully.","timestamp":"2026-06-13 15:03:01"}
{"level":"info","message":"[Job repeat:c10eea93bf68cc56fd5c63b351df3d32:1781343240000] 🚀 Executing scheduled global orchestration...","timestamp":"2026-06-13 15:04:00"}
{"level":"info","message":"Orchestrator: Starting global scan orchestration... ","timestamp":"2026-06-13 15:04:00"}
{"level":"info","message":"🔗 Connecting to MASTER database: master","timestamp":"2026-06-13 15:04:00"}
{"level":"info","message":"Orchestrator: Found 2 tenants to process.","timestamp":"2026-06-13 15:04:00"}
{"level":"info","message":"📁 Switching to CLIENT database: tenant_rbi (Tenant: rbi)","timestamp":"2026-06-13 15:04:00"}
{"level":"info","message":"Orchestrator: No domains found for tenant rbi (excluding those currently scanning).","timestamp":"2026-06-13 15:04:00"}
{"level":"info","message":"📁 Switching to CLIENT database: tenant_sbi (Tenant: sbi)","timestamp":"2026-06-13 15:04:00"}
{"level":"info","message":"Orchestrator: No domains found for tenant sbi (excluding those currently scanning).","timestamp":"2026-06-13 15:04:01"}
{"level":"info","message":"Orchestrator: Master DB connection closed.","timestamp":"2026-06-13 15:04:01"}
{"level":"info","message":"✅ Orchestrator: Finished. Total jobs enqueued: 0","timestamp":"2026-06-13 15:04:01"}
{"level":"info","message":"Job repeat:c10eea93bf68cc56fd5c63b351df3d32:1781343240000 (Orchestrator) completed successfully.","timestamp":"2026-06-13 15:04:01"}
{"level":"info","message":"[Job repeat:c10eea93bf68cc56fd5c63b351df3d32:1781343300000] 🚀 Executing scheduled global orchestration...","timestamp":"2026-06-13 15:05:00"}
{"level":"info","message":"Orchestrator: Starting global scan orchestration... ","timestamp":"2026-06-13 15:05:00"}
{"level":"info","message":"🔗 Connecting to MASTER database: master","timestamp":"2026-06-13 15:05:00"}
{"level":"info","message":"Orchestrator: Found 2 tenants to process.","timestamp":"2026-06-13 15:05:00"}
{"level":"info","message":"📁 Switching to CLIENT database: tenant_rbi (Tenant: rbi)","timestamp":"2026-06-13 15:05:00"}
{"level":"info","message":"Orchestrator: No domains found for tenant rbi (excluding those currently scanning).","timestamp":"2026-06-13 15:05:00"}
{"level":"info","message":"📁 Switching to CLIENT database: tenant_sbi (Tenant: sbi)","timestamp":"2026-06-13 15:05:00"}
{"level":"info","message":"Orchestrator: No domains found for tenant sbi (excluding those currently scanning).","timestamp":"2026-06-13 15:05:00"}
{"level":"info","message":"Orchestrator: Master DB connection closed.","timestamp":"2026-06-13 15:05:00"}
{"level":"info","message":"✅ Orchestrator: Finished. Total jobs enqueued: 0","timestamp":"2026-06-13 15:05:00"}
{"level":"info","message":"Job repeat:c10eea93bf68cc56fd5c63b351df3d32:1781343300000 (Orchestrator) completed successfully.","timestamp":"2026-06-13 15:05:00"}
{"level":"info","message":"[Job repeat:c10eea93bf68cc56fd5c63b351df3d32:1781343360000] 🚀 Executing scheduled global orchestration...","timestamp":"2026-06-13 15:06:00"}
{"level":"info","message":"Orchestrator: Starting global scan orchestration... ","timestamp":"2026-06-13 15:06:00"}
{"level":"info","message":"🔗 Connecting to MASTER database: master","timestamp":"2026-06-13 15:06:00"}
{"level":"info","message":"Orchestrator: Found 2 tenants to process.","timestamp":"2026-06-13 15:06:01"}
{"level":"info","message":"📁 Switching to CLIENT database: tenant_rbi (Tenant: rbi)","timestamp":"2026-06-13 15:06:01"}
{"level":"info","message":"Orchestrator: No domains found for tenant rbi (excluding those currently scanning).","timestamp":"2026-06-13 15:06:01"}
{"level":"info","message":"📁 Switching to CLIENT database: tenant_sbi (Tenant: sbi)","timestamp":"2026-06-13 15:06:01"}
{"level":"info","message":"Orchestrator: No domains found for tenant sbi (excluding those currently scanning).","timestamp":"2026-06-13 15:06:01"}
{"level":"info","message":"Orchestrator: Master DB connection closed.","timestamp":"2026-06-13 15:06:01"}
{"level":"info","message":"✅ Orchestrator: Finished. Total jobs enqueued: 0","timestamp":"2026-06-13 15:06:01"}
{"level":"info","message":"Job repeat:c10eea93bf68cc56fd5c63b351df3d32:1781343360000 (Orchestrator) completed successfully.","timestamp":"2026-06-13 15:06:01"}
{"level":"info","message":"[Job repeat:c10eea93bf68cc56fd5c63b351df3d32:1781343420000] 🚀 Executing scheduled global orchestration...","timestamp":"2026-06-13 15:07:00"}
{"level":"info","message":"Orchestrator: Starting global scan orchestration... ","timestamp":"2026-06-13 15:07:00"}
{"level":"info","message":"🔗 Connecting to MASTER database: master","timestamp":"2026-06-13 15:07:00"}
{"level":"info","message":"Orchestrator: Found 2 tenants to process.","timestamp":"2026-06-13 15:07:00"}
{"level":"info","message":"📁 Switching to CLIENT database: tenant_rbi (Tenant: rbi)","timestamp":"2026-06-13 15:07:00"}
{"level":"info","message":"Orchestrator: No domains found for tenant rbi (excluding those currently scanning).","timestamp":"2026-06-13 15:07:00"}
{"level":"info","message":"📁 Switching to CLIENT database: tenant_sbi (Tenant: sbi)","timestamp":"2026-06-13 15:07:00"}
{"level":"info","message":"Orchestrator: No domains found for tenant sbi (excluding those currently scanning).","timestamp":"2026-06-13 15:07:00"}
{"level":"info","message":"Orchestrator: Master DB connection closed.","timestamp":"2026-06-13 15:07:00"}
{"level":"info","message":"✅ Orchestrator: Finished. Total jobs enqueued: 0","timestamp":"2026-06-13 15:07:00"}
{"level":"info","message":"Job repeat:c10eea93bf68cc56fd5c63b351df3d32:1781343420000 (Orchestrator) completed successfully.","timestamp":"2026-06-13 15:07:00"}
{"level":"info","message":"[Job repeat:c10eea93bf68cc56fd5c63b351df3d32:1781343480000] 🚀 Executing scheduled global orchestration...","timestamp":"2026-06-13 15:08:00"}
{"level":"info","message":"Orchestrator: Starting global scan orchestration... ","timestamp":"2026-06-13 15:08:00"}
{"level":"info","message":"🔗 Connecting to MASTER database: master","timestamp":"2026-06-13 15:08:00"}
{"level":"info","message":"Orchestrator: Found 2 tenants to process.","timestamp":"2026-06-13 15:08:01"}
{"level":"info","message":"📁 Switching to CLIENT database: tenant_rbi (Tenant: rbi)","timestamp":"2026-06-13 15:08:01"}
{"level":"info","message":"Orchestrator: No domains found for tenant rbi (excluding those currently scanning).","timestamp":"2026-06-13 15:08:01"}
{"level":"info","message":"📁 Switching to CLIENT database: tenant_sbi (Tenant: sbi)","timestamp":"2026-06-13 15:08:01"}
{"level":"info","message":"Orchestrator: No domains found for tenant sbi (excluding those currently scanning).","timestamp":"2026-06-13 15:08:01"}
{"level":"info","message":"Orchestrator: Master DB connection closed.","timestamp":"2026-06-13 15:08:01"}
{"level":"info","message":"✅ Orchestrator: Finished. Total jobs enqueued: 0","timestamp":"2026-06-13 15:08:01"}
{"level":"info","message":"Job repeat:c10eea93bf68cc56fd5c63b351df3d32:1781343480000 (Orchestrator) completed successfully.","timestamp":"2026-06-13 15:08:01"}
{"level":"info","message":"[Job repeat:c10eea93bf68cc56fd5c63b351df3d32:1781343540000] 🚀 Executing scheduled global orchestration...","timestamp":"2026-06-13 15:09:00"}
{"level":"info","message":"Orchestrator: Starting global scan orchestration... ","timestamp":"2026-06-13 15:09:00"}
{"level":"info","message":"🔗 Connecting to MASTER database: master","timestamp":"2026-06-13 15:09:00"}
{"level":"info","message":"Orchestrator: Found 2 tenants to process.","timestamp":"2026-06-13 15:09:01"}
{"level":"info","message":"📁 Switching to CLIENT database: tenant_rbi (Tenant: rbi)","timestamp":"2026-06-13 15:09:01"}
{"level":"info","message":"Orchestrator: No domains found for tenant rbi (excluding those currently scanning).","timestamp":"2026-06-13 15:09:01"}
{"level":"info","message":"📁 Switching to CLIENT database: tenant_sbi (Tenant: sbi)","timestamp":"2026-06-13 15:09:01"}
{"level":"info","message":"Orchestrator: No domains found for tenant sbi (excluding those currently scanning).","timestamp":"2026-06-13 15:09:01"}
{"level":"info","message":"Orchestrator: Master DB connection closed.","timestamp":"2026-06-13 15:09:01"}
{"level":"info","message":"✅ Orchestrator: Finished. Total jobs enqueued: 0","timestamp":"2026-06-13 15:09:01"}
{"level":"info","message":"Job repeat:c10eea93bf68cc56fd5c63b351df3d32:1781343540000 (Orchestrator) completed successfully.","timestamp":"2026-06-13 15:09:01"}
{"level":"info","message":"[Job repeat:c10eea93bf68cc56fd5c63b351df3d32:1781343600000] 🚀 Executing scheduled global orchestration...","timestamp":"2026-06-13 15:10:00"}
{"level":"info","message":"Orchestrator: Starting global scan orchestration... ","timestamp":"2026-06-13 15:10:00"}
{"level":"info","message":"🔗 Connecting to MASTER database: master","timestamp":"2026-06-13 15:10:00"}
{"level":"info","message":"Orchestrator: Found 2 tenants to process.","timestamp":"2026-06-13 15:10:00"}
{"level":"info","message":"📁 Switching to CLIENT database: tenant_rbi (Tenant: rbi)","timestamp":"2026-06-13 15:10:00"}
{"level":"info","message":"Orchestrator: No domains found for tenant rbi (excluding those currently scanning).","timestamp":"2026-06-13 15:10:00"}
{"level":"info","message":"📁 Switching to CLIENT database: tenant_sbi (Tenant: sbi)","timestamp":"2026-06-13 15:10:00"}
{"level":"info","message":"Orchestrator: No domains found for tenant sbi (excluding those currently scanning).","timestamp":"2026-06-13 15:10:00"}
{"level":"info","message":"Orchestrator: Master DB connection closed.","timestamp":"2026-06-13 15:10:00"}
{"level":"info","message":"✅ Orchestrator: Finished. Total jobs enqueued: 0","timestamp":"2026-06-13 15:10:00"}
{"level":"info","message":"Job repeat:c10eea93bf68cc56fd5c63b351df3d32:1781343600000 (Orchestrator) completed successfully.","timestamp":"2026-06-13 15:10:00"}
{"level":"info","message":"[Job repeat:c10eea93bf68cc56fd5c63b351df3d32:1781343660000] 🚀 Executing scheduled global orchestration...","timestamp":"2026-06-13 15:11:00"}
{"level":"info","message":"Orchestrator: Starting global scan orchestration... ","timestamp":"2026-06-13 15:11:00"}
{"level":"info","message":"🔗 Connecting to MASTER database: master","timestamp":"2026-06-13 15:11:00"}
{"level":"info","message":"Orchestrator: Found 2 tenants to process.","timestamp":"2026-06-13 15:11:01"}
{"level":"info","message":"📁 Switching to CLIENT database: tenant_rbi (Tenant: rbi)","timestamp":"2026-06-13 15:11:01"}
{"level":"info","message":"Orchestrator: No domains found for tenant rbi (excluding those currently scanning).","timestamp":"2026-06-13 15:11:01"}
{"level":"info","message":"📁 Switching to CLIENT database: tenant_sbi (Tenant: sbi)","timestamp":"2026-06-13 15:11:01"}
{"level":"info","message":"Orchestrator: No domains found for tenant sbi (excluding those currently scanning).","timestamp":"2026-06-13 15:11:01"}
{"level":"info","message":"Orchestrator: Master DB connection closed.","timestamp":"2026-06-13 15:11:01"}
{"level":"info","message":"✅ Orchestrator: Finished. Total jobs enqueued: 0","timestamp":"2026-06-13 15:11:01"}
{"level":"info","message":"Job repeat:c10eea93bf68cc56fd5c63b351df3d32:1781343660000 (Orchestrator) completed successfully.","timestamp":"2026-06-13 15:11:01"}
{"level":"info","message":"[Job repeat:c10eea93bf68cc56fd5c63b351df3d32:1781343720000] 🚀 Executing scheduled global orchestration...","timestamp":"2026-06-13 15:12:00"}
{"level":"info","message":"Orchestrator: Starting global scan orchestration... ","timestamp":"2026-06-13 15:12:00"}
{"level":"info","message":"🔗 Connecting to MASTER database: master","timestamp":"2026-06-13 15:12:00"}
{"level":"info","message":"Orchestrator: Found 2 tenants to process.","timestamp":"2026-06-13 15:12:00"}
{"level":"info","message":"📁 Switching to CLIENT database: tenant_rbi (Tenant: rbi)","timestamp":"2026-06-13 15:12:00"}
{"level":"info","message":"Orchestrator: No domains found for tenant rbi (excluding those currently scanning).","timestamp":"2026-06-13 15:12:00"}
{"level":"info","message":"📁 Switching to CLIENT database: tenant_sbi (Tenant: sbi)","timestamp":"2026-06-13 15:12:00"}
{"level":"info","message":"Orchestrator: No domains found for tenant sbi (excluding those currently scanning).","timestamp":"2026-06-13 15:12:00"}
{"level":"info","message":"Orchestrator: Master DB connection closed.","timestamp":"2026-06-13 15:12:00"}
{"level":"info","message":"✅ Orchestrator: Finished. Total jobs enqueued: 0","timestamp":"2026-06-13 15:12:00"}
{"level":"info","message":"Job repeat:c10eea93bf68cc56fd5c63b351df3d32:1781343720000 (Orchestrator) completed successfully.","timestamp":"2026-06-13 15:12:00"}
{"level":"info","message":"[Job repeat:c10eea93bf68cc56fd5c63b351df3d32:1781343780000] 🚀 Executing scheduled global orchestration...","timestamp":"2026-06-13 15:13:00"}
{"level":"info","message":"Orchestrator: Starting global scan orchestration... ","timestamp":"2026-06-13 15:13:00"}
{"level":"info","message":"🔗 Connecting to MASTER database: master","timestamp":"2026-06-13 15:13:00"}
{"level":"info","message":"Orchestrator: Found 2 tenants to process.","timestamp":"2026-06-13 15:13:01"}
{"level":"info","message":"📁 Switching to CLIENT database: tenant_rbi (Tenant: rbi)","timestamp":"2026-06-13 15:13:01"}
{"level":"info","message":"Orchestrator: No domains found for tenant rbi (excluding those currently scanning).","timestamp":"2026-06-13 15:13:01"}
{"level":"info","message":"📁 Switching to CLIENT database: tenant_sbi (Tenant: sbi)","timestamp":"2026-06-13 15:13:01"}
{"level":"info","message":"Orchestrator: No domains found for tenant sbi (excluding those currently scanning).","timestamp":"2026-06-13 15:13:01"}
{"level":"info","message":"Orchestrator: Master DB connection closed.","timestamp":"2026-06-13 15:13:01"}
{"level":"info","message":"✅ Orchestrator: Finished. Total jobs enqueued: 0","timestamp":"2026-06-13 15:13:01"}
{"level":"info","message":"Job repeat:c10eea93bf68cc56fd5c63b351df3d32:1781343780000 (Orchestrator) completed successfully.","timestamp":"2026-06-13 15:13:01"}
{"level":"info","message":"[Job repeat:c10eea93bf68cc56fd5c63b351df3d32:1781343840000] 🚀 Executing scheduled global orchestration...","timestamp":"2026-06-13 15:14:00"}
{"level":"info","message":"Orchestrator: Starting global scan orchestration... ","timestamp":"2026-06-13 15:14:00"}
{"level":"info","message":"🔗 Connecting to MASTER database: master","timestamp":"2026-06-13 15:14:00"}
{"level":"info","message":"Orchestrator: Found 2 tenants to process.","timestamp":"2026-06-13 15:14:01"}
{"level":"info","message":"📁 Switching to CLIENT database: tenant_rbi (Tenant: rbi)","timestamp":"2026-06-13 15:14:01"}
{"level":"info","message":"Orchestrator: No domains found for tenant rbi (excluding those currently scanning).","timestamp":"2026-06-13 15:14:01"}
{"level":"info","message":"📁 Switching to CLIENT database: tenant_sbi (Tenant: sbi)","timestamp":"2026-06-13 15:14:01"}
{"level":"info","message":"Orchestrator: No domains found for tenant sbi (excluding those currently scanning).","timestamp":"2026-06-13 15:14:01"}
{"level":"info","message":"Orchestrator: Master DB connection closed.","timestamp":"2026-06-13 15:14:01"}
{"level":"info","message":"✅ Orchestrator: Finished. Total jobs enqueued: 0","timestamp":"2026-06-13 15:14:01"}
{"level":"info","message":"Job repeat:c10eea93bf68cc56fd5c63b351df3d32:1781343840000 (Orchestrator) completed successfully.","timestamp":"2026-06-13 15:14:01"}
{"level":"info","message":"[Job repeat:c10eea93bf68cc56fd5c63b351df3d32:1781343900000] 🚀 Executing scheduled global orchestration...","timestamp":"2026-06-13 15:15:00"}
{"level":"info","message":"Orchestrator: Starting global scan orchestration... ","timestamp":"2026-06-13 15:15:00"}
{"level":"info","message":"🔗 Connecting to MASTER database: master","timestamp":"2026-06-13 15:15:00"}
{"level":"info","message":"Orchestrator: Found 2 tenants to process.","timestamp":"2026-06-13 15:15:00"}
{"level":"info","message":"📁 Switching to CLIENT database: tenant_rbi (Tenant: rbi)","timestamp":"2026-06-13 15:15:00"}
{"level":"info","message":"Orchestrator: No domains found for tenant rbi (excluding those currently scanning).","timestamp":"2026-06-13 15:15:00"}
{"level":"info","message":"📁 Switching to CLIENT database: tenant_sbi (Tenant: sbi)","timestamp":"2026-06-13 15:15:00"}
{"level":"info","message":"Orchestrator: No domains found for tenant sbi (excluding those currently scanning).","timestamp":"2026-06-13 15:15:00"}
{"level":"info","message":"Orchestrator: Master DB connection closed.","timestamp":"2026-06-13 15:15:00"}
{"level":"info","message":"✅ Orchestrator: Finished. Total jobs enqueued: 0","timestamp":"2026-06-13 15:15:00"}
{"level":"info","message":"Job repeat:c10eea93bf68cc56fd5c63b351df3d32:1781343900000 (Orchestrator) completed successfully.","timestamp":"2026-06-13 15:15:00"}
{"level":"info","message":"[Job repeat:c10eea93bf68cc56fd5c63b351df3d32:1781343960000] 🚀 Executing scheduled global orchestration...","timestamp":"2026-06-13 15:16:00"}
{"level":"info","message":"Orchestrator: Starting global scan orchestration... ","timestamp":"2026-06-13 15:16:00"}
{"level":"info","message":"🔗 Connecting to MASTER database: master","timestamp":"2026-06-13 15:16:00"}
{"level":"info","message":"Orchestrator: Found 2 tenants to process.","timestamp":"2026-06-13 15:16:01"}
{"level":"info","message":"📁 Switching to CLIENT database: tenant_rbi (Tenant: rbi)","timestamp":"2026-06-13 15:16:01"}
{"level":"info","message":"Orchestrator: No domains found for tenant rbi (excluding those currently scanning).","timestamp":"2026-06-13 15:16:01"}
{"level":"info","message":"📁 Switching to CLIENT database: tenant_sbi (Tenant: sbi)","timestamp":"2026-06-13 15:16:01"}
{"level":"info","message":"Orchestrator: No domains found for tenant sbi (excluding those currently scanning).","timestamp":"2026-06-13 15:16:01"}
{"level":"info","message":"Orchestrator: Master DB connection closed.","timestamp":"2026-06-13 15:16:01"}
{"level":"info","message":"✅ Orchestrator: Finished. Total jobs enqueued: 0","timestamp":"2026-06-13 15:16:01"}
{"level":"info","message":"Job repeat:c10eea93bf68cc56fd5c63b351df3d32:1781343960000 (Orchestrator) completed successfully.","timestamp":"2026-06-13 15:16:01"}
{"level":"info","message":"[Job repeat:c10eea93bf68cc56fd5c63b351df3d32:1781344020000] 🚀 Executing scheduled global orchestration...","timestamp":"2026-06-13 15:17:00"}
{"level":"info","message":"Orchestrator: Starting global scan orchestration... ","timestamp":"2026-06-13 15:17:00"}
{"level":"info","message":"🔗 Connecting to MASTER database: master","timestamp":"2026-06-13 15:17:00"}
{"level":"info","message":"Orchestrator: Found 2 tenants to process.","timestamp":"2026-06-13 15:17:01"}
{"level":"info","message":"📁 Switching to CLIENT database: tenant_rbi (Tenant: rbi)","timestamp":"2026-06-13 15:17:01"}
{"level":"info","message":"Orchestrator: No domains found for tenant rbi (excluding those currently scanning).","timestamp":"2026-06-13 15:17:01"}
{"level":"info","message":"📁 Switching to CLIENT database: tenant_sbi (Tenant: sbi)","timestamp":"2026-06-13 15:17:01"}
{"level":"info","message":"Orchestrator: No domains found for tenant sbi (excluding those currently scanning).","timestamp":"2026-06-13 15:17:01"}
{"level":"info","message":"Orchestrator: Master DB connection closed.","timestamp":"2026-06-13 15:17:01"}
{"level":"info","message":"✅ Orchestrator: Finished. Total jobs enqueued: 0","timestamp":"2026-06-13 15:17:01"}
{"level":"info","message":"Job repeat:c10eea93bf68cc56fd5c63b351df3d32:1781344020000 (Orchestrator) completed successfully.","timestamp":"2026-06-13 15:17:01"}
{"level":"info","message":"[Job repeat:c10eea93bf68cc56fd5c63b351df3d32:1781344080000] 🚀 Executing scheduled global orchestration...","timestamp":"2026-06-13 15:18:00"}
{"level":"info","message":"Orchestrator: Starting global scan orchestration... ","timestamp":"2026-06-13 15:18:00"}
{"level":"info","message":"🔗 Connecting to MASTER database: master","timestamp":"2026-06-13 15:18:00"}
{"level":"info","message":"Orchestrator: Found 2 tenants to process.","timestamp":"2026-06-13 15:18:00"}
{"level":"info","message":"📁 Switching to CLIENT database: tenant_rbi (Tenant: rbi)","timestamp":"2026-06-13 15:18:00"}
{"level":"info","message":"Orchestrator: No domains found for tenant rbi (excluding those currently scanning).","timestamp":"2026-06-13 15:18:01"}
{"level":"info","message":"📁 Switching to CLIENT database: tenant_sbi (Tenant: sbi)","timestamp":"2026-06-13 15:18:01"}
{"level":"info","message":"Orchestrator: No domains found for tenant sbi (excluding those currently scanning).","timestamp":"2026-06-13 15:18:01"}
{"level":"info","message":"Orchestrator: Master DB connection closed.","timestamp":"2026-06-13 15:18:01"}
{"level":"info","message":"✅ Orchestrator: Finished. Total jobs enqueued: 0","timestamp":"2026-06-13 15:18:01"}
{"level":"info","message":"Job repeat:c10eea93bf68cc56fd5c63b351df3d32:1781344080000 (Orchestrator) completed successfully.","timestamp":"2026-06-13 15:18:01"}
{"level":"info","message":"[Job repeat:c10eea93bf68cc56fd5c63b351df3d32:1781344140000] 🚀 Executing scheduled global orchestration...","timestamp":"2026-06-13 15:19:00"}
{"level":"info","message":"Orchestrator: Starting global scan orchestration... ","timestamp":"2026-06-13 15:19:00"}
{"level":"info","message":"🔗 Connecting to MASTER database: master","timestamp":"2026-06-13 15:19:00"}
{"level":"info","message":"Orchestrator: Found 2 tenants to process.","timestamp":"2026-06-13 15:19:01"}
{"level":"info","message":"📁 Switching to CLIENT database: tenant_rbi (Tenant: rbi)","timestamp":"2026-06-13 15:19:01"}
{"level":"info","message":"Orchestrator: No domains found for tenant rbi (excluding those currently scanning).","timestamp":"2026-06-13 15:19:01"}
{"level":"info","message":"📁 Switching to CLIENT database: tenant_sbi (Tenant: sbi)","timestamp":"2026-06-13 15:19:01"}
{"level":"info","message":"Orchestrator: No domains found for tenant sbi (excluding those currently scanning).","timestamp":"2026-06-13 15:19:01"}
{"level":"info","message":"Orchestrator: Master DB connection closed.","timestamp":"2026-06-13 15:19:01"}
{"level":"info","message":"✅ Orchestrator: Finished. Total jobs enqueued: 0","timestamp":"2026-06-13 15:19:01"}
{"level":"info","message":"Job repeat:c10eea93bf68cc56fd5c63b351df3d32:1781344140000 (Orchestrator) completed successfully.","timestamp":"2026-06-13 15:19:01"}
{"level":"info","message":"[Job repeat:c10eea93bf68cc56fd5c63b351df3d32:1781344200000] 🚀 Executing scheduled global orchestration...","timestamp":"2026-06-13 15:20:00"}
{"level":"info","message":"Orchestrator: Starting global scan orchestration... ","timestamp":"2026-06-13 15:20:00"}
{"level":"info","message":"🔗 Connecting to MASTER database: master","timestamp":"2026-06-13 15:20:00"}
{"level":"info","message":"Orchestrator: Found 2 tenants to process.","timestamp":"2026-06-13 15:20:00"}
{"level":"info","message":"📁 Switching to CLIENT database: tenant_rbi (Tenant: rbi)","timestamp":"2026-06-13 15:20:00"}
{"level":"info","message":"Orchestrator: No domains found for tenant rbi (excluding those currently scanning).","timestamp":"2026-06-13 15:20:00"}
{"level":"info","message":"📁 Switching to CLIENT database: tenant_sbi (Tenant: sbi)","timestamp":"2026-06-13 15:20:00"}
{"level":"info","message":"Orchestrator: No domains found for tenant sbi (excluding those currently scanning).","timestamp":"2026-06-13 15:20:00"}
{"level":"info","message":"Orchestrator: Master DB connection closed.","timestamp":"2026-06-13 15:20:00"}
{"level":"info","message":"✅ Orchestrator: Finished. Total jobs enqueued: 0","timestamp":"2026-06-13 15:20:00"}
{"level":"info","message":"Job repeat:c10eea93bf68cc56fd5c63b351df3d32:1781344200000 (Orchestrator) completed successfully.","timestamp":"2026-06-13 15:20:00"}
{"level":"info","message":"[Job repeat:c10eea93bf68cc56fd5c63b351df3d32:1781344260000] 🚀 Executing scheduled global orchestration...","timestamp":"2026-06-13 15:21:00"}
{"level":"info","message":"Orchestrator: Starting global scan orchestration... ","timestamp":"2026-06-13 15:21:00"}
{"level":"info","message":"🔗 Connecting to MASTER database: master","timestamp":"2026-06-13 15:21:00"}
{"level":"info","message":"Orchestrator: Found 2 tenants to process.","timestamp":"2026-06-13 15:21:01"}
{"level":"info","message":"📁 Switching to CLIENT database: tenant_rbi (Tenant: rbi)","timestamp":"2026-06-13 15:21:01"}
{"level":"info","message":"Orchestrator: No domains found for tenant rbi (excluding those currently scanning).","timestamp":"2026-06-13 15:21:01"}
{"level":"info","message":"📁 Switching to CLIENT database: tenant_sbi (Tenant: sbi)","timestamp":"2026-06-13 15:21:01"}
{"level":"info","message":"Orchestrator: No domains found for tenant sbi (excluding those currently scanning).","timestamp":"2026-06-13 15:21:01"}
{"level":"info","message":"Orchestrator: Master DB connection closed.","timestamp":"2026-06-13 15:21:01"}
{"level":"info","message":"✅ Orchestrator: Finished. Total jobs enqueued: 0","timestamp":"2026-06-13 15:21:01"}
{"level":"info","message":"Job repeat:c10eea93bf68cc56fd5c63b351df3d32:1781344260000 (Orchestrator) completed successfully.","timestamp":"2026-06-13 15:21:01"}
{"level":"info","message":"[Job repeat:c10eea93bf68cc56fd5c63b351df3d32:1781344320000] 🚀 Executing scheduled global orchestration...","timestamp":"2026-06-13 15:22:00"}
{"level":"info","message":"Orchestrator: Starting global scan orchestration... ","timestamp":"2026-06-13 15:22:00"}
{"level":"info","message":"🔗 Connecting to MASTER database: master","timestamp":"2026-06-13 15:22:00"}
{"level":"info","message":"Orchestrator: Found 2 tenants to process.","timestamp":"2026-06-13 15:22:01"}
{"level":"info","message":"📁 Switching to CLIENT database: tenant_rbi (Tenant: rbi)","timestamp":"2026-06-13 15:22:01"}
{"level":"info","message":"Orchestrator: No domains found for tenant rbi (excluding those currently scanning).","timestamp":"2026-06-13 15:22:01"}
{"level":"info","message":"📁 Switching to CLIENT database: tenant_sbi (Tenant: sbi)","timestamp":"2026-06-13 15:22:01"}
{"level":"info","message":"Orchestrator: No domains found for tenant sbi (excluding those currently scanning).","timestamp":"2026-06-13 15:22:01"}
{"level":"info","message":"Orchestrator: Master DB connection closed.","timestamp":"2026-06-13 15:22:01"}
{"level":"info","message":"✅ Orchestrator: Finished. Total jobs enqueued: 0","timestamp":"2026-06-13 15:22:01"}
{"level":"info","message":"Job repeat:c10eea93bf68cc56fd5c63b351df3d32:1781344320000 (Orchestrator) completed successfully.","timestamp":"2026-06-13 15:22:01"}
{"level":"info","message":"[Job repeat:c10eea93bf68cc56fd5c63b351df3d32:1781344380000] 🚀 Executing scheduled global orchestration...","timestamp":"2026-06-13 15:23:00"}
{"level":"info","message":"Orchestrator: Starting global scan orchestration... ","timestamp":"2026-06-13 15:23:00"}
{"level":"info","message":"🔗 Connecting to MASTER database: master","timestamp":"2026-06-13 15:23:00"}
{"level":"info","message":"Orchestrator: Found 2 tenants to process.","timestamp":"2026-06-13 15:23:00"}
{"level":"info","message":"📁 Switching to CLIENT database: tenant_rbi (Tenant: rbi)","timestamp":"2026-06-13 15:23:00"}
{"level":"info","message":"Orchestrator: No domains found for tenant rbi (excluding those currently scanning).","timestamp":"2026-06-13 15:23:00"}
{"level":"info","message":"📁 Switching to CLIENT database: tenant_sbi (Tenant: sbi)","timestamp":"2026-06-13 15:23:00"}
{"level":"info","message":"Orchestrator: No domains found for tenant sbi (excluding those currently scanning).","timestamp":"2026-06-13 15:23:00"}
{"level":"info","message":"Orchestrator: Master DB connection closed.","timestamp":"2026-06-13 15:23:00"}
{"level":"info","message":"✅ Orchestrator: Finished. Total jobs enqueued: 0","timestamp":"2026-06-13 15:23:00"}
{"level":"info","message":"Job repeat:c10eea93bf68cc56fd5c63b351df3d32:1781344380000 (Orchestrator) completed successfully.","timestamp":"2026-06-13 15:23:00"}
{"level":"info","message":"[Job repeat:c10eea93bf68cc56fd5c63b351df3d32:1781344440000] 🚀 Executing scheduled global orchestration...","timestamp":"2026-06-13 15:24:00"}
{"level":"info","message":"Orchestrator: Starting global scan orchestration... ","timestamp":"2026-06-13 15:24:00"}
{"level":"info","message":"🔗 Connecting to MASTER database: master","timestamp":"2026-06-13 15:24:00"}
{"level":"info","message":"Orchestrator: Found 2 tenants to process.","timestamp":"2026-06-13 15:24:01"}
{"level":"info","message":"📁 Switching to CLIENT database: tenant_rbi (Tenant: rbi)","timestamp":"2026-06-13 15:24:01"}
{"level":"info","message":"Orchestrator: No domains found for tenant rbi (excluding those currently scanning).","timestamp":"2026-06-13 15:24:01"}
{"level":"info","message":"📁 Switching to CLIENT database: tenant_sbi (Tenant: sbi)","timestamp":"2026-06-13 15:24:01"}
{"level":"info","message":"Orchestrator: No domains found for tenant sbi (excluding those currently scanning).","timestamp":"2026-06-13 15:24:01"}
{"level":"info","message":"Orchestrator: Master DB connection closed.","timestamp":"2026-06-13 15:24:01"}
{"level":"info","message":"✅ Orchestrator: Finished. Total jobs enqueued: 0","timestamp":"2026-06-13 15:24:01"}
{"level":"info","message":"Job repeat:c10eea93bf68cc56fd5c63b351df3d32:1781344440000 (Orchestrator) completed successfully.","timestamp":"2026-06-13 15:24:01"}
{"level":"info","message":"[Job repeat:c10eea93bf68cc56fd5c63b351df3d32:1781344500000] 🚀 Executing scheduled global orchestration...","timestamp":"2026-06-13 15:25:00"}
{"level":"info","message":"Orchestrator: Starting global scan orchestration... ","timestamp":"2026-06-13 15:25:00"}
{"level":"info","message":"🔗 Connecting to MASTER database: master","timestamp":"2026-06-13 15:25:00"}
{"level":"info","message":"Orchestrator: Found 2 tenants to process.","timestamp":"2026-06-13 15:25:01"}
{"level":"info","message":"📁 Switching to CLIENT database: tenant_rbi (Tenant: rbi)","timestamp":"2026-06-13 15:25:01"}
{"level":"info","message":"Orchestrator: No domains found for tenant rbi (excluding those currently scanning).","timestamp":"2026-06-13 15:25:01"}
{"level":"info","message":"📁 Switching to CLIENT database: tenant_sbi (Tenant: sbi)","timestamp":"2026-06-13 15:25:01"}
{"level":"info","message":"Orchestrator: No domains found for tenant sbi (excluding those currently scanning).","timestamp":"2026-06-13 15:25:01"}
{"level":"info","message":"Orchestrator: Master DB connection closed.","timestamp":"2026-06-13 15:25:01"}
{"level":"info","message":"✅ Orchestrator: Finished. Total jobs enqueued: 0","timestamp":"2026-06-13 15:25:01"}
{"level":"info","message":"Job repeat:c10eea93bf68cc56fd5c63b351df3d32:1781344500000 (Orchestrator) completed successfully.","timestamp":"2026-06-13 15:25:01"}
{"level":"info","message":"[Job repeat:c10eea93bf68cc56fd5c63b351df3d32:1781344560000] 🚀 Executing scheduled global orchestration...","timestamp":"2026-06-13 15:26:00"}
{"level":"info","message":"Orchestrator: Starting global scan orchestration... ","timestamp":"2026-06-13 15:26:00"}
{"level":"info","message":"🔗 Connecting to MASTER database: master","timestamp":"2026-06-13 15:26:00"}
{"level":"info","message":"Orchestrator: Found 2 tenants to process.","timestamp":"2026-06-13 15:26:00"}
{"level":"info","message":"📁 Switching to CLIENT database: tenant_rbi (Tenant: rbi)","timestamp":"2026-06-13 15:26:00"}
{"level":"info","message":"Orchestrator: No domains found for tenant rbi (excluding those currently scanning).","timestamp":"2026-06-13 15:26:00"}
{"level":"info","message":"📁 Switching to CLIENT database: tenant_sbi (Tenant: sbi)","timestamp":"2026-06-13 15:26:00"}
{"level":"info","message":"Orchestrator: No domains found for tenant sbi (excluding those currently scanning).","timestamp":"2026-06-13 15:26:00"}
{"level":"info","message":"Orchestrator: Master DB connection closed.","timestamp":"2026-06-13 15:26:00"}
{"level":"info","message":"✅ Orchestrator: Finished. Total jobs enqueued: 0","timestamp":"2026-06-13 15:26:00"}
{"level":"info","message":"Job repeat:c10eea93bf68cc56fd5c63b351df3d32:1781344560000 (Orchestrator) completed successfully.","timestamp":"2026-06-13 15:26:00"}
{"level":"info","message":"[Job repeat:c10eea93bf68cc56fd5c63b351df3d32:1781344620000] 🚀 Executing scheduled global orchestration...","timestamp":"2026-06-13 15:27:00"}
{"level":"info","message":"Orchestrator: Starting global scan orchestration... ","timestamp":"2026-06-13 15:27:00"}
{"level":"info","message":"🔗 Connecting to MASTER database: master","timestamp":"2026-06-13 15:27:00"}
{"level":"info","message":"Orchestrator: Found 2 tenants to process.","timestamp":"2026-06-13 15:27:00"}
{"level":"info","message":"📁 Switching to CLIENT database: tenant_rbi (Tenant: rbi)","timestamp":"2026-06-13 15:27:00"}
{"level":"info","message":"Orchestrator: No domains found for tenant rbi (excluding those currently scanning).","timestamp":"2026-06-13 15:27:00"}
{"level":"info","message":"📁 Switching to CLIENT database: tenant_sbi (Tenant: sbi)","timestamp":"2026-06-13 15:27:00"}
{"level":"info","message":"Orchestrator: No domains found for tenant sbi (excluding those currently scanning).","timestamp":"2026-06-13 15:27:01"}
{"level":"info","message":"Orchestrator: Master DB connection closed.","timestamp":"2026-06-13 15:27:01"}
{"level":"info","message":"✅ Orchestrator: Finished. Total jobs enqueued: 0","timestamp":"2026-06-13 15:27:01"}
{"level":"info","message":"Job repeat:c10eea93bf68cc56fd5c63b351df3d32:1781344620000 (Orchestrator) completed successfully.","timestamp":"2026-06-13 15:27:01"}
{"level":"info","message":"[Job repeat:c10eea93bf68cc56fd5c63b351df3d32:1781344680000] 🚀 Executing scheduled global orchestration...","timestamp":"2026-06-13 15:28:00"}
{"level":"info","message":"Orchestrator: Starting global scan orchestration... ","timestamp":"2026-06-13 15:28:00"}
{"level":"info","message":"🔗 Connecting to MASTER database: master","timestamp":"2026-06-13 15:28:00"}
{"level":"info","message":"Orchestrator: Found 2 tenants to process.","timestamp":"2026-06-13 15:28:01"}
{"level":"info","message":"📁 Switching to CLIENT database: tenant_rbi (Tenant: rbi)","timestamp":"2026-06-13 15:28:01"}
{"level":"info","message":"Orchestrator: No domains found for tenant rbi (excluding those currently scanning).","timestamp":"2026-06-13 15:28:01"}
{"level":"info","message":"📁 Switching to CLIENT database: tenant_sbi (Tenant: sbi)","timestamp":"2026-06-13 15:28:01"}
{"level":"info","message":"Orchestrator: No domains found for tenant sbi (excluding those currently scanning).","timestamp":"2026-06-13 15:28:01"}
{"level":"info","message":"Orchestrator: Master DB connection closed.","timestamp":"2026-06-13 15:28:01"}
{"level":"info","message":"✅ Orchestrator: Finished. Total jobs enqueued: 0","timestamp":"2026-06-13 15:28:01"}
{"level":"info","message":"Job repeat:c10eea93bf68cc56fd5c63b351df3d32:1781344680000 (Orchestrator) completed successfully.","timestamp":"2026-06-13 15:28:01"}
{"level":"info","message":"[Job repeat:c10eea93bf68cc56fd5c63b351df3d32:1781344740000] 🚀 Executing scheduled global orchestration...","timestamp":"2026-06-13 15:29:01"}
{"level":"info","message":"Orchestrator: Starting global scan orchestration... ","timestamp":"2026-06-13 15:29:01"}
{"level":"info","message":"🔗 Connecting to MASTER database: master","timestamp":"2026-06-13 15:29:01"}
{"level":"info","message":"Orchestrator: Found 2 tenants to process.","timestamp":"2026-06-13 15:29:01"}
{"level":"info","message":"📁 Switching to CLIENT database: tenant_rbi (Tenant: rbi)","timestamp":"2026-06-13 15:29:01"}
{"level":"info","message":"Orchestrator: No domains found for tenant rbi (excluding those currently scanning).","timestamp":"2026-06-13 15:29:01"}
{"level":"info","message":"📁 Switching to CLIENT database: tenant_sbi (Tenant: sbi)","timestamp":"2026-06-13 15:29:01"}
{"level":"info","message":"Orchestrator: No domains found for tenant sbi (excluding those currently scanning).","timestamp":"2026-06-13 15:29:01"}
{"level":"info","message":"Orchestrator: Master DB connection closed.","timestamp":"2026-06-13 15:29:01"}
{"level":"info","message":"✅ Orchestrator: Finished. Total jobs enqueued: 0","timestamp":"2026-06-13 15:29:01"}
{"level":"info","message":"Job repeat:c10eea93bf68cc56fd5c63b351df3d32:1781344740000 (Orchestrator) completed successfully.","timestamp":"2026-06-13 15:29:01"}
{"level":"info","message":"[Job repeat:c10eea93bf68cc56fd5c63b351df3d32:1781344800000] 🚀 Executing scheduled global orchestration...","timestamp":"2026-06-13 15:30:00"}
{"level":"info","message":"Orchestrator: Starting global scan orchestration... ","timestamp":"2026-06-13 15:30:00"}
{"level":"info","message":"🔗 Connecting to MASTER database: master","timestamp":"2026-06-13 15:30:00"}
{"level":"info","message":"Orchestrator: Found 2 tenants to process.","timestamp":"2026-06-13 15:30:01"}
{"level":"info","message":"📁 Switching to CLIENT database: tenant_rbi (Tenant: rbi)","timestamp":"2026-06-13 15:30:01"}
{"level":"info","message":"Orchestrator: No domains found for tenant rbi (excluding those currently scanning).","timestamp":"2026-06-13 15:30:01"}
{"level":"info","message":"📁 Switching to CLIENT database: tenant_sbi (Tenant: sbi)","timestamp":"2026-06-13 15:30:01"}
{"level":"info","message":"Orchestrator: No domains found for tenant sbi (excluding those currently scanning).","timestamp":"2026-06-13 15:30:01"}
{"level":"info","message":"Orchestrator: Master DB connection closed.","timestamp":"2026-06-13 15:30:01"}
{"level":"info","message":"✅ Orchestrator: Finished. Total jobs enqueued: 0","timestamp":"2026-06-13 15:30:01"}
{"level":"info","message":"Job repeat:c10eea93bf68cc56fd5c63b351df3d32:1781344800000 (Orchestrator) completed successfully.","timestamp":"2026-06-13 15:30:01"}
{"level":"info","message":"[Job repeat:c10eea93bf68cc56fd5c63b351df3d32:1781344860000] 🚀 Executing scheduled global orchestration...","timestamp":"2026-06-13 15:31:00"}
{"level":"info","message":"Orchestrator: Starting global scan orchestration... ","timestamp":"2026-06-13 15:31:00"}
{"level":"info","message":"🔗 Connecting to MASTER database: master","timestamp":"2026-06-13 15:31:00"}
{"level":"info","message":"Orchestrator: Found 2 tenants to process.","timestamp":"2026-06-13 15:31:01"}
{"level":"info","message":"📁 Switching to CLIENT database: tenant_rbi (Tenant: rbi)","timestamp":"2026-06-13 15:31:01"}
{"level":"info","message":"Orchestrator: No domains found for tenant rbi (excluding those currently scanning).","timestamp":"2026-06-13 15:31:01"}
{"level":"info","message":"📁 Switching to CLIENT database: tenant_sbi (Tenant: sbi)","timestamp":"2026-06-13 15:31:01"}
{"level":"info","message":"Orchestrator: No domains found for tenant sbi (excluding those currently scanning).","timestamp":"2026-06-13 15:31:01"}
{"level":"info","message":"Orchestrator: Master DB connection closed.","timestamp":"2026-06-13 15:31:01"}
{"level":"info","message":"✅ Orchestrator: Finished. Total jobs enqueued: 0","timestamp":"2026-06-13 15:31:01"}
{"level":"info","message":"Job repeat:c10eea93bf68cc56fd5c63b351df3d32:1781344860000 (Orchestrator) completed successfully.","timestamp":"2026-06-13 15:31:01"}
{"level":"info","message":"[Job repeat:c10eea93bf68cc56fd5c63b351df3d32:1781344920000] 🚀 Executing scheduled global orchestration...","timestamp":"2026-06-13 15:32:00"}
{"level":"info","message":"Orchestrator: Starting global scan orchestration... ","timestamp":"2026-06-13 15:32:00"}
{"level":"info","message":"🔗 Connecting to MASTER database: master","timestamp":"2026-06-13 15:32:00"}
{"level":"info","message":"Orchestrator: Found 2 tenants to process.","timestamp":"2026-06-13 15:32:00"}
{"level":"info","message":"📁 Switching to CLIENT database: tenant_rbi (Tenant: rbi)","timestamp":"2026-06-13 15:32:00"}
{"level":"info","message":"Orchestrator: No domains found for tenant rbi (excluding those currently scanning).","timestamp":"2026-06-13 15:32:00"}
{"level":"info","message":"📁 Switching to CLIENT database: tenant_sbi (Tenant: sbi)","timestamp":"2026-06-13 15:32:00"}
{"level":"info","message":"Orchestrator: No domains found for tenant sbi (excluding those currently scanning).","timestamp":"2026-06-13 15:32:00"}
{"level":"info","message":"Orchestrator: Master DB connection closed.","timestamp":"2026-06-13 15:32:00"}
{"level":"info","message":"✅ Orchestrator: Finished. Total jobs enqueued: 0","timestamp":"2026-06-13 15:32:00"}
{"level":"info","message":"Job repeat:c10eea93bf68cc56fd5c63b351df3d32:1781344920000 (Orchestrator) completed successfully.","timestamp":"2026-06-13 15:32:00"}
{"level":"info","message":"[Job repeat:c10eea93bf68cc56fd5c63b351df3d32:1781344980000] 🚀 Executing scheduled global orchestration...","timestamp":"2026-06-13 15:33:00"}
{"level":"info","message":"Orchestrator: Starting global scan orchestration... ","timestamp":"2026-06-13 15:33:00"}
{"level":"info","message":"🔗 Connecting to MASTER database: master","timestamp":"2026-06-13 15:33:00"}
{"level":"info","message":"Orchestrator: Found 2 tenants to process.","timestamp":"2026-06-13 15:33:01"}
{"level":"info","message":"📁 Switching to CLIENT database: tenant_rbi (Tenant: rbi)","timestamp":"2026-06-13 15:33:01"}
{"level":"info","message":"Orchestrator: No domains found for tenant rbi (excluding those currently scanning).","timestamp":"2026-06-13 15:33:01"}
{"level":"info","message":"📁 Switching to CLIENT database: tenant_sbi (Tenant: sbi)","timestamp":"2026-06-13 15:33:01"}
{"level":"info","message":"Orchestrator: No domains found for tenant sbi (excluding those currently scanning).","timestamp":"2026-06-13 15:33:01"}
{"level":"info","message":"Orchestrator: Master DB connection closed.","timestamp":"2026-06-13 15:33:01"}
{"level":"info","message":"✅ Orchestrator: Finished. Total jobs enqueued: 0","timestamp":"2026-06-13 15:33:01"}
{"level":"info","message":"Job repeat:c10eea93bf68cc56fd5c63b351df3d32:1781344980000 (Orchestrator) completed successfully.","timestamp":"2026-06-13 15:33:01"}
{"level":"info","message":"[Job repeat:c10eea93bf68cc56fd5c63b351df3d32:1781345040000] 🚀 Executing scheduled global orchestration...","timestamp":"2026-06-13 15:34:00"}
{"level":"info","message":"Orchestrator: Starting global scan orchestration... ","timestamp":"2026-06-13 15:34:00"}
{"level":"info","message":"🔗 Connecting to MASTER database: master","timestamp":"2026-06-13 15:34:00"}
{"level":"info","message":"Orchestrator: Found 2 tenants to process.","timestamp":"2026-06-13 15:34:01"}
{"level":"info","message":"📁 Switching to CLIENT database: tenant_rbi (Tenant: rbi)","timestamp":"2026-06-13 15:34:01"}
{"level":"info","message":"Orchestrator: No domains found for tenant rbi (excluding those currently scanning).","timestamp":"2026-06-13 15:34:01"}
{"level":"info","message":"📁 Switching to CLIENT database: tenant_sbi (Tenant: sbi)","timestamp":"2026-06-13 15:34:01"}
{"level":"info","message":"Orchestrator: No domains found for tenant sbi (excluding those currently scanning).","timestamp":"2026-06-13 15:34:01"}
{"level":"info","message":"Orchestrator: Master DB connection closed.","timestamp":"2026-06-13 15:34:01"}
{"level":"info","message":"✅ Orchestrator: Finished. Total jobs enqueued: 0","timestamp":"2026-06-13 15:34:01"}
{"level":"info","message":"Job repeat:c10eea93bf68cc56fd5c63b351df3d32:1781345040000 (Orchestrator) completed successfully.","timestamp":"2026-06-13 15:34:01"}
{"level":"info","message":"[Job repeat:c10eea93bf68cc56fd5c63b351df3d32:1781345100000] 🚀 Executing scheduled global orchestration...","timestamp":"2026-06-13 15:35:01"}
{"level":"info","message":"Orchestrator: Starting global scan orchestration... ","timestamp":"2026-06-13 15:35:01"}
{"level":"info","message":"🔗 Connecting to MASTER database: master","timestamp":"2026-06-13 15:35:01"}
{"level":"info","message":"Orchestrator: Found 2 tenants to process.","timestamp":"2026-06-13 15:35:01"}
{"level":"info","message":"📁 Switching to CLIENT database: tenant_rbi (Tenant: rbi)","timestamp":"2026-06-13 15:35:01"}
{"level":"info","message":"Orchestrator: No domains found for tenant rbi (excluding those currently scanning).","timestamp":"2026-06-13 15:35:01"}
{"level":"info","message":"📁 Switching to CLIENT database: tenant_sbi (Tenant: sbi)","timestamp":"2026-06-13 15:35:01"}
{"level":"info","message":"Orchestrator: No domains found for tenant sbi (excluding those currently scanning).","timestamp":"2026-06-13 15:35:01"}
{"level":"info","message":"Orchestrator: Master DB connection closed.","timestamp":"2026-06-13 15:35:01"}
{"level":"info","message":"✅ Orchestrator: Finished. Total jobs enqueued: 0","timestamp":"2026-06-13 15:35:01"}
{"level":"info","message":"Job repeat:c10eea93bf68cc56fd5c63b351df3d32:1781345100000 (Orchestrator) completed successfully.","timestamp":"2026-06-13 15:35:01"}
{"level":"info","message":"[Job repeat:c10eea93bf68cc56fd5c63b351df3d32:1781345160000] 🚀 Executing scheduled global orchestration...","timestamp":"2026-06-13 15:36:00"}
{"level":"info","message":"Orchestrator: Starting global scan orchestration... ","timestamp":"2026-06-13 15:36:00"}
{"level":"info","message":"🔗 Connecting to MASTER database: master","timestamp":"2026-06-13 15:36:00"}
{"level":"info","message":"Orchestrator: Found 2 tenants to process.","timestamp":"2026-06-13 15:36:00"}
{"level":"info","message":"📁 Switching to CLIENT database: tenant_rbi (Tenant: rbi)","timestamp":"2026-06-13 15:36:00"}
{"level":"info","message":"Orchestrator: No domains found for tenant rbi (excluding those currently scanning).","timestamp":"2026-06-13 15:36:01"}
{"level":"info","message":"📁 Switching to CLIENT database: tenant_sbi (Tenant: sbi)","timestamp":"2026-06-13 15:36:01"}
{"level":"info","message":"Orchestrator: No domains found for tenant sbi (excluding those currently scanning).","timestamp":"2026-06-13 15:36:01"}
{"level":"info","message":"Orchestrator: Master DB connection closed.","timestamp":"2026-06-13 15:36:01"}
{"level":"info","message":"✅ Orchestrator: Finished. Total jobs enqueued: 0","timestamp":"2026-06-13 15:36:01"}
{"level":"info","message":"Job repeat:c10eea93bf68cc56fd5c63b351df3d32:1781345160000 (Orchestrator) completed successfully.","timestamp":"2026-06-13 15:36:01"}
{"level":"info","message":"[Job repeat:c10eea93bf68cc56fd5c63b351df3d32:1781345220000] 🚀 Executing scheduled global orchestration...","timestamp":"2026-06-13 15:37:00"}
{"level":"info","message":"Orchestrator: Starting global scan orchestration... ","timestamp":"2026-06-13 15:37:00"}
{"level":"info","message":"🔗 Connecting to MASTER database: master","timestamp":"2026-06-13 15:37:00"}
{"level":"info","message":"Orchestrator: Found 2 tenants to process.","timestamp":"2026-06-13 15:37:01"}
{"level":"info","message":"📁 Switching to CLIENT database: tenant_rbi (Tenant: rbi)","timestamp":"2026-06-13 15:37:01"}
{"level":"info","message":"Orchestrator: No domains found for tenant rbi (excluding those currently scanning).","timestamp":"2026-06-13 15:37:01"}
{"level":"info","message":"📁 Switching to CLIENT database: tenant_sbi (Tenant: sbi)","timestamp":"2026-06-13 15:37:01"}
{"level":"info","message":"Orchestrator: No domains found for tenant sbi (excluding those currently scanning).","timestamp":"2026-06-13 15:37:01"}
{"level":"info","message":"Orchestrator: Master DB connection closed.","timestamp":"2026-06-13 15:37:01"}
{"level":"info","message":"✅ Orchestrator: Finished. Total jobs enqueued: 0","timestamp":"2026-06-13 15:37:01"}
{"level":"info","message":"Job repeat:c10eea93bf68cc56fd5c63b351df3d32:1781345220000 (Orchestrator) completed successfully.","timestamp":"2026-06-13 15:37:01"}
{"level":"info","message":"[Job repeat:c10eea93bf68cc56fd5c63b351df3d32:1781345280000] 🚀 Executing scheduled global orchestration...","timestamp":"2026-06-13 15:38:00"}
{"level":"info","message":"Orchestrator: Starting global scan orchestration... ","timestamp":"2026-06-13 15:38:00"}
{"level":"info","message":"🔗 Connecting to MASTER database: master","timestamp":"2026-06-13 15:38:00"}
{"level":"info","message":"Orchestrator: Found 2 tenants to process.","timestamp":"2026-06-13 15:38:01"}
{"level":"info","message":"📁 Switching to CLIENT database: tenant_rbi (Tenant: rbi)","timestamp":"2026-06-13 15:38:01"}
{"level":"info","message":"Orchestrator: No domains found for tenant rbi (excluding those currently scanning).","timestamp":"2026-06-13 15:38:01"}
{"level":"info","message":"📁 Switching to CLIENT database: tenant_sbi (Tenant: sbi)","timestamp":"2026-06-13 15:38:01"}
{"level":"info","message":"Orchestrator: No domains found for tenant sbi (excluding those currently scanning).","timestamp":"2026-06-13 15:38:01"}
{"level":"info","message":"Orchestrator: Master DB connection closed.","timestamp":"2026-06-13 15:38:01"}
{"level":"info","message":"✅ Orchestrator: Finished. Total jobs enqueued: 0","timestamp":"2026-06-13 15:38:01"}
{"level":"info","message":"Job repeat:c10eea93bf68cc56fd5c63b351df3d32:1781345280000 (Orchestrator) completed successfully.","timestamp":"2026-06-13 15:38:01"}
{"level":"info","message":"[Job repeat:c10eea93bf68cc56fd5c63b351df3d32:1781345340000] 🚀 Executing scheduled global orchestration...","timestamp":"2026-06-13 15:39:00"}
{"level":"info","message":"Orchestrator: Starting global scan orchestration... ","timestamp":"2026-06-13 15:39:00"}
{"level":"info","message":"🔗 Connecting to MASTER database: master","timestamp":"2026-06-13 15:39:00"}
{"level":"info","message":"Orchestrator: Found 2 tenants to process.","timestamp":"2026-06-13 15:39:00"}
{"level":"info","message":"📁 Switching to CLIENT database: tenant_rbi (Tenant: rbi)","timestamp":"2026-06-13 15:39:00"}
{"level":"info","message":"Orchestrator: No domains found for tenant rbi (excluding those currently scanning).","timestamp":"2026-06-13 15:39:00"}
{"level":"info","message":"📁 Switching to CLIENT database: tenant_sbi (Tenant: sbi)","timestamp":"2026-06-13 15:39:00"}
{"level":"info","message":"Orchestrator: No domains found for tenant sbi (excluding those currently scanning).","timestamp":"2026-06-13 15:39:00"}
{"level":"info","message":"Orchestrator: Master DB connection closed.","timestamp":"2026-06-13 15:39:00"}
{"level":"info","message":"✅ Orchestrator: Finished. Total jobs enqueued: 0","timestamp":"2026-06-13 15:39:00"}
{"level":"info","message":"Job repeat:c10eea93bf68cc56fd5c63b351df3d32:1781345340000 (Orchestrator) completed successfully.","timestamp":"2026-06-13 15:39:00"}
{"level":"info","message":"[Job repeat:c10eea93bf68cc56fd5c63b351df3d32:1781345400000] 🚀 Executing scheduled global orchestration...","timestamp":"2026-06-13 15:40:00"}
{"level":"info","message":"Orchestrator: Starting global scan orchestration... ","timestamp":"2026-06-13 15:40:00"}
{"level":"info","message":"🔗 Connecting to MASTER database: master","timestamp":"2026-06-13 15:40:00"}
{"level":"info","message":"Orchestrator: Found 2 tenants to process.","timestamp":"2026-06-13 15:40:01"}
{"level":"info","message":"📁 Switching to CLIENT database: tenant_rbi (Tenant: rbi)","timestamp":"2026-06-13 15:40:01"}
{"level":"info","message":"Orchestrator: No domains found for tenant rbi (excluding those currently scanning).","timestamp":"2026-06-13 15:40:01"}
{"level":"info","message":"📁 Switching to CLIENT database: tenant_sbi (Tenant: sbi)","timestamp":"2026-06-13 15:40:01"}
{"level":"info","message":"Orchestrator: No domains found for tenant sbi (excluding those currently scanning).","timestamp":"2026-06-13 15:40:01"}
{"level":"info","message":"Orchestrator: Master DB connection closed.","timestamp":"2026-06-13 15:40:01"}
{"level":"info","message":"✅ Orchestrator: Finished. Total jobs enqueued: 0","timestamp":"2026-06-13 15:40:01"}
{"level":"info","message":"Job repeat:c10eea93bf68cc56fd5c63b351df3d32:1781345400000 (Orchestrator) completed successfully.","timestamp":"2026-06-13 15:40:01"}
{"level":"info","message":"[Job repeat:c10eea93bf68cc56fd5c63b351df3d32:1781345460000] 🚀 Executing scheduled global orchestration...","timestamp":"2026-06-13 15:41:00"}
{"level":"info","message":"Orchestrator: Starting global scan orchestration... ","timestamp":"2026-06-13 15:41:00"}
{"level":"info","message":"🔗 Connecting to MASTER database: master","timestamp":"2026-06-13 15:41:00"}
{"level":"info","message":"Orchestrator: Found 2 tenants to process.","timestamp":"2026-06-13 15:41:01"}
{"level":"info","message":"📁 Switching to CLIENT database: tenant_rbi (Tenant: rbi)","timestamp":"2026-06-13 15:41:01"}
{"level":"info","message":"Orchestrator: No domains found for tenant rbi (excluding those currently scanning).","timestamp":"2026-06-13 15:41:01"}
{"level":"info","message":"📁 Switching to CLIENT database: tenant_sbi (Tenant: sbi)","timestamp":"2026-06-13 15:41:01"}
{"level":"info","message":"Orchestrator: No domains found for tenant sbi (excluding those currently scanning).","timestamp":"2026-06-13 15:41:01"}
{"level":"info","message":"Orchestrator: Master DB connection closed.","timestamp":"2026-06-13 15:41:01"}
{"level":"info","message":"✅ Orchestrator: Finished. Total jobs enqueued: 0","timestamp":"2026-06-13 15:41:01"}
{"level":"info","message":"Job repeat:c10eea93bf68cc56fd5c63b351df3d32:1781345460000 (Orchestrator) completed successfully.","timestamp":"2026-06-13 15:41:01"}
{"level":"info","message":"[Job repeat:c10eea93bf68cc56fd5c63b351df3d32:1781345520000] 🚀 Executing scheduled global orchestration...","timestamp":"2026-06-13 15:42:01"}
{"level":"info","message":"Orchestrator: Starting global scan orchestration... ","timestamp":"2026-06-13 15:42:01"}
{"level":"info","message":"🔗 Connecting to MASTER database: master","timestamp":"2026-06-13 15:42:01"}
{"level":"info","message":"Orchestrator: Found 2 tenants to process.","timestamp":"2026-06-13 15:42:01"}
{"level":"info","message":"📁 Switching to CLIENT database: tenant_rbi (Tenant: rbi)","timestamp":"2026-06-13 15:42:01"}
{"level":"info","message":"Orchestrator: No domains found for tenant rbi (excluding those currently scanning).","timestamp":"2026-06-13 15:42:01"}
{"level":"info","message":"📁 Switching to CLIENT database: tenant_sbi (Tenant: sbi)","timestamp":"2026-06-13 15:42:01"}
{"level":"info","message":"Orchestrator: No domains found for tenant sbi (excluding those currently scanning).","timestamp":"2026-06-13 15:42:01"}
{"level":"info","message":"Orchestrator: Master DB connection closed.","timestamp":"2026-06-13 15:42:01"}
{"level":"info","message":"✅ Orchestrator: Finished. Total jobs enqueued: 0","timestamp":"2026-06-13 15:42:01"}
{"level":"info","message":"Job repeat:c10eea93bf68cc56fd5c63b351df3d32:1781345520000 (Orchestrator) completed successfully.","timestamp":"2026-06-13 15:42:01"}
{"level":"info","message":"[Job repeat:c10eea93bf68cc56fd5c63b351df3d32:1781345580000] 🚀 Executing scheduled global orchestration...","timestamp":"2026-06-13 15:43:00"}
{"level":"info","message":"Orchestrator: Starting global scan orchestration... ","timestamp":"2026-06-13 15:43:00"}
{"level":"info","message":"🔗 Connecting to MASTER database: master","timestamp":"2026-06-13 15:43:00"}
{"level":"info","message":"Orchestrator: Found 2 tenants to process.","timestamp":"2026-06-13 15:43:00"}
{"level":"info","message":"📁 Switching to CLIENT database: tenant_rbi (Tenant: rbi)","timestamp":"2026-06-13 15:43:00"}
{"level":"info","message":"Orchestrator: No domains found for tenant rbi (excluding those currently scanning).","timestamp":"2026-06-13 15:43:00"}
{"level":"info","message":"📁 Switching to CLIENT database: tenant_sbi (Tenant: sbi)","timestamp":"2026-06-13 15:43:00"}
{"level":"info","message":"Orchestrator: No domains found for tenant sbi (excluding those currently scanning).","timestamp":"2026-06-13 15:43:00"}
{"level":"info","message":"Orchestrator: Master DB connection closed.","timestamp":"2026-06-13 15:43:01"}
{"level":"info","message":"✅ Orchestrator: Finished. Total jobs enqueued: 0","timestamp":"2026-06-13 15:43:01"}
{"level":"info","message":"Job repeat:c10eea93bf68cc56fd5c63b351df3d32:1781345580000 (Orchestrator) completed successfully.","timestamp":"2026-06-13 15:43:01"}
{"level":"info","message":"[Job repeat:c10eea93bf68cc56fd5c63b351df3d32:1781345640000] 🚀 Executing scheduled global orchestration...","timestamp":"2026-06-13 15:44:00"}
{"level":"info","message":"Orchestrator: Starting global scan orchestration... ","timestamp":"2026-06-13 15:44:00"}
{"level":"info","message":"🔗 Connecting to MASTER database: master","timestamp":"2026-06-13 15:44:00"}
{"level":"info","message":"Orchestrator: Found 2 tenants to process.","timestamp":"2026-06-13 15:44:01"}
{"level":"info","message":"📁 Switching to CLIENT database: tenant_rbi (Tenant: rbi)","timestamp":"2026-06-13 15:44:01"}
{"level":"info","message":"Orchestrator: No domains found for tenant rbi (excluding those currently scanning).","timestamp":"2026-06-13 15:44:01"}
{"level":"info","message":"📁 Switching to CLIENT database: tenant_sbi (Tenant: sbi)","timestamp":"2026-06-13 15:44:01"}
{"level":"info","message":"Orchestrator: No domains found for tenant sbi (excluding those currently scanning).","timestamp":"2026-06-13 15:44:01"}
{"level":"info","message":"Orchestrator: Master DB connection closed.","timestamp":"2026-06-13 15:44:01"}
{"level":"info","message":"✅ Orchestrator: Finished. Total jobs enqueued: 0","timestamp":"2026-06-13 15:44:01"}
{"level":"info","message":"Job repeat:c10eea93bf68cc56fd5c63b351df3d32:1781345640000 (Orchestrator) completed successfully.","timestamp":"2026-06-13 15:44:01"}
{"level":"info","message":"[Job repeat:c10eea93bf68cc56fd5c63b351df3d32:1781345700000] 🚀 Executing scheduled global orchestration...","timestamp":"2026-06-13 15:45:00"}
{"level":"info","message":"Orchestrator: Starting global scan orchestration... ","timestamp":"2026-06-13 15:45:00"}
{"level":"info","message":"🔗 Connecting to MASTER database: master","timestamp":"2026-06-13 15:45:00"}
{"level":"info","message":"Orchestrator: Found 2 tenants to process.","timestamp":"2026-06-13 15:45:01"}
{"level":"info","message":"📁 Switching to CLIENT database: tenant_rbi (Tenant: rbi)","timestamp":"2026-06-13 15:45:01"}
{"level":"info","message":"Orchestrator: No domains found for tenant rbi (excluding those currently scanning).","timestamp":"2026-06-13 15:45:01"}
{"level":"info","message":"📁 Switching to CLIENT database: tenant_sbi (Tenant: sbi)","timestamp":"2026-06-13 15:45:01"}
{"level":"info","message":"Orchestrator: No domains found for tenant sbi (excluding those currently scanning).","timestamp":"2026-06-13 15:45:01"}
{"level":"info","message":"Orchestrator: Master DB connection closed.","timestamp":"2026-06-13 15:45:01"}
{"level":"info","message":"✅ Orchestrator: Finished. Total jobs enqueued: 0","timestamp":"2026-06-13 15:45:01"}
{"level":"info","message":"Job repeat:c10eea93bf68cc56fd5c63b351df3d32:1781345700000 (Orchestrator) completed successfully.","timestamp":"2026-06-13 15:45:01"}
{"level":"info","message":"[Job repeat:c10eea93bf68cc56fd5c63b351df3d32:1781345760000] 🚀 Executing scheduled global orchestration...","timestamp":"2026-06-13 15:46:00"}
{"level":"info","message":"Orchestrator: Starting global scan orchestration... ","timestamp":"2026-06-13 15:46:00"}
{"level":"info","message":"🔗 Connecting to MASTER database: master","timestamp":"2026-06-13 15:46:00"}
{"level":"info","message":"Orchestrator: Found 2 tenants to process.","timestamp":"2026-06-13 15:46:00"}
{"level":"info","message":"📁 Switching to CLIENT database: tenant_rbi (Tenant: rbi)","timestamp":"2026-06-13 15:46:00"}
{"level":"info","message":"Orchestrator: No domains found for tenant rbi (excluding those currently scanning).","timestamp":"2026-06-13 15:46:00"}
{"level":"info","message":"📁 Switching to CLIENT database: tenant_sbi (Tenant: sbi)","timestamp":"2026-06-13 15:46:00"}
{"level":"info","message":"Orchestrator: No domains found for tenant sbi (excluding those currently scanning).","timestamp":"2026-06-13 15:46:00"}
{"level":"info","message":"Orchestrator: Master DB connection closed.","timestamp":"2026-06-13 15:46:00"}
{"level":"info","message":"✅ Orchestrator: Finished. Total jobs enqueued: 0","timestamp":"2026-06-13 15:46:00"}
{"level":"info","message":"Job repeat:c10eea93bf68cc56fd5c63b351df3d32:1781345760000 (Orchestrator) completed successfully.","timestamp":"2026-06-13 15:46:00"}
{"level":"info","message":"[Job repeat:c10eea93bf68cc56fd5c63b351df3d32:1781345820000] 🚀 Executing scheduled global orchestration...","timestamp":"2026-06-13 15:47:00"}
{"level":"info","message":"Orchestrator: Starting global scan orchestration... ","timestamp":"2026-06-13 15:47:00"}
{"level":"info","message":"🔗 Connecting to MASTER database: master","timestamp":"2026-06-13 15:47:00"}
{"level":"info","message":"Orchestrator: Found 2 tenants to process.","timestamp":"2026-06-13 15:47:00"}
{"level":"info","message":"📁 Switching to CLIENT database: tenant_rbi (Tenant: rbi)","timestamp":"2026-06-13 15:47:00"}
{"level":"info","message":"Orchestrator: No domains found for tenant rbi (excluding those currently scanning).","timestamp":"2026-06-13 15:47:00"}
{"level":"info","message":"📁 Switching to CLIENT database: tenant_sbi (Tenant: sbi)","timestamp":"2026-06-13 15:47:00"}
{"level":"info","message":"Orchestrator: No domains found for tenant sbi (excluding those currently scanning).","timestamp":"2026-06-13 15:47:01"}
{"level":"info","message":"Orchestrator: Master DB connection closed.","timestamp":"2026-06-13 15:47:01"}
{"level":"info","message":"✅ Orchestrator: Finished. Total jobs enqueued: 0","timestamp":"2026-06-13 15:47:01"}
{"level":"info","message":"Job repeat:c10eea93bf68cc56fd5c63b351df3d32:1781345820000 (Orchestrator) completed successfully.","timestamp":"2026-06-13 15:47:01"}
{"level":"info","message":"[Job repeat:c10eea93bf68cc56fd5c63b351df3d32:1781345880000] 🚀 Executing scheduled global orchestration...","timestamp":"2026-06-13 15:48:00"}
{"level":"info","message":"Orchestrator: Starting global scan orchestration... ","timestamp":"2026-06-13 15:48:00"}
{"level":"info","message":"🔗 Connecting to MASTER database: master","timestamp":"2026-06-13 15:48:00"}
{"level":"info","message":"Orchestrator: Found 2 tenants to process.","timestamp":"2026-06-13 15:48:01"}
{"level":"info","message":"📁 Switching to CLIENT database: tenant_rbi (Tenant: rbi)","timestamp":"2026-06-13 15:48:01"}
{"level":"info","message":"Orchestrator: No domains found for tenant rbi (excluding those currently scanning).","timestamp":"2026-06-13 15:48:01"}
{"level":"info","message":"📁 Switching to CLIENT database: tenant_sbi (Tenant: sbi)","timestamp":"2026-06-13 15:48:01"}
{"level":"info","message":"Orchestrator: No domains found for tenant sbi (excluding those currently scanning).","timestamp":"2026-06-13 15:48:01"}
{"level":"info","message":"Orchestrator: Master DB connection closed.","timestamp":"2026-06-13 15:48:01"}
{"level":"info","message":"✅ Orchestrator: Finished. Total jobs enqueued: 0","timestamp":"2026-06-13 15:48:01"}
{"level":"info","message":"Job repeat:c10eea93bf68cc56fd5c63b351df3d32:1781345880000 (Orchestrator) completed successfully.","timestamp":"2026-06-13 15:48:01"}
{"level":"info","message":"[Job repeat:c10eea93bf68cc56fd5c63b351df3d32:1781345940000] 🚀 Executing scheduled global orchestration...","timestamp":"2026-06-13 15:49:00"}
{"level":"info","message":"Orchestrator: Starting global scan orchestration... ","timestamp":"2026-06-13 15:49:00"}
{"level":"info","message":"🔗 Connecting to MASTER database: master","timestamp":"2026-06-13 15:49:00"}
{"level":"info","message":"Orchestrator: Found 2 tenants to process.","timestamp":"2026-06-13 15:49:00"}
{"level":"info","message":"📁 Switching to CLIENT database: tenant_rbi (Tenant: rbi)","timestamp":"2026-06-13 15:49:00"}
{"level":"info","message":"Orchestrator: No domains found for tenant rbi (excluding those currently scanning).","timestamp":"2026-06-13 15:49:00"}
{"level":"info","message":"📁 Switching to CLIENT database: tenant_sbi (Tenant: sbi)","timestamp":"2026-06-13 15:49:00"}
{"level":"info","message":"Orchestrator: No domains found for tenant sbi (excluding those currently scanning).","timestamp":"2026-06-13 15:49:00"}
{"level":"info","message":"Orchestrator: Master DB connection closed.","timestamp":"2026-06-13 15:49:00"}
{"level":"info","message":"✅ Orchestrator: Finished. Total jobs enqueued: 0","timestamp":"2026-06-13 15:49:00"}
{"level":"info","message":"Job repeat:c10eea93bf68cc56fd5c63b351df3d32:1781345940000 (Orchestrator) completed successfully.","timestamp":"2026-06-13 15:49:00"}
{"level":"info","message":"[Job repeat:c10eea93bf68cc56fd5c63b351df3d32:1781346000000] 🚀 Executing scheduled global orchestration...","timestamp":"2026-06-13 15:50:00"}
{"level":"info","message":"Orchestrator: Starting global scan orchestration... ","timestamp":"2026-06-13 15:50:00"}
{"level":"info","message":"🔗 Connecting to MASTER database: master","timestamp":"2026-06-13 15:50:00"}
{"level":"info","message":"Orchestrator: Found 2 tenants to process.","timestamp":"2026-06-13 15:50:00"}
{"level":"info","message":"📁 Switching to CLIENT database: tenant_rbi (Tenant: rbi)","timestamp":"2026-06-13 15:50:00"}
{"level":"info","message":"Orchestrator: No domains found for tenant rbi (excluding those currently scanning).","timestamp":"2026-06-13 15:50:01"}
{"level":"info","message":"📁 Switching to CLIENT database: tenant_sbi (Tenant: sbi)","timestamp":"2026-06-13 15:50:01"}
{"level":"info","message":"Orchestrator: No domains found for tenant sbi (excluding those currently scanning).","timestamp":"2026-06-13 15:50:01"}
{"level":"info","message":"Orchestrator: Master DB connection closed.","timestamp":"2026-06-13 15:50:01"}
{"level":"info","message":"✅ Orchestrator: Finished. Total jobs enqueued: 0","timestamp":"2026-06-13 15:50:01"}
{"level":"info","message":"Job repeat:c10eea93bf68cc56fd5c63b351df3d32:1781346000000 (Orchestrator) completed successfully.","timestamp":"2026-06-13 15:50:01"}
{"level":"info","message":"[Job repeat:c10eea93bf68cc56fd5c63b351df3d32:1781346060000] 🚀 Executing scheduled global orchestration...","timestamp":"2026-06-13 15:51:00"}
{"level":"info","message":"Orchestrator: Starting global scan orchestration... ","timestamp":"2026-06-13 15:51:00"}
{"level":"info","message":"🔗 Connecting to MASTER database: master","timestamp":"2026-06-13 15:51:00"}
{"level":"info","message":"Orchestrator: Found 2 tenants to process.","timestamp":"2026-06-13 15:51:01"}
{"level":"info","message":"📁 Switching to CLIENT database: tenant_rbi (Tenant: rbi)","timestamp":"2026-06-13 15:51:01"}
{"level":"info","message":"Orchestrator: No domains found for tenant rbi (excluding those currently scanning).","timestamp":"2026-06-13 15:51:01"}
{"level":"info","message":"📁 Switching to CLIENT database: tenant_sbi (Tenant: sbi)","timestamp":"2026-06-13 15:51:01"}
{"level":"info","message":"Orchestrator: No domains found for tenant sbi (excluding those currently scanning).","timestamp":"2026-06-13 15:51:01"}
{"level":"info","message":"Orchestrator: Master DB connection closed.","timestamp":"2026-06-13 15:51:01"}
{"level":"info","message":"✅ Orchestrator: Finished. Total jobs enqueued: 0","timestamp":"2026-06-13 15:51:01"}
{"level":"info","message":"Job repeat:c10eea93bf68cc56fd5c63b351df3d32:1781346060000 (Orchestrator) completed successfully.","timestamp":"2026-06-13 15:51:01"}
{"level":"info","message":"[Job repeat:c10eea93bf68cc56fd5c63b351df3d32:1781346120000] 🚀 Executing scheduled global orchestration...","timestamp":"2026-06-13 15:52:01"}
{"level":"info","message":"Orchestrator: Starting global scan orchestration... ","timestamp":"2026-06-13 15:52:01"}
{"level":"info","message":"🔗 Connecting to MASTER database: master","timestamp":"2026-06-13 15:52:01"}
{"level":"info","message":"Orchestrator: Found 2 tenants to process.","timestamp":"2026-06-13 15:52:01"}
{"level":"info","message":"📁 Switching to CLIENT database: tenant_rbi (Tenant: rbi)","timestamp":"2026-06-13 15:52:01"}
{"level":"info","message":"Orchestrator: No domains found for tenant rbi (excluding those currently scanning).","timestamp":"2026-06-13 15:52:01"}
{"level":"info","message":"📁 Switching to CLIENT database: tenant_sbi (Tenant: sbi)","timestamp":"2026-06-13 15:52:01"}
{"level":"info","message":"Orchestrator: No domains found for tenant sbi (excluding those currently scanning).","timestamp":"2026-06-13 15:52:01"}
{"level":"info","message":"Orchestrator: Master DB connection closed.","timestamp":"2026-06-13 15:52:01"}
{"level":"info","message":"✅ Orchestrator: Finished. Total jobs enqueued: 0","timestamp":"2026-06-13 15:52:01"}
{"level":"info","message":"Job repeat:c10eea93bf68cc56fd5c63b351df3d32:1781346120000 (Orchestrator) completed successfully.","timestamp":"2026-06-13 15:52:01"}
{"level":"info","message":"[Job repeat:c10eea93bf68cc56fd5c63b351df3d32:1781346180000] 🚀 Executing scheduled global orchestration...","timestamp":"2026-06-13 15:53:00"}
{"level":"info","message":"Orchestrator: Starting global scan orchestration... ","timestamp":"2026-06-13 15:53:00"}
{"level":"info","message":"🔗 Connecting to MASTER database: master","timestamp":"2026-06-13 15:53:00"}
{"level":"info","message":"Orchestrator: Found 2 tenants to process.","timestamp":"2026-06-13 15:53:00"}
{"level":"info","message":"📁 Switching to CLIENT database: tenant_rbi (Tenant: rbi)","timestamp":"2026-06-13 15:53:00"}
{"level":"info","message":"Orchestrator: No domains found for tenant rbi (excluding those currently scanning).","timestamp":"2026-06-13 15:53:00"}
{"level":"info","message":"📁 Switching to CLIENT database: tenant_sbi (Tenant: sbi)","timestamp":"2026-06-13 15:53:00"}
{"level":"info","message":"Orchestrator: No domains found for tenant sbi (excluding those currently scanning).","timestamp":"2026-06-13 15:53:00"}
{"level":"info","message":"Orchestrator: Master DB connection closed.","timestamp":"2026-06-13 15:53:00"}
{"level":"info","message":"✅ Orchestrator: Finished. Total jobs enqueued: 0","timestamp":"2026-06-13 15:53:00"}
{"level":"info","message":"Job repeat:c10eea93bf68cc56fd5c63b351df3d32:1781346180000 (Orchestrator) completed successfully.","timestamp":"2026-06-13 15:53:00"}
{"level":"info","message":"[Job repeat:c10eea93bf68cc56fd5c63b351df3d32:1781346240000] 🚀 Executing scheduled global orchestration...","timestamp":"2026-06-13 15:54:00"}
{"level":"info","message":"Orchestrator: Starting global scan orchestration... ","timestamp":"2026-06-13 15:54:00"}
{"level":"info","message":"🔗 Connecting to MASTER database: master","timestamp":"2026-06-13 15:54:00"}
{"level":"info","message":"Orchestrator: Found 2 tenants to process.","timestamp":"2026-06-13 15:54:01"}
{"level":"info","message":"📁 Switching to CLIENT database: tenant_rbi (Tenant: rbi)","timestamp":"2026-06-13 15:54:01"}
{"level":"info","message":"Orchestrator: No domains found for tenant rbi (excluding those currently scanning).","timestamp":"2026-06-13 15:54:01"}
{"level":"info","message":"📁 Switching to CLIENT database: tenant_sbi (Tenant: sbi)","timestamp":"2026-06-13 15:54:01"}
{"level":"info","message":"Orchestrator: No domains found for tenant sbi (excluding those currently scanning).","timestamp":"2026-06-13 15:54:01"}
{"level":"info","message":"Orchestrator: Master DB connection closed.","timestamp":"2026-06-13 15:54:01"}
{"level":"info","message":"✅ Orchestrator: Finished. Total jobs enqueued: 0","timestamp":"2026-06-13 15:54:01"}
{"level":"info","message":"Job repeat:c10eea93bf68cc56fd5c63b351df3d32:1781346240000 (Orchestrator) completed successfully.","timestamp":"2026-06-13 15:54:01"}
{"level":"info","message":"[Job repeat:c10eea93bf68cc56fd5c63b351df3d32:1781346300000] 🚀 Executing scheduled global orchestration...","timestamp":"2026-06-13 15:55:00"}
{"level":"info","message":"Orchestrator: Starting global scan orchestration... ","timestamp":"2026-06-13 15:55:00"}
{"level":"info","message":"🔗 Connecting to MASTER database: master","timestamp":"2026-06-13 15:55:00"}
{"level":"info","message":"Orchestrator: Found 2 tenants to process.","timestamp":"2026-06-13 15:55:00"}
{"level":"info","message":"📁 Switching to CLIENT database: tenant_rbi (Tenant: rbi)","timestamp":"2026-06-13 15:55:00"}
{"level":"info","message":"Orchestrator: No domains found for tenant rbi (excluding those currently scanning).","timestamp":"2026-06-13 15:55:00"}
{"level":"info","message":"📁 Switching to CLIENT database: tenant_sbi (Tenant: sbi)","timestamp":"2026-06-13 15:55:00"}
{"level":"info","message":"Orchestrator: No domains found for tenant sbi (excluding those currently scanning).","timestamp":"2026-06-13 15:55:00"}
{"level":"info","message":"Orchestrator: Master DB connection closed.","timestamp":"2026-06-13 15:55:00"}
{"level":"info","message":"✅ Orchestrator: Finished. Total jobs enqueued: 0","timestamp":"2026-06-13 15:55:00"}
{"level":"info","message":"Job repeat:c10eea93bf68cc56fd5c63b351df3d32:1781346300000 (Orchestrator) completed successfully.","timestamp":"2026-06-13 15:55:00"}
{"level":"info","message":"[Job repeat:c10eea93bf68cc56fd5c63b351df3d32:1781346360000] 🚀 Executing scheduled global orchestration...","timestamp":"2026-06-13 15:56:00"}
{"level":"info","message":"Orchestrator: Starting global scan orchestration... ","timestamp":"2026-06-13 15:56:00"}
{"level":"info","message":"🔗 Connecting to MASTER database: master","timestamp":"2026-06-13 15:56:00"}
{"level":"info","message":"Orchestrator: Found 2 tenants to process.","timestamp":"2026-06-13 15:56:01"}
{"level":"info","message":"📁 Switching to CLIENT database: tenant_rbi (Tenant: rbi)","timestamp":"2026-06-13 15:56:01"}
{"level":"info","message":"Orchestrator: No domains found for tenant rbi (excluding those currently scanning).","timestamp":"2026-06-13 15:56:01"}
{"level":"info","message":"📁 Switching to CLIENT database: tenant_sbi (Tenant: sbi)","timestamp":"2026-06-13 15:56:01"}
{"level":"info","message":"Orchestrator: No domains found for tenant sbi (excluding those currently scanning).","timestamp":"2026-06-13 15:56:01"}
{"level":"info","message":"Orchestrator: Master DB connection closed.","timestamp":"2026-06-13 15:56:01"}
{"level":"info","message":"✅ Orchestrator: Finished. Total jobs enqueued: 0","timestamp":"2026-06-13 15:56:01"}
{"level":"info","message":"Job repeat:c10eea93bf68cc56fd5c63b351df3d32:1781346360000 (Orchestrator) completed successfully.","timestamp":"2026-06-13 15:56:01"}
{"level":"info","message":"[Job repeat:c10eea93bf68cc56fd5c63b351df3d32:1781346420000] 🚀 Executing scheduled global orchestration...","timestamp":"2026-06-13 15:57:00"}
{"level":"info","message":"Orchestrator: Starting global scan orchestration... ","timestamp":"2026-06-13 15:57:00"}
{"level":"info","message":"🔗 Connecting to MASTER database: master","timestamp":"2026-06-13 15:57:00"}
{"level":"info","message":"Orchestrator: Found 2 tenants to process.","timestamp":"2026-06-13 15:57:01"}
{"level":"info","message":"📁 Switching to CLIENT database: tenant_rbi (Tenant: rbi)","timestamp":"2026-06-13 15:57:01"}
{"level":"info","message":"Orchestrator: No domains found for tenant rbi (excluding those currently scanning).","timestamp":"2026-06-13 15:57:01"}
{"level":"info","message":"📁 Switching to CLIENT database: tenant_sbi (Tenant: sbi)","timestamp":"2026-06-13 15:57:01"}
{"level":"info","message":"Orchestrator: No domains found for tenant sbi (excluding those currently scanning).","timestamp":"2026-06-13 15:57:01"}
{"level":"info","message":"Orchestrator: Master DB connection closed.","timestamp":"2026-06-13 15:57:01"}
{"level":"info","message":"✅ Orchestrator: Finished. Total jobs enqueued: 0","timestamp":"2026-06-13 15:57:01"}
{"level":"info","message":"Job repeat:c10eea93bf68cc56fd5c63b351df3d32:1781346420000 (Orchestrator) completed successfully.","timestamp":"2026-06-13 15:57:01"}
{"level":"info","message":"[Job repeat:c10eea93bf68cc56fd5c63b351df3d32:1781346480000] 🚀 Executing scheduled global orchestration...","timestamp":"2026-06-13 15:58:00"}
{"level":"info","message":"Orchestrator: Starting global scan orchestration... ","timestamp":"2026-06-13 15:58:00"}
{"level":"info","message":"🔗 Connecting to MASTER database: master","timestamp":"2026-06-13 15:58:00"}
{"level":"info","message":"Orchestrator: Found 2 tenants to process.","timestamp":"2026-06-13 15:58:00"}
{"level":"info","message":"📁 Switching to CLIENT database: tenant_rbi (Tenant: rbi)","timestamp":"2026-06-13 15:58:00"}
{"level":"info","message":"Orchestrator: No domains found for tenant rbi (excluding those currently scanning).","timestamp":"2026-06-13 15:58:00"}
{"level":"info","message":"📁 Switching to CLIENT database: tenant_sbi (Tenant: sbi)","timestamp":"2026-06-13 15:58:00"}
{"level":"info","message":"Orchestrator: No domains found for tenant sbi (excluding those currently scanning).","timestamp":"2026-06-13 15:58:00"}
{"level":"info","message":"Orchestrator: Master DB connection closed.","timestamp":"2026-06-13 15:58:00"}
{"level":"info","message":"✅ Orchestrator: Finished. Total jobs enqueued: 0","timestamp":"2026-06-13 15:58:00"}
{"level":"info","message":"Job repeat:c10eea93bf68cc56fd5c63b351df3d32:1781346480000 (Orchestrator) completed successfully.","timestamp":"2026-06-13 15:58:00"}
{"level":"info","message":"[Job repeat:c10eea93bf68cc56fd5c63b351df3d32:1781346540000] 🚀 Executing scheduled global orchestration...","timestamp":"2026-06-13 15:59:00"}
{"level":"info","message":"Orchestrator: Starting global scan orchestration... ","timestamp":"2026-06-13 15:59:00"}
{"level":"info","message":"🔗 Connecting to MASTER database: master","timestamp":"2026-06-13 15:59:00"}
{"level":"info","message":"Orchestrator: Found 2 tenants to process.","timestamp":"2026-06-13 15:59:01"}
{"level":"info","message":"📁 Switching to CLIENT database: tenant_rbi (Tenant: rbi)","timestamp":"2026-06-13 15:59:01"}
{"level":"info","message":"Orchestrator: No domains found for tenant rbi (excluding those currently scanning).","timestamp":"2026-06-13 15:59:01"}
{"level":"info","message":"📁 Switching to CLIENT database: tenant_sbi (Tenant: sbi)","timestamp":"2026-06-13 15:59:01"}
{"level":"info","message":"Orchestrator: No domains found for tenant sbi (excluding those currently scanning).","timestamp":"2026-06-13 15:59:01"}
{"level":"info","message":"Orchestrator: Master DB connection closed.","timestamp":"2026-06-13 15:59:01"}
{"level":"info","message":"✅ Orchestrator: Finished. Total jobs enqueued: 0","timestamp":"2026-06-13 15:59:01"}
{"level":"info","message":"Job repeat:c10eea93bf68cc56fd5c63b351df3d32:1781346540000 (Orchestrator) completed successfully.","timestamp":"2026-06-13 15:59:01"}
{"level":"info","message":"[Job repeat:c10eea93bf68cc56fd5c63b351df3d32:1781346600000] 🚀 Executing scheduled global orchestration...","timestamp":"2026-06-13 16:00:00"}
{"level":"info","message":"Orchestrator: Starting global scan orchestration... ","timestamp":"2026-06-13 16:00:00"}
{"level":"info","message":"🔗 Connecting to MASTER database: master","timestamp":"2026-06-13 16:00:00"}
{"level":"info","message":"Orchestrator: Found 2 tenants to process.","timestamp":"2026-06-13 16:00:01"}
{"level":"info","message":"📁 Switching to CLIENT database: tenant_rbi (Tenant: rbi)","timestamp":"2026-06-13 16:00:01"}
{"level":"info","message":"Orchestrator: No domains found for tenant rbi (excluding those currently scanning).","timestamp":"2026-06-13 16:00:01"}
{"level":"info","message":"📁 Switching to CLIENT database: tenant_sbi (Tenant: sbi)","timestamp":"2026-06-13 16:00:01"}
{"level":"info","message":"Orchestrator: No domains found for tenant sbi (excluding those currently scanning).","timestamp":"2026-06-13 16:00:01"}
{"level":"info","message":"Orchestrator: Master DB connection closed.","timestamp":"2026-06-13 16:00:01"}
{"level":"info","message":"✅ Orchestrator: Finished. Total jobs enqueued: 0","timestamp":"2026-06-13 16:00:01"}
{"level":"info","message":"Job repeat:c10eea93bf68cc56fd5c63b351df3d32:1781346600000 (Orchestrator) completed successfully.","timestamp":"2026-06-13 16:00:01"}
{"level":"info","message":"[Job repeat:c10eea93bf68cc56fd5c63b351df3d32:1781346660000] 🚀 Executing scheduled global orchestration...","timestamp":"2026-06-13 16:01:00"}
{"level":"info","message":"Orchestrator: Starting global scan orchestration... ","timestamp":"2026-06-13 16:01:00"}
{"level":"info","message":"🔗 Connecting to MASTER database: master","timestamp":"2026-06-13 16:01:00"}
{"level":"info","message":"Orchestrator: Found 2 tenants to process.","timestamp":"2026-06-13 16:01:00"}
{"level":"info","message":"📁 Switching to CLIENT database: tenant_rbi (Tenant: rbi)","timestamp":"2026-06-13 16:01:00"}
{"level":"info","message":"Orchestrator: No domains found for tenant rbi (excluding those currently scanning).","timestamp":"2026-06-13 16:01:00"}
{"level":"info","message":"📁 Switching to CLIENT database: tenant_sbi (Tenant: sbi)","timestamp":"2026-06-13 16:01:00"}
{"level":"info","message":"Orchestrator: No domains found for tenant sbi (excluding those currently scanning).","timestamp":"2026-06-13 16:01:00"}
{"level":"info","message":"Orchestrator: Master DB connection closed.","timestamp":"2026-06-13 16:01:00"}
{"level":"info","message":"✅ Orchestrator: Finished. Total jobs enqueued: 0","timestamp":"2026-06-13 16:01:00"}
{"level":"info","message":"Job repeat:c10eea93bf68cc56fd5c63b351df3d32:1781346660000 (Orchestrator) completed successfully.","timestamp":"2026-06-13 16:01:00"}
{"level":"info","message":"[Job repeat:c10eea93bf68cc56fd5c63b351df3d32:1781346720000] 🚀 Executing scheduled global orchestration...","timestamp":"2026-06-13 16:02:00"}
{"level":"info","message":"Orchestrator: Starting global scan orchestration... ","timestamp":"2026-06-13 16:02:00"}
{"level":"info","message":"🔗 Connecting to MASTER database: master","timestamp":"2026-06-13 16:02:00"}
{"level":"info","message":"Orchestrator: Found 2 tenants to process.","timestamp":"2026-06-13 16:02:01"}
{"level":"info","message":"📁 Switching to CLIENT database: tenant_rbi (Tenant: rbi)","timestamp":"2026-06-13 16:02:01"}
{"level":"info","message":"Orchestrator: No domains found for tenant rbi (excluding those currently scanning).","timestamp":"2026-06-13 16:02:01"}
{"level":"info","message":"📁 Switching to CLIENT database: tenant_sbi (Tenant: sbi)","timestamp":"2026-06-13 16:02:01"}
{"level":"info","message":"Orchestrator: No domains found for tenant sbi (excluding those currently scanning).","timestamp":"2026-06-13 16:02:01"}
{"level":"info","message":"Orchestrator: Master DB connection closed.","timestamp":"2026-06-13 16:02:01"}
{"level":"info","message":"✅ Orchestrator: Finished. Total jobs enqueued: 0","timestamp":"2026-06-13 16:02:01"}
{"level":"info","message":"Job repeat:c10eea93bf68cc56fd5c63b351df3d32:1781346720000 (Orchestrator) completed successfully.","timestamp":"2026-06-13 16:02:01"}
{"level":"info","message":"[Job repeat:c10eea93bf68cc56fd5c63b351df3d32:1781346780000] 🚀 Executing scheduled global orchestration...","timestamp":"2026-06-13 16:03:00"}
{"level":"info","message":"Orchestrator: Starting global scan orchestration... ","timestamp":"2026-06-13 16:03:00"}
{"level":"info","message":"🔗 Connecting to MASTER database: master","timestamp":"2026-06-13 16:03:00"}
{"level":"info","message":"Orchestrator: Found 2 tenants to process.","timestamp":"2026-06-13 16:03:01"}
{"level":"info","message":"📁 Switching to CLIENT database: tenant_rbi (Tenant: rbi)","timestamp":"2026-06-13 16:03:01"}
{"level":"info","message":"Orchestrator: No domains found for tenant rbi (excluding those currently scanning).","timestamp":"2026-06-13 16:03:01"}
{"level":"info","message":"📁 Switching to CLIENT database: tenant_sbi (Tenant: sbi)","timestamp":"2026-06-13 16:03:01"}
{"level":"info","message":"Orchestrator: No domains found for tenant sbi (excluding those currently scanning).","timestamp":"2026-06-13 16:03:01"}
{"level":"info","message":"Orchestrator: Master DB connection closed.","timestamp":"2026-06-13 16:03:01"}
{"level":"info","message":"✅ Orchestrator: Finished. Total jobs enqueued: 0","timestamp":"2026-06-13 16:03:01"}
{"level":"info","message":"Job repeat:c10eea93bf68cc56fd5c63b351df3d32:1781346780000 (Orchestrator) completed successfully.","timestamp":"2026-06-13 16:03:01"}
{"level":"info","message":"[Job repeat:c10eea93bf68cc56fd5c63b351df3d32:1781346840000] 🚀 Executing scheduled global orchestration...","timestamp":"2026-06-13 16:04:00"}
{"level":"info","message":"Orchestrator: Starting global scan orchestration... ","timestamp":"2026-06-13 16:04:00"}
{"level":"info","message":"🔗 Connecting to MASTER database: master","timestamp":"2026-06-13 16:04:00"}
{"level":"info","message":"Orchestrator: Found 2 tenants to process.","timestamp":"2026-06-13 16:04:01"}
{"level":"info","message":"📁 Switching to CLIENT database: tenant_rbi (Tenant: rbi)","timestamp":"2026-06-13 16:04:01"}
{"level":"info","message":"Orchestrator: No domains found for tenant rbi (excluding those currently scanning).","timestamp":"2026-06-13 16:04:01"}
{"level":"info","message":"📁 Switching to CLIENT database: tenant_sbi (Tenant: sbi)","timestamp":"2026-06-13 16:04:01"}
{"level":"info","message":"Orchestrator: No domains found for tenant sbi (excluding those currently scanning).","timestamp":"2026-06-13 16:04:01"}
{"level":"info","message":"Orchestrator: Master DB connection closed.","timestamp":"2026-06-13 16:04:01"}
{"level":"info","message":"✅ Orchestrator: Finished. Total jobs enqueued: 0","timestamp":"2026-06-13 16:04:01"}
{"level":"info","message":"Job repeat:c10eea93bf68cc56fd5c63b351df3d32:1781346840000 (Orchestrator) completed successfully.","timestamp":"2026-06-13 16:04:01"}
{"level":"info","message":"[Job repeat:c10eea93bf68cc56fd5c63b351df3d32:1781346900000] 🚀 Executing scheduled global orchestration...","timestamp":"2026-06-13 16:05:01"}
{"level":"info","message":"Orchestrator: Starting global scan orchestration... ","timestamp":"2026-06-13 16:05:01"}
{"level":"info","message":"🔗 Connecting to MASTER database: master","timestamp":"2026-06-13 16:05:01"}
{"level":"info","message":"Orchestrator: Found 2 tenants to process.","timestamp":"2026-06-13 16:05:01"}
{"level":"info","message":"📁 Switching to CLIENT database: tenant_rbi (Tenant: rbi)","timestamp":"2026-06-13 16:05:01"}
{"level":"info","message":"Orchestrator: No domains found for tenant rbi (excluding those currently scanning).","timestamp":"2026-06-13 16:05:01"}
{"level":"info","message":"📁 Switching to CLIENT database: tenant_sbi (Tenant: sbi)","timestamp":"2026-06-13 16:05:01"}
{"level":"info","message":"Orchestrator: No domains found for tenant sbi (excluding those currently scanning).","timestamp":"2026-06-13 16:05:01"}
{"level":"info","message":"Orchestrator: Master DB connection closed.","timestamp":"2026-06-13 16:05:01"}
{"level":"info","message":"✅ Orchestrator: Finished. Total jobs enqueued: 0","timestamp":"2026-06-13 16:05:01"}
{"level":"info","message":"Job repeat:c10eea93bf68cc56fd5c63b351df3d32:1781346900000 (Orchestrator) completed successfully.","timestamp":"2026-06-13 16:05:01"}
{"level":"info","message":"[Job repeat:c10eea93bf68cc56fd5c63b351df3d32:1781346960000] 🚀 Executing scheduled global orchestration...","timestamp":"2026-06-13 16:06:00"}
{"level":"info","message":"Orchestrator: Starting global scan orchestration... ","timestamp":"2026-06-13 16:06:00"}
{"level":"info","message":"🔗 Connecting to MASTER database: master","timestamp":"2026-06-13 16:06:00"}
{"level":"info","message":"Orchestrator: Found 2 tenants to process.","timestamp":"2026-06-13 16:06:01"}
{"level":"info","message":"📁 Switching to CLIENT database: tenant_rbi (Tenant: rbi)","timestamp":"2026-06-13 16:06:01"}
{"level":"info","message":"Orchestrator: No domains found for tenant rbi (excluding those currently scanning).","timestamp":"2026-06-13 16:06:01"}
{"level":"info","message":"📁 Switching to CLIENT database: tenant_sbi (Tenant: sbi)","timestamp":"2026-06-13 16:06:01"}
{"level":"info","message":"Orchestrator: No domains found for tenant sbi (excluding those currently scanning).","timestamp":"2026-06-13 16:06:01"}
{"level":"info","message":"Orchestrator: Master DB connection closed.","timestamp":"2026-06-13 16:06:01"}
{"level":"info","message":"✅ Orchestrator: Finished. Total jobs enqueued: 0","timestamp":"2026-06-13 16:06:01"}
{"level":"info","message":"Job repeat:c10eea93bf68cc56fd5c63b351df3d32:1781346960000 (Orchestrator) completed successfully.","timestamp":"2026-06-13 16:06:01"}
{"level":"info","message":"[Job repeat:c10eea93bf68cc56fd5c63b351df3d32:1781347020000] 🚀 Executing scheduled global orchestration...","timestamp":"2026-06-13 16:07:00"}
{"level":"info","message":"Orchestrator: Starting global scan orchestration... ","timestamp":"2026-06-13 16:07:00"}
{"level":"info","message":"🔗 Connecting to MASTER database: master","timestamp":"2026-06-13 16:07:00"}
{"level":"info","message":"Orchestrator: Found 2 tenants to process.","timestamp":"2026-06-13 16:07:01"}
{"level":"info","message":"📁 Switching to CLIENT database: tenant_rbi (Tenant: rbi)","timestamp":"2026-06-13 16:07:01"}
{"level":"info","message":"Orchestrator: No domains found for tenant rbi (excluding those currently scanning).","timestamp":"2026-06-13 16:07:01"}
{"level":"info","message":"📁 Switching to CLIENT database: tenant_sbi (Tenant: sbi)","timestamp":"2026-06-13 16:07:01"}
{"level":"info","message":"Orchestrator: No domains found for tenant sbi (excluding those currently scanning).","timestamp":"2026-06-13 16:07:01"}
{"level":"info","message":"Orchestrator: Master DB connection closed.","timestamp":"2026-06-13 16:07:01"}
{"level":"info","message":"✅ Orchestrator: Finished. Total jobs enqueued: 0","timestamp":"2026-06-13 16:07:01"}
{"level":"info","message":"Job repeat:c10eea93bf68cc56fd5c63b351df3d32:1781347020000 (Orchestrator) completed successfully.","timestamp":"2026-06-13 16:07:01"}
{"level":"info","message":"[Job repeat:c10eea93bf68cc56fd5c63b351df3d32:1781347080000] 🚀 Executing scheduled global orchestration...","timestamp":"2026-06-13 16:08:00"}
{"level":"info","message":"Orchestrator: Starting global scan orchestration... ","timestamp":"2026-06-13 16:08:00"}
{"level":"info","message":"🔗 Connecting to MASTER database: master","timestamp":"2026-06-13 16:08:00"}
{"level":"info","message":"Orchestrator: Found 2 tenants to process.","timestamp":"2026-06-13 16:08:00"}
{"level":"info","message":"📁 Switching to CLIENT database: tenant_rbi (Tenant: rbi)","timestamp":"2026-06-13 16:08:00"}
{"level":"info","message":"Orchestrator: No domains found for tenant rbi (excluding those currently scanning).","timestamp":"2026-06-13 16:08:01"}
{"level":"info","message":"📁 Switching to CLIENT database: tenant_sbi (Tenant: sbi)","timestamp":"2026-06-13 16:08:01"}
{"level":"info","message":"Orchestrator: No domains found for tenant sbi (excluding those currently scanning).","timestamp":"2026-06-13 16:08:01"}
{"level":"info","message":"Orchestrator: Master DB connection closed.","timestamp":"2026-06-13 16:08:01"}
{"level":"info","message":"✅ Orchestrator: Finished. Total jobs enqueued: 0","timestamp":"2026-06-13 16:08:01"}
{"level":"info","message":"Job repeat:c10eea93bf68cc56fd5c63b351df3d32:1781347080000 (Orchestrator) completed successfully.","timestamp":"2026-06-13 16:08:01"}
{"level":"info","message":"[Job repeat:c10eea93bf68cc56fd5c63b351df3d32:1781347140000] 🚀 Executing scheduled global orchestration...","timestamp":"2026-06-13 16:09:00"}
{"level":"info","message":"Orchestrator: Starting global scan orchestration... ","timestamp":"2026-06-13 16:09:00"}
{"level":"info","message":"🔗 Connecting to MASTER database: master","timestamp":"2026-06-13 16:09:00"}
{"level":"info","message":"Orchestrator: Found 2 tenants to process.","timestamp":"2026-06-13 16:09:01"}
{"level":"info","message":"📁 Switching to CLIENT database: tenant_rbi (Tenant: rbi)","timestamp":"2026-06-13 16:09:01"}
{"level":"info","message":"Orchestrator: No domains found for tenant rbi (excluding those currently scanning).","timestamp":"2026-06-13 16:09:01"}
{"level":"info","message":"📁 Switching to CLIENT database: tenant_sbi (Tenant: sbi)","timestamp":"2026-06-13 16:09:01"}
{"level":"info","message":"Orchestrator: No domains found for tenant sbi (excluding those currently scanning).","timestamp":"2026-06-13 16:09:01"}
{"level":"info","message":"Orchestrator: Master DB connection closed.","timestamp":"2026-06-13 16:09:01"}
{"level":"info","message":"✅ Orchestrator: Finished. Total jobs enqueued: 0","timestamp":"2026-06-13 16:09:01"}
{"level":"info","message":"Job repeat:c10eea93bf68cc56fd5c63b351df3d32:1781347140000 (Orchestrator) completed successfully.","timestamp":"2026-06-13 16:09:01"}
{"level":"info","message":"[Job repeat:c10eea93bf68cc56fd5c63b351df3d32:1781347200000] 🚀 Executing scheduled global orchestration...","timestamp":"2026-06-13 16:10:00"}
{"level":"info","message":"Orchestrator: Starting global scan orchestration... ","timestamp":"2026-06-13 16:10:00"}
{"level":"info","message":"🔗 Connecting to MASTER database: master","timestamp":"2026-06-13 16:10:00"}
{"level":"info","message":"Orchestrator: Found 2 tenants to process.","timestamp":"2026-06-13 16:10:00"}
{"level":"info","message":"📁 Switching to CLIENT database: tenant_rbi (Tenant: rbi)","timestamp":"2026-06-13 16:10:00"}
{"level":"info","message":"Orchestrator: No domains found for tenant rbi (excluding those currently scanning).","timestamp":"2026-06-13 16:10:00"}
{"level":"info","message":"📁 Switching to CLIENT database: tenant_sbi (Tenant: sbi)","timestamp":"2026-06-13 16:10:00"}
{"level":"info","message":"Orchestrator: No domains found for tenant sbi (excluding those currently scanning).","timestamp":"2026-06-13 16:10:00"}
{"level":"info","message":"Orchestrator: Master DB connection closed.","timestamp":"2026-06-13 16:10:00"}
{"level":"info","message":"✅ Orchestrator: Finished. Total jobs enqueued: 0","timestamp":"2026-06-13 16:10:00"}
{"level":"info","message":"Job repeat:c10eea93bf68cc56fd5c63b351df3d32:1781347200000 (Orchestrator) completed successfully.","timestamp":"2026-06-13 16:10:00"}
{"level":"info","message":"[Job repeat:c10eea93bf68cc56fd5c63b351df3d32:1781347260000] 🚀 Executing scheduled global orchestration...","timestamp":"2026-06-13 16:11:00"}
{"level":"info","message":"Orchestrator: Starting global scan orchestration... ","timestamp":"2026-06-13 16:11:00"}
{"level":"info","message":"🔗 Connecting to MASTER database: master","timestamp":"2026-06-13 16:11:00"}
{"level":"info","message":"Orchestrator: Found 2 tenants to process.","timestamp":"2026-06-13 16:11:01"}
{"level":"info","message":"📁 Switching to CLIENT database: tenant_rbi (Tenant: rbi)","timestamp":"2026-06-13 16:11:01"}
{"level":"info","message":"Orchestrator: No domains found for tenant rbi (excluding those currently scanning).","timestamp":"2026-06-13 16:11:01"}
{"level":"info","message":"📁 Switching to CLIENT database: tenant_sbi (Tenant: sbi)","timestamp":"2026-06-13 16:11:01"}
{"level":"info","message":"Orchestrator: No domains found for tenant sbi (excluding those currently scanning).","timestamp":"2026-06-13 16:11:01"}
{"level":"info","message":"Orchestrator: Master DB connection closed.","timestamp":"2026-06-13 16:11:01"}
{"level":"info","message":"✅ Orchestrator: Finished. Total jobs enqueued: 0","timestamp":"2026-06-13 16:11:01"}
{"level":"info","message":"Job repeat:c10eea93bf68cc56fd5c63b351df3d32:1781347260000 (Orchestrator) completed successfully.","timestamp":"2026-06-13 16:11:01"}
{"level":"info","message":"[Job repeat:c10eea93bf68cc56fd5c63b351df3d32:1781347320000] 🚀 Executing scheduled global orchestration...","timestamp":"2026-06-13 16:12:00"}
{"level":"info","message":"Orchestrator: Starting global scan orchestration... ","timestamp":"2026-06-13 16:12:00"}
{"level":"info","message":"🔗 Connecting to MASTER database: master","timestamp":"2026-06-13 16:12:00"}
{"level":"info","message":"Orchestrator: Found 2 tenants to process.","timestamp":"2026-06-13 16:12:01"}
{"level":"info","message":"📁 Switching to CLIENT database: tenant_rbi (Tenant: rbi)","timestamp":"2026-06-13 16:12:01"}
{"level":"info","message":"Orchestrator: No domains found for tenant rbi (excluding those currently scanning).","timestamp":"2026-06-13 16:12:01"}
{"level":"info","message":"📁 Switching to CLIENT database: tenant_sbi (Tenant: sbi)","timestamp":"2026-06-13 16:12:01"}
{"level":"info","message":"Orchestrator: No domains found for tenant sbi (excluding those currently scanning).","timestamp":"2026-06-13 16:12:01"}
{"level":"info","message":"Orchestrator: Master DB connection closed.","timestamp":"2026-06-13 16:12:01"}
{"level":"info","message":"✅ Orchestrator: Finished. Total jobs enqueued: 0","timestamp":"2026-06-13 16:12:01"}
{"level":"info","message":"Job repeat:c10eea93bf68cc56fd5c63b351df3d32:1781347320000 (Orchestrator) completed successfully.","timestamp":"2026-06-13 16:12:01"}
{"level":"info","message":"[Job repeat:c10eea93bf68cc56fd5c63b351df3d32:1781347380000] 🚀 Executing scheduled global orchestration...","timestamp":"2026-06-13 16:13:00"}
{"level":"info","message":"Orchestrator: Starting global scan orchestration... ","timestamp":"2026-06-13 16:13:00"}
{"level":"info","message":"🔗 Connecting to MASTER database: master","timestamp":"2026-06-13 16:13:00"}
{"level":"info","message":"Orchestrator: Found 2 tenants to process.","timestamp":"2026-06-13 16:13:00"}
{"level":"info","message":"📁 Switching to CLIENT database: tenant_rbi (Tenant: rbi)","timestamp":"2026-06-13 16:13:00"}
{"level":"info","message":"Orchestrator: No domains found for tenant rbi (excluding those currently scanning).","timestamp":"2026-06-13 16:13:00"}
{"level":"info","message":"📁 Switching to CLIENT database: tenant_sbi (Tenant: sbi)","timestamp":"2026-06-13 16:13:00"}
{"level":"info","message":"Orchestrator: No domains found for tenant sbi (excluding those currently scanning).","timestamp":"2026-06-13 16:13:00"}
{"level":"info","message":"Orchestrator: Master DB connection closed.","timestamp":"2026-06-13 16:13:00"}
{"level":"info","message":"✅ Orchestrator: Finished. Total jobs enqueued: 0","timestamp":"2026-06-13 16:13:00"}
{"level":"info","message":"Job repeat:c10eea93bf68cc56fd5c63b351df3d32:1781347380000 (Orchestrator) completed successfully.","timestamp":"2026-06-13 16:13:00"}
{"level":"info","message":"[Job repeat:c10eea93bf68cc56fd5c63b351df3d32:1781347440000] 🚀 Executing scheduled global orchestration...","timestamp":"2026-06-13 16:14:00"}
{"level":"info","message":"Orchestrator: Starting global scan orchestration... ","timestamp":"2026-06-13 16:14:00"}
{"level":"info","message":"🔗 Connecting to MASTER database: master","timestamp":"2026-06-13 16:14:00"}
{"level":"info","message":"Orchestrator: Found 2 tenants to process.","timestamp":"2026-06-13 16:14:00"}
{"level":"info","message":"📁 Switching to CLIENT database: tenant_rbi (Tenant: rbi)","timestamp":"2026-06-13 16:14:00"}
{"level":"info","message":"Orchestrator: No domains found for tenant rbi (excluding those currently scanning).","timestamp":"2026-06-13 16:14:00"}
{"level":"info","message":"📁 Switching to CLIENT database: tenant_sbi (Tenant: sbi)","timestamp":"2026-06-13 16:14:00"}
{"level":"info","message":"Orchestrator: No domains found for tenant sbi (excluding those currently scanning).","timestamp":"2026-06-13 16:14:00"}
{"level":"info","message":"Orchestrator: Master DB connection closed.","timestamp":"2026-06-13 16:14:00"}
{"level":"info","message":"✅ Orchestrator: Finished. Total jobs enqueued: 0","timestamp":"2026-06-13 16:14:00"}
{"level":"info","message":"Job repeat:c10eea93bf68cc56fd5c63b351df3d32:1781347440000 (Orchestrator) completed successfully.","timestamp":"2026-06-13 16:14:00"}
{"level":"info","message":"[Job repeat:c10eea93bf68cc56fd5c63b351df3d32:1781347500000] 🚀 Executing scheduled global orchestration...","timestamp":"2026-06-13 16:15:00"}
{"level":"info","message":"Orchestrator: Starting global scan orchestration... ","timestamp":"2026-06-13 16:15:00"}
{"level":"info","message":"🔗 Connecting to MASTER database: master","timestamp":"2026-06-13 16:15:00"}
{"level":"info","message":"Orchestrator: Found 2 tenants to process.","timestamp":"2026-06-13 16:15:01"}
{"level":"info","message":"📁 Switching to CLIENT database: tenant_rbi (Tenant: rbi)","timestamp":"2026-06-13 16:15:01"}
{"level":"info","message":"Orchestrator: No domains found for tenant rbi (excluding those currently scanning).","timestamp":"2026-06-13 16:15:01"}
{"level":"info","message":"📁 Switching to CLIENT database: tenant_sbi (Tenant: sbi)","timestamp":"2026-06-13 16:15:01"}
{"level":"info","message":"Orchestrator: No domains found for tenant sbi (excluding those currently scanning).","timestamp":"2026-06-13 16:15:01"}
{"level":"info","message":"Orchestrator: Master DB connection closed.","timestamp":"2026-06-13 16:15:01"}
{"level":"info","message":"✅ Orchestrator: Finished. Total jobs enqueued: 0","timestamp":"2026-06-13 16:15:01"}
{"level":"info","message":"Job repeat:c10eea93bf68cc56fd5c63b351df3d32:1781347500000 (Orchestrator) completed successfully.","timestamp":"2026-06-13 16:15:01"}
{"level":"info","message":"[Job repeat:c10eea93bf68cc56fd5c63b351df3d32:1781347560000] 🚀 Executing scheduled global orchestration...","timestamp":"2026-06-13 16:16:00"}
{"level":"info","message":"Orchestrator: Starting global scan orchestration... ","timestamp":"2026-06-13 16:16:00"}
{"level":"info","message":"🔗 Connecting to MASTER database: master","timestamp":"2026-06-13 16:16:00"}
{"level":"info","message":"Orchestrator: Found 2 tenants to process.","timestamp":"2026-06-13 16:16:01"}
{"level":"info","message":"📁 Switching to CLIENT database: tenant_rbi (Tenant: rbi)","timestamp":"2026-06-13 16:16:01"}
{"level":"info","message":"Orchestrator: No domains found for tenant rbi (excluding those currently scanning).","timestamp":"2026-06-13 16:16:01"}
{"level":"info","message":"📁 Switching to CLIENT database: tenant_sbi (Tenant: sbi)","timestamp":"2026-06-13 16:16:01"}
{"level":"info","message":"Orchestrator: No domains found for tenant sbi (excluding those currently scanning).","timestamp":"2026-06-13 16:16:01"}
{"level":"info","message":"Orchestrator: Master DB connection closed.","timestamp":"2026-06-13 16:16:01"}
{"level":"info","message":"✅ Orchestrator: Finished. Total jobs enqueued: 0","timestamp":"2026-06-13 16:16:01"}
{"level":"info","message":"Job repeat:c10eea93bf68cc56fd5c63b351df3d32:1781347560000 (Orchestrator) completed successfully.","timestamp":"2026-06-13 16:16:01"}
{"level":"info","message":"[Job repeat:c10eea93bf68cc56fd5c63b351df3d32:1781347620000] 🚀 Executing scheduled global orchestration...","timestamp":"2026-06-13 16:17:00"}
{"level":"info","message":"Orchestrator: Starting global scan orchestration... ","timestamp":"2026-06-13 16:17:00"}
{"level":"info","message":"🔗 Connecting to MASTER database: master","timestamp":"2026-06-13 16:17:00"}
{"level":"info","message":"Orchestrator: Found 2 tenants to process.","timestamp":"2026-06-13 16:17:00"}
{"level":"info","message":"📁 Switching to CLIENT database: tenant_rbi (Tenant: rbi)","timestamp":"2026-06-13 16:17:00"}
{"level":"info","message":"Orchestrator: No domains found for tenant rbi (excluding those currently scanning).","timestamp":"2026-06-13 16:17:00"}
{"level":"info","message":"📁 Switching to CLIENT database: tenant_sbi (Tenant: sbi)","timestamp":"2026-06-13 16:17:00"}
{"level":"info","message":"Orchestrator: No domains found for tenant sbi (excluding those currently scanning).","timestamp":"2026-06-13 16:17:01"}
{"level":"info","message":"Orchestrator: Master DB connection closed.","timestamp":"2026-06-13 16:17:01"}
{"level":"info","message":"✅ Orchestrator: Finished. Total jobs enqueued: 0","timestamp":"2026-06-13 16:17:01"}
{"level":"info","message":"Job repeat:c10eea93bf68cc56fd5c63b351df3d32:1781347620000 (Orchestrator) completed successfully.","timestamp":"2026-06-13 16:17:01"}
{"level":"info","message":"[Job repeat:c10eea93bf68cc56fd5c63b351df3d32:1781347680000] 🚀 Executing scheduled global orchestration...","timestamp":"2026-06-13 16:18:00"}
{"level":"info","message":"Orchestrator: Starting global scan orchestration... ","timestamp":"2026-06-13 16:18:00"}
{"level":"info","message":"🔗 Connecting to MASTER database: master","timestamp":"2026-06-13 16:18:00"}
{"level":"info","message":"Orchestrator: Found 2 tenants to process.","timestamp":"2026-06-13 16:18:01"}
{"level":"info","message":"📁 Switching to CLIENT database: tenant_rbi (Tenant: rbi)","timestamp":"2026-06-13 16:18:01"}
{"level":"info","message":"Orchestrator: No domains found for tenant rbi (excluding those currently scanning).","timestamp":"2026-06-13 16:18:01"}
{"level":"info","message":"📁 Switching to CLIENT database: tenant_sbi (Tenant: sbi)","timestamp":"2026-06-13 16:18:01"}
{"level":"info","message":"Orchestrator: No domains found for tenant sbi (excluding those currently scanning).","timestamp":"2026-06-13 16:18:01"}
{"level":"info","message":"Orchestrator: Master DB connection closed.","timestamp":"2026-06-13 16:18:01"}
{"level":"info","message":"✅ Orchestrator: Finished. Total jobs enqueued: 0","timestamp":"2026-06-13 16:18:01"}
{"level":"info","message":"Job repeat:c10eea93bf68cc56fd5c63b351df3d32:1781347680000 (Orchestrator) completed successfully.","timestamp":"2026-06-13 16:18:01"}
{"level":"info","message":"[Job repeat:c10eea93bf68cc56fd5c63b351df3d32:1781347740000] 🚀 Executing scheduled global orchestration...","timestamp":"2026-06-13 16:19:00"}
{"level":"info","message":"Orchestrator: Starting global scan orchestration... ","timestamp":"2026-06-13 16:19:00"}
{"level":"info","message":"🔗 Connecting to MASTER database: master","timestamp":"2026-06-13 16:19:00"}
{"level":"info","message":"Orchestrator: Found 2 tenants to process.","timestamp":"2026-06-13 16:19:01"}
{"level":"info","message":"📁 Switching to CLIENT database: tenant_rbi (Tenant: rbi)","timestamp":"2026-06-13 16:19:01"}
{"level":"info","message":"Orchestrator: No domains found for tenant rbi (excluding those currently scanning).","timestamp":"2026-06-13 16:19:01"}
{"level":"info","message":"📁 Switching to CLIENT database: tenant_sbi (Tenant: sbi)","timestamp":"2026-06-13 16:19:01"}
{"level":"info","message":"Orchestrator: No domains found for tenant sbi (excluding those currently scanning).","timestamp":"2026-06-13 16:19:01"}
{"level":"info","message":"Orchestrator: Master DB connection closed.","timestamp":"2026-06-13 16:19:01"}
{"level":"info","message":"✅ Orchestrator: Finished. Total jobs enqueued: 0","timestamp":"2026-06-13 16:19:01"}
{"level":"info","message":"Job repeat:c10eea93bf68cc56fd5c63b351df3d32:1781347740000 (Orchestrator) completed successfully.","timestamp":"2026-06-13 16:19:01"}
{"level":"info","message":"[Job repeat:c10eea93bf68cc56fd5c63b351df3d32:1781347800000] 🚀 Executing scheduled global orchestration...","timestamp":"2026-06-13 16:20:00"}
{"level":"info","message":"Orchestrator: Starting global scan orchestration... ","timestamp":"2026-06-13 16:20:00"}
{"level":"info","message":"🔗 Connecting to MASTER database: master","timestamp":"2026-06-13 16:20:00"}
{"level":"info","message":"Orchestrator: Found 2 tenants to process.","timestamp":"2026-06-13 16:20:01"}
{"level":"info","message":"📁 Switching to CLIENT database: tenant_rbi (Tenant: rbi)","timestamp":"2026-06-13 16:20:01"}
{"level":"info","message":"Orchestrator: No domains found for tenant rbi (excluding those currently scanning).","timestamp":"2026-06-13 16:20:01"}
{"level":"info","message":"📁 Switching to CLIENT database: tenant_sbi (Tenant: sbi)","timestamp":"2026-06-13 16:20:01"}
{"level":"info","message":"Orchestrator: No domains found for tenant sbi (excluding those currently scanning).","timestamp":"2026-06-13 16:20:01"}
{"level":"info","message":"Orchestrator: Master DB connection closed.","timestamp":"2026-06-13 16:20:01"}
{"level":"info","message":"✅ Orchestrator: Finished. Total jobs enqueued: 0","timestamp":"2026-06-13 16:20:01"}
{"level":"info","message":"Job repeat:c10eea93bf68cc56fd5c63b351df3d32:1781347800000 (Orchestrator) completed successfully.","timestamp":"2026-06-13 16:20:01"}
{"level":"info","message":"[Job repeat:c10eea93bf68cc56fd5c63b351df3d32:1781347860000] 🚀 Executing scheduled global orchestration...","timestamp":"2026-06-13 16:21:00"}
{"level":"info","message":"Orchestrator: Starting global scan orchestration... ","timestamp":"2026-06-13 16:21:00"}
{"level":"info","message":"🔗 Connecting to MASTER database: master","timestamp":"2026-06-13 16:21:00"}
{"level":"info","message":"Orchestrator: Found 2 tenants to process.","timestamp":"2026-06-13 16:21:01"}
{"level":"info","message":"📁 Switching to CLIENT database: tenant_rbi (Tenant: rbi)","timestamp":"2026-06-13 16:21:01"}
{"level":"info","message":"Orchestrator: No domains found for tenant rbi (excluding those currently scanning).","timestamp":"2026-06-13 16:21:01"}
{"level":"info","message":"📁 Switching to CLIENT database: tenant_sbi (Tenant: sbi)","timestamp":"2026-06-13 16:21:01"}
{"level":"info","message":"Orchestrator: No domains found for tenant sbi (excluding those currently scanning).","timestamp":"2026-06-13 16:21:01"}
{"level":"info","message":"Orchestrator: Master DB connection closed.","timestamp":"2026-06-13 16:21:01"}
{"level":"info","message":"✅ Orchestrator: Finished. Total jobs enqueued: 0","timestamp":"2026-06-13 16:21:01"}
{"level":"info","message":"Job repeat:c10eea93bf68cc56fd5c63b351df3d32:1781347860000 (Orchestrator) completed successfully.","timestamp":"2026-06-13 16:21:01"}
{"level":"info","message":"[Job repeat:c10eea93bf68cc56fd5c63b351df3d32:1781347920000] 🚀 Executing scheduled global orchestration...","timestamp":"2026-06-13 16:22:00"}
{"level":"info","message":"Orchestrator: Starting global scan orchestration... ","timestamp":"2026-06-13 16:22:00"}
{"level":"info","message":"🔗 Connecting to MASTER database: master","timestamp":"2026-06-13 16:22:00"}
{"level":"info","message":"Orchestrator: Found 2 tenants to process.","timestamp":"2026-06-13 16:22:01"}
{"level":"info","message":"📁 Switching to CLIENT database: tenant_rbi (Tenant: rbi)","timestamp":"2026-06-13 16:22:01"}
{"level":"info","message":"Orchestrator: No domains found for tenant rbi (excluding those currently scanning).","timestamp":"2026-06-13 16:22:01"}
{"level":"info","message":"📁 Switching to CLIENT database: tenant_sbi (Tenant: sbi)","timestamp":"2026-06-13 16:22:01"}
{"level":"info","message":"Orchestrator: No domains found for tenant sbi (excluding those currently scanning).","timestamp":"2026-06-13 16:22:01"}
{"level":"info","message":"Orchestrator: Master DB connection closed.","timestamp":"2026-06-13 16:22:01"}
{"level":"info","message":"✅ Orchestrator: Finished. Total jobs enqueued: 0","timestamp":"2026-06-13 16:22:01"}
{"level":"info","message":"Job repeat:c10eea93bf68cc56fd5c63b351df3d32:1781347920000 (Orchestrator) completed successfully.","timestamp":"2026-06-13 16:22:01"}
{"level":"info","message":"[Job repeat:c10eea93bf68cc56fd5c63b351df3d32:1781347980000] 🚀 Executing scheduled global orchestration...","timestamp":"2026-06-13 16:23:00"}
{"level":"info","message":"Orchestrator: Starting global scan orchestration... ","timestamp":"2026-06-13 16:23:00"}
{"level":"info","message":"🔗 Connecting to MASTER database: master","timestamp":"2026-06-13 16:23:00"}
{"level":"info","message":"Orchestrator: Found 2 tenants to process.","timestamp":"2026-06-13 16:23:01"}
{"level":"info","message":"📁 Switching to CLIENT database: tenant_rbi (Tenant: rbi)","timestamp":"2026-06-13 16:23:01"}
{"level":"info","message":"Orchestrator: No domains found for tenant rbi (excluding those currently scanning).","timestamp":"2026-06-13 16:23:01"}
{"level":"info","message":"📁 Switching to CLIENT database: tenant_sbi (Tenant: sbi)","timestamp":"2026-06-13 16:23:01"}
{"level":"info","message":"Orchestrator: No domains found for tenant sbi (excluding those currently scanning).","timestamp":"2026-06-13 16:23:01"}
{"level":"info","message":"Orchestrator: Master DB connection closed.","timestamp":"2026-06-13 16:23:01"}
{"level":"info","message":"✅ Orchestrator: Finished. Total jobs enqueued: 0","timestamp":"2026-06-13 16:23:01"}
{"level":"info","message":"Job repeat:c10eea93bf68cc56fd5c63b351df3d32:1781347980000 (Orchestrator) completed successfully.","timestamp":"2026-06-13 16:23:01"}
{"level":"info","message":"[Job repeat:c10eea93bf68cc56fd5c63b351df3d32:1781348040000] 🚀 Executing scheduled global orchestration...","timestamp":"2026-06-13 16:24:00"}
{"level":"info","message":"Orchestrator: Starting global scan orchestration... ","timestamp":"2026-06-13 16:24:00"}
{"level":"info","message":"🔗 Connecting to MASTER database: master","timestamp":"2026-06-13 16:24:00"}
{"level":"info","message":"Orchestrator: Found 2 tenants to process.","timestamp":"2026-06-13 16:24:01"}
{"level":"info","message":"📁 Switching to CLIENT database: tenant_rbi (Tenant: rbi)","timestamp":"2026-06-13 16:24:01"}
{"level":"info","message":"Orchestrator: No domains found for tenant rbi (excluding those currently scanning).","timestamp":"2026-06-13 16:24:01"}
{"level":"info","message":"📁 Switching to CLIENT database: tenant_sbi (Tenant: sbi)","timestamp":"2026-06-13 16:24:01"}
{"level":"info","message":"Orchestrator: No domains found for tenant sbi (excluding those currently scanning).","timestamp":"2026-06-13 16:24:01"}
{"level":"info","message":"Orchestrator: Master DB connection closed.","timestamp":"2026-06-13 16:24:01"}
{"level":"info","message":"✅ Orchestrator: Finished. Total jobs enqueued: 0","timestamp":"2026-06-13 16:24:01"}
{"level":"info","message":"Job repeat:c10eea93bf68cc56fd5c63b351df3d32:1781348040000 (Orchestrator) completed successfully.","timestamp":"2026-06-13 16:24:01"}
{"level":"info","message":"[Job repeat:c10eea93bf68cc56fd5c63b351df3d32:1781348100000] 🚀 Executing scheduled global orchestration...","timestamp":"2026-06-13 16:25:00"}
{"level":"info","message":"Orchestrator: Starting global scan orchestration... ","timestamp":"2026-06-13 16:25:00"}
{"level":"info","message":"🔗 Connecting to MASTER database: master","timestamp":"2026-06-13 16:25:00"}
{"level":"info","message":"Orchestrator: Found 2 tenants to process.","timestamp":"2026-06-13 16:25:01"}
{"level":"info","message":"📁 Switching to CLIENT database: tenant_rbi (Tenant: rbi)","timestamp":"2026-06-13 16:25:01"}
{"level":"info","message":"Orchestrator: No domains found for tenant rbi (excluding those currently scanning).","timestamp":"2026-06-13 16:25:01"}
{"level":"info","message":"📁 Switching to CLIENT database: tenant_sbi (Tenant: sbi)","timestamp":"2026-06-13 16:25:01"}
{"level":"info","message":"Orchestrator: No domains found for tenant sbi (excluding those currently scanning).","timestamp":"2026-06-13 16:25:01"}
{"level":"info","message":"Orchestrator: Master DB connection closed.","timestamp":"2026-06-13 16:25:01"}
{"level":"info","message":"✅ Orchestrator: Finished. Total jobs enqueued: 0","timestamp":"2026-06-13 16:25:01"}
{"level":"info","message":"Job repeat:c10eea93bf68cc56fd5c63b351df3d32:1781348100000 (Orchestrator) completed successfully.","timestamp":"2026-06-13 16:25:01"}
{"level":"info","message":"[Job repeat:c10eea93bf68cc56fd5c63b351df3d32:1781348160000] 🚀 Executing scheduled global orchestration...","timestamp":"2026-06-13 16:26:00"}
{"level":"info","message":"Orchestrator: Starting global scan orchestration... ","timestamp":"2026-06-13 16:26:00"}
{"level":"info","message":"🔗 Connecting to MASTER database: master","timestamp":"2026-06-13 16:26:00"}
{"level":"info","message":"Orchestrator: Found 2 tenants to process.","timestamp":"2026-06-13 16:26:01"}
{"level":"info","message":"📁 Switching to CLIENT database: tenant_rbi (Tenant: rbi)","timestamp":"2026-06-13 16:26:01"}
{"level":"info","message":"Orchestrator: No domains found for tenant rbi (excluding those currently scanning).","timestamp":"2026-06-13 16:26:01"}
{"level":"info","message":"📁 Switching to CLIENT database: tenant_sbi (Tenant: sbi)","timestamp":"2026-06-13 16:26:01"}
{"level":"info","message":"Orchestrator: No domains found for tenant sbi (excluding those currently scanning).","timestamp":"2026-06-13 16:26:01"}
{"level":"info","message":"Orchestrator: Master DB connection closed.","timestamp":"2026-06-13 16:26:01"}
{"level":"info","message":"✅ Orchestrator: Finished. Total jobs enqueued: 0","timestamp":"2026-06-13 16:26:01"}
{"level":"info","message":"Job repeat:c10eea93bf68cc56fd5c63b351df3d32:1781348160000 (Orchestrator) completed successfully.","timestamp":"2026-06-13 16:26:01"}
{"level":"info","message":"[Job repeat:c10eea93bf68cc56fd5c63b351df3d32:1781348220000] 🚀 Executing scheduled global orchestration...","timestamp":"2026-06-13 16:27:00"}
{"level":"info","message":"Orchestrator: Starting global scan orchestration... ","timestamp":"2026-06-13 16:27:00"}
{"level":"info","message":"🔗 Connecting to MASTER database: master","timestamp":"2026-06-13 16:27:00"}
{"level":"info","message":"Orchestrator: Found 2 tenants to process.","timestamp":"2026-06-13 16:27:01"}
{"level":"info","message":"📁 Switching to CLIENT database: tenant_rbi (Tenant: rbi)","timestamp":"2026-06-13 16:27:01"}
{"level":"info","message":"Orchestrator: No domains found for tenant rbi (excluding those currently scanning).","timestamp":"2026-06-13 16:27:19"}
{"level":"info","message":"📁 Switching to CLIENT database: tenant_sbi (Tenant: sbi)","timestamp":"2026-06-13 16:27:19"}
{"level":"info","message":"Orchestrator: No domains found for tenant sbi (excluding those currently scanning).","timestamp":"2026-06-13 16:27:19"}
{"level":"info","message":"Orchestrator: Master DB connection closed.","timestamp":"2026-06-13 16:27:19"}
{"level":"info","message":"✅ Orchestrator: Finished. Total jobs enqueued: 0","timestamp":"2026-06-13 16:27:19"}
{"level":"info","message":"Job repeat:c10eea93bf68cc56fd5c63b351df3d32:1781348220000 (Orchestrator) completed successfully.","timestamp":"2026-06-13 16:27:19"}
{"level":"info","message":"[Job repeat:c10eea93bf68cc56fd5c63b351df3d32:1781348280000] 🚀 Executing scheduled global orchestration...","timestamp":"2026-06-13 16:28:00"}
{"level":"info","message":"Orchestrator: Starting global scan orchestration... ","timestamp":"2026-06-13 16:28:00"}
{"level":"info","message":"🔗 Connecting to MASTER database: master","timestamp":"2026-06-13 16:28:00"}
{"level":"info","message":"Orchestrator: Found 2 tenants to process.","timestamp":"2026-06-13 16:28:02"}
{"level":"info","message":"📁 Switching to CLIENT database: tenant_rbi (Tenant: rbi)","timestamp":"2026-06-13 16:28:02"}
{"level":"info","message":"Orchestrator: No domains found for tenant rbi (excluding those currently scanning).","timestamp":"2026-06-13 16:28:02"}
{"level":"info","message":"📁 Switching to CLIENT database: tenant_sbi (Tenant: sbi)","timestamp":"2026-06-13 16:28:02"}
{"level":"info","message":"Orchestrator: No domains found for tenant sbi (excluding those currently scanning).","timestamp":"2026-06-13 16:28:02"}
{"level":"info","message":"Orchestrator: Master DB connection closed.","timestamp":"2026-06-13 16:28:02"}
{"level":"info","message":"✅ Orchestrator: Finished. Total jobs enqueued: 0","timestamp":"2026-06-13 16:28:02"}
{"level":"info","message":"Job repeat:c10eea93bf68cc56fd5c63b351df3d32:1781348280000 (Orchestrator) completed successfully.","timestamp":"2026-06-13 16:28:02"}
{"level":"info","message":"[Job repeat:c10eea93bf68cc56fd5c63b351df3d32:1781348340000] 🚀 Executing scheduled global orchestration...","timestamp":"2026-06-13 16:29:00"}
{"level":"info","message":"Orchestrator: Starting global scan orchestration... ","timestamp":"2026-06-13 16:29:00"}
{"level":"info","message":"🔗 Connecting to MASTER database: master","timestamp":"2026-06-13 16:29:00"}
{"level":"info","message":"Orchestrator: Found 2 tenants to process.","timestamp":"2026-06-13 16:29:00"}
{"level":"info","message":"📁 Switching to CLIENT database: tenant_rbi (Tenant: rbi)","timestamp":"2026-06-13 16:29:00"}
{"level":"info","message":"Orchestrator: No domains found for tenant rbi (excluding those currently scanning).","timestamp":"2026-06-13 16:29:00"}
{"level":"info","message":"📁 Switching to CLIENT database: tenant_sbi (Tenant: sbi)","timestamp":"2026-06-13 16:29:00"}
{"level":"info","message":"Orchestrator: No domains found for tenant sbi (excluding those currently scanning).","timestamp":"2026-06-13 16:29:00"}
{"level":"info","message":"Orchestrator: Master DB connection closed.","timestamp":"2026-06-13 16:29:00"}
{"level":"info","message":"✅ Orchestrator: Finished. Total jobs enqueued: 0","timestamp":"2026-06-13 16:29:00"}
{"level":"info","message":"Job repeat:c10eea93bf68cc56fd5c63b351df3d32:1781348340000 (Orchestrator) completed successfully.","timestamp":"2026-06-13 16:29:00"}
{"level":"info","message":"[Job repeat:c10eea93bf68cc56fd5c63b351df3d32:1781348400000] 🚀 Executing scheduled global orchestration...","timestamp":"2026-06-13 16:30:00"}
{"level":"info","message":"Orchestrator: Starting global scan orchestration... ","timestamp":"2026-06-13 16:30:00"}
{"level":"info","message":"🔗 Connecting to MASTER database: master","timestamp":"2026-06-13 16:30:00"}
{"level":"info","message":"Orchestrator: Found 2 tenants to process.","timestamp":"2026-06-13 16:30:01"}
{"level":"info","message":"📁 Switching to CLIENT database: tenant_rbi (Tenant: rbi)","timestamp":"2026-06-13 16:30:01"}
{"level":"info","message":"Orchestrator: No domains found for tenant rbi (excluding those currently scanning).","timestamp":"2026-06-13 16:30:01"}
{"level":"info","message":"📁 Switching to CLIENT database: tenant_sbi (Tenant: sbi)","timestamp":"2026-06-13 16:30:01"}
{"level":"info","message":"Orchestrator: No domains found for tenant sbi (excluding those currently scanning).","timestamp":"2026-06-13 16:30:01"}
{"level":"info","message":"Orchestrator: Master DB connection closed.","timestamp":"2026-06-13 16:30:01"}
{"level":"info","message":"✅ Orchestrator: Finished. Total jobs enqueued: 0","timestamp":"2026-06-13 16:30:01"}
{"level":"info","message":"Job repeat:c10eea93bf68cc56fd5c63b351df3d32:1781348400000 (Orchestrator) completed successfully.","timestamp":"2026-06-13 16:30:01"}
{"level":"info","message":"[Job repeat:c10eea93bf68cc56fd5c63b351df3d32:1781348460000] 🚀 Executing scheduled global orchestration...","timestamp":"2026-06-13 16:31:00"}
{"level":"info","message":"Orchestrator: Starting global scan orchestration... ","timestamp":"2026-06-13 16:31:00"}
{"level":"info","message":"🔗 Connecting to MASTER database: master","timestamp":"2026-06-13 16:31:00"}
{"level":"info","message":"Orchestrator: Found 2 tenants to process.","timestamp":"2026-06-13 16:31:01"}
{"level":"info","message":"📁 Switching to CLIENT database: tenant_rbi (Tenant: rbi)","timestamp":"2026-06-13 16:31:01"}
{"level":"info","message":"Orchestrator: No domains found for tenant rbi (excluding those currently scanning).","timestamp":"2026-06-13 16:31:01"}
{"level":"info","message":"📁 Switching to CLIENT database: tenant_sbi (Tenant: sbi)","timestamp":"2026-06-13 16:31:01"}
{"level":"info","message":"Orchestrator: No domains found for tenant sbi (excluding those currently scanning).","timestamp":"2026-06-13 16:31:01"}
{"level":"info","message":"Orchestrator: Master DB connection closed.","timestamp":"2026-06-13 16:31:01"}
{"level":"info","message":"✅ Orchestrator: Finished. Total jobs enqueued: 0","timestamp":"2026-06-13 16:31:01"}
{"level":"info","message":"Job repeat:c10eea93bf68cc56fd5c63b351df3d32:1781348460000 (Orchestrator) completed successfully.","timestamp":"2026-06-13 16:31:01"}
{"level":"info","message":"[Job repeat:c10eea93bf68cc56fd5c63b351df3d32:1781348520000] 🚀 Executing scheduled global orchestration...","timestamp":"2026-06-13 16:32:01"}
{"level":"info","message":"Orchestrator: Starting global scan orchestration... ","timestamp":"2026-06-13 16:32:01"}
{"level":"info","message":"🔗 Connecting to MASTER database: master","timestamp":"2026-06-13 16:32:01"}
{"level":"info","message":"Orchestrator: Found 2 tenants to process.","timestamp":"2026-06-13 16:32:01"}
{"level":"info","message":"📁 Switching to CLIENT database: tenant_rbi (Tenant: rbi)","timestamp":"2026-06-13 16:32:01"}
{"level":"info","message":"Orchestrator: No domains found for tenant rbi (excluding those currently scanning).","timestamp":"2026-06-13 16:32:01"}
{"level":"info","message":"📁 Switching to CLIENT database: tenant_sbi (Tenant: sbi)","timestamp":"2026-06-13 16:32:01"}
{"level":"info","message":"Orchestrator: No domains found for tenant sbi (excluding those currently scanning).","timestamp":"2026-06-13 16:32:01"}
{"level":"info","message":"Orchestrator: Master DB connection closed.","timestamp":"2026-06-13 16:32:01"}
{"level":"info","message":"✅ Orchestrator: Finished. Total jobs enqueued: 0","timestamp":"2026-06-13 16:32:01"}
{"level":"info","message":"Job repeat:c10eea93bf68cc56fd5c63b351df3d32:1781348520000 (Orchestrator) completed successfully.","timestamp":"2026-06-13 16:32:01"}
{"level":"info","message":"[Job repeat:c10eea93bf68cc56fd5c63b351df3d32:1781348580000] 🚀 Executing scheduled global orchestration...","timestamp":"2026-06-13 16:33:00"}
{"level":"info","message":"Orchestrator: Starting global scan orchestration... ","timestamp":"2026-06-13 16:33:00"}
{"level":"info","message":"🔗 Connecting to MASTER database: master","timestamp":"2026-06-13 16:33:00"}
{"level":"info","message":"Orchestrator: Found 2 tenants to process.","timestamp":"2026-06-13 16:33:01"}
{"level":"info","message":"📁 Switching to CLIENT database: tenant_rbi (Tenant: rbi)","timestamp":"2026-06-13 16:33:01"}
{"level":"info","message":"Orchestrator: No domains found for tenant rbi (excluding those currently scanning).","timestamp":"2026-06-13 16:33:01"}
{"level":"info","message":"📁 Switching to CLIENT database: tenant_sbi (Tenant: sbi)","timestamp":"2026-06-13 16:33:01"}
{"level":"info","message":"Orchestrator: No domains found for tenant sbi (excluding those currently scanning).","timestamp":"2026-06-13 16:33:01"}
{"level":"info","message":"Orchestrator: Master DB connection closed.","timestamp":"2026-06-13 16:33:01"}
{"level":"info","message":"✅ Orchestrator: Finished. Total jobs enqueued: 0","timestamp":"2026-06-13 16:33:01"}
{"level":"info","message":"Job repeat:c10eea93bf68cc56fd5c63b351df3d32:1781348580000 (Orchestrator) completed successfully.","timestamp":"2026-06-13 16:33:01"}
{"level":"info","message":"[Job repeat:c10eea93bf68cc56fd5c63b351df3d32:1781348640000] 🚀 Executing scheduled global orchestration...","timestamp":"2026-06-13 16:34:00"}
{"level":"info","message":"Orchestrator: Starting global scan orchestration... ","timestamp":"2026-06-13 16:34:00"}
{"level":"info","message":"🔗 Connecting to MASTER database: master","timestamp":"2026-06-13 16:34:00"}
{"level":"info","message":"Orchestrator: Found 2 tenants to process.","timestamp":"2026-06-13 16:34:01"}
{"level":"info","message":"📁 Switching to CLIENT database: tenant_rbi (Tenant: rbi)","timestamp":"2026-06-13 16:34:01"}
{"level":"info","message":"Orchestrator: No domains found for tenant rbi (excluding those currently scanning).","timestamp":"2026-06-13 16:34:01"}
{"level":"info","message":"📁 Switching to CLIENT database: tenant_sbi (Tenant: sbi)","timestamp":"2026-06-13 16:34:01"}
{"level":"info","message":"Orchestrator: No domains found for tenant sbi (excluding those currently scanning).","timestamp":"2026-06-13 16:34:01"}
{"level":"info","message":"Orchestrator: Master DB connection closed.","timestamp":"2026-06-13 16:34:01"}
{"level":"info","message":"✅ Orchestrator: Finished. Total jobs enqueued: 0","timestamp":"2026-06-13 16:34:01"}
{"level":"info","message":"Job repeat:c10eea93bf68cc56fd5c63b351df3d32:1781348640000 (Orchestrator) completed successfully.","timestamp":"2026-06-13 16:34:01"}
{"level":"info","message":"[Job repeat:c10eea93bf68cc56fd5c63b351df3d32:1781348700000] 🚀 Executing scheduled global orchestration...","timestamp":"2026-06-13 16:35:00"}
{"level":"info","message":"Orchestrator: Starting global scan orchestration... ","timestamp":"2026-06-13 16:35:00"}
{"level":"info","message":"🔗 Connecting to MASTER database: master","timestamp":"2026-06-13 16:35:00"}
{"level":"info","message":"Orchestrator: Found 2 tenants to process.","timestamp":"2026-06-13 16:35:00"}
{"level":"info","message":"📁 Switching to CLIENT database: tenant_rbi (Tenant: rbi)","timestamp":"2026-06-13 16:35:00"}
{"level":"info","message":"Orchestrator: No domains found for tenant rbi (excluding those currently scanning).","timestamp":"2026-06-13 16:35:00"}
{"level":"info","message":"📁 Switching to CLIENT database: tenant_sbi (Tenant: sbi)","timestamp":"2026-06-13 16:35:00"}
{"level":"info","message":"Orchestrator: No domains found for tenant sbi (excluding those currently scanning).","timestamp":"2026-06-13 16:35:00"}
{"level":"info","message":"Orchestrator: Master DB connection closed.","timestamp":"2026-06-13 16:35:00"}
{"level":"info","message":"✅ Orchestrator: Finished. Total jobs enqueued: 0","timestamp":"2026-06-13 16:35:00"}
{"level":"info","message":"Job repeat:c10eea93bf68cc56fd5c63b351df3d32:1781348700000 (Orchestrator) completed successfully.","timestamp":"2026-06-13 16:35:00"}
{"level":"info","message":"[Job repeat:c10eea93bf68cc56fd5c63b351df3d32:1781348760000] 🚀 Executing scheduled global orchestration...","timestamp":"2026-06-13 16:36:00"}
{"level":"info","message":"Orchestrator: Starting global scan orchestration... ","timestamp":"2026-06-13 16:36:00"}
{"level":"info","message":"🔗 Connecting to MASTER database: master","timestamp":"2026-06-13 16:36:00"}
{"level":"info","message":"Orchestrator: Found 2 tenants to process.","timestamp":"2026-06-13 16:36:01"}
{"level":"info","message":"📁 Switching to CLIENT database: tenant_rbi (Tenant: rbi)","timestamp":"2026-06-13 16:36:01"}
{"level":"info","message":"Orchestrator: No domains found for tenant rbi (excluding those currently scanning).","timestamp":"2026-06-13 16:36:01"}
{"level":"info","message":"📁 Switching to CLIENT database: tenant_sbi (Tenant: sbi)","timestamp":"2026-06-13 16:36:01"}
{"level":"info","message":"Orchestrator: No domains found for tenant sbi (excluding those currently scanning).","timestamp":"2026-06-13 16:36:01"}
{"level":"info","message":"Orchestrator: Master DB connection closed.","timestamp":"2026-06-13 16:36:01"}
{"level":"info","message":"✅ Orchestrator: Finished. Total jobs enqueued: 0","timestamp":"2026-06-13 16:36:01"}
{"level":"info","message":"Job repeat:c10eea93bf68cc56fd5c63b351df3d32:1781348760000 (Orchestrator) completed successfully.","timestamp":"2026-06-13 16:36:01"}
{"level":"info","message":"[Job repeat:c10eea93bf68cc56fd5c63b351df3d32:1781348820000] 🚀 Executing scheduled global orchestration...","timestamp":"2026-06-13 16:37:00"}
{"level":"info","message":"Orchestrator: Starting global scan orchestration... ","timestamp":"2026-06-13 16:37:00"}
{"level":"info","message":"🔗 Connecting to MASTER database: master","timestamp":"2026-06-13 16:37:00"}
{"level":"info","message":"Orchestrator: Found 2 tenants to process.","timestamp":"2026-06-13 16:37:01"}
{"level":"info","message":"📁 Switching to CLIENT database: tenant_rbi (Tenant: rbi)","timestamp":"2026-06-13 16:37:01"}
{"level":"info","message":"Orchestrator: No domains found for tenant rbi (excluding those currently scanning).","timestamp":"2026-06-13 16:37:01"}
{"level":"info","message":"📁 Switching to CLIENT database: tenant_sbi (Tenant: sbi)","timestamp":"2026-06-13 16:37:01"}
{"level":"info","message":"Orchestrator: No domains found for tenant sbi (excluding those currently scanning).","timestamp":"2026-06-13 16:37:01"}
{"level":"info","message":"Orchestrator: Master DB connection closed.","timestamp":"2026-06-13 16:37:01"}
{"level":"info","message":"✅ Orchestrator: Finished. Total jobs enqueued: 0","timestamp":"2026-06-13 16:37:01"}
{"level":"info","message":"Job repeat:c10eea93bf68cc56fd5c63b351df3d32:1781348820000 (Orchestrator) completed successfully.","timestamp":"2026-06-13 16:37:01"}
{"level":"info","message":"[Job repeat:c10eea93bf68cc56fd5c63b351df3d32:1781348880000] 🚀 Executing scheduled global orchestration...","timestamp":"2026-06-13 16:38:00"}
{"level":"info","message":"Orchestrator: Starting global scan orchestration... ","timestamp":"2026-06-13 16:38:00"}
{"level":"info","message":"🔗 Connecting to MASTER database: master","timestamp":"2026-06-13 16:38:00"}
{"level":"info","message":"Orchestrator: Found 2 tenants to process.","timestamp":"2026-06-13 16:38:01"}
{"level":"info","message":"📁 Switching to CLIENT database: tenant_rbi (Tenant: rbi)","timestamp":"2026-06-13 16:38:01"}
{"level":"info","message":"Orchestrator: No domains found for tenant rbi (excluding those currently scanning).","timestamp":"2026-06-13 16:38:01"}
{"level":"info","message":"📁 Switching to CLIENT database: tenant_sbi (Tenant: sbi)","timestamp":"2026-06-13 16:38:01"}
{"level":"info","message":"Orchestrator: No domains found for tenant sbi (excluding those currently scanning).","timestamp":"2026-06-13 16:38:01"}
{"level":"info","message":"Orchestrator: Master DB connection closed.","timestamp":"2026-06-13 16:38:01"}
{"level":"info","message":"✅ Orchestrator: Finished. Total jobs enqueued: 0","timestamp":"2026-06-13 16:38:01"}
{"level":"info","message":"Job repeat:c10eea93bf68cc56fd5c63b351df3d32:1781348880000 (Orchestrator) completed successfully.","timestamp":"2026-06-13 16:38:01"}
{"level":"info","message":"[Job repeat:c10eea93bf68cc56fd5c63b351df3d32:1781348940000] 🚀 Executing scheduled global orchestration...","timestamp":"2026-06-13 16:39:00"}
{"level":"info","message":"Orchestrator: Starting global scan orchestration... ","timestamp":"2026-06-13 16:39:00"}
{"level":"info","message":"🔗 Connecting to MASTER database: master","timestamp":"2026-06-13 16:39:00"}
{"level":"info","message":"Orchestrator: Found 2 tenants to process.","timestamp":"2026-06-13 16:39:01"}
{"level":"info","message":"📁 Switching to CLIENT database: tenant_rbi (Tenant: rbi)","timestamp":"2026-06-13 16:39:01"}
{"level":"info","message":"Orchestrator: No domains found for tenant rbi (excluding those currently scanning).","timestamp":"2026-06-13 16:39:01"}
{"level":"info","message":"📁 Switching to CLIENT database: tenant_sbi (Tenant: sbi)","timestamp":"2026-06-13 16:39:01"}
{"level":"info","message":"Orchestrator: No domains found for tenant sbi (excluding those currently scanning).","timestamp":"2026-06-13 16:39:01"}
{"level":"info","message":"Orchestrator: Master DB connection closed.","timestamp":"2026-06-13 16:39:01"}
{"level":"info","message":"✅ Orchestrator: Finished. Total jobs enqueued: 0","timestamp":"2026-06-13 16:39:01"}
{"level":"info","message":"Job repeat:c10eea93bf68cc56fd5c63b351df3d32:1781348940000 (Orchestrator) completed successfully.","timestamp":"2026-06-13 16:39:01"}
{"level":"info","message":"[Job repeat:c10eea93bf68cc56fd5c63b351df3d32:1781349000000] 🚀 Executing scheduled global orchestration...","timestamp":"2026-06-13 16:40:00"}
{"level":"info","message":"Orchestrator: Starting global scan orchestration... ","timestamp":"2026-06-13 16:40:00"}
{"level":"info","message":"🔗 Connecting to MASTER database: master","timestamp":"2026-06-13 16:40:00"}
{"level":"info","message":"Orchestrator: Found 2 tenants to process.","timestamp":"2026-06-13 16:40:00"}
{"level":"info","message":"📁 Switching to CLIENT database: tenant_rbi (Tenant: rbi)","timestamp":"2026-06-13 16:40:00"}
{"level":"info","message":"Orchestrator: No domains found for tenant rbi (excluding those currently scanning).","timestamp":"2026-06-13 16:40:00"}
{"level":"info","message":"📁 Switching to CLIENT database: tenant_sbi (Tenant: sbi)","timestamp":"2026-06-13 16:40:00"}
{"level":"info","message":"Orchestrator: No domains found for tenant sbi (excluding those currently scanning).","timestamp":"2026-06-13 16:40:00"}
{"level":"info","message":"Orchestrator: Master DB connection closed.","timestamp":"2026-06-13 16:40:00"}
{"level":"info","message":"✅ Orchestrator: Finished. Total jobs enqueued: 0","timestamp":"2026-06-13 16:40:00"}
{"level":"info","message":"Job repeat:c10eea93bf68cc56fd5c63b351df3d32:1781349000000 (Orchestrator) completed successfully.","timestamp":"2026-06-13 16:40:00"}
{"level":"info","message":"[Job repeat:c10eea93bf68cc56fd5c63b351df3d32:1781349060000] 🚀 Executing scheduled global orchestration...","timestamp":"2026-06-13 16:41:00"}
{"level":"info","message":"Orchestrator: Starting global scan orchestration... ","timestamp":"2026-06-13 16:41:00"}
{"level":"info","message":"🔗 Connecting to MASTER database: master","timestamp":"2026-06-13 16:41:00"}
{"level":"info","message":"Orchestrator: Found 2 tenants to process.","timestamp":"2026-06-13 16:41:01"}
{"level":"info","message":"📁 Switching to CLIENT database: tenant_rbi (Tenant: rbi)","timestamp":"2026-06-13 16:41:01"}
{"level":"info","message":"Orchestrator: No domains found for tenant rbi (excluding those currently scanning).","timestamp":"2026-06-13 16:41:01"}
{"level":"info","message":"📁 Switching to CLIENT database: tenant_sbi (Tenant: sbi)","timestamp":"2026-06-13 16:41:01"}
{"level":"info","message":"Orchestrator: No domains found for tenant sbi (excluding those currently scanning).","timestamp":"2026-06-13 16:41:01"}
{"level":"info","message":"Orchestrator: Master DB connection closed.","timestamp":"2026-06-13 16:41:01"}
{"level":"info","message":"✅ Orchestrator: Finished. Total jobs enqueued: 0","timestamp":"2026-06-13 16:41:01"}
{"level":"info","message":"Job repeat:c10eea93bf68cc56fd5c63b351df3d32:1781349060000 (Orchestrator) completed successfully.","timestamp":"2026-06-13 16:41:01"}
{"level":"info","message":"[Job repeat:c10eea93bf68cc56fd5c63b351df3d32:1781349120000] 🚀 Executing scheduled global orchestration...","timestamp":"2026-06-13 16:42:00"}
{"level":"info","message":"Orchestrator: Starting global scan orchestration... ","timestamp":"2026-06-13 16:42:00"}
{"level":"info","message":"🔗 Connecting to MASTER database: master","timestamp":"2026-06-13 16:42:00"}
{"level":"info","message":"Orchestrator: Found 2 tenants to process.","timestamp":"2026-06-13 16:42:01"}
{"level":"info","message":"📁 Switching to CLIENT database: tenant_rbi (Tenant: rbi)","timestamp":"2026-06-13 16:42:01"}
{"level":"info","message":"Orchestrator: No domains found for tenant rbi (excluding those currently scanning).","timestamp":"2026-06-13 16:42:01"}
{"level":"info","message":"📁 Switching to CLIENT database: tenant_sbi (Tenant: sbi)","timestamp":"2026-06-13 16:42:01"}
{"level":"info","message":"Orchestrator: No domains found for tenant sbi (excluding those currently scanning).","timestamp":"2026-06-13 16:42:01"}
{"level":"info","message":"Orchestrator: Master DB connection closed.","timestamp":"2026-06-13 16:42:01"}
{"level":"info","message":"✅ Orchestrator: Finished. Total jobs enqueued: 0","timestamp":"2026-06-13 16:42:01"}
{"level":"info","message":"Job repeat:c10eea93bf68cc56fd5c63b351df3d32:1781349120000 (Orchestrator) completed successfully.","timestamp":"2026-06-13 16:42:01"}
{"level":"info","message":"[Job repeat:c10eea93bf68cc56fd5c63b351df3d32:1781349180000] 🚀 Executing scheduled global orchestration...","timestamp":"2026-06-13 16:43:00"}
{"level":"info","message":"Orchestrator: Starting global scan orchestration... ","timestamp":"2026-06-13 16:43:00"}
{"level":"info","message":"🔗 Connecting to MASTER database: master","timestamp":"2026-06-13 16:43:00"}
{"level":"info","message":"Orchestrator: Found 2 tenants to process.","timestamp":"2026-06-13 16:43:00"}
{"level":"info","message":"📁 Switching to CLIENT database: tenant_rbi (Tenant: rbi)","timestamp":"2026-06-13 16:43:00"}
{"level":"info","message":"Orchestrator: No domains found for tenant rbi (excluding those currently scanning).","timestamp":"2026-06-13 16:43:00"}
{"level":"info","message":"📁 Switching to CLIENT database: tenant_sbi (Tenant: sbi)","timestamp":"2026-06-13 16:43:00"}
{"level":"info","message":"Orchestrator: No domains found for tenant sbi (excluding those currently scanning).","timestamp":"2026-06-13 16:43:00"}
{"level":"info","message":"Orchestrator: Master DB connection closed.","timestamp":"2026-06-13 16:43:00"}
{"level":"info","message":"✅ Orchestrator: Finished. Total jobs enqueued: 0","timestamp":"2026-06-13 16:43:00"}
{"level":"info","message":"Job repeat:c10eea93bf68cc56fd5c63b351df3d32:1781349180000 (Orchestrator) completed successfully.","timestamp":"2026-06-13 16:43:00"}
{"level":"info","message":"[Job repeat:c10eea93bf68cc56fd5c63b351df3d32:1781349240000] 🚀 Executing scheduled global orchestration...","timestamp":"2026-06-13 16:44:00"}
{"level":"info","message":"Orchestrator: Starting global scan orchestration... ","timestamp":"2026-06-13 16:44:00"}
{"level":"info","message":"🔗 Connecting to MASTER database: master","timestamp":"2026-06-13 16:44:00"}
{"level":"info","message":"Orchestrator: Found 2 tenants to process.","timestamp":"2026-06-13 16:44:01"}
{"level":"info","message":"📁 Switching to CLIENT database: tenant_rbi (Tenant: rbi)","timestamp":"2026-06-13 16:44:01"}
{"level":"info","message":"Orchestrator: No domains found for tenant rbi (excluding those currently scanning).","timestamp":"2026-06-13 16:44:01"}
{"level":"info","message":"📁 Switching to CLIENT database: tenant_sbi (Tenant: sbi)","timestamp":"2026-06-13 16:44:01"}
{"level":"info","message":"Orchestrator: No domains found for tenant sbi (excluding those currently scanning).","timestamp":"2026-06-13 16:44:01"}
{"level":"info","message":"Orchestrator: Master DB connection closed.","timestamp":"2026-06-13 16:44:01"}
{"level":"info","message":"✅ Orchestrator: Finished. Total jobs enqueued: 0","timestamp":"2026-06-13 16:44:01"}
{"level":"info","message":"Job repeat:c10eea93bf68cc56fd5c63b351df3d32:1781349240000 (Orchestrator) completed successfully.","timestamp":"2026-06-13 16:44:01"}
{"level":"info","message":"[Job repeat:c10eea93bf68cc56fd5c63b351df3d32:1781349300000] 🚀 Executing scheduled global orchestration...","timestamp":"2026-06-13 16:45:00"}
{"level":"info","message":"Orchestrator: Starting global scan orchestration... ","timestamp":"2026-06-13 16:45:00"}
{"level":"info","message":"🔗 Connecting to MASTER database: master","timestamp":"2026-06-13 16:45:00"}
{"level":"info","message":"Orchestrator: Found 2 tenants to process.","timestamp":"2026-06-13 16:45:01"}
{"level":"info","message":"📁 Switching to CLIENT database: tenant_rbi (Tenant: rbi)","timestamp":"2026-06-13 16:45:01"}
{"level":"info","message":"Orchestrator: No domains found for tenant rbi (excluding those currently scanning).","timestamp":"2026-06-13 16:45:01"}
{"level":"info","message":"📁 Switching to CLIENT database: tenant_sbi (Tenant: sbi)","timestamp":"2026-06-13 16:45:01"}
{"level":"info","message":"Orchestrator: No domains found for tenant sbi (excluding those currently scanning).","timestamp":"2026-06-13 16:45:01"}
{"level":"info","message":"Orchestrator: Master DB connection closed.","timestamp":"2026-06-13 16:45:01"}
{"level":"info","message":"✅ Orchestrator: Finished. Total jobs enqueued: 0","timestamp":"2026-06-13 16:45:01"}
{"level":"info","message":"Job repeat:c10eea93bf68cc56fd5c63b351df3d32:1781349300000 (Orchestrator) completed successfully.","timestamp":"2026-06-13 16:45:01"}
{"level":"info","message":"[Job repeat:c10eea93bf68cc56fd5c63b351df3d32:1781349360000] 🚀 Executing scheduled global orchestration...","timestamp":"2026-06-13 16:46:00"}
{"level":"info","message":"Orchestrator: Starting global scan orchestration... ","timestamp":"2026-06-13 16:46:00"}
{"level":"info","message":"🔗 Connecting to MASTER database: master","timestamp":"2026-06-13 16:46:00"}
{"level":"info","message":"Orchestrator: Found 2 tenants to process.","timestamp":"2026-06-13 16:46:00"}
{"level":"info","message":"📁 Switching to CLIENT database: tenant_rbi (Tenant: rbi)","timestamp":"2026-06-13 16:46:00"}
{"level":"info","message":"Orchestrator: No domains found for tenant rbi (excluding those currently scanning).","timestamp":"2026-06-13 16:46:00"}
{"level":"info","message":"📁 Switching to CLIENT database: tenant_sbi (Tenant: sbi)","timestamp":"2026-06-13 16:46:00"}
{"level":"info","message":"Orchestrator: No domains found for tenant sbi (excluding those currently scanning).","timestamp":"2026-06-13 16:46:00"}
{"level":"info","message":"Orchestrator: Master DB connection closed.","timestamp":"2026-06-13 16:46:00"}
{"level":"info","message":"✅ Orchestrator: Finished. Total jobs enqueued: 0","timestamp":"2026-06-13 16:46:00"}
{"level":"info","message":"Job repeat:c10eea93bf68cc56fd5c63b351df3d32:1781349360000 (Orchestrator) completed successfully.","timestamp":"2026-06-13 16:46:00"}
{"level":"info","message":"[Job repeat:c10eea93bf68cc56fd5c63b351df3d32:1781349420000] 🚀 Executing scheduled global orchestration...","timestamp":"2026-06-13 16:47:00"}
{"level":"info","message":"Orchestrator: Starting global scan orchestration... ","timestamp":"2026-06-13 16:47:00"}
{"level":"info","message":"🔗 Connecting to MASTER database: master","timestamp":"2026-06-13 16:47:00"}
{"level":"info","message":"Orchestrator: Found 2 tenants to process.","timestamp":"2026-06-13 16:47:01"}
{"level":"info","message":"📁 Switching to CLIENT database: tenant_rbi (Tenant: rbi)","timestamp":"2026-06-13 16:47:01"}
{"level":"info","message":"Orchestrator: No domains found for tenant rbi (excluding those currently scanning).","timestamp":"2026-06-13 16:47:01"}
{"level":"info","message":"📁 Switching to CLIENT database: tenant_sbi (Tenant: sbi)","timestamp":"2026-06-13 16:47:01"}
{"level":"info","message":"Orchestrator: No domains found for tenant sbi (excluding those currently scanning).","timestamp":"2026-06-13 16:47:01"}
{"level":"info","message":"Orchestrator: Master DB connection closed.","timestamp":"2026-06-13 16:47:01"}
{"level":"info","message":"✅ Orchestrator: Finished. Total jobs enqueued: 0","timestamp":"2026-06-13 16:47:01"}
{"level":"info","message":"Job repeat:c10eea93bf68cc56fd5c63b351df3d32:1781349420000 (Orchestrator) completed successfully.","timestamp":"2026-06-13 16:47:01"}
{"level":"info","message":"[Job repeat:c10eea93bf68cc56fd5c63b351df3d32:1781349480000] 🚀 Executing scheduled global orchestration...","timestamp":"2026-06-13 16:48:00"}
{"level":"info","message":"Orchestrator: Starting global scan orchestration... ","timestamp":"2026-06-13 16:48:00"}
{"level":"info","message":"🔗 Connecting to MASTER database: master","timestamp":"2026-06-13 16:48:00"}
{"level":"info","message":"Orchestrator: Found 2 tenants to process.","timestamp":"2026-06-13 16:48:01"}
{"level":"info","message":"📁 Switching to CLIENT database: tenant_rbi (Tenant: rbi)","timestamp":"2026-06-13 16:48:01"}
{"level":"info","message":"Orchestrator: No domains found for tenant rbi (excluding those currently scanning).","timestamp":"2026-06-13 16:48:01"}
{"level":"info","message":"📁 Switching to CLIENT database: tenant_sbi (Tenant: sbi)","timestamp":"2026-06-13 16:48:01"}
{"level":"info","message":"Orchestrator: No domains found for tenant sbi (excluding those currently scanning).","timestamp":"2026-06-13 16:48:01"}
{"level":"info","message":"Orchestrator: Master DB connection closed.","timestamp":"2026-06-13 16:48:01"}
{"level":"info","message":"✅ Orchestrator: Finished. Total jobs enqueued: 0","timestamp":"2026-06-13 16:48:01"}
{"level":"info","message":"Job repeat:c10eea93bf68cc56fd5c63b351df3d32:1781349480000 (Orchestrator) completed successfully.","timestamp":"2026-06-13 16:48:01"}
{"level":"info","message":"[Job repeat:c10eea93bf68cc56fd5c63b351df3d32:1781349540000] 🚀 Executing scheduled global orchestration...","timestamp":"2026-06-13 16:49:00"}
{"level":"info","message":"Orchestrator: Starting global scan orchestration... ","timestamp":"2026-06-13 16:49:00"}
{"level":"info","message":"🔗 Connecting to MASTER database: master","timestamp":"2026-06-13 16:49:00"}
{"level":"info","message":"Orchestrator: Found 2 tenants to process.","timestamp":"2026-06-13 16:49:00"}
{"level":"info","message":"📁 Switching to CLIENT database: tenant_rbi (Tenant: rbi)","timestamp":"2026-06-13 16:49:00"}
{"level":"info","message":"Orchestrator: No domains found for tenant rbi (excluding those currently scanning).","timestamp":"2026-06-13 16:49:00"}
{"level":"info","message":"📁 Switching to CLIENT database: tenant_sbi (Tenant: sbi)","timestamp":"2026-06-13 16:49:00"}
{"level":"info","message":"Orchestrator: No domains found for tenant sbi (excluding those currently scanning).","timestamp":"2026-06-13 16:49:00"}
{"level":"info","message":"Orchestrator: Master DB connection closed.","timestamp":"2026-06-13 16:49:00"}
{"level":"info","message":"✅ Orchestrator: Finished. Total jobs enqueued: 0","timestamp":"2026-06-13 16:49:00"}
{"level":"info","message":"Job repeat:c10eea93bf68cc56fd5c63b351df3d32:1781349540000 (Orchestrator) completed successfully.","timestamp":"2026-06-13 16:49:00"}
{"level":"info","message":"[Job repeat:c10eea93bf68cc56fd5c63b351df3d32:1781349600000] 🚀 Executing scheduled global orchestration...","timestamp":"2026-06-13 16:50:00"}
{"level":"info","message":"Orchestrator: Starting global scan orchestration... ","timestamp":"2026-06-13 16:50:00"}
{"level":"info","message":"🔗 Connecting to MASTER database: master","timestamp":"2026-06-13 16:50:00"}
{"level":"info","message":"Orchestrator: Found 2 tenants to process.","timestamp":"2026-06-13 16:50:01"}
{"level":"info","message":"📁 Switching to CLIENT database: tenant_rbi (Tenant: rbi)","timestamp":"2026-06-13 16:50:01"}
{"level":"info","message":"Orchestrator: No domains found for tenant rbi (excluding those currently scanning).","timestamp":"2026-06-13 16:50:01"}
{"level":"info","message":"📁 Switching to CLIENT database: tenant_sbi (Tenant: sbi)","timestamp":"2026-06-13 16:50:01"}
{"level":"info","message":"Orchestrator: No domains found for tenant sbi (excluding those currently scanning).","timestamp":"2026-06-13 16:50:01"}
{"level":"info","message":"Orchestrator: Master DB connection closed.","timestamp":"2026-06-13 16:50:01"}
{"level":"info","message":"✅ Orchestrator: Finished. Total jobs enqueued: 0","timestamp":"2026-06-13 16:50:01"}
{"level":"info","message":"Job repeat:c10eea93bf68cc56fd5c63b351df3d32:1781349600000 (Orchestrator) completed successfully.","timestamp":"2026-06-13 16:50:01"}
{"level":"info","message":"[Job repeat:c10eea93bf68cc56fd5c63b351df3d32:1781349660000] 🚀 Executing scheduled global orchestration...","timestamp":"2026-06-13 16:51:00"}
{"level":"info","message":"Orchestrator: Starting global scan orchestration... ","timestamp":"2026-06-13 16:51:00"}
{"level":"info","message":"🔗 Connecting to MASTER database: master","timestamp":"2026-06-13 16:51:00"}
{"level":"info","message":"Orchestrator: Found 2 tenants to process.","timestamp":"2026-06-13 16:51:01"}
{"level":"info","message":"📁 Switching to CLIENT database: tenant_rbi (Tenant: rbi)","timestamp":"2026-06-13 16:51:01"}
{"level":"info","message":"Orchestrator: No domains found for tenant rbi (excluding those currently scanning).","timestamp":"2026-06-13 16:51:01"}
{"level":"info","message":"📁 Switching to CLIENT database: tenant_sbi (Tenant: sbi)","timestamp":"2026-06-13 16:51:01"}
{"level":"info","message":"Orchestrator: No domains found for tenant sbi (excluding those currently scanning).","timestamp":"2026-06-13 16:51:01"}
{"level":"info","message":"Orchestrator: Master DB connection closed.","timestamp":"2026-06-13 16:51:01"}
{"level":"info","message":"✅ Orchestrator: Finished. Total jobs enqueued: 0","timestamp":"2026-06-13 16:51:01"}
{"level":"info","message":"Job repeat:c10eea93bf68cc56fd5c63b351df3d32:1781349660000 (Orchestrator) completed successfully.","timestamp":"2026-06-13 16:51:01"}
{"level":"info","message":"[Job repeat:c10eea93bf68cc56fd5c63b351df3d32:1781349720000] 🚀 Executing scheduled global orchestration...","timestamp":"2026-06-13 16:52:00"}
{"level":"info","message":"Orchestrator: Starting global scan orchestration... ","timestamp":"2026-06-13 16:52:00"}
{"level":"info","message":"🔗 Connecting to MASTER database: master","timestamp":"2026-06-13 16:52:00"}
{"level":"info","message":"Orchestrator: Found 2 tenants to process.","timestamp":"2026-06-13 16:52:01"}
{"level":"info","message":"📁 Switching to CLIENT database: tenant_rbi (Tenant: rbi)","timestamp":"2026-06-13 16:52:01"}
{"level":"info","message":"Orchestrator: No domains found for tenant rbi (excluding those currently scanning).","timestamp":"2026-06-13 16:52:01"}
{"level":"info","message":"📁 Switching to CLIENT database: tenant_sbi (Tenant: sbi)","timestamp":"2026-06-13 16:52:01"}
{"level":"info","message":"Orchestrator: No domains found for tenant sbi (excluding those currently scanning).","timestamp":"2026-06-13 16:52:01"}
{"level":"info","message":"Orchestrator: Master DB connection closed.","timestamp":"2026-06-13 16:52:01"}
{"level":"info","message":"✅ Orchestrator: Finished. Total jobs enqueued: 0","timestamp":"2026-06-13 16:52:01"}
{"level":"info","message":"Job repeat:c10eea93bf68cc56fd5c63b351df3d32:1781349720000 (Orchestrator) completed successfully.","timestamp":"2026-06-13 16:52:01"}
{"level":"info","message":"[Job repeat:c10eea93bf68cc56fd5c63b351df3d32:1781349780000] 🚀 Executing scheduled global orchestration...","timestamp":"2026-06-13 16:53:00"}
{"level":"info","message":"Orchestrator: Starting global scan orchestration... ","timestamp":"2026-06-13 16:53:00"}
{"level":"info","message":"🔗 Connecting to MASTER database: master","timestamp":"2026-06-13 16:53:00"}
{"level":"info","message":"Orchestrator: Found 2 tenants to process.","timestamp":"2026-06-13 16:53:00"}
{"level":"info","message":"📁 Switching to CLIENT database: tenant_rbi (Tenant: rbi)","timestamp":"2026-06-13 16:53:00"}
{"level":"info","message":"Orchestrator: No domains found for tenant rbi (excluding those currently scanning).","timestamp":"2026-06-13 16:53:00"}
{"level":"info","message":"📁 Switching to CLIENT database: tenant_sbi (Tenant: sbi)","timestamp":"2026-06-13 16:53:00"}
{"level":"info","message":"Orchestrator: No domains found for tenant sbi (excluding those currently scanning).","timestamp":"2026-06-13 16:53:00"}
{"level":"info","message":"Orchestrator: Master DB connection closed.","timestamp":"2026-06-13 16:53:00"}
{"level":"info","message":"✅ Orchestrator: Finished. Total jobs enqueued: 0","timestamp":"2026-06-13 16:53:00"}
{"level":"info","message":"Job repeat:c10eea93bf68cc56fd5c63b351df3d32:1781349780000 (Orchestrator) completed successfully.","timestamp":"2026-06-13 16:53:00"}
{"level":"info","message":"[Job repeat:c10eea93bf68cc56fd5c63b351df3d32:1781349840000] 🚀 Executing scheduled global orchestration...","timestamp":"2026-06-13 16:54:00"}
{"level":"info","message":"Orchestrator: Starting global scan orchestration... ","timestamp":"2026-06-13 16:54:00"}
{"level":"info","message":"🔗 Connecting to MASTER database: master","timestamp":"2026-06-13 16:54:00"}
{"level":"info","message":"Orchestrator: Found 2 tenants to process.","timestamp":"2026-06-13 16:54:01"}
{"level":"info","message":"📁 Switching to CLIENT database: tenant_rbi (Tenant: rbi)","timestamp":"2026-06-13 16:54:01"}
{"level":"info","message":"Orchestrator: No domains found for tenant rbi (excluding those currently scanning).","timestamp":"2026-06-13 16:54:01"}
{"level":"info","message":"📁 Switching to CLIENT database: tenant_sbi (Tenant: sbi)","timestamp":"2026-06-13 16:54:01"}
{"level":"info","message":"Orchestrator: No domains found for tenant sbi (excluding those currently scanning).","timestamp":"2026-06-13 16:54:01"}
{"level":"info","message":"Orchestrator: Master DB connection closed.","timestamp":"2026-06-13 16:54:01"}
{"level":"info","message":"✅ Orchestrator: Finished. Total jobs enqueued: 0","timestamp":"2026-06-13 16:54:01"}
{"level":"info","message":"Job repeat:c10eea93bf68cc56fd5c63b351df3d32:1781349840000 (Orchestrator) completed successfully.","timestamp":"2026-06-13 16:54:01"}
{"level":"info","message":"[Job repeat:c10eea93bf68cc56fd5c63b351df3d32:1781349900000] 🚀 Executing scheduled global orchestration...","timestamp":"2026-06-13 16:55:00"}
{"level":"info","message":"Orchestrator: Starting global scan orchestration... ","timestamp":"2026-06-13 16:55:00"}
{"level":"info","message":"🔗 Connecting to MASTER database: master","timestamp":"2026-06-13 16:55:00"}
{"level":"info","message":"Orchestrator: Found 2 tenants to process.","timestamp":"2026-06-13 16:55:01"}
{"level":"info","message":"📁 Switching to CLIENT database: tenant_rbi (Tenant: rbi)","timestamp":"2026-06-13 16:55:01"}
{"level":"info","message":"Orchestrator: No domains found for tenant rbi (excluding those currently scanning).","timestamp":"2026-06-13 16:55:01"}
{"level":"info","message":"📁 Switching to CLIENT database: tenant_sbi (Tenant: sbi)","timestamp":"2026-06-13 16:55:01"}
{"level":"info","message":"Orchestrator: No domains found for tenant sbi (excluding those currently scanning).","timestamp":"2026-06-13 16:55:01"}
{"level":"info","message":"Orchestrator: Master DB connection closed.","timestamp":"2026-06-13 16:55:01"}
{"level":"info","message":"✅ Orchestrator: Finished. Total jobs enqueued: 0","timestamp":"2026-06-13 16:55:01"}
{"level":"info","message":"Job repeat:c10eea93bf68cc56fd5c63b351df3d32:1781349900000 (Orchestrator) completed successfully.","timestamp":"2026-06-13 16:55:01"}
{"level":"info","message":"[Job repeat:c10eea93bf68cc56fd5c63b351df3d32:1781349960000] 🚀 Executing scheduled global orchestration...","timestamp":"2026-06-13 16:56:00"}
{"level":"info","message":"Orchestrator: Starting global scan orchestration... ","timestamp":"2026-06-13 16:56:00"}
{"level":"info","message":"🔗 Connecting to MASTER database: master","timestamp":"2026-06-13 16:56:00"}
{"level":"info","message":"Orchestrator: Found 2 tenants to process.","timestamp":"2026-06-13 16:56:00"}
{"level":"info","message":"📁 Switching to CLIENT database: tenant_rbi (Tenant: rbi)","timestamp":"2026-06-13 16:56:00"}
{"level":"info","message":"Orchestrator: No domains found for tenant rbi (excluding those currently scanning).","timestamp":"2026-06-13 16:56:00"}
{"level":"info","message":"📁 Switching to CLIENT database: tenant_sbi (Tenant: sbi)","timestamp":"2026-06-13 16:56:00"}
{"level":"info","message":"Orchestrator: No domains found for tenant sbi (excluding those currently scanning).","timestamp":"2026-06-13 16:56:00"}
{"level":"info","message":"Orchestrator: Master DB connection closed.","timestamp":"2026-06-13 16:56:00"}
{"level":"info","message":"✅ Orchestrator: Finished. Total jobs enqueued: 0","timestamp":"2026-06-13 16:56:00"}
{"level":"info","message":"Job repeat:c10eea93bf68cc56fd5c63b351df3d32:1781349960000 (Orchestrator) completed successfully.","timestamp":"2026-06-13 16:56:00"}
{"level":"info","message":"[Job repeat:c10eea93bf68cc56fd5c63b351df3d32:1781350020000] 🚀 Executing scheduled global orchestration...","timestamp":"2026-06-13 16:57:00"}
{"level":"info","message":"Orchestrator: Starting global scan orchestration... ","timestamp":"2026-06-13 16:57:00"}
{"level":"info","message":"🔗 Connecting to MASTER database: master","timestamp":"2026-06-13 16:57:00"}
{"level":"info","message":"Orchestrator: Found 2 tenants to process.","timestamp":"2026-06-13 16:57:01"}
{"level":"info","message":"📁 Switching to CLIENT database: tenant_rbi (Tenant: rbi)","timestamp":"2026-06-13 16:57:01"}
{"level":"info","message":"Orchestrator: No domains found for tenant rbi (excluding those currently scanning).","timestamp":"2026-06-13 16:57:01"}
{"level":"info","message":"📁 Switching to CLIENT database: tenant_sbi (Tenant: sbi)","timestamp":"2026-06-13 16:57:01"}
{"level":"info","message":"Orchestrator: No domains found for tenant sbi (excluding those currently scanning).","timestamp":"2026-06-13 16:57:01"}
{"level":"info","message":"Orchestrator: Master DB connection closed.","timestamp":"2026-06-13 16:57:01"}
{"level":"info","message":"✅ Orchestrator: Finished. Total jobs enqueued: 0","timestamp":"2026-06-13 16:57:01"}
{"level":"info","message":"Job repeat:c10eea93bf68cc56fd5c63b351df3d32:1781350020000 (Orchestrator) completed successfully.","timestamp":"2026-06-13 16:57:01"}
{"level":"info","message":"[Job repeat:c10eea93bf68cc56fd5c63b351df3d32:1781350080000] 🚀 Executing scheduled global orchestration...","timestamp":"2026-06-13 16:58:00"}
{"level":"info","message":"Orchestrator: Starting global scan orchestration... ","timestamp":"2026-06-13 16:58:00"}
{"level":"info","message":"🔗 Connecting to MASTER database: master","timestamp":"2026-06-13 16:58:00"}
{"level":"info","message":"Orchestrator: Found 2 tenants to process.","timestamp":"2026-06-13 16:58:01"}
{"level":"info","message":"📁 Switching to CLIENT database: tenant_rbi (Tenant: rbi)","timestamp":"2026-06-13 16:58:01"}
{"level":"info","message":"Orchestrator: No domains found for tenant rbi (excluding those currently scanning).","timestamp":"2026-06-13 16:58:01"}
{"level":"info","message":"📁 Switching to CLIENT database: tenant_sbi (Tenant: sbi)","timestamp":"2026-06-13 16:58:01"}
{"level":"info","message":"Orchestrator: No domains found for tenant sbi (excluding those currently scanning).","timestamp":"2026-06-13 16:58:01"}
{"level":"info","message":"Orchestrator: Master DB connection closed.","timestamp":"2026-06-13 16:58:01"}
{"level":"info","message":"✅ Orchestrator: Finished. Total jobs enqueued: 0","timestamp":"2026-06-13 16:58:01"}
{"level":"info","message":"Job repeat:c10eea93bf68cc56fd5c63b351df3d32:1781350080000 (Orchestrator) completed successfully.","timestamp":"2026-06-13 16:58:01"}
{"level":"info","message":"[Job repeat:c10eea93bf68cc56fd5c63b351df3d32:1781350140000] 🚀 Executing scheduled global orchestration...","timestamp":"2026-06-13 16:59:00"}
{"level":"info","message":"Orchestrator: Starting global scan orchestration... ","timestamp":"2026-06-13 16:59:00"}
{"level":"info","message":"🔗 Connecting to MASTER database: master","timestamp":"2026-06-13 16:59:00"}
{"level":"info","message":"Orchestrator: Found 2 tenants to process.","timestamp":"2026-06-13 16:59:00"}
{"level":"info","message":"📁 Switching to CLIENT database: tenant_rbi (Tenant: rbi)","timestamp":"2026-06-13 16:59:00"}
{"level":"info","message":"Orchestrator: No domains found for tenant rbi (excluding those currently scanning).","timestamp":"2026-06-13 16:59:00"}
{"level":"info","message":"📁 Switching to CLIENT database: tenant_sbi (Tenant: sbi)","timestamp":"2026-06-13 16:59:00"}
{"level":"info","message":"Orchestrator: No domains found for tenant sbi (excluding those currently scanning).","timestamp":"2026-06-13 16:59:00"}
{"level":"info","message":"Orchestrator: Master DB connection closed.","timestamp":"2026-06-13 16:59:00"}
{"level":"info","message":"✅ Orchestrator: Finished. Total jobs enqueued: 0","timestamp":"2026-06-13 16:59:00"}
{"level":"info","message":"Job repeat:c10eea93bf68cc56fd5c63b351df3d32:1781350140000 (Orchestrator) completed successfully.","timestamp":"2026-06-13 16:59:00"}
{"level":"info","message":"[Job repeat:c10eea93bf68cc56fd5c63b351df3d32:1781350200000] 🚀 Executing scheduled global orchestration...","timestamp":"2026-06-13 17:00:00"}
{"level":"info","message":"Orchestrator: Starting global scan orchestration... ","timestamp":"2026-06-13 17:00:00"}
{"level":"info","message":"🔗 Connecting to MASTER database: master","timestamp":"2026-06-13 17:00:00"}
{"level":"info","message":"Orchestrator: Found 2 tenants to process.","timestamp":"2026-06-13 17:00:01"}
{"level":"info","message":"📁 Switching to CLIENT database: tenant_rbi (Tenant: rbi)","timestamp":"2026-06-13 17:00:01"}
{"level":"info","message":"Orchestrator: No domains found for tenant rbi (excluding those currently scanning).","timestamp":"2026-06-13 17:00:01"}
{"level":"info","message":"📁 Switching to CLIENT database: tenant_sbi (Tenant: sbi)","timestamp":"2026-06-13 17:00:01"}
{"level":"info","message":"Orchestrator: No domains found for tenant sbi (excluding those currently scanning).","timestamp":"2026-06-13 17:00:01"}
{"level":"info","message":"Orchestrator: Master DB connection closed.","timestamp":"2026-06-13 17:00:01"}
{"level":"info","message":"✅ Orchestrator: Finished. Total jobs enqueued: 0","timestamp":"2026-06-13 17:00:01"}
{"level":"info","message":"Job repeat:c10eea93bf68cc56fd5c63b351df3d32:1781350200000 (Orchestrator) completed successfully.","timestamp":"2026-06-13 17:00:01"}
{"level":"info","message":"[Job repeat:c10eea93bf68cc56fd5c63b351df3d32:1781350260000] 🚀 Executing scheduled global orchestration...","timestamp":"2026-06-13 17:01:00"}
{"level":"info","message":"Orchestrator: Starting global scan orchestration... ","timestamp":"2026-06-13 17:01:00"}
{"level":"info","message":"🔗 Connecting to MASTER database: master","timestamp":"2026-06-13 17:01:00"}
{"level":"info","message":"Orchestrator: Found 2 tenants to process.","timestamp":"2026-06-13 17:01:01"}
{"level":"info","message":"📁 Switching to CLIENT database: tenant_rbi (Tenant: rbi)","timestamp":"2026-06-13 17:01:01"}
{"level":"info","message":"Orchestrator: No domains found for tenant rbi (excluding those currently scanning).","timestamp":"2026-06-13 17:01:01"}
{"level":"info","message":"📁 Switching to CLIENT database: tenant_sbi (Tenant: sbi)","timestamp":"2026-06-13 17:01:01"}
{"level":"info","message":"Orchestrator: No domains found for tenant sbi (excluding those currently scanning).","timestamp":"2026-06-13 17:01:01"}
{"level":"info","message":"Orchestrator: Master DB connection closed.","timestamp":"2026-06-13 17:01:01"}
{"level":"info","message":"✅ Orchestrator: Finished. Total jobs enqueued: 0","timestamp":"2026-06-13 17:01:01"}
{"level":"info","message":"Job repeat:c10eea93bf68cc56fd5c63b351df3d32:1781350260000 (Orchestrator) completed successfully.","timestamp":"2026-06-13 17:01:01"}
{"level":"info","message":"[Job repeat:c10eea93bf68cc56fd5c63b351df3d32:1781350320000] 🚀 Executing scheduled global orchestration...","timestamp":"2026-06-13 17:02:00"}
{"level":"info","message":"Orchestrator: Starting global scan orchestration... ","timestamp":"2026-06-13 17:02:00"}
{"level":"info","message":"🔗 Connecting to MASTER database: master","timestamp":"2026-06-13 17:02:00"}
{"level":"info","message":"Orchestrator: Found 2 tenants to process.","timestamp":"2026-06-13 17:02:01"}
{"level":"info","message":"📁 Switching to CLIENT database: tenant_rbi (Tenant: rbi)","timestamp":"2026-06-13 17:02:01"}
{"level":"info","message":"Orchestrator: No domains found for tenant rbi (excluding those currently scanning).","timestamp":"2026-06-13 17:02:01"}
{"level":"info","message":"📁 Switching to CLIENT database: tenant_sbi (Tenant: sbi)","timestamp":"2026-06-13 17:02:01"}
{"level":"info","message":"Orchestrator: No domains found for tenant sbi (excluding those currently scanning).","timestamp":"2026-06-13 17:02:01"}
{"level":"info","message":"Orchestrator: Master DB connection closed.","timestamp":"2026-06-13 17:02:01"}
{"level":"info","message":"✅ Orchestrator: Finished. Total jobs enqueued: 0","timestamp":"2026-06-13 17:02:01"}
{"level":"info","message":"Job repeat:c10eea93bf68cc56fd5c63b351df3d32:1781350320000 (Orchestrator) completed successfully.","timestamp":"2026-06-13 17:02:01"}
{"level":"info","message":"[Job repeat:c10eea93bf68cc56fd5c63b351df3d32:1781350380000] 🚀 Executing scheduled global orchestration...","timestamp":"2026-06-13 17:03:00"}
{"level":"info","message":"Orchestrator: Starting global scan orchestration... ","timestamp":"2026-06-13 17:03:00"}
{"level":"info","message":"🔗 Connecting to MASTER database: master","timestamp":"2026-06-13 17:03:00"}
{"level":"info","message":"Orchestrator: Found 2 tenants to process.","timestamp":"2026-06-13 17:03:01"}
{"level":"info","message":"📁 Switching to CLIENT database: tenant_rbi (Tenant: rbi)","timestamp":"2026-06-13 17:03:01"}
{"level":"info","message":"Orchestrator: No domains found for tenant rbi (excluding those currently scanning).","timestamp":"2026-06-13 17:03:01"}
{"level":"info","message":"📁 Switching to CLIENT database: tenant_sbi (Tenant: sbi)","timestamp":"2026-06-13 17:03:01"}
{"level":"info","message":"Orchestrator: No domains found for tenant sbi (excluding those currently scanning).","timestamp":"2026-06-13 17:03:01"}
{"level":"info","message":"Orchestrator: Master DB connection closed.","timestamp":"2026-06-13 17:03:01"}
{"level":"info","message":"✅ Orchestrator: Finished. Total jobs enqueued: 0","timestamp":"2026-06-13 17:03:01"}
{"level":"info","message":"Job repeat:c10eea93bf68cc56fd5c63b351df3d32:1781350380000 (Orchestrator) completed successfully.","timestamp":"2026-06-13 17:03:01"}
{"level":"info","message":"[Job repeat:c10eea93bf68cc56fd5c63b351df3d32:1781350440000] 🚀 Executing scheduled global orchestration...","timestamp":"2026-06-13 17:04:00"}
{"level":"info","message":"Orchestrator: Starting global scan orchestration... ","timestamp":"2026-06-13 17:04:00"}
{"level":"info","message":"🔗 Connecting to MASTER database: master","timestamp":"2026-06-13 17:04:00"}
{"level":"info","message":"Orchestrator: Found 2 tenants to process.","timestamp":"2026-06-13 17:04:00"}
{"level":"info","message":"📁 Switching to CLIENT database: tenant_rbi (Tenant: rbi)","timestamp":"2026-06-13 17:04:00"}
{"level":"info","message":"Orchestrator: No domains found for tenant rbi (excluding those currently scanning).","timestamp":"2026-06-13 17:04:00"}
{"level":"info","message":"📁 Switching to CLIENT database: tenant_sbi (Tenant: sbi)","timestamp":"2026-06-13 17:04:00"}
{"level":"info","message":"Orchestrator: No domains found for tenant sbi (excluding those currently scanning).","timestamp":"2026-06-13 17:04:00"}
{"level":"info","message":"Orchestrator: Master DB connection closed.","timestamp":"2026-06-13 17:04:00"}
{"level":"info","message":"✅ Orchestrator: Finished. Total jobs enqueued: 0","timestamp":"2026-06-13 17:04:00"}
{"level":"info","message":"Job repeat:c10eea93bf68cc56fd5c63b351df3d32:1781350440000 (Orchestrator) completed successfully.","timestamp":"2026-06-13 17:04:00"}
{"level":"info","message":"[Job repeat:c10eea93bf68cc56fd5c63b351df3d32:1781350500000] 🚀 Executing scheduled global orchestration...","timestamp":"2026-06-13 17:05:00"}
{"level":"info","message":"Orchestrator: Starting global scan orchestration... ","timestamp":"2026-06-13 17:05:00"}
{"level":"info","message":"🔗 Connecting to MASTER database: master","timestamp":"2026-06-13 17:05:00"}
{"level":"info","message":"Orchestrator: Found 2 tenants to process.","timestamp":"2026-06-13 17:05:00"}
{"level":"info","message":"📁 Switching to CLIENT database: tenant_rbi (Tenant: rbi)","timestamp":"2026-06-13 17:05:00"}
{"level":"info","message":"Orchestrator: No domains found for tenant rbi (excluding those currently scanning).","timestamp":"2026-06-13 17:05:00"}
{"level":"info","message":"📁 Switching to CLIENT database: tenant_sbi (Tenant: sbi)","timestamp":"2026-06-13 17:05:00"}
{"level":"info","message":"Orchestrator: No domains found for tenant sbi (excluding those currently scanning).","timestamp":"2026-06-13 17:05:00"}
{"level":"info","message":"Orchestrator: Master DB connection closed.","timestamp":"2026-06-13 17:05:00"}
{"level":"info","message":"✅ Orchestrator: Finished. Total jobs enqueued: 0","timestamp":"2026-06-13 17:05:00"}
{"level":"info","message":"Job repeat:c10eea93bf68cc56fd5c63b351df3d32:1781350500000 (Orchestrator) completed successfully.","timestamp":"2026-06-13 17:05:00"}
{"level":"info","message":"[Job repeat:c10eea93bf68cc56fd5c63b351df3d32:1781350560000] 🚀 Executing scheduled global orchestration...","timestamp":"2026-06-13 17:06:00"}
{"level":"info","message":"Orchestrator: Starting global scan orchestration... ","timestamp":"2026-06-13 17:06:00"}
{"level":"info","message":"🔗 Connecting to MASTER database: master","timestamp":"2026-06-13 17:06:00"}
{"level":"info","message":"Orchestrator: Found 2 tenants to process.","timestamp":"2026-06-13 17:06:01"}
{"level":"info","message":"📁 Switching to CLIENT database: tenant_rbi (Tenant: rbi)","timestamp":"2026-06-13 17:06:01"}
{"level":"info","message":"Orchestrator: No domains found for tenant rbi (excluding those currently scanning).","timestamp":"2026-06-13 17:06:01"}
{"level":"info","message":"📁 Switching to CLIENT database: tenant_sbi (Tenant: sbi)","timestamp":"2026-06-13 17:06:01"}
{"level":"info","message":"Orchestrator: No domains found for tenant sbi (excluding those currently scanning).","timestamp":"2026-06-13 17:06:01"}
{"level":"info","message":"Orchestrator: Master DB connection closed.","timestamp":"2026-06-13 17:06:01"}
{"level":"info","message":"✅ Orchestrator: Finished. Total jobs enqueued: 0","timestamp":"2026-06-13 17:06:01"}
{"level":"info","message":"Job repeat:c10eea93bf68cc56fd5c63b351df3d32:1781350560000 (Orchestrator) completed successfully.","timestamp":"2026-06-13 17:06:01"}
{"level":"info","message":"[Job repeat:c10eea93bf68cc56fd5c63b351df3d32:1781350620000] 🚀 Executing scheduled global orchestration...","timestamp":"2026-06-13 17:07:00"}
{"level":"info","message":"Orchestrator: Starting global scan orchestration... ","timestamp":"2026-06-13 17:07:00"}
{"level":"info","message":"🔗 Connecting to MASTER database: master","timestamp":"2026-06-13 17:07:00"}
{"level":"info","message":"Orchestrator: Found 2 tenants to process.","timestamp":"2026-06-13 17:07:01"}
{"level":"info","message":"📁 Switching to CLIENT database: tenant_rbi (Tenant: rbi)","timestamp":"2026-06-13 17:07:01"}
{"level":"info","message":"Orchestrator: No domains found for tenant rbi (excluding those currently scanning).","timestamp":"2026-06-13 17:07:01"}
{"level":"info","message":"📁 Switching to CLIENT database: tenant_sbi (Tenant: sbi)","timestamp":"2026-06-13 17:07:01"}
{"level":"info","message":"Orchestrator: No domains found for tenant sbi (excluding those currently scanning).","timestamp":"2026-06-13 17:07:01"}
{"level":"info","message":"Orchestrator: Master DB connection closed.","timestamp":"2026-06-13 17:07:01"}
{"level":"info","message":"✅ Orchestrator: Finished. Total jobs enqueued: 0","timestamp":"2026-06-13 17:07:01"}
{"level":"info","message":"Job repeat:c10eea93bf68cc56fd5c63b351df3d32:1781350620000 (Orchestrator) completed successfully.","timestamp":"2026-06-13 17:07:01"}
{"level":"info","message":"[Job repeat:c10eea93bf68cc56fd5c63b351df3d32:1781350680000] 🚀 Executing scheduled global orchestration...","timestamp":"2026-06-13 17:08:00"}
{"level":"info","message":"Orchestrator: Starting global scan orchestration... ","timestamp":"2026-06-13 17:08:00"}
{"level":"info","message":"🔗 Connecting to MASTER database: master","timestamp":"2026-06-13 17:08:00"}
{"level":"info","message":"Orchestrator: Found 2 tenants to process.","timestamp":"2026-06-13 17:08:00"}
{"level":"info","message":"📁 Switching to CLIENT database: tenant_rbi (Tenant: rbi)","timestamp":"2026-06-13 17:08:00"}
{"level":"info","message":"Orchestrator: No domains found for tenant rbi (excluding those currently scanning).","timestamp":"2026-06-13 17:08:00"}
{"level":"info","message":"📁 Switching to CLIENT database: tenant_sbi (Tenant: sbi)","timestamp":"2026-06-13 17:08:00"}
{"level":"info","message":"Orchestrator: No domains found for tenant sbi (excluding those currently scanning).","timestamp":"2026-06-13 17:08:00"}
{"level":"info","message":"Orchestrator: Master DB connection closed.","timestamp":"2026-06-13 17:08:00"}
{"level":"info","message":"✅ Orchestrator: Finished. Total jobs enqueued: 0","timestamp":"2026-06-13 17:08:00"}
{"level":"info","message":"Job repeat:c10eea93bf68cc56fd5c63b351df3d32:1781350680000 (Orchestrator) completed successfully.","timestamp":"2026-06-13 17:08:00"}
{"level":"info","message":"[Job repeat:c10eea93bf68cc56fd5c63b351df3d32:1781350740000] 🚀 Executing scheduled global orchestration...","timestamp":"2026-06-13 17:09:00"}
{"level":"info","message":"Orchestrator: Starting global scan orchestration... ","timestamp":"2026-06-13 17:09:00"}
{"level":"info","message":"🔗 Connecting to MASTER database: master","timestamp":"2026-06-13 17:09:00"}
{"level":"info","message":"Orchestrator: Found 2 tenants to process.","timestamp":"2026-06-13 17:09:01"}
{"level":"info","message":"📁 Switching to CLIENT database: tenant_rbi (Tenant: rbi)","timestamp":"2026-06-13 17:09:01"}
{"level":"info","message":"Orchestrator: No domains found for tenant rbi (excluding those currently scanning).","timestamp":"2026-06-13 17:09:01"}
{"level":"info","message":"📁 Switching to CLIENT database: tenant_sbi (Tenant: sbi)","timestamp":"2026-06-13 17:09:01"}
{"level":"info","message":"Orchestrator: No domains found for tenant sbi (excluding those currently scanning).","timestamp":"2026-06-13 17:09:01"}
{"level":"info","message":"Orchestrator: Master DB connection closed.","timestamp":"2026-06-13 17:09:01"}
{"level":"info","message":"✅ Orchestrator: Finished. Total jobs enqueued: 0","timestamp":"2026-06-13 17:09:01"}
{"level":"info","message":"Job repeat:c10eea93bf68cc56fd5c63b351df3d32:1781350740000 (Orchestrator) completed successfully.","timestamp":"2026-06-13 17:09:01"}
{"level":"info","message":"[Job repeat:c10eea93bf68cc56fd5c63b351df3d32:1781350800000] 🚀 Executing scheduled global orchestration...","timestamp":"2026-06-13 17:10:01"}
{"level":"info","message":"Orchestrator: Starting global scan orchestration... ","timestamp":"2026-06-13 17:10:01"}
{"level":"info","message":"🔗 Connecting to MASTER database: master","timestamp":"2026-06-13 17:10:01"}
{"level":"info","message":"Orchestrator: Found 2 tenants to process.","timestamp":"2026-06-13 17:10:01"}
{"level":"info","message":"📁 Switching to CLIENT database: tenant_rbi (Tenant: rbi)","timestamp":"2026-06-13 17:10:01"}
{"level":"info","message":"Orchestrator: No domains found for tenant rbi (excluding those currently scanning).","timestamp":"2026-06-13 17:10:01"}
{"level":"info","message":"📁 Switching to CLIENT database: tenant_sbi (Tenant: sbi)","timestamp":"2026-06-13 17:10:01"}
{"level":"info","message":"Orchestrator: No domains found for tenant sbi (excluding those currently scanning).","timestamp":"2026-06-13 17:10:01"}
{"level":"info","message":"Orchestrator: Master DB connection closed.","timestamp":"2026-06-13 17:10:01"}
{"level":"info","message":"✅ Orchestrator: Finished. Total jobs enqueued: 0","timestamp":"2026-06-13 17:10:01"}
{"level":"info","message":"Job repeat:c10eea93bf68cc56fd5c63b351df3d32:1781350800000 (Orchestrator) completed successfully.","timestamp":"2026-06-13 17:10:01"}
{"level":"info","message":"[Job repeat:c10eea93bf68cc56fd5c63b351df3d32:1781350860000] 🚀 Executing scheduled global orchestration...","timestamp":"2026-06-13 17:11:00"}
{"level":"info","message":"Orchestrator: Starting global scan orchestration... ","timestamp":"2026-06-13 17:11:00"}
{"level":"info","message":"🔗 Connecting to MASTER database: master","timestamp":"2026-06-13 17:11:00"}
{"level":"info","message":"Orchestrator: Found 2 tenants to process.","timestamp":"2026-06-13 17:11:01"}
{"level":"info","message":"📁 Switching to CLIENT database: tenant_rbi (Tenant: rbi)","timestamp":"2026-06-13 17:11:01"}
{"level":"info","message":"Orchestrator: No domains found for tenant rbi (excluding those currently scanning).","timestamp":"2026-06-13 17:11:01"}
{"level":"info","message":"📁 Switching to CLIENT database: tenant_sbi (Tenant: sbi)","timestamp":"2026-06-13 17:11:01"}
{"level":"info","message":"Orchestrator: No domains found for tenant sbi (excluding those currently scanning).","timestamp":"2026-06-13 17:11:01"}
{"level":"info","message":"Orchestrator: Master DB connection closed.","timestamp":"2026-06-13 17:11:01"}
{"level":"info","message":"✅ Orchestrator: Finished. Total jobs enqueued: 0","timestamp":"2026-06-13 17:11:01"}
{"level":"info","message":"Job repeat:c10eea93bf68cc56fd5c63b351df3d32:1781350860000 (Orchestrator) completed successfully.","timestamp":"2026-06-13 17:11:01"}
{"level":"info","message":"[Job repeat:c10eea93bf68cc56fd5c63b351df3d32:1781350920000] 🚀 Executing scheduled global orchestration...","timestamp":"2026-06-13 17:12:00"}
{"level":"info","message":"Orchestrator: Starting global scan orchestration... ","timestamp":"2026-06-13 17:12:00"}
{"level":"info","message":"🔗 Connecting to MASTER database: master","timestamp":"2026-06-13 17:12:00"}
{"level":"info","message":"Orchestrator: Found 2 tenants to process.","timestamp":"2026-06-13 17:12:01"}
{"level":"info","message":"📁 Switching to CLIENT database: tenant_rbi (Tenant: rbi)","timestamp":"2026-06-13 17:12:01"}
{"level":"info","message":"Orchestrator: No domains found for tenant rbi (excluding those currently scanning).","timestamp":"2026-06-13 17:12:01"}
{"level":"info","message":"📁 Switching to CLIENT database: tenant_sbi (Tenant: sbi)","timestamp":"2026-06-13 17:12:01"}
{"level":"info","message":"Orchestrator: No domains found for tenant sbi (excluding those currently scanning).","timestamp":"2026-06-13 17:12:01"}
{"level":"info","message":"Orchestrator: Master DB connection closed.","timestamp":"2026-06-13 17:12:01"}
{"level":"info","message":"✅ Orchestrator: Finished. Total jobs enqueued: 0","timestamp":"2026-06-13 17:12:01"}
{"level":"info","message":"Job repeat:c10eea93bf68cc56fd5c63b351df3d32:1781350920000 (Orchestrator) completed successfully.","timestamp":"2026-06-13 17:12:01"}
{"level":"info","message":"[Job repeat:c10eea93bf68cc56fd5c63b351df3d32:1781350980000] 🚀 Executing scheduled global orchestration...","timestamp":"2026-06-13 17:13:00"}
{"level":"info","message":"Orchestrator: Starting global scan orchestration... ","timestamp":"2026-06-13 17:13:00"}
{"level":"info","message":"🔗 Connecting to MASTER database: master","timestamp":"2026-06-13 17:13:00"}
{"level":"info","message":"Orchestrator: Found 2 tenants to process.","timestamp":"2026-06-13 17:13:00"}
{"level":"info","message":"📁 Switching to CLIENT database: tenant_rbi (Tenant: rbi)","timestamp":"2026-06-13 17:13:00"}
{"level":"info","message":"Orchestrator: No domains found for tenant rbi (excluding those currently scanning).","timestamp":"2026-06-13 17:13:00"}
{"level":"info","message":"📁 Switching to CLIENT database: tenant_sbi (Tenant: sbi)","timestamp":"2026-06-13 17:13:00"}
{"level":"info","message":"Orchestrator: No domains found for tenant sbi (excluding those currently scanning).","timestamp":"2026-06-13 17:13:00"}
{"level":"info","message":"Orchestrator: Master DB connection closed.","timestamp":"2026-06-13 17:13:00"}
{"level":"info","message":"✅ Orchestrator: Finished. Total jobs enqueued: 0","timestamp":"2026-06-13 17:13:00"}
{"level":"info","message":"Job repeat:c10eea93bf68cc56fd5c63b351df3d32:1781350980000 (Orchestrator) completed successfully.","timestamp":"2026-06-13 17:13:00"}
{"level":"info","message":"[Job repeat:c10eea93bf68cc56fd5c63b351df3d32:1781351040000] 🚀 Executing scheduled global orchestration...","timestamp":"2026-06-13 17:14:00"}
{"level":"info","message":"Orchestrator: Starting global scan orchestration... ","timestamp":"2026-06-13 17:14:00"}
{"level":"info","message":"🔗 Connecting to MASTER database: master","timestamp":"2026-06-13 17:14:00"}
{"level":"info","message":"Orchestrator: Found 2 tenants to process.","timestamp":"2026-06-13 17:14:01"}
{"level":"info","message":"📁 Switching to CLIENT database: tenant_rbi (Tenant: rbi)","timestamp":"2026-06-13 17:14:01"}
{"level":"info","message":"Orchestrator: No domains found for tenant rbi (excluding those currently scanning).","timestamp":"2026-06-13 17:14:01"}
{"level":"info","message":"📁 Switching to CLIENT database: tenant_sbi (Tenant: sbi)","timestamp":"2026-06-13 17:14:01"}
{"level":"info","message":"Orchestrator: No domains found for tenant sbi (excluding those currently scanning).","timestamp":"2026-06-13 17:14:01"}
{"level":"info","message":"Orchestrator: Master DB connection closed.","timestamp":"2026-06-13 17:14:01"}
{"level":"info","message":"✅ Orchestrator: Finished. Total jobs enqueued: 0","timestamp":"2026-06-13 17:14:01"}
{"level":"info","message":"Job repeat:c10eea93bf68cc56fd5c63b351df3d32:1781351040000 (Orchestrator) completed successfully.","timestamp":"2026-06-13 17:14:01"}
{"level":"info","message":"[Job repeat:c10eea93bf68cc56fd5c63b351df3d32:1781351100000] 🚀 Executing scheduled global orchestration...","timestamp":"2026-06-13 17:15:00"}
{"level":"info","message":"Orchestrator: Starting global scan orchestration... ","timestamp":"2026-06-13 17:15:00"}
{"level":"info","message":"🔗 Connecting to MASTER database: master","timestamp":"2026-06-13 17:15:00"}
{"level":"info","message":"Orchestrator: Found 2 tenants to process.","timestamp":"2026-06-13 17:15:01"}
{"level":"info","message":"📁 Switching to CLIENT database: tenant_rbi (Tenant: rbi)","timestamp":"2026-06-13 17:15:01"}
{"level":"info","message":"Orchestrator: No domains found for tenant rbi (excluding those currently scanning).","timestamp":"2026-06-13 17:15:01"}
{"level":"info","message":"📁 Switching to CLIENT database: tenant_sbi (Tenant: sbi)","timestamp":"2026-06-13 17:15:01"}
{"level":"info","message":"Orchestrator: No domains found for tenant sbi (excluding those currently scanning).","timestamp":"2026-06-13 17:15:01"}
{"level":"info","message":"Orchestrator: Master DB connection closed.","timestamp":"2026-06-13 17:15:01"}
{"level":"info","message":"✅ Orchestrator: Finished. Total jobs enqueued: 0","timestamp":"2026-06-13 17:15:01"}
{"level":"info","message":"Job repeat:c10eea93bf68cc56fd5c63b351df3d32:1781351100000 (Orchestrator) completed successfully.","timestamp":"2026-06-13 17:15:01"}
{"level":"info","message":"[Job repeat:c10eea93bf68cc56fd5c63b351df3d32:1781351160000] 🚀 Executing scheduled global orchestration...","timestamp":"2026-06-13 17:16:00"}
{"level":"info","message":"Orchestrator: Starting global scan orchestration... ","timestamp":"2026-06-13 17:16:00"}
{"level":"info","message":"🔗 Connecting to MASTER database: master","timestamp":"2026-06-13 17:16:00"}
{"level":"info","message":"Orchestrator: Found 2 tenants to process.","timestamp":"2026-06-13 17:16:00"}
{"level":"info","message":"📁 Switching to CLIENT database: tenant_rbi (Tenant: rbi)","timestamp":"2026-06-13 17:16:00"}
{"level":"info","message":"Orchestrator: No domains found for tenant rbi (excluding those currently scanning).","timestamp":"2026-06-13 17:16:00"}
{"level":"info","message":"📁 Switching to CLIENT database: tenant_sbi (Tenant: sbi)","timestamp":"2026-06-13 17:16:00"}
{"level":"info","message":"Orchestrator: No domains found for tenant sbi (excluding those currently scanning).","timestamp":"2026-06-13 17:16:00"}
{"level":"info","message":"Orchestrator: Master DB connection closed.","timestamp":"2026-06-13 17:16:00"}
{"level":"info","message":"✅ Orchestrator: Finished. Total jobs enqueued: 0","timestamp":"2026-06-13 17:16:00"}
{"level":"info","message":"Job repeat:c10eea93bf68cc56fd5c63b351df3d32:1781351160000 (Orchestrator) completed successfully.","timestamp":"2026-06-13 17:16:00"}
{"level":"info","message":"[Job repeat:c10eea93bf68cc56fd5c63b351df3d32:1781351220000] 🚀 Executing scheduled global orchestration...","timestamp":"2026-06-13 17:17:00"}
{"level":"info","message":"Orchestrator: Starting global scan orchestration... ","timestamp":"2026-06-13 17:17:00"}
{"level":"info","message":"🔗 Connecting to MASTER database: master","timestamp":"2026-06-13 17:17:00"}
{"level":"info","message":"Orchestrator: Found 2 tenants to process.","timestamp":"2026-06-13 17:17:01"}
{"level":"info","message":"📁 Switching to CLIENT database: tenant_rbi (Tenant: rbi)","timestamp":"2026-06-13 17:17:01"}
{"level":"info","message":"Orchestrator: No domains found for tenant rbi (excluding those currently scanning).","timestamp":"2026-06-13 17:17:01"}
{"level":"info","message":"📁 Switching to CLIENT database: tenant_sbi (Tenant: sbi)","timestamp":"2026-06-13 17:17:01"}
{"level":"info","message":"Orchestrator: No domains found for tenant sbi (excluding those currently scanning).","timestamp":"2026-06-13 17:17:01"}
{"level":"info","message":"Orchestrator: Master DB connection closed.","timestamp":"2026-06-13 17:17:01"}
{"level":"info","message":"✅ Orchestrator: Finished. Total jobs enqueued: 0","timestamp":"2026-06-13 17:17:01"}
{"level":"info","message":"Job repeat:c10eea93bf68cc56fd5c63b351df3d32:1781351220000 (Orchestrator) completed successfully.","timestamp":"2026-06-13 17:17:01"}
{"level":"info","message":"[Job repeat:c10eea93bf68cc56fd5c63b351df3d32:1781351280000] 🚀 Executing scheduled global orchestration...","timestamp":"2026-06-13 17:18:00"}
{"level":"info","message":"Orchestrator: Starting global scan orchestration... ","timestamp":"2026-06-13 17:18:00"}
{"level":"info","message":"🔗 Connecting to MASTER database: master","timestamp":"2026-06-13 17:18:00"}
{"level":"info","message":"Orchestrator: Found 2 tenants to process.","timestamp":"2026-06-13 17:18:01"}
{"level":"info","message":"📁 Switching to CLIENT database: tenant_rbi (Tenant: rbi)","timestamp":"2026-06-13 17:18:01"}
{"level":"info","message":"Orchestrator: No domains found for tenant rbi (excluding those currently scanning).","timestamp":"2026-06-13 17:18:01"}
{"level":"info","message":"📁 Switching to CLIENT database: tenant_sbi (Tenant: sbi)","timestamp":"2026-06-13 17:18:01"}
{"level":"info","message":"Orchestrator: No domains found for tenant sbi (excluding those currently scanning).","timestamp":"2026-06-13 17:18:01"}
{"level":"info","message":"Orchestrator: Master DB connection closed.","timestamp":"2026-06-13 17:18:01"}
{"level":"info","message":"✅ Orchestrator: Finished. Total jobs enqueued: 0","timestamp":"2026-06-13 17:18:01"}
{"level":"info","message":"Job repeat:c10eea93bf68cc56fd5c63b351df3d32:1781351280000 (Orchestrator) completed successfully.","timestamp":"2026-06-13 17:18:01"}
{"level":"info","message":"[Job repeat:c10eea93bf68cc56fd5c63b351df3d32:1781351340000] 🚀 Executing scheduled global orchestration...","timestamp":"2026-06-13 17:19:00"}
{"level":"info","message":"Orchestrator: Starting global scan orchestration... ","timestamp":"2026-06-13 17:19:00"}
{"level":"info","message":"🔗 Connecting to MASTER database: master","timestamp":"2026-06-13 17:19:00"}
{"level":"info","message":"Orchestrator: Found 2 tenants to process.","timestamp":"2026-06-13 17:19:00"}
{"level":"info","message":"📁 Switching to CLIENT database: tenant_rbi (Tenant: rbi)","timestamp":"2026-06-13 17:19:00"}
{"level":"info","message":"Orchestrator: No domains found for tenant rbi (excluding those currently scanning).","timestamp":"2026-06-13 17:19:00"}
{"level":"info","message":"📁 Switching to CLIENT database: tenant_sbi (Tenant: sbi)","timestamp":"2026-06-13 17:19:00"}
{"level":"info","message":"Orchestrator: No domains found for tenant sbi (excluding those currently scanning).","timestamp":"2026-06-13 17:19:00"}
{"level":"info","message":"Orchestrator: Master DB connection closed.","timestamp":"2026-06-13 17:19:00"}
{"level":"info","message":"✅ Orchestrator: Finished. Total jobs enqueued: 0","timestamp":"2026-06-13 17:19:00"}
{"level":"info","message":"Job repeat:c10eea93bf68cc56fd5c63b351df3d32:1781351340000 (Orchestrator) completed successfully.","timestamp":"2026-06-13 17:19:00"}
{"level":"info","message":"[Job repeat:c10eea93bf68cc56fd5c63b351df3d32:1781351400000] 🚀 Executing scheduled global orchestration...","timestamp":"2026-06-13 17:20:00"}
{"level":"info","message":"Orchestrator: Starting global scan orchestration... ","timestamp":"2026-06-13 17:20:00"}
{"level":"info","message":"🔗 Connecting to MASTER database: master","timestamp":"2026-06-13 17:20:00"}
{"level":"info","message":"Orchestrator: Found 2 tenants to process.","timestamp":"2026-06-13 17:20:00"}
{"level":"info","message":"📁 Switching to CLIENT database: tenant_rbi (Tenant: rbi)","timestamp":"2026-06-13 17:20:00"}
{"level":"info","message":"Orchestrator: No domains found for tenant rbi (excluding those currently scanning).","timestamp":"2026-06-13 17:20:01"}
{"level":"info","message":"📁 Switching to CLIENT database: tenant_sbi (Tenant: sbi)","timestamp":"2026-06-13 17:20:01"}
{"level":"info","message":"Orchestrator: No domains found for tenant sbi (excluding those currently scanning).","timestamp":"2026-06-13 17:20:01"}
{"level":"info","message":"Orchestrator: Master DB connection closed.","timestamp":"2026-06-13 17:20:01"}
{"level":"info","message":"✅ Orchestrator: Finished. Total jobs enqueued: 0","timestamp":"2026-06-13 17:20:01"}
{"level":"info","message":"Job repeat:c10eea93bf68cc56fd5c63b351df3d32:1781351400000 (Orchestrator) completed successfully.","timestamp":"2026-06-13 17:20:01"}
{"level":"info","message":"[Job repeat:c10eea93bf68cc56fd5c63b351df3d32:1781351460000] 🚀 Executing scheduled global orchestration...","timestamp":"2026-06-13 17:21:00"}
{"level":"info","message":"Orchestrator: Starting global scan orchestration... ","timestamp":"2026-06-13 17:21:00"}
{"level":"info","message":"🔗 Connecting to MASTER database: master","timestamp":"2026-06-13 17:21:00"}
{"level":"info","message":"Orchestrator: Found 2 tenants to process.","timestamp":"2026-06-13 17:21:01"}
{"level":"info","message":"📁 Switching to CLIENT database: tenant_rbi (Tenant: rbi)","timestamp":"2026-06-13 17:21:01"}
{"level":"info","message":"Orchestrator: No domains found for tenant rbi (excluding those currently scanning).","timestamp":"2026-06-13 17:21:01"}
{"level":"info","message":"📁 Switching to CLIENT database: tenant_sbi (Tenant: sbi)","timestamp":"2026-06-13 17:21:01"}
{"level":"info","message":"Orchestrator: No domains found for tenant sbi (excluding those currently scanning).","timestamp":"2026-06-13 17:21:01"}
{"level":"info","message":"Orchestrator: Master DB connection closed.","timestamp":"2026-06-13 17:21:01"}
{"level":"info","message":"✅ Orchestrator: Finished. Total jobs enqueued: 0","timestamp":"2026-06-13 17:21:01"}
{"level":"info","message":"Job repeat:c10eea93bf68cc56fd5c63b351df3d32:1781351460000 (Orchestrator) completed successfully.","timestamp":"2026-06-13 17:21:01"}
{"level":"info","message":"[Job repeat:c10eea93bf68cc56fd5c63b351df3d32:1781351520000] 🚀 Executing scheduled global orchestration...","timestamp":"2026-06-13 17:22:00"}
{"level":"info","message":"Orchestrator: Starting global scan orchestration... ","timestamp":"2026-06-13 17:22:00"}
{"level":"info","message":"🔗 Connecting to MASTER database: master","timestamp":"2026-06-13 17:22:00"}
{"level":"info","message":"Orchestrator: Found 2 tenants to process.","timestamp":"2026-06-13 17:22:00"}
{"level":"info","message":"📁 Switching to CLIENT database: tenant_rbi (Tenant: rbi)","timestamp":"2026-06-13 17:22:00"}
{"level":"info","message":"Orchestrator: No domains found for tenant rbi (excluding those currently scanning).","timestamp":"2026-06-13 17:22:00"}
{"level":"info","message":"📁 Switching to CLIENT database: tenant_sbi (Tenant: sbi)","timestamp":"2026-06-13 17:22:00"}
{"level":"info","message":"Orchestrator: No domains found for tenant sbi (excluding those currently scanning).","timestamp":"2026-06-13 17:22:00"}
{"level":"info","message":"Orchestrator: Master DB connection closed.","timestamp":"2026-06-13 17:22:00"}
{"level":"info","message":"✅ Orchestrator: Finished. Total jobs enqueued: 0","timestamp":"2026-06-13 17:22:00"}
{"level":"info","message":"Job repeat:c10eea93bf68cc56fd5c63b351df3d32:1781351520000 (Orchestrator) completed successfully.","timestamp":"2026-06-13 17:22:00"}
{"level":"info","message":"[Job repeat:c10eea93bf68cc56fd5c63b351df3d32:1781351580000] 🚀 Executing scheduled global orchestration...","timestamp":"2026-06-13 17:23:00"}
{"level":"info","message":"Orchestrator: Starting global scan orchestration... ","timestamp":"2026-06-13 17:23:00"}
{"level":"info","message":"🔗 Connecting to MASTER database: master","timestamp":"2026-06-13 17:23:00"}
{"level":"info","message":"Orchestrator: Found 2 tenants to process.","timestamp":"2026-06-13 17:23:00"}
{"level":"info","message":"📁 Switching to CLIENT database: tenant_rbi (Tenant: rbi)","timestamp":"2026-06-13 17:23:00"}
{"level":"info","message":"Orchestrator: No domains found for tenant rbi (excluding those currently scanning).","timestamp":"2026-06-13 17:23:01"}
{"level":"info","message":"📁 Switching to CLIENT database: tenant_sbi (Tenant: sbi)","timestamp":"2026-06-13 17:23:01"}
{"level":"info","message":"Orchestrator: No domains found for tenant sbi (excluding those currently scanning).","timestamp":"2026-06-13 17:23:01"}
{"level":"info","message":"Orchestrator: Master DB connection closed.","timestamp":"2026-06-13 17:23:01"}
{"level":"info","message":"✅ Orchestrator: Finished. Total jobs enqueued: 0","timestamp":"2026-06-13 17:23:01"}
{"level":"info","message":"Job repeat:c10eea93bf68cc56fd5c63b351df3d32:1781351580000 (Orchestrator) completed successfully.","timestamp":"2026-06-13 17:23:01"}
{"level":"info","message":"[Job repeat:c10eea93bf68cc56fd5c63b351df3d32:1781351640000] 🚀 Executing scheduled global orchestration...","timestamp":"2026-06-13 17:24:00"}
{"level":"info","message":"Orchestrator: Starting global scan orchestration... ","timestamp":"2026-06-13 17:24:00"}
{"level":"info","message":"🔗 Connecting to MASTER database: master","timestamp":"2026-06-13 17:24:00"}
{"level":"info","message":"Orchestrator: Found 2 tenants to process.","timestamp":"2026-06-13 17:24:01"}
{"level":"info","message":"📁 Switching to CLIENT database: tenant_rbi (Tenant: rbi)","timestamp":"2026-06-13 17:24:01"}
{"level":"info","message":"Orchestrator: No domains found for tenant rbi (excluding those currently scanning).","timestamp":"2026-06-13 17:24:01"}
{"level":"info","message":"📁 Switching to CLIENT database: tenant_sbi (Tenant: sbi)","timestamp":"2026-06-13 17:24:01"}
{"level":"info","message":"Orchestrator: No domains found for tenant sbi (excluding those currently scanning).","timestamp":"2026-06-13 17:24:01"}
{"level":"info","message":"Orchestrator: Master DB connection closed.","timestamp":"2026-06-13 17:24:01"}
{"level":"info","message":"✅ Orchestrator: Finished. Total jobs enqueued: 0","timestamp":"2026-06-13 17:24:01"}
{"level":"info","message":"Job repeat:c10eea93bf68cc56fd5c63b351df3d32:1781351640000 (Orchestrator) completed successfully.","timestamp":"2026-06-13 17:24:01"}
{"level":"info","message":"[Job repeat:c10eea93bf68cc56fd5c63b351df3d32:1781351700000] 🚀 Executing scheduled global orchestration...","timestamp":"2026-06-13 17:25:00"}
{"level":"info","message":"Orchestrator: Starting global scan orchestration... ","timestamp":"2026-06-13 17:25:00"}
{"level":"info","message":"🔗 Connecting to MASTER database: master","timestamp":"2026-06-13 17:25:00"}
{"level":"info","message":"Orchestrator: Found 2 tenants to process.","timestamp":"2026-06-13 17:25:01"}
{"level":"info","message":"📁 Switching to CLIENT database: tenant_rbi (Tenant: rbi)","timestamp":"2026-06-13 17:25:01"}
{"level":"info","message":"Orchestrator: No domains found for tenant rbi (excluding those currently scanning).","timestamp":"2026-06-13 17:25:01"}
{"level":"info","message":"📁 Switching to CLIENT database: tenant_sbi (Tenant: sbi)","timestamp":"2026-06-13 17:25:01"}
{"level":"info","message":"Orchestrator: No domains found for tenant sbi (excluding those currently scanning).","timestamp":"2026-06-13 17:25:01"}
{"level":"info","message":"Orchestrator: Master DB connection closed.","timestamp":"2026-06-13 17:25:01"}
{"level":"info","message":"✅ Orchestrator: Finished. Total jobs enqueued: 0","timestamp":"2026-06-13 17:25:01"}
{"level":"info","message":"Job repeat:c10eea93bf68cc56fd5c63b351df3d32:1781351700000 (Orchestrator) completed successfully.","timestamp":"2026-06-13 17:25:01"}
{"level":"info","message":"[Job repeat:c10eea93bf68cc56fd5c63b351df3d32:1781351760000] 🚀 Executing scheduled global orchestration...","timestamp":"2026-06-13 17:26:00"}
{"level":"info","message":"Orchestrator: Starting global scan orchestration... ","timestamp":"2026-06-13 17:26:00"}
{"level":"info","message":"🔗 Connecting to MASTER database: master","timestamp":"2026-06-13 17:26:00"}
{"level":"info","message":"Orchestrator: Found 2 tenants to process.","timestamp":"2026-06-13 17:26:00"}
{"level":"info","message":"📁 Switching to CLIENT database: tenant_rbi (Tenant: rbi)","timestamp":"2026-06-13 17:26:00"}
{"level":"info","message":"Orchestrator: No domains found for tenant rbi (excluding those currently scanning).","timestamp":"2026-06-13 17:26:00"}
{"level":"info","message":"📁 Switching to CLIENT database: tenant_sbi (Tenant: sbi)","timestamp":"2026-06-13 17:26:00"}
{"level":"info","message":"Orchestrator: No domains found for tenant sbi (excluding those currently scanning).","timestamp":"2026-06-13 17:26:00"}
{"level":"info","message":"Orchestrator: Master DB connection closed.","timestamp":"2026-06-13 17:26:00"}
{"level":"info","message":"✅ Orchestrator: Finished. Total jobs enqueued: 0","timestamp":"2026-06-13 17:26:00"}
{"level":"info","message":"Job repeat:c10eea93bf68cc56fd5c63b351df3d32:1781351760000 (Orchestrator) completed successfully.","timestamp":"2026-06-13 17:26:00"}
{"level":"info","message":"[Job repeat:c10eea93bf68cc56fd5c63b351df3d32:1781351820000] 🚀 Executing scheduled global orchestration...","timestamp":"2026-06-13 17:27:00"}
{"level":"info","message":"Orchestrator: Starting global scan orchestration... ","timestamp":"2026-06-13 17:27:00"}
{"level":"info","message":"🔗 Connecting to MASTER database: master","timestamp":"2026-06-13 17:27:00"}
{"level":"info","message":"Orchestrator: Found 2 tenants to process.","timestamp":"2026-06-13 17:27:00"}
{"level":"info","message":"📁 Switching to CLIENT database: tenant_rbi (Tenant: rbi)","timestamp":"2026-06-13 17:27:00"}
{"level":"info","message":"Orchestrator: No domains found for tenant rbi (excluding those currently scanning).","timestamp":"2026-06-13 17:27:01"}
{"level":"info","message":"📁 Switching to CLIENT database: tenant_sbi (Tenant: sbi)","timestamp":"2026-06-13 17:27:01"}
{"level":"info","message":"Orchestrator: No domains found for tenant sbi (excluding those currently scanning).","timestamp":"2026-06-13 17:27:01"}
{"level":"info","message":"Orchestrator: Master DB connection closed.","timestamp":"2026-06-13 17:27:01"}
{"level":"info","message":"✅ Orchestrator: Finished. Total jobs enqueued: 0","timestamp":"2026-06-13 17:27:01"}
{"level":"info","message":"Job repeat:c10eea93bf68cc56fd5c63b351df3d32:1781351820000 (Orchestrator) completed successfully.","timestamp":"2026-06-13 17:27:01"}
{"level":"info","message":"[Job repeat:c10eea93bf68cc56fd5c63b351df3d32:1781351880000] 🚀 Executing scheduled global orchestration...","timestamp":"2026-06-13 17:28:00"}
{"level":"info","message":"Orchestrator: Starting global scan orchestration... ","timestamp":"2026-06-13 17:28:00"}
{"level":"info","message":"🔗 Connecting to MASTER database: master","timestamp":"2026-06-13 17:28:00"}
{"level":"info","message":"Orchestrator: Found 2 tenants to process.","timestamp":"2026-06-13 17:28:01"}
{"level":"info","message":"📁 Switching to CLIENT database: tenant_rbi (Tenant: rbi)","timestamp":"2026-06-13 17:28:01"}
{"level":"info","message":"Orchestrator: No domains found for tenant rbi (excluding those currently scanning).","timestamp":"2026-06-13 17:28:01"}
{"level":"info","message":"📁 Switching to CLIENT database: tenant_sbi (Tenant: sbi)","timestamp":"2026-06-13 17:28:01"}
{"level":"info","message":"Orchestrator: No domains found for tenant sbi (excluding those currently scanning).","timestamp":"2026-06-13 17:28:01"}
{"level":"info","message":"Orchestrator: Master DB connection closed.","timestamp":"2026-06-13 17:28:01"}
{"level":"info","message":"✅ Orchestrator: Finished. Total jobs enqueued: 0","timestamp":"2026-06-13 17:28:01"}
{"level":"info","message":"Job repeat:c10eea93bf68cc56fd5c63b351df3d32:1781351880000 (Orchestrator) completed successfully.","timestamp":"2026-06-13 17:28:01"}
{"level":"info","message":"[Job repeat:c10eea93bf68cc56fd5c63b351df3d32:1781351940000] 🚀 Executing scheduled global orchestration...","timestamp":"2026-06-13 17:29:00"}
{"level":"info","message":"Orchestrator: Starting global scan orchestration... ","timestamp":"2026-06-13 17:29:00"}
{"level":"info","message":"🔗 Connecting to MASTER database: master","timestamp":"2026-06-13 17:29:00"}
{"level":"info","message":"Orchestrator: Found 2 tenants to process.","timestamp":"2026-06-13 17:29:00"}
{"level":"info","message":"📁 Switching to CLIENT database: tenant_rbi (Tenant: rbi)","timestamp":"2026-06-13 17:29:00"}
{"level":"info","message":"Orchestrator: No domains found for tenant rbi (excluding those currently scanning).","timestamp":"2026-06-13 17:29:00"}
{"level":"info","message":"📁 Switching to CLIENT database: tenant_sbi (Tenant: sbi)","timestamp":"2026-06-13 17:29:00"}
{"level":"info","message":"Orchestrator: No domains found for tenant sbi (excluding those currently scanning).","timestamp":"2026-06-13 17:29:00"}
{"level":"info","message":"Orchestrator: Master DB connection closed.","timestamp":"2026-06-13 17:29:00"}
{"level":"info","message":"✅ Orchestrator: Finished. Total jobs enqueued: 0","timestamp":"2026-06-13 17:29:00"}
{"level":"info","message":"Job repeat:c10eea93bf68cc56fd5c63b351df3d32:1781351940000 (Orchestrator) completed successfully.","timestamp":"2026-06-13 17:29:00"}
{"level":"info","message":"[Job repeat:c10eea93bf68cc56fd5c63b351df3d32:1781352000000] 🚀 Executing scheduled global orchestration...","timestamp":"2026-06-13 17:30:00"}
{"level":"info","message":"Orchestrator: Starting global scan orchestration... ","timestamp":"2026-06-13 17:30:00"}
{"level":"info","message":"🔗 Connecting to MASTER database: master","timestamp":"2026-06-13 17:30:00"}
{"level":"info","message":"Orchestrator: Found 2 tenants to process.","timestamp":"2026-06-13 17:30:01"}
{"level":"info","message":"📁 Switching to CLIENT database: tenant_rbi (Tenant: rbi)","timestamp":"2026-06-13 17:30:01"}
{"level":"info","message":"Orchestrator: No domains found for tenant rbi (excluding those currently scanning).","timestamp":"2026-06-13 17:30:01"}
{"level":"info","message":"📁 Switching to CLIENT database: tenant_sbi (Tenant: sbi)","timestamp":"2026-06-13 17:30:01"}
{"level":"info","message":"Orchestrator: No domains found for tenant sbi (excluding those currently scanning).","timestamp":"2026-06-13 17:30:01"}
{"level":"info","message":"Orchestrator: Master DB connection closed.","timestamp":"2026-06-13 17:30:01"}
{"level":"info","message":"✅ Orchestrator: Finished. Total jobs enqueued: 0","timestamp":"2026-06-13 17:30:01"}
{"level":"info","message":"Job repeat:c10eea93bf68cc56fd5c63b351df3d32:1781352000000 (Orchestrator) completed successfully.","timestamp":"2026-06-13 17:30:01"}
{"level":"info","message":"[Job repeat:c10eea93bf68cc56fd5c63b351df3d32:1781352060000] 🚀 Executing scheduled global orchestration...","timestamp":"2026-06-13 17:31:00"}
{"level":"info","message":"Orchestrator: Starting global scan orchestration... ","timestamp":"2026-06-13 17:31:00"}
{"level":"info","message":"🔗 Connecting to MASTER database: master","timestamp":"2026-06-13 17:31:00"}
{"level":"info","message":"Orchestrator: Found 2 tenants to process.","timestamp":"2026-06-13 17:31:01"}
{"level":"info","message":"📁 Switching to CLIENT database: tenant_rbi (Tenant: rbi)","timestamp":"2026-06-13 17:31:01"}
{"level":"info","message":"Orchestrator: No domains found for tenant rbi (excluding those currently scanning).","timestamp":"2026-06-13 17:31:01"}
{"level":"info","message":"📁 Switching to CLIENT database: tenant_sbi (Tenant: sbi)","timestamp":"2026-06-13 17:31:01"}
{"level":"info","message":"Orchestrator: No domains found for tenant sbi (excluding those currently scanning).","timestamp":"2026-06-13 17:31:01"}
{"level":"info","message":"Orchestrator: Master DB connection closed.","timestamp":"2026-06-13 17:31:01"}
{"level":"info","message":"✅ Orchestrator: Finished. Total jobs enqueued: 0","timestamp":"2026-06-13 17:31:01"}
{"level":"info","message":"Job repeat:c10eea93bf68cc56fd5c63b351df3d32:1781352060000 (Orchestrator) completed successfully.","timestamp":"2026-06-13 17:31:01"}
{"level":"info","message":"[Job repeat:c10eea93bf68cc56fd5c63b351df3d32:1781352120000] 🚀 Executing scheduled global orchestration...","timestamp":"2026-06-13 17:32:00"}
{"level":"info","message":"Orchestrator: Starting global scan orchestration... ","timestamp":"2026-06-13 17:32:00"}
{"level":"info","message":"🔗 Connecting to MASTER database: master","timestamp":"2026-06-13 17:32:00"}
{"level":"info","message":"Orchestrator: Found 2 tenants to process.","timestamp":"2026-06-13 17:32:01"}
{"level":"info","message":"📁 Switching to CLIENT database: tenant_rbi (Tenant: rbi)","timestamp":"2026-06-13 17:32:01"}
{"level":"info","message":"Orchestrator: No domains found for tenant rbi (excluding those currently scanning).","timestamp":"2026-06-13 17:32:01"}
{"level":"info","message":"📁 Switching to CLIENT database: tenant_sbi (Tenant: sbi)","timestamp":"2026-06-13 17:32:01"}
{"level":"info","message":"Orchestrator: No domains found for tenant sbi (excluding those currently scanning).","timestamp":"2026-06-13 17:32:01"}
{"level":"info","message":"Orchestrator: Master DB connection closed.","timestamp":"2026-06-13 17:32:01"}
{"level":"info","message":"✅ Orchestrator: Finished. Total jobs enqueued: 0","timestamp":"2026-06-13 17:32:01"}
{"level":"info","message":"Job repeat:c10eea93bf68cc56fd5c63b351df3d32:1781352120000 (Orchestrator) completed successfully.","timestamp":"2026-06-13 17:32:01"}
{"level":"info","message":"[Job repeat:c10eea93bf68cc56fd5c63b351df3d32:1781352180000] 🚀 Executing scheduled global orchestration...","timestamp":"2026-06-13 17:33:00"}
{"level":"info","message":"Orchestrator: Starting global scan orchestration... ","timestamp":"2026-06-13 17:33:00"}
{"level":"info","message":"🔗 Connecting to MASTER database: master","timestamp":"2026-06-13 17:33:00"}
{"level":"info","message":"Orchestrator: Found 2 tenants to process.","timestamp":"2026-06-13 17:33:00"}
{"level":"info","message":"📁 Switching to CLIENT database: tenant_rbi (Tenant: rbi)","timestamp":"2026-06-13 17:33:00"}
{"level":"info","message":"Orchestrator: No domains found for tenant rbi (excluding those currently scanning).","timestamp":"2026-06-13 17:33:00"}
{"level":"info","message":"📁 Switching to CLIENT database: tenant_sbi (Tenant: sbi)","timestamp":"2026-06-13 17:33:00"}
{"level":"info","message":"Orchestrator: No domains found for tenant sbi (excluding those currently scanning).","timestamp":"2026-06-13 17:33:00"}
{"level":"info","message":"Orchestrator: Master DB connection closed.","timestamp":"2026-06-13 17:33:00"}
{"level":"info","message":"✅ Orchestrator: Finished. Total jobs enqueued: 0","timestamp":"2026-06-13 17:33:00"}
{"level":"info","message":"Job repeat:c10eea93bf68cc56fd5c63b351df3d32:1781352180000 (Orchestrator) completed successfully.","timestamp":"2026-06-13 17:33:00"}
{"level":"info","message":"[Job repeat:c10eea93bf68cc56fd5c63b351df3d32:1781352240000] 🚀 Executing scheduled global orchestration...","timestamp":"2026-06-13 17:34:00"}
{"level":"info","message":"Orchestrator: Starting global scan orchestration... ","timestamp":"2026-06-13 17:34:00"}
{"level":"info","message":"🔗 Connecting to MASTER database: master","timestamp":"2026-06-13 17:34:00"}
{"level":"info","message":"Orchestrator: Found 2 tenants to process.","timestamp":"2026-06-13 17:34:00"}
{"level":"info","message":"📁 Switching to CLIENT database: tenant_rbi (Tenant: rbi)","timestamp":"2026-06-13 17:34:00"}
{"level":"info","message":"Orchestrator: No domains found for tenant rbi (excluding those currently scanning).","timestamp":"2026-06-13 17:34:00"}
{"level":"info","message":"📁 Switching to CLIENT database: tenant_sbi (Tenant: sbi)","timestamp":"2026-06-13 17:34:00"}
{"level":"info","message":"Orchestrator: No domains found for tenant sbi (excluding those currently scanning).","timestamp":"2026-06-13 17:34:00"}
{"level":"info","message":"Orchestrator: Master DB connection closed.","timestamp":"2026-06-13 17:34:00"}
{"level":"info","message":"✅ Orchestrator: Finished. Total jobs enqueued: 0","timestamp":"2026-06-13 17:34:00"}
{"level":"info","message":"Job repeat:c10eea93bf68cc56fd5c63b351df3d32:1781352240000 (Orchestrator) completed successfully.","timestamp":"2026-06-13 17:34:00"}
{"level":"info","message":"[Job repeat:c10eea93bf68cc56fd5c63b351df3d32:1781352300000] 🚀 Executing scheduled global orchestration...","timestamp":"2026-06-13 17:35:00"}
{"level":"info","message":"Orchestrator: Starting global scan orchestration... ","timestamp":"2026-06-13 17:35:00"}
{"level":"info","message":"🔗 Connecting to MASTER database: master","timestamp":"2026-06-13 17:35:00"}
{"level":"info","message":"Orchestrator: Found 2 tenants to process.","timestamp":"2026-06-13 17:35:01"}
{"level":"info","message":"📁 Switching to CLIENT database: tenant_rbi (Tenant: rbi)","timestamp":"2026-06-13 17:35:01"}
{"level":"info","message":"Orchestrator: No domains found for tenant rbi (excluding those currently scanning).","timestamp":"2026-06-13 17:35:01"}
{"level":"info","message":"📁 Switching to CLIENT database: tenant_sbi (Tenant: sbi)","timestamp":"2026-06-13 17:35:01"}
{"level":"info","message":"Orchestrator: No domains found for tenant sbi (excluding those currently scanning).","timestamp":"2026-06-13 17:35:01"}
{"level":"info","message":"Orchestrator: Master DB connection closed.","timestamp":"2026-06-13 17:35:01"}
{"level":"info","message":"✅ Orchestrator: Finished. Total jobs enqueued: 0","timestamp":"2026-06-13 17:35:01"}
{"level":"info","message":"Job repeat:c10eea93bf68cc56fd5c63b351df3d32:1781352300000 (Orchestrator) completed successfully.","timestamp":"2026-06-13 17:35:01"}
{"level":"info","message":"[Job repeat:c10eea93bf68cc56fd5c63b351df3d32:1781352360000] 🚀 Executing scheduled global orchestration...","timestamp":"2026-06-13 17:36:00"}
{"level":"info","message":"Orchestrator: Starting global scan orchestration... ","timestamp":"2026-06-13 17:36:00"}
{"level":"info","message":"🔗 Connecting to MASTER database: master","timestamp":"2026-06-13 17:36:00"}
{"level":"info","message":"Orchestrator: Found 2 tenants to process.","timestamp":"2026-06-13 17:36:01"}
{"level":"info","message":"📁 Switching to CLIENT database: tenant_rbi (Tenant: rbi)","timestamp":"2026-06-13 17:36:01"}
{"level":"info","message":"Orchestrator: No domains found for tenant rbi (excluding those currently scanning).","timestamp":"2026-06-13 17:36:01"}
{"level":"info","message":"📁 Switching to CLIENT database: tenant_sbi (Tenant: sbi)","timestamp":"2026-06-13 17:36:01"}
{"level":"info","message":"Orchestrator: No domains found for tenant sbi (excluding those currently scanning).","timestamp":"2026-06-13 17:36:01"}
{"level":"info","message":"Orchestrator: Master DB connection closed.","timestamp":"2026-06-13 17:36:01"}
{"level":"info","message":"✅ Orchestrator: Finished. Total jobs enqueued: 0","timestamp":"2026-06-13 17:36:01"}
{"level":"info","message":"Job repeat:c10eea93bf68cc56fd5c63b351df3d32:1781352360000 (Orchestrator) completed successfully.","timestamp":"2026-06-13 17:36:01"}
{"level":"info","message":"[Job repeat:c10eea93bf68cc56fd5c63b351df3d32:1781352420000] 🚀 Executing scheduled global orchestration...","timestamp":"2026-06-13 17:37:00"}
{"level":"info","message":"Orchestrator: Starting global scan orchestration... ","timestamp":"2026-06-13 17:37:00"}
{"level":"info","message":"🔗 Connecting to MASTER database: master","timestamp":"2026-06-13 17:37:00"}
{"level":"info","message":"Orchestrator: Found 2 tenants to process.","timestamp":"2026-06-13 17:37:00"}
{"level":"info","message":"📁 Switching to CLIENT database: tenant_rbi (Tenant: rbi)","timestamp":"2026-06-13 17:37:00"}
{"level":"info","message":"Orchestrator: No domains found for tenant rbi (excluding those currently scanning).","timestamp":"2026-06-13 17:37:00"}
{"level":"info","message":"📁 Switching to CLIENT database: tenant_sbi (Tenant: sbi)","timestamp":"2026-06-13 17:37:00"}
{"level":"info","message":"Orchestrator: No domains found for tenant sbi (excluding those currently scanning).","timestamp":"2026-06-13 17:37:01"}
{"level":"info","message":"Orchestrator: Master DB connection closed.","timestamp":"2026-06-13 17:37:01"}
{"level":"info","message":"✅ Orchestrator: Finished. Total jobs enqueued: 0","timestamp":"2026-06-13 17:37:01"}
{"level":"info","message":"Job repeat:c10eea93bf68cc56fd5c63b351df3d32:1781352420000 (Orchestrator) completed successfully.","timestamp":"2026-06-13 17:37:01"}
{"level":"info","message":"[Job repeat:c10eea93bf68cc56fd5c63b351df3d32:1781352480000] 🚀 Executing scheduled global orchestration...","timestamp":"2026-06-13 17:38:00"}
{"level":"info","message":"Orchestrator: Starting global scan orchestration... ","timestamp":"2026-06-13 17:38:00"}
{"level":"info","message":"🔗 Connecting to MASTER database: master","timestamp":"2026-06-13 17:38:00"}
{"level":"info","message":"Orchestrator: Found 2 tenants to process.","timestamp":"2026-06-13 17:38:01"}
{"level":"info","message":"📁 Switching to CLIENT database: tenant_rbi (Tenant: rbi)","timestamp":"2026-06-13 17:38:01"}
{"level":"info","message":"Orchestrator: No domains found for tenant rbi (excluding those currently scanning).","timestamp":"2026-06-13 17:38:01"}
{"level":"info","message":"📁 Switching to CLIENT database: tenant_sbi (Tenant: sbi)","timestamp":"2026-06-13 17:38:01"}
{"level":"info","message":"Orchestrator: No domains found for tenant sbi (excluding those currently scanning).","timestamp":"2026-06-13 17:38:01"}
{"level":"info","message":"Orchestrator: Master DB connection closed.","timestamp":"2026-06-13 17:38:01"}
{"level":"info","message":"✅ Orchestrator: Finished. Total jobs enqueued: 0","timestamp":"2026-06-13 17:38:01"}
{"level":"info","message":"Job repeat:c10eea93bf68cc56fd5c63b351df3d32:1781352480000 (Orchestrator) completed successfully.","timestamp":"2026-06-13 17:38:01"}
{"level":"info","message":"[Job repeat:c10eea93bf68cc56fd5c63b351df3d32:1781352540000] 🚀 Executing scheduled global orchestration...","timestamp":"2026-06-13 17:39:00"}
{"level":"info","message":"Orchestrator: Starting global scan orchestration... ","timestamp":"2026-06-13 17:39:00"}
{"level":"info","message":"🔗 Connecting to MASTER database: master","timestamp":"2026-06-13 17:39:00"}
{"level":"info","message":"Orchestrator: Found 2 tenants to process.","timestamp":"2026-06-13 17:39:01"}
{"level":"info","message":"📁 Switching to CLIENT database: tenant_rbi (Tenant: rbi)","timestamp":"2026-06-13 17:39:01"}
{"level":"info","message":"Orchestrator: No domains found for tenant rbi (excluding those currently scanning).","timestamp":"2026-06-13 17:39:01"}
{"level":"info","message":"📁 Switching to CLIENT database: tenant_sbi (Tenant: sbi)","timestamp":"2026-06-13 17:39:01"}
{"level":"info","message":"Orchestrator: No domains found for tenant sbi (excluding those currently scanning).","timestamp":"2026-06-13 17:39:01"}
{"level":"info","message":"Orchestrator: Master DB connection closed.","timestamp":"2026-06-13 17:39:01"}
{"level":"info","message":"✅ Orchestrator: Finished. Total jobs enqueued: 0","timestamp":"2026-06-13 17:39:01"}
{"level":"info","message":"Job repeat:c10eea93bf68cc56fd5c63b351df3d32:1781352540000 (Orchestrator) completed successfully.","timestamp":"2026-06-13 17:39:01"}
{"level":"info","message":"[Job repeat:c10eea93bf68cc56fd5c63b351df3d32:1781352600000] 🚀 Executing scheduled global orchestration...","timestamp":"2026-06-13 17:40:00"}
{"level":"info","message":"Orchestrator: Starting global scan orchestration... ","timestamp":"2026-06-13 17:40:00"}
{"level":"info","message":"🔗 Connecting to MASTER database: master","timestamp":"2026-06-13 17:40:00"}
{"level":"info","message":"Orchestrator: Found 2 tenants to process.","timestamp":"2026-06-13 17:40:00"}
{"level":"info","message":"📁 Switching to CLIENT database: tenant_rbi (Tenant: rbi)","timestamp":"2026-06-13 17:40:00"}
{"level":"info","message":"Orchestrator: No domains found for tenant rbi (excluding those currently scanning).","timestamp":"2026-06-13 17:40:00"}
{"level":"info","message":"📁 Switching to CLIENT database: tenant_sbi (Tenant: sbi)","timestamp":"2026-06-13 17:40:00"}
{"level":"info","message":"Orchestrator: No domains found for tenant sbi (excluding those currently scanning).","timestamp":"2026-06-13 17:40:00"}
{"level":"info","message":"Orchestrator: Master DB connection closed.","timestamp":"2026-06-13 17:40:00"}
{"level":"info","message":"✅ Orchestrator: Finished. Total jobs enqueued: 0","timestamp":"2026-06-13 17:40:00"}
{"level":"info","message":"Job repeat:c10eea93bf68cc56fd5c63b351df3d32:1781352600000 (Orchestrator) completed successfully.","timestamp":"2026-06-13 17:40:00"}
{"level":"info","message":"[Job repeat:c10eea93bf68cc56fd5c63b351df3d32:1781352660000] 🚀 Executing scheduled global orchestration...","timestamp":"2026-06-13 17:41:00"}
{"level":"info","message":"Orchestrator: Starting global scan orchestration... ","timestamp":"2026-06-13 17:41:00"}
{"level":"info","message":"🔗 Connecting to MASTER database: master","timestamp":"2026-06-13 17:41:00"}
{"level":"info","message":"Orchestrator: Found 2 tenants to process.","timestamp":"2026-06-13 17:41:01"}
{"level":"info","message":"📁 Switching to CLIENT database: tenant_rbi (Tenant: rbi)","timestamp":"2026-06-13 17:41:01"}
{"level":"info","message":"Orchestrator: No domains found for tenant rbi (excluding those currently scanning).","timestamp":"2026-06-13 17:41:01"}
{"level":"info","message":"📁 Switching to CLIENT database: tenant_sbi (Tenant: sbi)","timestamp":"2026-06-13 17:41:01"}
{"level":"info","message":"Orchestrator: No domains found for tenant sbi (excluding those currently scanning).","timestamp":"2026-06-13 17:41:01"}
{"level":"info","message":"Orchestrator: Master DB connection closed.","timestamp":"2026-06-13 17:41:01"}
{"level":"info","message":"✅ Orchestrator: Finished. Total jobs enqueued: 0","timestamp":"2026-06-13 17:41:01"}
{"level":"info","message":"Job repeat:c10eea93bf68cc56fd5c63b351df3d32:1781352660000 (Orchestrator) completed successfully.","timestamp":"2026-06-13 17:41:01"}
{"level":"info","message":"[Job repeat:c10eea93bf68cc56fd5c63b351df3d32:1781352720000] 🚀 Executing scheduled global orchestration...","timestamp":"2026-06-13 17:42:00"}
{"level":"info","message":"Orchestrator: Starting global scan orchestration... ","timestamp":"2026-06-13 17:42:00"}
{"level":"info","message":"🔗 Connecting to MASTER database: master","timestamp":"2026-06-13 17:42:00"}
{"level":"info","message":"Orchestrator: Found 2 tenants to process.","timestamp":"2026-06-13 17:42:01"}
{"level":"info","message":"📁 Switching to CLIENT database: tenant_rbi (Tenant: rbi)","timestamp":"2026-06-13 17:42:01"}
{"level":"info","message":"Orchestrator: No domains found for tenant rbi (excluding those currently scanning).","timestamp":"2026-06-13 17:42:01"}
{"level":"info","message":"📁 Switching to CLIENT database: tenant_sbi (Tenant: sbi)","timestamp":"2026-06-13 17:42:01"}
{"level":"info","message":"Orchestrator: No domains found for tenant sbi (excluding those currently scanning).","timestamp":"2026-06-13 17:42:01"}
{"level":"info","message":"Orchestrator: Master DB connection closed.","timestamp":"2026-06-13 17:42:01"}
{"level":"info","message":"✅ Orchestrator: Finished. Total jobs enqueued: 0","timestamp":"2026-06-13 17:42:01"}
{"level":"info","message":"Job repeat:c10eea93bf68cc56fd5c63b351df3d32:1781352720000 (Orchestrator) completed successfully.","timestamp":"2026-06-13 17:42:01"}
{"level":"info","message":"[Job repeat:c10eea93bf68cc56fd5c63b351df3d32:1781352780000] 🚀 Executing scheduled global orchestration...","timestamp":"2026-06-13 17:43:00"}
{"level":"info","message":"Orchestrator: Starting global scan orchestration... ","timestamp":"2026-06-13 17:43:00"}
{"level":"info","message":"🔗 Connecting to MASTER database: master","timestamp":"2026-06-13 17:43:00"}
{"level":"info","message":"Orchestrator: Found 2 tenants to process.","timestamp":"2026-06-13 17:43:00"}
{"level":"info","message":"📁 Switching to CLIENT database: tenant_rbi (Tenant: rbi)","timestamp":"2026-06-13 17:43:00"}
{"level":"info","message":"Orchestrator: No domains found for tenant rbi (excluding those currently scanning).","timestamp":"2026-06-13 17:43:01"}
{"level":"info","message":"📁 Switching to CLIENT database: tenant_sbi (Tenant: sbi)","timestamp":"2026-06-13 17:43:01"}
{"level":"info","message":"Orchestrator: No domains found for tenant sbi (excluding those currently scanning).","timestamp":"2026-06-13 17:43:01"}
{"level":"info","message":"Orchestrator: Master DB connection closed.","timestamp":"2026-06-13 17:43:01"}
{"level":"info","message":"✅ Orchestrator: Finished. Total jobs enqueued: 0","timestamp":"2026-06-13 17:43:01"}
{"level":"info","message":"Job repeat:c10eea93bf68cc56fd5c63b351df3d32:1781352780000 (Orchestrator) completed successfully.","timestamp":"2026-06-13 17:43:01"}
{"level":"info","message":"[Job repeat:c10eea93bf68cc56fd5c63b351df3d32:1781352840000] 🚀 Executing scheduled global orchestration...","timestamp":"2026-06-13 17:44:00"}
{"level":"info","message":"Orchestrator: Starting global scan orchestration... ","timestamp":"2026-06-13 17:44:00"}
{"level":"info","message":"🔗 Connecting to MASTER database: master","timestamp":"2026-06-13 17:44:00"}
{"level":"info","message":"Orchestrator: Found 2 tenants to process.","timestamp":"2026-06-13 17:44:00"}
{"level":"info","message":"📁 Switching to CLIENT database: tenant_rbi (Tenant: rbi)","timestamp":"2026-06-13 17:44:00"}
{"level":"info","message":"Orchestrator: No domains found for tenant rbi (excluding those currently scanning).","timestamp":"2026-06-13 17:44:01"}
{"level":"info","message":"📁 Switching to CLIENT database: tenant_sbi (Tenant: sbi)","timestamp":"2026-06-13 17:44:01"}
{"level":"info","message":"Orchestrator: No domains found for tenant sbi (excluding those currently scanning).","timestamp":"2026-06-13 17:44:01"}
{"level":"info","message":"Orchestrator: Master DB connection closed.","timestamp":"2026-06-13 17:44:01"}
{"level":"info","message":"✅ Orchestrator: Finished. Total jobs enqueued: 0","timestamp":"2026-06-13 17:44:01"}
{"level":"info","message":"Job repeat:c10eea93bf68cc56fd5c63b351df3d32:1781352840000 (Orchestrator) completed successfully.","timestamp":"2026-06-13 17:44:01"}
{"level":"info","message":"[Job repeat:c10eea93bf68cc56fd5c63b351df3d32:1781352900000] 🚀 Executing scheduled global orchestration...","timestamp":"2026-06-13 17:45:00"}
{"level":"info","message":"Orchestrator: Starting global scan orchestration... ","timestamp":"2026-06-13 17:45:00"}
{"level":"info","message":"🔗 Connecting to MASTER database: master","timestamp":"2026-06-13 17:45:00"}
{"level":"info","message":"Orchestrator: Found 2 tenants to process.","timestamp":"2026-06-13 17:45:01"}
{"level":"info","message":"📁 Switching to CLIENT database: tenant_rbi (Tenant: rbi)","timestamp":"2026-06-13 17:45:01"}
{"level":"info","message":"Orchestrator: No domains found for tenant rbi (excluding those currently scanning).","timestamp":"2026-06-13 17:45:01"}
{"level":"info","message":"📁 Switching to CLIENT database: tenant_sbi (Tenant: sbi)","timestamp":"2026-06-13 17:45:01"}
{"level":"info","message":"Orchestrator: No domains found for tenant sbi (excluding those currently scanning).","timestamp":"2026-06-13 17:45:01"}
{"level":"info","message":"Orchestrator: Master DB connection closed.","timestamp":"2026-06-13 17:45:01"}
{"level":"info","message":"✅ Orchestrator: Finished. Total jobs enqueued: 0","timestamp":"2026-06-13 17:45:01"}
{"level":"info","message":"Job repeat:c10eea93bf68cc56fd5c63b351df3d32:1781352900000 (Orchestrator) completed successfully.","timestamp":"2026-06-13 17:45:01"}
{"level":"info","message":"[Job repeat:c10eea93bf68cc56fd5c63b351df3d32:1781352960000] 🚀 Executing scheduled global orchestration...","timestamp":"2026-06-13 17:46:00"}
{"level":"info","message":"Orchestrator: Starting global scan orchestration... ","timestamp":"2026-06-13 17:46:00"}
{"level":"info","message":"🔗 Connecting to MASTER database: master","timestamp":"2026-06-13 17:46:00"}
{"level":"info","message":"Orchestrator: Found 2 tenants to process.","timestamp":"2026-06-13 17:46:00"}
{"level":"info","message":"📁 Switching to CLIENT database: tenant_rbi (Tenant: rbi)","timestamp":"2026-06-13 17:46:00"}
{"level":"info","message":"Orchestrator: No domains found for tenant rbi (excluding those currently scanning).","timestamp":"2026-06-13 17:46:00"}
{"level":"info","message":"📁 Switching to CLIENT database: tenant_sbi (Tenant: sbi)","timestamp":"2026-06-13 17:46:00"}
{"level":"info","message":"Orchestrator: No domains found for tenant sbi (excluding those currently scanning).","timestamp":"2026-06-13 17:46:00"}
{"level":"info","message":"Orchestrator: Master DB connection closed.","timestamp":"2026-06-13 17:46:00"}
{"level":"info","message":"✅ Orchestrator: Finished. Total jobs enqueued: 0","timestamp":"2026-06-13 17:46:00"}
{"level":"info","message":"Job repeat:c10eea93bf68cc56fd5c63b351df3d32:1781352960000 (Orchestrator) completed successfully.","timestamp":"2026-06-13 17:46:00"}
{"level":"info","message":"[Job repeat:c10eea93bf68cc56fd5c63b351df3d32:1781353020000] 🚀 Executing scheduled global orchestration...","timestamp":"2026-06-13 17:47:00"}
{"level":"info","message":"Orchestrator: Starting global scan orchestration... ","timestamp":"2026-06-13 17:47:00"}
{"level":"info","message":"🔗 Connecting to MASTER database: master","timestamp":"2026-06-13 17:47:00"}
{"level":"info","message":"Orchestrator: Found 2 tenants to process.","timestamp":"2026-06-13 17:47:00"}
{"level":"info","message":"📁 Switching to CLIENT database: tenant_rbi (Tenant: rbi)","timestamp":"2026-06-13 17:47:00"}
{"level":"info","message":"Orchestrator: No domains found for tenant rbi (excluding those currently scanning).","timestamp":"2026-06-13 17:47:01"}
{"level":"info","message":"📁 Switching to CLIENT database: tenant_sbi (Tenant: sbi)","timestamp":"2026-06-13 17:47:01"}
{"level":"info","message":"Orchestrator: No domains found for tenant sbi (excluding those currently scanning).","timestamp":"2026-06-13 17:47:01"}
{"level":"info","message":"Orchestrator: Master DB connection closed.","timestamp":"2026-06-13 17:47:01"}
{"level":"info","message":"✅ Orchestrator: Finished. Total jobs enqueued: 0","timestamp":"2026-06-13 17:47:01"}
{"level":"info","message":"Job repeat:c10eea93bf68cc56fd5c63b351df3d32:1781353020000 (Orchestrator) completed successfully.","timestamp":"2026-06-13 17:47:01"}
{"level":"info","message":"[Job repeat:c10eea93bf68cc56fd5c63b351df3d32:1781353080000] 🚀 Executing scheduled global orchestration...","timestamp":"2026-06-13 17:48:00"}
{"level":"info","message":"Orchestrator: Starting global scan orchestration... ","timestamp":"2026-06-13 17:48:00"}
{"level":"info","message":"🔗 Connecting to MASTER database: master","timestamp":"2026-06-13 17:48:00"}
{"level":"info","message":"Orchestrator: Found 2 tenants to process.","timestamp":"2026-06-13 17:48:01"}
{"level":"info","message":"📁 Switching to CLIENT database: tenant_rbi (Tenant: rbi)","timestamp":"2026-06-13 17:48:01"}
{"level":"info","message":"Orchestrator: No domains found for tenant rbi (excluding those currently scanning).","timestamp":"2026-06-13 17:48:01"}
{"level":"info","message":"📁 Switching to CLIENT database: tenant_sbi (Tenant: sbi)","timestamp":"2026-06-13 17:48:01"}
{"level":"info","message":"Orchestrator: No domains found for tenant sbi (excluding those currently scanning).","timestamp":"2026-06-13 17:48:01"}
{"level":"info","message":"Orchestrator: Master DB connection closed.","timestamp":"2026-06-13 17:48:01"}
{"level":"info","message":"✅ Orchestrator: Finished. Total jobs enqueued: 0","timestamp":"2026-06-13 17:48:01"}
{"level":"info","message":"Job repeat:c10eea93bf68cc56fd5c63b351df3d32:1781353080000 (Orchestrator) completed successfully.","timestamp":"2026-06-13 17:48:01"}
{"level":"info","message":"[Job repeat:c10eea93bf68cc56fd5c63b351df3d32:1781353140000] 🚀 Executing scheduled global orchestration...","timestamp":"2026-06-13 17:49:01"}
{"level":"info","message":"Orchestrator: Starting global scan orchestration... ","timestamp":"2026-06-13 17:49:01"}
{"level":"info","message":"🔗 Connecting to MASTER database: master","timestamp":"2026-06-13 17:49:01"}
{"level":"info","message":"Orchestrator: Found 2 tenants to process.","timestamp":"2026-06-13 17:49:01"}
{"level":"info","message":"📁 Switching to CLIENT database: tenant_rbi (Tenant: rbi)","timestamp":"2026-06-13 17:49:01"}
{"level":"info","message":"Orchestrator: No domains found for tenant rbi (excluding those currently scanning).","timestamp":"2026-06-13 17:49:01"}
{"level":"info","message":"📁 Switching to CLIENT database: tenant_sbi (Tenant: sbi)","timestamp":"2026-06-13 17:49:01"}
{"level":"info","message":"Orchestrator: No domains found for tenant sbi (excluding those currently scanning).","timestamp":"2026-06-13 17:49:01"}
{"level":"info","message":"Orchestrator: Master DB connection closed.","timestamp":"2026-06-13 17:49:01"}
{"level":"info","message":"✅ Orchestrator: Finished. Total jobs enqueued: 0","timestamp":"2026-06-13 17:49:01"}
{"level":"info","message":"Job repeat:c10eea93bf68cc56fd5c63b351df3d32:1781353140000 (Orchestrator) completed successfully.","timestamp":"2026-06-13 17:49:01"}
{"level":"info","message":"[Job repeat:c10eea93bf68cc56fd5c63b351df3d32:1781353200000] 🚀 Executing scheduled global orchestration...","timestamp":"2026-06-13 17:50:00"}
{"level":"info","message":"Orchestrator: Starting global scan orchestration... ","timestamp":"2026-06-13 17:50:00"}
{"level":"info","message":"🔗 Connecting to MASTER database: master","timestamp":"2026-06-13 17:50:00"}
{"level":"info","message":"Orchestrator: Found 2 tenants to process.","timestamp":"2026-06-13 17:50:01"}
{"level":"info","message":"📁 Switching to CLIENT database: tenant_rbi (Tenant: rbi)","timestamp":"2026-06-13 17:50:01"}
{"level":"info","message":"Orchestrator: No domains found for tenant rbi (excluding those currently scanning).","timestamp":"2026-06-13 17:50:01"}
{"level":"info","message":"📁 Switching to CLIENT database: tenant_sbi (Tenant: sbi)","timestamp":"2026-06-13 17:50:01"}
{"level":"info","message":"Orchestrator: No domains found for tenant sbi (excluding those currently scanning).","timestamp":"2026-06-13 17:50:01"}
{"level":"info","message":"Orchestrator: Master DB connection closed.","timestamp":"2026-06-13 17:50:01"}
{"level":"info","message":"✅ Orchestrator: Finished. Total jobs enqueued: 0","timestamp":"2026-06-13 17:50:01"}
{"level":"info","message":"Job repeat:c10eea93bf68cc56fd5c63b351df3d32:1781353200000 (Orchestrator) completed successfully.","timestamp":"2026-06-13 17:50:01"}
{"level":"info","message":"[Job repeat:c10eea93bf68cc56fd5c63b351df3d32:1781353260000] 🚀 Executing scheduled global orchestration...","timestamp":"2026-06-13 17:51:00"}
{"level":"info","message":"Orchestrator: Starting global scan orchestration... ","timestamp":"2026-06-13 17:51:00"}
{"level":"info","message":"🔗 Connecting to MASTER database: master","timestamp":"2026-06-13 17:51:00"}
{"level":"info","message":"Orchestrator: Found 2 tenants to process.","timestamp":"2026-06-13 17:51:01"}
{"level":"info","message":"📁 Switching to CLIENT database: tenant_rbi (Tenant: rbi)","timestamp":"2026-06-13 17:51:01"}
{"level":"info","message":"Orchestrator: No domains found for tenant rbi (excluding those currently scanning).","timestamp":"2026-06-13 17:51:01"}
{"level":"info","message":"📁 Switching to CLIENT database: tenant_sbi (Tenant: sbi)","timestamp":"2026-06-13 17:51:01"}
{"level":"info","message":"Orchestrator: No domains found for tenant sbi (excluding those currently scanning).","timestamp":"2026-06-13 17:51:01"}
{"level":"info","message":"Orchestrator: Master DB connection closed.","timestamp":"2026-06-13 17:51:01"}
{"level":"info","message":"✅ Orchestrator: Finished. Total jobs enqueued: 0","timestamp":"2026-06-13 17:51:01"}
{"level":"info","message":"Job repeat:c10eea93bf68cc56fd5c63b351df3d32:1781353260000 (Orchestrator) completed successfully.","timestamp":"2026-06-13 17:51:01"}
{"level":"info","message":"[Job repeat:c10eea93bf68cc56fd5c63b351df3d32:1781353320000] 🚀 Executing scheduled global orchestration...","timestamp":"2026-06-13 17:52:00"}
{"level":"info","message":"Orchestrator: Starting global scan orchestration... ","timestamp":"2026-06-13 17:52:00"}
{"level":"info","message":"🔗 Connecting to MASTER database: master","timestamp":"2026-06-13 17:52:00"}
{"level":"info","message":"Orchestrator: Found 2 tenants to process.","timestamp":"2026-06-13 17:52:00"}
{"level":"info","message":"📁 Switching to CLIENT database: tenant_rbi (Tenant: rbi)","timestamp":"2026-06-13 17:52:00"}
{"level":"info","message":"Orchestrator: No domains found for tenant rbi (excluding those currently scanning).","timestamp":"2026-06-13 17:52:00"}
{"level":"info","message":"📁 Switching to CLIENT database: tenant_sbi (Tenant: sbi)","timestamp":"2026-06-13 17:52:00"}
{"level":"info","message":"Orchestrator: No domains found for tenant sbi (excluding those currently scanning).","timestamp":"2026-06-13 17:52:00"}
{"level":"info","message":"Orchestrator: Master DB connection closed.","timestamp":"2026-06-13 17:52:00"}
{"level":"info","message":"✅ Orchestrator: Finished. Total jobs enqueued: 0","timestamp":"2026-06-13 17:52:00"}
{"level":"info","message":"Job repeat:c10eea93bf68cc56fd5c63b351df3d32:1781353320000 (Orchestrator) completed successfully.","timestamp":"2026-06-13 17:52:00"}
{"level":"info","message":"[Job repeat:c10eea93bf68cc56fd5c63b351df3d32:1781353380000] 🚀 Executing scheduled global orchestration...","timestamp":"2026-06-13 17:53:00"}
{"level":"info","message":"Orchestrator: Starting global scan orchestration... ","timestamp":"2026-06-13 17:53:00"}
{"level":"info","message":"🔗 Connecting to MASTER database: master","timestamp":"2026-06-13 17:53:00"}
{"level":"info","message":"Orchestrator: Found 2 tenants to process.","timestamp":"2026-06-13 17:53:01"}
{"level":"info","message":"📁 Switching to CLIENT database: tenant_rbi (Tenant: rbi)","timestamp":"2026-06-13 17:53:01"}
{"level":"info","message":"Orchestrator: No domains found for tenant rbi (excluding those currently scanning).","timestamp":"2026-06-13 17:53:01"}
{"level":"info","message":"📁 Switching to CLIENT database: tenant_sbi (Tenant: sbi)","timestamp":"2026-06-13 17:53:01"}
{"level":"info","message":"Orchestrator: No domains found for tenant sbi (excluding those currently scanning).","timestamp":"2026-06-13 17:53:01"}
{"level":"info","message":"Orchestrator: Master DB connection closed.","timestamp":"2026-06-13 17:53:01"}
{"level":"info","message":"✅ Orchestrator: Finished. Total jobs enqueued: 0","timestamp":"2026-06-13 17:53:01"}
{"level":"info","message":"Job repeat:c10eea93bf68cc56fd5c63b351df3d32:1781353380000 (Orchestrator) completed successfully.","timestamp":"2026-06-13 17:53:01"}
{"level":"info","message":"[Job repeat:c10eea93bf68cc56fd5c63b351df3d32:1781353440000] 🚀 Executing scheduled global orchestration...","timestamp":"2026-06-13 17:54:01"}
{"level":"info","message":"Orchestrator: Starting global scan orchestration... ","timestamp":"2026-06-13 17:54:01"}
{"level":"info","message":"🔗 Connecting to MASTER database: master","timestamp":"2026-06-13 17:54:01"}
{"level":"info","message":"Orchestrator: Found 2 tenants to process.","timestamp":"2026-06-13 17:54:01"}
{"level":"info","message":"📁 Switching to CLIENT database: tenant_rbi (Tenant: rbi)","timestamp":"2026-06-13 17:54:01"}
{"level":"info","message":"Orchestrator: No domains found for tenant rbi (excluding those currently scanning).","timestamp":"2026-06-13 17:54:01"}
{"level":"info","message":"📁 Switching to CLIENT database: tenant_sbi (Tenant: sbi)","timestamp":"2026-06-13 17:54:01"}
{"level":"info","message":"Orchestrator: No domains found for tenant sbi (excluding those currently scanning).","timestamp":"2026-06-13 17:54:01"}
{"level":"info","message":"Orchestrator: Master DB connection closed.","timestamp":"2026-06-13 17:54:01"}
{"level":"info","message":"✅ Orchestrator: Finished. Total jobs enqueued: 0","timestamp":"2026-06-13 17:54:01"}
{"level":"info","message":"Job repeat:c10eea93bf68cc56fd5c63b351df3d32:1781353440000 (Orchestrator) completed successfully.","timestamp":"2026-06-13 17:54:01"}
{"level":"info","message":"[Job repeat:c10eea93bf68cc56fd5c63b351df3d32:1781353500000] 🚀 Executing scheduled global orchestration...","timestamp":"2026-06-13 17:55:00"}
{"level":"info","message":"Orchestrator: Starting global scan orchestration... ","timestamp":"2026-06-13 17:55:00"}
{"level":"info","message":"🔗 Connecting to MASTER database: master","timestamp":"2026-06-13 17:55:00"}
{"level":"info","message":"Orchestrator: Found 2 tenants to process.","timestamp":"2026-06-13 17:55:01"}
{"level":"info","message":"📁 Switching to CLIENT database: tenant_rbi (Tenant: rbi)","timestamp":"2026-06-13 17:55:01"}
{"level":"info","message":"Orchestrator: No domains found for tenant rbi (excluding those currently scanning).","timestamp":"2026-06-13 17:55:01"}
{"level":"info","message":"📁 Switching to CLIENT database: tenant_sbi (Tenant: sbi)","timestamp":"2026-06-13 17:55:01"}
{"level":"info","message":"Orchestrator: No domains found for tenant sbi (excluding those currently scanning).","timestamp":"2026-06-13 17:55:01"}
{"level":"info","message":"Orchestrator: Master DB connection closed.","timestamp":"2026-06-13 17:55:01"}
{"level":"info","message":"✅ Orchestrator: Finished. Total jobs enqueued: 0","timestamp":"2026-06-13 17:55:01"}
{"level":"info","message":"Job repeat:c10eea93bf68cc56fd5c63b351df3d32:1781353500000 (Orchestrator) completed successfully.","timestamp":"2026-06-13 17:55:01"}
{"level":"info","message":"[Job repeat:c10eea93bf68cc56fd5c63b351df3d32:1781353560000] 🚀 Executing scheduled global orchestration...","timestamp":"2026-06-13 17:56:00"}
{"level":"info","message":"Orchestrator: Starting global scan orchestration... ","timestamp":"2026-06-13 17:56:00"}
{"level":"info","message":"🔗 Connecting to MASTER database: master","timestamp":"2026-06-13 17:56:00"}
{"level":"info","message":"Orchestrator: Found 2 tenants to process.","timestamp":"2026-06-13 17:56:01"}
{"level":"info","message":"📁 Switching to CLIENT database: tenant_rbi (Tenant: rbi)","timestamp":"2026-06-13 17:56:01"}
{"level":"info","message":"Orchestrator: No domains found for tenant rbi (excluding those currently scanning).","timestamp":"2026-06-13 17:56:01"}
{"level":"info","message":"📁 Switching to CLIENT database: tenant_sbi (Tenant: sbi)","timestamp":"2026-06-13 17:56:01"}
{"level":"info","message":"Orchestrator: No domains found for tenant sbi (excluding those currently scanning).","timestamp":"2026-06-13 17:56:01"}
{"level":"info","message":"Orchestrator: Master DB connection closed.","timestamp":"2026-06-13 17:56:01"}
{"level":"info","message":"✅ Orchestrator: Finished. Total jobs enqueued: 0","timestamp":"2026-06-13 17:56:01"}
{"level":"info","message":"Job repeat:c10eea93bf68cc56fd5c63b351df3d32:1781353560000 (Orchestrator) completed successfully.","timestamp":"2026-06-13 17:56:01"}
{"level":"info","message":"[Job repeat:c10eea93bf68cc56fd5c63b351df3d32:1781353620000] 🚀 Executing scheduled global orchestration...","timestamp":"2026-06-13 17:57:00"}
{"level":"info","message":"Orchestrator: Starting global scan orchestration... ","timestamp":"2026-06-13 17:57:00"}
{"level":"info","message":"🔗 Connecting to MASTER database: master","timestamp":"2026-06-13 17:57:00"}
{"level":"info","message":"Orchestrator: Found 2 tenants to process.","timestamp":"2026-06-13 17:57:00"}
{"level":"info","message":"📁 Switching to CLIENT database: tenant_rbi (Tenant: rbi)","timestamp":"2026-06-13 17:57:00"}
{"level":"info","message":"Orchestrator: No domains found for tenant rbi (excluding those currently scanning).","timestamp":"2026-06-13 17:57:00"}
{"level":"info","message":"📁 Switching to CLIENT database: tenant_sbi (Tenant: sbi)","timestamp":"2026-06-13 17:57:00"}
{"level":"info","message":"Orchestrator: No domains found for tenant sbi (excluding those currently scanning).","timestamp":"2026-06-13 17:57:00"}
{"level":"info","message":"Orchestrator: Master DB connection closed.","timestamp":"2026-06-13 17:57:00"}
{"level":"info","message":"✅ Orchestrator: Finished. Total jobs enqueued: 0","timestamp":"2026-06-13 17:57:00"}
{"level":"info","message":"Job repeat:c10eea93bf68cc56fd5c63b351df3d32:1781353620000 (Orchestrator) completed successfully.","timestamp":"2026-06-13 17:57:00"}
{"level":"info","message":"[Job repeat:c10eea93bf68cc56fd5c63b351df3d32:1781353680000] 🚀 Executing scheduled global orchestration...","timestamp":"2026-06-13 17:58:00"}
{"level":"info","message":"Orchestrator: Starting global scan orchestration... ","timestamp":"2026-06-13 17:58:00"}
{"level":"info","message":"🔗 Connecting to MASTER database: master","timestamp":"2026-06-13 17:58:00"}
{"level":"info","message":"Orchestrator: Found 2 tenants to process.","timestamp":"2026-06-13 17:58:00"}
{"level":"info","message":"📁 Switching to CLIENT database: tenant_rbi (Tenant: rbi)","timestamp":"2026-06-13 17:58:00"}
{"level":"info","message":"Orchestrator: No domains found for tenant rbi (excluding those currently scanning).","timestamp":"2026-06-13 17:58:00"}
{"level":"info","message":"📁 Switching to CLIENT database: tenant_sbi (Tenant: sbi)","timestamp":"2026-06-13 17:58:00"}
{"level":"info","message":"Orchestrator: No domains found for tenant sbi (excluding those currently scanning).","timestamp":"2026-06-13 17:58:00"}
{"level":"info","message":"Orchestrator: Master DB connection closed.","timestamp":"2026-06-13 17:58:00"}
{"level":"info","message":"✅ Orchestrator: Finished. Total jobs enqueued: 0","timestamp":"2026-06-13 17:58:00"}
{"level":"info","message":"Job repeat:c10eea93bf68cc56fd5c63b351df3d32:1781353680000 (Orchestrator) completed successfully.","timestamp":"2026-06-13 17:58:00"}
{"level":"info","message":"[Job repeat:c10eea93bf68cc56fd5c63b351df3d32:1781353740000] 🚀 Executing scheduled global orchestration...","timestamp":"2026-06-13 17:59:00"}
{"level":"info","message":"Orchestrator: Starting global scan orchestration... ","timestamp":"2026-06-13 17:59:00"}
{"level":"info","message":"🔗 Connecting to MASTER database: master","timestamp":"2026-06-13 17:59:00"}
{"level":"info","message":"Orchestrator: Found 2 tenants to process.","timestamp":"2026-06-13 17:59:01"}
{"level":"info","message":"📁 Switching to CLIENT database: tenant_rbi (Tenant: rbi)","timestamp":"2026-06-13 17:59:01"}
{"level":"info","message":"Orchestrator: No domains found for tenant rbi (excluding those currently scanning).","timestamp":"2026-06-13 17:59:01"}
{"level":"info","message":"📁 Switching to CLIENT database: tenant_sbi (Tenant: sbi)","timestamp":"2026-06-13 17:59:01"}
{"level":"info","message":"Orchestrator: No domains found for tenant sbi (excluding those currently scanning).","timestamp":"2026-06-13 17:59:01"}
{"level":"info","message":"Orchestrator: Master DB connection closed.","timestamp":"2026-06-13 17:59:01"}
{"level":"info","message":"✅ Orchestrator: Finished. Total jobs enqueued: 0","timestamp":"2026-06-13 17:59:01"}
{"level":"info","message":"Job repeat:c10eea93bf68cc56fd5c63b351df3d32:1781353740000 (Orchestrator) completed successfully.","timestamp":"2026-06-13 17:59:01"}
{"level":"info","message":"[Job repeat:c10eea93bf68cc56fd5c63b351df3d32:1781353800000] 🚀 Executing scheduled global orchestration...","timestamp":"2026-06-13 18:00:01"}
{"level":"info","message":"Orchestrator: Starting global scan orchestration... ","timestamp":"2026-06-13 18:00:01"}
{"level":"info","message":"🔗 Connecting to MASTER database: master","timestamp":"2026-06-13 18:00:01"}
{"level":"info","message":"Orchestrator: Found 2 tenants to process.","timestamp":"2026-06-13 18:00:01"}
{"level":"info","message":"📁 Switching to CLIENT database: tenant_rbi (Tenant: rbi)","timestamp":"2026-06-13 18:00:01"}
{"level":"info","message":"Orchestrator: No domains found for tenant rbi (excluding those currently scanning).","timestamp":"2026-06-13 18:00:01"}
{"level":"info","message":"📁 Switching to CLIENT database: tenant_sbi (Tenant: sbi)","timestamp":"2026-06-13 18:00:01"}
{"level":"info","message":"Orchestrator: No domains found for tenant sbi (excluding those currently scanning).","timestamp":"2026-06-13 18:00:01"}
{"level":"info","message":"Orchestrator: Master DB connection closed.","timestamp":"2026-06-13 18:00:01"}
{"level":"info","message":"✅ Orchestrator: Finished. Total jobs enqueued: 0","timestamp":"2026-06-13 18:00:01"}
{"level":"info","message":"Job repeat:c10eea93bf68cc56fd5c63b351df3d32:1781353800000 (Orchestrator) completed successfully.","timestamp":"2026-06-13 18:00:01"}
{"level":"info","message":"[Job repeat:c10eea93bf68cc56fd5c63b351df3d32:1781353860000] 🚀 Executing scheduled global orchestration...","timestamp":"2026-06-13 18:01:00"}
{"level":"info","message":"Orchestrator: Starting global scan orchestration... ","timestamp":"2026-06-13 18:01:00"}
{"level":"info","message":"🔗 Connecting to MASTER database: master","timestamp":"2026-06-13 18:01:00"}
{"level":"info","message":"Orchestrator: Found 2 tenants to process.","timestamp":"2026-06-13 18:01:01"}
{"level":"info","message":"📁 Switching to CLIENT database: tenant_rbi (Tenant: rbi)","timestamp":"2026-06-13 18:01:01"}
{"level":"info","message":"Orchestrator: No domains found for tenant rbi (excluding those currently scanning).","timestamp":"2026-06-13 18:01:01"}
{"level":"info","message":"📁 Switching to CLIENT database: tenant_sbi (Tenant: sbi)","timestamp":"2026-06-13 18:01:01"}
{"level":"info","message":"Orchestrator: No domains found for tenant sbi (excluding those currently scanning).","timestamp":"2026-06-13 18:01:01"}
{"level":"info","message":"Orchestrator: Master DB connection closed.","timestamp":"2026-06-13 18:01:01"}
{"level":"info","message":"✅ Orchestrator: Finished. Total jobs enqueued: 0","timestamp":"2026-06-13 18:01:01"}
{"level":"info","message":"Job repeat:c10eea93bf68cc56fd5c63b351df3d32:1781353860000 (Orchestrator) completed successfully.","timestamp":"2026-06-13 18:01:01"}
{"level":"info","message":"[Job repeat:c10eea93bf68cc56fd5c63b351df3d32:1781353920000] 🚀 Executing scheduled global orchestration...","timestamp":"2026-06-13 18:02:00"}
{"level":"info","message":"Orchestrator: Starting global scan orchestration... ","timestamp":"2026-06-13 18:02:00"}
{"level":"info","message":"🔗 Connecting to MASTER database: master","timestamp":"2026-06-13 18:02:00"}
{"level":"info","message":"Orchestrator: Found 2 tenants to process.","timestamp":"2026-06-13 18:02:01"}
{"level":"info","message":"📁 Switching to CLIENT database: tenant_rbi (Tenant: rbi)","timestamp":"2026-06-13 18:02:01"}
{"level":"info","message":"Orchestrator: No domains found for tenant rbi (excluding those currently scanning).","timestamp":"2026-06-13 18:02:01"}
{"level":"info","message":"📁 Switching to CLIENT database: tenant_sbi (Tenant: sbi)","timestamp":"2026-06-13 18:02:01"}
{"level":"info","message":"Orchestrator: No domains found for tenant sbi (excluding those currently scanning).","timestamp":"2026-06-13 18:02:01"}
{"level":"info","message":"Orchestrator: Master DB connection closed.","timestamp":"2026-06-13 18:02:01"}
{"level":"info","message":"✅ Orchestrator: Finished. Total jobs enqueued: 0","timestamp":"2026-06-13 18:02:01"}
{"level":"info","message":"Job repeat:c10eea93bf68cc56fd5c63b351df3d32:1781353920000 (Orchestrator) completed successfully.","timestamp":"2026-06-13 18:02:01"}
{"level":"info","message":"[Job repeat:c10eea93bf68cc56fd5c63b351df3d32:1781353980000] 🚀 Executing scheduled global orchestration...","timestamp":"2026-06-13 18:03:00"}
{"level":"info","message":"Orchestrator: Starting global scan orchestration... ","timestamp":"2026-06-13 18:03:00"}
{"level":"info","message":"🔗 Connecting to MASTER database: master","timestamp":"2026-06-13 18:03:00"}
{"level":"info","message":"Orchestrator: Found 2 tenants to process.","timestamp":"2026-06-13 18:03:00"}
{"level":"info","message":"📁 Switching to CLIENT database: tenant_rbi (Tenant: rbi)","timestamp":"2026-06-13 18:03:00"}
{"level":"info","message":"Orchestrator: No domains found for tenant rbi (excluding those currently scanning).","timestamp":"2026-06-13 18:03:00"}
{"level":"info","message":"📁 Switching to CLIENT database: tenant_sbi (Tenant: sbi)","timestamp":"2026-06-13 18:03:00"}
{"level":"info","message":"Orchestrator: No domains found for tenant sbi (excluding those currently scanning).","timestamp":"2026-06-13 18:03:00"}
{"level":"info","message":"Orchestrator: Master DB connection closed.","timestamp":"2026-06-13 18:03:00"}
{"level":"info","message":"✅ Orchestrator: Finished. Total jobs enqueued: 0","timestamp":"2026-06-13 18:03:00"}
{"level":"info","message":"Job repeat:c10eea93bf68cc56fd5c63b351df3d32:1781353980000 (Orchestrator) completed successfully.","timestamp":"2026-06-13 18:03:00"}
{"level":"info","message":"[Job repeat:c10eea93bf68cc56fd5c63b351df3d32:1781354040000] 🚀 Executing scheduled global orchestration...","timestamp":"2026-06-13 18:04:00"}
{"level":"info","message":"Orchestrator: Starting global scan orchestration... ","timestamp":"2026-06-13 18:04:00"}
{"level":"info","message":"🔗 Connecting to MASTER database: master","timestamp":"2026-06-13 18:04:00"}
{"level":"info","message":"Orchestrator: Found 2 tenants to process.","timestamp":"2026-06-13 18:04:00"}
{"level":"info","message":"📁 Switching to CLIENT database: tenant_rbi (Tenant: rbi)","timestamp":"2026-06-13 18:04:00"}
{"level":"info","message":"Orchestrator: No domains found for tenant rbi (excluding those currently scanning).","timestamp":"2026-06-13 18:04:01"}
{"level":"info","message":"📁 Switching to CLIENT database: tenant_sbi (Tenant: sbi)","timestamp":"2026-06-13 18:04:01"}
{"level":"info","message":"Orchestrator: No domains found for tenant sbi (excluding those currently scanning).","timestamp":"2026-06-13 18:04:01"}
{"level":"info","message":"Orchestrator: Master DB connection closed.","timestamp":"2026-06-13 18:04:01"}
{"level":"info","message":"✅ Orchestrator: Finished. Total jobs enqueued: 0","timestamp":"2026-06-13 18:04:01"}
{"level":"info","message":"Job repeat:c10eea93bf68cc56fd5c63b351df3d32:1781354040000 (Orchestrator) completed successfully.","timestamp":"2026-06-13 18:04:01"}
{"level":"info","message":"[Job repeat:c10eea93bf68cc56fd5c63b351df3d32:1781354100000] 🚀 Executing scheduled global orchestration...","timestamp":"2026-06-13 18:05:00"}
{"level":"info","message":"Orchestrator: Starting global scan orchestration... ","timestamp":"2026-06-13 18:05:00"}
{"level":"info","message":"🔗 Connecting to MASTER database: master","timestamp":"2026-06-13 18:05:00"}
{"level":"info","message":"Orchestrator: Found 2 tenants to process.","timestamp":"2026-06-13 18:05:01"}
{"level":"info","message":"📁 Switching to CLIENT database: tenant_rbi (Tenant: rbi)","timestamp":"2026-06-13 18:05:01"}
{"level":"info","message":"Orchestrator: No domains found for tenant rbi (excluding those currently scanning).","timestamp":"2026-06-13 18:05:01"}
{"level":"info","message":"📁 Switching to CLIENT database: tenant_sbi (Tenant: sbi)","timestamp":"2026-06-13 18:05:01"}
{"level":"info","message":"Orchestrator: No domains found for tenant sbi (excluding those currently scanning).","timestamp":"2026-06-13 18:05:01"}
{"level":"info","message":"Orchestrator: Master DB connection closed.","timestamp":"2026-06-13 18:05:01"}
{"level":"info","message":"✅ Orchestrator: Finished. Total jobs enqueued: 0","timestamp":"2026-06-13 18:05:01"}
{"level":"info","message":"Job repeat:c10eea93bf68cc56fd5c63b351df3d32:1781354100000 (Orchestrator) completed successfully.","timestamp":"2026-06-13 18:05:01"}
{"level":"info","message":"[Job repeat:c10eea93bf68cc56fd5c63b351df3d32:1781354160000] 🚀 Executing scheduled global orchestration...","timestamp":"2026-06-13 18:06:00"}
{"level":"info","message":"Orchestrator: Starting global scan orchestration... ","timestamp":"2026-06-13 18:06:00"}
{"level":"info","message":"🔗 Connecting to MASTER database: master","timestamp":"2026-06-13 18:06:00"}
{"level":"info","message":"Orchestrator: Found 2 tenants to process.","timestamp":"2026-06-13 18:06:01"}
{"level":"info","message":"📁 Switching to CLIENT database: tenant_rbi (Tenant: rbi)","timestamp":"2026-06-13 18:06:01"}
{"level":"info","message":"Orchestrator: No domains found for tenant rbi (excluding those currently scanning).","timestamp":"2026-06-13 18:06:01"}
{"level":"info","message":"📁 Switching to CLIENT database: tenant_sbi (Tenant: sbi)","timestamp":"2026-06-13 18:06:01"}
{"level":"info","message":"Orchestrator: No domains found for tenant sbi (excluding those currently scanning).","timestamp":"2026-06-13 18:06:01"}
{"level":"info","message":"Orchestrator: Master DB connection closed.","timestamp":"2026-06-13 18:06:01"}
{"level":"info","message":"✅ Orchestrator: Finished. Total jobs enqueued: 0","timestamp":"2026-06-13 18:06:01"}
{"level":"info","message":"Job repeat:c10eea93bf68cc56fd5c63b351df3d32:1781354160000 (Orchestrator) completed successfully.","timestamp":"2026-06-13 18:06:01"}
{"level":"info","message":"[Job repeat:c10eea93bf68cc56fd5c63b351df3d32:1781354220000] 🚀 Executing scheduled global orchestration...","timestamp":"2026-06-13 18:07:00"}
{"level":"info","message":"Orchestrator: Starting global scan orchestration... ","timestamp":"2026-06-13 18:07:00"}
{"level":"info","message":"🔗 Connecting to MASTER database: master","timestamp":"2026-06-13 18:07:00"}
{"level":"info","message":"Orchestrator: Found 2 tenants to process.","timestamp":"2026-06-13 18:07:00"}
{"level":"info","message":"📁 Switching to CLIENT database: tenant_rbi (Tenant: rbi)","timestamp":"2026-06-13 18:07:00"}
{"level":"info","message":"Orchestrator: No domains found for tenant rbi (excluding those currently scanning).","timestamp":"2026-06-13 18:07:00"}
{"level":"info","message":"📁 Switching to CLIENT database: tenant_sbi (Tenant: sbi)","timestamp":"2026-06-13 18:07:00"}
{"level":"info","message":"Orchestrator: No domains found for tenant sbi (excluding those currently scanning).","timestamp":"2026-06-13 18:07:00"}
{"level":"info","message":"Orchestrator: Master DB connection closed.","timestamp":"2026-06-13 18:07:00"}
{"level":"info","message":"✅ Orchestrator: Finished. Total jobs enqueued: 0","timestamp":"2026-06-13 18:07:00"}
{"level":"info","message":"Job repeat:c10eea93bf68cc56fd5c63b351df3d32:1781354220000 (Orchestrator) completed successfully.","timestamp":"2026-06-13 18:07:00"}
{"level":"info","message":"[Job repeat:c10eea93bf68cc56fd5c63b351df3d32:1781354280000] 🚀 Executing scheduled global orchestration...","timestamp":"2026-06-13 18:08:00"}
{"level":"info","message":"Orchestrator: Starting global scan orchestration... ","timestamp":"2026-06-13 18:08:00"}
{"level":"info","message":"🔗 Connecting to MASTER database: master","timestamp":"2026-06-13 18:08:00"}
{"level":"info","message":"Orchestrator: Found 2 tenants to process.","timestamp":"2026-06-13 18:08:01"}
{"level":"info","message":"📁 Switching to CLIENT database: tenant_rbi (Tenant: rbi)","timestamp":"2026-06-13 18:08:01"}
{"level":"info","message":"Orchestrator: No domains found for tenant rbi (excluding those currently scanning).","timestamp":"2026-06-13 18:08:01"}
{"level":"info","message":"📁 Switching to CLIENT database: tenant_sbi (Tenant: sbi)","timestamp":"2026-06-13 18:08:01"}
{"level":"info","message":"Orchestrator: No domains found for tenant sbi (excluding those currently scanning).","timestamp":"2026-06-13 18:08:01"}
{"level":"info","message":"Orchestrator: Master DB connection closed.","timestamp":"2026-06-13 18:08:01"}
{"level":"info","message":"✅ Orchestrator: Finished. Total jobs enqueued: 0","timestamp":"2026-06-13 18:08:01"}
{"level":"info","message":"Job repeat:c10eea93bf68cc56fd5c63b351df3d32:1781354280000 (Orchestrator) completed successfully.","timestamp":"2026-06-13 18:08:01"}
{"level":"info","message":"[Job repeat:c10eea93bf68cc56fd5c63b351df3d32:1781354340000] 🚀 Executing scheduled global orchestration...","timestamp":"2026-06-13 18:09:00"}
{"level":"info","message":"Orchestrator: Starting global scan orchestration... ","timestamp":"2026-06-13 18:09:00"}
{"level":"info","message":"🔗 Connecting to MASTER database: master","timestamp":"2026-06-13 18:09:00"}
{"level":"info","message":"Orchestrator: Found 2 tenants to process.","timestamp":"2026-06-13 18:09:01"}
{"level":"info","message":"📁 Switching to CLIENT database: tenant_rbi (Tenant: rbi)","timestamp":"2026-06-13 18:09:01"}
{"level":"info","message":"Orchestrator: No domains found for tenant rbi (excluding those currently scanning).","timestamp":"2026-06-13 18:09:01"}
{"level":"info","message":"📁 Switching to CLIENT database: tenant_sbi (Tenant: sbi)","timestamp":"2026-06-13 18:09:01"}
{"level":"info","message":"Orchestrator: No domains found for tenant sbi (excluding those currently scanning).","timestamp":"2026-06-13 18:09:01"}
{"level":"info","message":"Orchestrator: Master DB connection closed.","timestamp":"2026-06-13 18:09:01"}
{"level":"info","message":"✅ Orchestrator: Finished. Total jobs enqueued: 0","timestamp":"2026-06-13 18:09:01"}
{"level":"info","message":"Job repeat:c10eea93bf68cc56fd5c63b351df3d32:1781354340000 (Orchestrator) completed successfully.","timestamp":"2026-06-13 18:09:01"}
{"level":"info","message":"[Job repeat:c10eea93bf68cc56fd5c63b351df3d32:1781354400000] 🚀 Executing scheduled global orchestration...","timestamp":"2026-06-13 18:10:00"}
{"level":"info","message":"Orchestrator: Starting global scan orchestration... ","timestamp":"2026-06-13 18:10:00"}
{"level":"info","message":"🔗 Connecting to MASTER database: master","timestamp":"2026-06-13 18:10:00"}
{"level":"info","message":"Orchestrator: Found 2 tenants to process.","timestamp":"2026-06-13 18:10:01"}
{"level":"info","message":"📁 Switching to CLIENT database: tenant_rbi (Tenant: rbi)","timestamp":"2026-06-13 18:10:01"}
{"level":"info","message":"Orchestrator: No domains found for tenant rbi (excluding those currently scanning).","timestamp":"2026-06-13 18:10:01"}
{"level":"info","message":"📁 Switching to CLIENT database: tenant_sbi (Tenant: sbi)","timestamp":"2026-06-13 18:10:01"}
{"level":"info","message":"Orchestrator: No domains found for tenant sbi (excluding those currently scanning).","timestamp":"2026-06-13 18:10:01"}
{"level":"info","message":"Orchestrator: Master DB connection closed.","timestamp":"2026-06-13 18:10:01"}
{"level":"info","message":"✅ Orchestrator: Finished. Total jobs enqueued: 0","timestamp":"2026-06-13 18:10:01"}
{"level":"info","message":"Job repeat:c10eea93bf68cc56fd5c63b351df3d32:1781354400000 (Orchestrator) completed successfully.","timestamp":"2026-06-13 18:10:01"}
{"level":"info","message":"[Job repeat:c10eea93bf68cc56fd5c63b351df3d32:1781354460000] 🚀 Executing scheduled global orchestration...","timestamp":"2026-06-13 18:11:00"}
{"level":"info","message":"Orchestrator: Starting global scan orchestration... ","timestamp":"2026-06-13 18:11:00"}
{"level":"info","message":"🔗 Connecting to MASTER database: master","timestamp":"2026-06-13 18:11:00"}
{"level":"info","message":"Orchestrator: Found 2 tenants to process.","timestamp":"2026-06-13 18:11:00"}
{"level":"info","message":"📁 Switching to CLIENT database: tenant_rbi (Tenant: rbi)","timestamp":"2026-06-13 18:11:00"}
{"level":"info","message":"Orchestrator: No domains found for tenant rbi (excluding those currently scanning).","timestamp":"2026-06-13 18:11:00"}
{"level":"info","message":"📁 Switching to CLIENT database: tenant_sbi (Tenant: sbi)","timestamp":"2026-06-13 18:11:00"}
{"level":"info","message":"Orchestrator: No domains found for tenant sbi (excluding those currently scanning).","timestamp":"2026-06-13 18:11:00"}
{"level":"info","message":"Orchestrator: Master DB connection closed.","timestamp":"2026-06-13 18:11:00"}
{"level":"info","message":"✅ Orchestrator: Finished. Total jobs enqueued: 0","timestamp":"2026-06-13 18:11:00"}
{"level":"info","message":"Job repeat:c10eea93bf68cc56fd5c63b351df3d32:1781354460000 (Orchestrator) completed successfully.","timestamp":"2026-06-13 18:11:00"}
{"level":"info","message":"[Job repeat:c10eea93bf68cc56fd5c63b351df3d32:1781354520000] 🚀 Executing scheduled global orchestration...","timestamp":"2026-06-13 18:12:00"}
{"level":"info","message":"Orchestrator: Starting global scan orchestration... ","timestamp":"2026-06-13 18:12:00"}
{"level":"info","message":"🔗 Connecting to MASTER database: master","timestamp":"2026-06-13 18:12:00"}
{"level":"info","message":"Orchestrator: Found 2 tenants to process.","timestamp":"2026-06-13 18:12:00"}
{"level":"info","message":"📁 Switching to CLIENT database: tenant_rbi (Tenant: rbi)","timestamp":"2026-06-13 18:12:00"}
{"level":"info","message":"Orchestrator: No domains found for tenant rbi (excluding those currently scanning).","timestamp":"2026-06-13 18:12:00"}
{"level":"info","message":"📁 Switching to CLIENT database: tenant_sbi (Tenant: sbi)","timestamp":"2026-06-13 18:12:00"}
{"level":"info","message":"Orchestrator: No domains found for tenant sbi (excluding those currently scanning).","timestamp":"2026-06-13 18:12:01"}
{"level":"info","message":"Orchestrator: Master DB connection closed.","timestamp":"2026-06-13 18:12:01"}
{"level":"info","message":"✅ Orchestrator: Finished. Total jobs enqueued: 0","timestamp":"2026-06-13 18:12:01"}
{"level":"info","message":"Job repeat:c10eea93bf68cc56fd5c63b351df3d32:1781354520000 (Orchestrator) completed successfully.","timestamp":"2026-06-13 18:12:01"}
{"level":"info","message":"[Job repeat:c10eea93bf68cc56fd5c63b351df3d32:1781354580000] 🚀 Executing scheduled global orchestration...","timestamp":"2026-06-13 18:13:00"}
{"level":"info","message":"Orchestrator: Starting global scan orchestration... ","timestamp":"2026-06-13 18:13:00"}
{"level":"info","message":"🔗 Connecting to MASTER database: master","timestamp":"2026-06-13 18:13:00"}
{"level":"info","message":"Orchestrator: Found 2 tenants to process.","timestamp":"2026-06-13 18:13:01"}
{"level":"info","message":"📁 Switching to CLIENT database: tenant_rbi (Tenant: rbi)","timestamp":"2026-06-13 18:13:01"}
{"level":"info","message":"Orchestrator: No domains found for tenant rbi (excluding those currently scanning).","timestamp":"2026-06-13 18:13:01"}
{"level":"info","message":"📁 Switching to CLIENT database: tenant_sbi (Tenant: sbi)","timestamp":"2026-06-13 18:13:01"}
{"level":"info","message":"Orchestrator: No domains found for tenant sbi (excluding those currently scanning).","timestamp":"2026-06-13 18:13:01"}
{"level":"info","message":"Orchestrator: Master DB connection closed.","timestamp":"2026-06-13 18:13:01"}
{"level":"info","message":"✅ Orchestrator: Finished. Total jobs enqueued: 0","timestamp":"2026-06-13 18:13:01"}
{"level":"info","message":"Job repeat:c10eea93bf68cc56fd5c63b351df3d32:1781354580000 (Orchestrator) completed successfully.","timestamp":"2026-06-13 18:13:01"}
{"level":"info","message":"[Job repeat:c10eea93bf68cc56fd5c63b351df3d32:1781354640000] 🚀 Executing scheduled global orchestration...","timestamp":"2026-06-13 18:14:00"}
{"level":"info","message":"Orchestrator: Starting global scan orchestration... ","timestamp":"2026-06-13 18:14:00"}
{"level":"info","message":"🔗 Connecting to MASTER database: master","timestamp":"2026-06-13 18:14:00"}
{"level":"info","message":"Orchestrator: Found 2 tenants to process.","timestamp":"2026-06-13 18:14:01"}
{"level":"info","message":"📁 Switching to CLIENT database: tenant_rbi (Tenant: rbi)","timestamp":"2026-06-13 18:14:01"}
{"level":"info","message":"Orchestrator: No domains found for tenant rbi (excluding those currently scanning).","timestamp":"2026-06-13 18:14:01"}
{"level":"info","message":"📁 Switching to CLIENT database: tenant_sbi (Tenant: sbi)","timestamp":"2026-06-13 18:14:01"}
{"level":"info","message":"Orchestrator: No domains found for tenant sbi (excluding those currently scanning).","timestamp":"2026-06-13 18:14:01"}
{"level":"info","message":"Orchestrator: Master DB connection closed.","timestamp":"2026-06-13 18:14:01"}
{"level":"info","message":"✅ Orchestrator: Finished. Total jobs enqueued: 0","timestamp":"2026-06-13 18:14:01"}
{"level":"info","message":"Job repeat:c10eea93bf68cc56fd5c63b351df3d32:1781354640000 (Orchestrator) completed successfully.","timestamp":"2026-06-13 18:14:01"}
{"level":"info","message":"[Job repeat:c10eea93bf68cc56fd5c63b351df3d32:1781354700000] 🚀 Executing scheduled global orchestration...","timestamp":"2026-06-13 18:15:00"}
{"level":"info","message":"Orchestrator: Starting global scan orchestration... ","timestamp":"2026-06-13 18:15:00"}
{"level":"info","message":"🔗 Connecting to MASTER database: master","timestamp":"2026-06-13 18:15:00"}
{"level":"info","message":"Orchestrator: Found 2 tenants to process.","timestamp":"2026-06-13 18:15:00"}
{"level":"info","message":"📁 Switching to CLIENT database: tenant_rbi (Tenant: rbi)","timestamp":"2026-06-13 18:15:00"}
{"level":"info","message":"Orchestrator: No domains found for tenant rbi (excluding those currently scanning).","timestamp":"2026-06-13 18:15:00"}
{"level":"info","message":"📁 Switching to CLIENT database: tenant_sbi (Tenant: sbi)","timestamp":"2026-06-13 18:15:00"}
{"level":"info","message":"Orchestrator: No domains found for tenant sbi (excluding those currently scanning).","timestamp":"2026-06-13 18:15:00"}
{"level":"info","message":"Orchestrator: Master DB connection closed.","timestamp":"2026-06-13 18:15:00"}
{"level":"info","message":"✅ Orchestrator: Finished. Total jobs enqueued: 0","timestamp":"2026-06-13 18:15:00"}
{"level":"info","message":"Job repeat:c10eea93bf68cc56fd5c63b351df3d32:1781354700000 (Orchestrator) completed successfully.","timestamp":"2026-06-13 18:15:00"}
{"level":"info","message":"[Job repeat:c10eea93bf68cc56fd5c63b351df3d32:1781354760000] 🚀 Executing scheduled global orchestration...","timestamp":"2026-06-13 18:16:00"}
{"level":"info","message":"Orchestrator: Starting global scan orchestration... ","timestamp":"2026-06-13 18:16:00"}
{"level":"info","message":"🔗 Connecting to MASTER database: master","timestamp":"2026-06-13 18:16:00"}
{"level":"info","message":"Orchestrator: Found 2 tenants to process.","timestamp":"2026-06-13 18:16:01"}
{"level":"info","message":"📁 Switching to CLIENT database: tenant_rbi (Tenant: rbi)","timestamp":"2026-06-13 18:16:01"}
{"level":"info","message":"Orchestrator: No domains found for tenant rbi (excluding those currently scanning).","timestamp":"2026-06-13 18:16:01"}
{"level":"info","message":"📁 Switching to CLIENT database: tenant_sbi (Tenant: sbi)","timestamp":"2026-06-13 18:16:01"}
{"level":"info","message":"Orchestrator: No domains found for tenant sbi (excluding those currently scanning).","timestamp":"2026-06-13 18:16:01"}
{"level":"info","message":"Orchestrator: Master DB connection closed.","timestamp":"2026-06-13 18:16:01"}
{"level":"info","message":"✅ Orchestrator: Finished. Total jobs enqueued: 0","timestamp":"2026-06-13 18:16:01"}
{"level":"info","message":"Job repeat:c10eea93bf68cc56fd5c63b351df3d32:1781354760000 (Orchestrator) completed successfully.","timestamp":"2026-06-13 18:16:01"}
{"level":"info","message":"[Job repeat:c10eea93bf68cc56fd5c63b351df3d32:1781354820000] 🚀 Executing scheduled global orchestration...","timestamp":"2026-06-13 18:17:00"}
{"level":"info","message":"Orchestrator: Starting global scan orchestration... ","timestamp":"2026-06-13 18:17:00"}
{"level":"info","message":"🔗 Connecting to MASTER database: master","timestamp":"2026-06-13 18:17:00"}
{"level":"info","message":"Orchestrator: Found 2 tenants to process.","timestamp":"2026-06-13 18:17:01"}
{"level":"info","message":"📁 Switching to CLIENT database: tenant_rbi (Tenant: rbi)","timestamp":"2026-06-13 18:17:01"}
{"level":"info","message":"Orchestrator: No domains found for tenant rbi (excluding those currently scanning).","timestamp":"2026-06-13 18:17:01"}
{"level":"info","message":"📁 Switching to CLIENT database: tenant_sbi (Tenant: sbi)","timestamp":"2026-06-13 18:17:01"}
{"level":"info","message":"Orchestrator: No domains found for tenant sbi (excluding those currently scanning).","timestamp":"2026-06-13 18:17:01"}
{"level":"info","message":"Orchestrator: Master DB connection closed.","timestamp":"2026-06-13 18:17:01"}
{"level":"info","message":"✅ Orchestrator: Finished. Total jobs enqueued: 0","timestamp":"2026-06-13 18:17:01"}
{"level":"info","message":"Job repeat:c10eea93bf68cc56fd5c63b351df3d32:1781354820000 (Orchestrator) completed successfully.","timestamp":"2026-06-13 18:17:01"}
{"level":"info","message":"[Job repeat:c10eea93bf68cc56fd5c63b351df3d32:1781354880000] 🚀 Executing scheduled global orchestration...","timestamp":"2026-06-13 18:18:01"}
{"level":"info","message":"Orchestrator: Starting global scan orchestration... ","timestamp":"2026-06-13 18:18:01"}
{"level":"info","message":"🔗 Connecting to MASTER database: master","timestamp":"2026-06-13 18:18:01"}
{"level":"info","message":"Orchestrator: Found 2 tenants to process.","timestamp":"2026-06-13 18:18:01"}
{"level":"info","message":"📁 Switching to CLIENT database: tenant_rbi (Tenant: rbi)","timestamp":"2026-06-13 18:18:01"}
{"level":"info","message":"Orchestrator: No domains found for tenant rbi (excluding those currently scanning).","timestamp":"2026-06-13 18:18:01"}
{"level":"info","message":"📁 Switching to CLIENT database: tenant_sbi (Tenant: sbi)","timestamp":"2026-06-13 18:18:01"}
{"level":"info","message":"Orchestrator: No domains found for tenant sbi (excluding those currently scanning).","timestamp":"2026-06-13 18:18:01"}
{"level":"info","message":"Orchestrator: Master DB connection closed.","timestamp":"2026-06-13 18:18:01"}
{"level":"info","message":"✅ Orchestrator: Finished. Total jobs enqueued: 0","timestamp":"2026-06-13 18:18:01"}
{"level":"info","message":"Job repeat:c10eea93bf68cc56fd5c63b351df3d32:1781354880000 (Orchestrator) completed successfully.","timestamp":"2026-06-13 18:18:01"}
{"level":"info","message":"[Job repeat:c10eea93bf68cc56fd5c63b351df3d32:1781354940000] 🚀 Executing scheduled global orchestration...","timestamp":"2026-06-13 18:19:00"}
{"level":"info","message":"Orchestrator: Starting global scan orchestration... ","timestamp":"2026-06-13 18:19:00"}
{"level":"info","message":"🔗 Connecting to MASTER database: master","timestamp":"2026-06-13 18:19:00"}
{"level":"info","message":"Orchestrator: Found 2 tenants to process.","timestamp":"2026-06-13 18:19:00"}
{"level":"info","message":"📁 Switching to CLIENT database: tenant_rbi (Tenant: rbi)","timestamp":"2026-06-13 18:19:00"}
{"level":"info","message":"Orchestrator: No domains found for tenant rbi (excluding those currently scanning).","timestamp":"2026-06-13 18:19:00"}
{"level":"info","message":"📁 Switching to CLIENT database: tenant_sbi (Tenant: sbi)","timestamp":"2026-06-13 18:19:00"}
{"level":"info","message":"Orchestrator: No domains found for tenant sbi (excluding those currently scanning).","timestamp":"2026-06-13 18:19:00"}
{"level":"info","message":"Orchestrator: Master DB connection closed.","timestamp":"2026-06-13 18:19:00"}
{"level":"info","message":"✅ Orchestrator: Finished. Total jobs enqueued: 0","timestamp":"2026-06-13 18:19:00"}
{"level":"info","message":"Job repeat:c10eea93bf68cc56fd5c63b351df3d32:1781354940000 (Orchestrator) completed successfully.","timestamp":"2026-06-13 18:19:00"}
{"level":"info","message":"[Job repeat:c10eea93bf68cc56fd5c63b351df3d32:1781355000000] 🚀 Executing scheduled global orchestration...","timestamp":"2026-06-13 18:20:00"}
{"level":"info","message":"Orchestrator: Starting global scan orchestration... ","timestamp":"2026-06-13 18:20:00"}
{"level":"info","message":"🔗 Connecting to MASTER database: master","timestamp":"2026-06-13 18:20:00"}
{"level":"info","message":"Orchestrator: Found 2 tenants to process.","timestamp":"2026-06-13 18:20:01"}
{"level":"info","message":"📁 Switching to CLIENT database: tenant_rbi (Tenant: rbi)","timestamp":"2026-06-13 18:20:01"}
{"level":"info","message":"Orchestrator: No domains found for tenant rbi (excluding those currently scanning).","timestamp":"2026-06-13 18:20:01"}
{"level":"info","message":"📁 Switching to CLIENT database: tenant_sbi (Tenant: sbi)","timestamp":"2026-06-13 18:20:01"}
{"level":"info","message":"Orchestrator: No domains found for tenant sbi (excluding those currently scanning).","timestamp":"2026-06-13 18:20:01"}
{"level":"info","message":"Orchestrator: Master DB connection closed.","timestamp":"2026-06-13 18:20:01"}
{"level":"info","message":"✅ Orchestrator: Finished. Total jobs enqueued: 0","timestamp":"2026-06-13 18:20:01"}
{"level":"info","message":"Job repeat:c10eea93bf68cc56fd5c63b351df3d32:1781355000000 (Orchestrator) completed successfully.","timestamp":"2026-06-13 18:20:01"}
{"level":"info","message":"[Job repeat:c10eea93bf68cc56fd5c63b351df3d32:1781355060000] 🚀 Executing scheduled global orchestration...","timestamp":"2026-06-13 18:21:00"}
{"level":"info","message":"Orchestrator: Starting global scan orchestration... ","timestamp":"2026-06-13 18:21:00"}
{"level":"info","message":"🔗 Connecting to MASTER database: master","timestamp":"2026-06-13 18:21:00"}
{"level":"info","message":"Orchestrator: Found 2 tenants to process.","timestamp":"2026-06-13 18:21:01"}
{"level":"info","message":"📁 Switching to CLIENT database: tenant_rbi (Tenant: rbi)","timestamp":"2026-06-13 18:21:01"}
{"level":"info","message":"Orchestrator: No domains found for tenant rbi (excluding those currently scanning).","timestamp":"2026-06-13 18:21:01"}
{"level":"info","message":"📁 Switching to CLIENT database: tenant_sbi (Tenant: sbi)","timestamp":"2026-06-13 18:21:01"}
{"level":"info","message":"Orchestrator: No domains found for tenant sbi (excluding those currently scanning).","timestamp":"2026-06-13 18:21:01"}
{"level":"info","message":"Orchestrator: Master DB connection closed.","timestamp":"2026-06-13 18:21:01"}
{"level":"info","message":"✅ Orchestrator: Finished. Total jobs enqueued: 0","timestamp":"2026-06-13 18:21:01"}
{"level":"info","message":"Job repeat:c10eea93bf68cc56fd5c63b351df3d32:1781355060000 (Orchestrator) completed successfully.","timestamp":"2026-06-13 18:21:01"}
{"level":"info","message":"[Job repeat:c10eea93bf68cc56fd5c63b351df3d32:1781355120000] 🚀 Executing scheduled global orchestration...","timestamp":"2026-06-13 18:22:00"}
{"level":"info","message":"Orchestrator: Starting global scan orchestration... ","timestamp":"2026-06-13 18:22:00"}
{"level":"info","message":"🔗 Connecting to MASTER database: master","timestamp":"2026-06-13 18:22:00"}
{"level":"info","message":"Orchestrator: Found 2 tenants to process.","timestamp":"2026-06-13 18:22:01"}
{"level":"info","message":"📁 Switching to CLIENT database: tenant_rbi (Tenant: rbi)","timestamp":"2026-06-13 18:22:01"}
{"level":"info","message":"Orchestrator: No domains found for tenant rbi (excluding those currently scanning).","timestamp":"2026-06-13 18:22:01"}
{"level":"info","message":"📁 Switching to CLIENT database: tenant_sbi (Tenant: sbi)","timestamp":"2026-06-13 18:22:01"}
{"level":"info","message":"Orchestrator: No domains found for tenant sbi (excluding those currently scanning).","timestamp":"2026-06-13 18:22:01"}
{"level":"info","message":"Orchestrator: Master DB connection closed.","timestamp":"2026-06-13 18:22:01"}
{"level":"info","message":"✅ Orchestrator: Finished. Total jobs enqueued: 0","timestamp":"2026-06-13 18:22:01"}
{"level":"info","message":"Job repeat:c10eea93bf68cc56fd5c63b351df3d32:1781355120000 (Orchestrator) completed successfully.","timestamp":"2026-06-13 18:22:01"}
{"level":"info","message":"[Job repeat:c10eea93bf68cc56fd5c63b351df3d32:1781355180000] 🚀 Executing scheduled global orchestration...","timestamp":"2026-06-13 18:23:00"}
{"level":"info","message":"Orchestrator: Starting global scan orchestration... ","timestamp":"2026-06-13 18:23:00"}
{"level":"info","message":"🔗 Connecting to MASTER database: master","timestamp":"2026-06-13 18:23:00"}
{"level":"info","message":"Orchestrator: Found 2 tenants to process.","timestamp":"2026-06-13 18:23:00"}
{"level":"info","message":"📁 Switching to CLIENT database: tenant_rbi (Tenant: rbi)","timestamp":"2026-06-13 18:23:00"}
{"level":"info","message":"Orchestrator: No domains found for tenant rbi (excluding those currently scanning).","timestamp":"2026-06-13 18:23:00"}
{"level":"info","message":"📁 Switching to CLIENT database: tenant_sbi (Tenant: sbi)","timestamp":"2026-06-13 18:23:00"}
{"level":"info","message":"Orchestrator: No domains found for tenant sbi (excluding those currently scanning).","timestamp":"2026-06-13 18:23:00"}
{"level":"info","message":"Orchestrator: Master DB connection closed.","timestamp":"2026-06-13 18:23:00"}
{"level":"info","message":"✅ Orchestrator: Finished. Total jobs enqueued: 0","timestamp":"2026-06-13 18:23:00"}
{"level":"info","message":"Job repeat:c10eea93bf68cc56fd5c63b351df3d32:1781355180000 (Orchestrator) completed successfully.","timestamp":"2026-06-13 18:23:00"}
{"level":"info","message":"[Job repeat:c10eea93bf68cc56fd5c63b351df3d32:1781355240000] 🚀 Executing scheduled global orchestration...","timestamp":"2026-06-13 18:24:00"}
{"level":"info","message":"Orchestrator: Starting global scan orchestration... ","timestamp":"2026-06-13 18:24:00"}
{"level":"info","message":"🔗 Connecting to MASTER database: master","timestamp":"2026-06-13 18:24:00"}
{"level":"info","message":"Orchestrator: Found 2 tenants to process.","timestamp":"2026-06-13 18:24:01"}
{"level":"info","message":"📁 Switching to CLIENT database: tenant_rbi (Tenant: rbi)","timestamp":"2026-06-13 18:24:01"}
{"level":"info","message":"Orchestrator: No domains found for tenant rbi (excluding those currently scanning).","timestamp":"2026-06-13 18:24:01"}
{"level":"info","message":"📁 Switching to CLIENT database: tenant_sbi (Tenant: sbi)","timestamp":"2026-06-13 18:24:01"}
{"level":"info","message":"Orchestrator: No domains found for tenant sbi (excluding those currently scanning).","timestamp":"2026-06-13 18:24:01"}
{"level":"info","message":"Orchestrator: Master DB connection closed.","timestamp":"2026-06-13 18:24:01"}
{"level":"info","message":"✅ Orchestrator: Finished. Total jobs enqueued: 0","timestamp":"2026-06-13 18:24:01"}
{"level":"info","message":"Job repeat:c10eea93bf68cc56fd5c63b351df3d32:1781355240000 (Orchestrator) completed successfully.","timestamp":"2026-06-13 18:24:01"}
{"level":"info","message":"[Job repeat:c10eea93bf68cc56fd5c63b351df3d32:1781355300000] 🚀 Executing scheduled global orchestration...","timestamp":"2026-06-13 18:25:00"}
{"level":"info","message":"Orchestrator: Starting global scan orchestration... ","timestamp":"2026-06-13 18:25:00"}
{"level":"info","message":"🔗 Connecting to MASTER database: master","timestamp":"2026-06-13 18:25:00"}
{"level":"info","message":"Orchestrator: Found 2 tenants to process.","timestamp":"2026-06-13 18:25:01"}
{"level":"info","message":"📁 Switching to CLIENT database: tenant_rbi (Tenant: rbi)","timestamp":"2026-06-13 18:25:01"}
{"level":"info","message":"Orchestrator: No domains found for tenant rbi (excluding those currently scanning).","timestamp":"2026-06-13 18:25:01"}
{"level":"info","message":"📁 Switching to CLIENT database: tenant_sbi (Tenant: sbi)","timestamp":"2026-06-13 18:25:01"}
{"level":"info","message":"Orchestrator: No domains found for tenant sbi (excluding those currently scanning).","timestamp":"2026-06-13 18:25:01"}
{"level":"info","message":"Orchestrator: Master DB connection closed.","timestamp":"2026-06-13 18:25:01"}
{"level":"info","message":"✅ Orchestrator: Finished. Total jobs enqueued: 0","timestamp":"2026-06-13 18:25:01"}
{"level":"info","message":"Job repeat:c10eea93bf68cc56fd5c63b351df3d32:1781355300000 (Orchestrator) completed successfully.","timestamp":"2026-06-13 18:25:01"}
{"level":"info","message":"[Job repeat:c10eea93bf68cc56fd5c63b351df3d32:1781355360000] 🚀 Executing scheduled global orchestration...","timestamp":"2026-06-13 18:26:00"}
{"level":"info","message":"Orchestrator: Starting global scan orchestration... ","timestamp":"2026-06-13 18:26:00"}
{"level":"info","message":"🔗 Connecting to MASTER database: master","timestamp":"2026-06-13 18:26:00"}
{"level":"info","message":"Orchestrator: Found 2 tenants to process.","timestamp":"2026-06-13 18:26:00"}
{"level":"info","message":"📁 Switching to CLIENT database: tenant_rbi (Tenant: rbi)","timestamp":"2026-06-13 18:26:00"}
{"level":"info","message":"Orchestrator: No domains found for tenant rbi (excluding those currently scanning).","timestamp":"2026-06-13 18:26:00"}
{"level":"info","message":"📁 Switching to CLIENT database: tenant_sbi (Tenant: sbi)","timestamp":"2026-06-13 18:26:00"}
{"level":"info","message":"Orchestrator: No domains found for tenant sbi (excluding those currently scanning).","timestamp":"2026-06-13 18:26:00"}
{"level":"info","message":"Orchestrator: Master DB connection closed.","timestamp":"2026-06-13 18:26:00"}
{"level":"info","message":"✅ Orchestrator: Finished. Total jobs enqueued: 0","timestamp":"2026-06-13 18:26:00"}
{"level":"info","message":"Job repeat:c10eea93bf68cc56fd5c63b351df3d32:1781355360000 (Orchestrator) completed successfully.","timestamp":"2026-06-13 18:26:00"}
{"level":"info","message":"[Job repeat:c10eea93bf68cc56fd5c63b351df3d32:1781355420000] 🚀 Executing scheduled global orchestration...","timestamp":"2026-06-13 18:27:00"}
{"level":"info","message":"Orchestrator: Starting global scan orchestration... ","timestamp":"2026-06-13 18:27:00"}
{"level":"info","message":"🔗 Connecting to MASTER database: master","timestamp":"2026-06-13 18:27:00"}
{"level":"info","message":"Orchestrator: Found 2 tenants to process.","timestamp":"2026-06-13 18:27:01"}
{"level":"info","message":"📁 Switching to CLIENT database: tenant_rbi (Tenant: rbi)","timestamp":"2026-06-13 18:27:01"}
{"level":"info","message":"Orchestrator: No domains found for tenant rbi (excluding those currently scanning).","timestamp":"2026-06-13 18:27:01"}
{"level":"info","message":"📁 Switching to CLIENT database: tenant_sbi (Tenant: sbi)","timestamp":"2026-06-13 18:27:01"}
{"level":"info","message":"Orchestrator: No domains found for tenant sbi (excluding those currently scanning).","timestamp":"2026-06-13 18:27:01"}
{"level":"info","message":"Orchestrator: Master DB connection closed.","timestamp":"2026-06-13 18:27:01"}
{"level":"info","message":"✅ Orchestrator: Finished. Total jobs enqueued: 0","timestamp":"2026-06-13 18:27:01"}
{"level":"info","message":"Job repeat:c10eea93bf68cc56fd5c63b351df3d32:1781355420000 (Orchestrator) completed successfully.","timestamp":"2026-06-13 18:27:01"}
{"level":"info","message":"[Job repeat:c10eea93bf68cc56fd5c63b351df3d32:1781355480000] 🚀 Executing scheduled global orchestration...","timestamp":"2026-06-13 18:28:00"}
{"level":"info","message":"Orchestrator: Starting global scan orchestration... ","timestamp":"2026-06-13 18:28:00"}
{"level":"info","message":"🔗 Connecting to MASTER database: master","timestamp":"2026-06-13 18:28:00"}
{"level":"info","message":"Orchestrator: Found 2 tenants to process.","timestamp":"2026-06-13 18:28:01"}
{"level":"info","message":"📁 Switching to CLIENT database: tenant_rbi (Tenant: rbi)","timestamp":"2026-06-13 18:28:01"}
{"level":"info","message":"Orchestrator: No domains found for tenant rbi (excluding those currently scanning).","timestamp":"2026-06-13 18:28:01"}
{"level":"info","message":"📁 Switching to CLIENT database: tenant_sbi (Tenant: sbi)","timestamp":"2026-06-13 18:28:01"}
{"level":"info","message":"Orchestrator: No domains found for tenant sbi (excluding those currently scanning).","timestamp":"2026-06-13 18:28:01"}
{"level":"info","message":"Orchestrator: Master DB connection closed.","timestamp":"2026-06-13 18:28:01"}
{"level":"info","message":"✅ Orchestrator: Finished. Total jobs enqueued: 0","timestamp":"2026-06-13 18:28:01"}
{"level":"info","message":"Job repeat:c10eea93bf68cc56fd5c63b351df3d32:1781355480000 (Orchestrator) completed successfully.","timestamp":"2026-06-13 18:28:01"}
{"level":"info","message":"[Job repeat:c10eea93bf68cc56fd5c63b351df3d32:1781355540000] 🚀 Executing scheduled global orchestration...","timestamp":"2026-06-13 18:29:00"}
{"level":"info","message":"Orchestrator: Starting global scan orchestration... ","timestamp":"2026-06-13 18:29:00"}
{"level":"info","message":"🔗 Connecting to MASTER database: master","timestamp":"2026-06-13 18:29:00"}
{"level":"info","message":"Orchestrator: Found 2 tenants to process.","timestamp":"2026-06-13 18:29:00"}
{"level":"info","message":"📁 Switching to CLIENT database: tenant_rbi (Tenant: rbi)","timestamp":"2026-06-13 18:29:00"}
{"level":"info","message":"Orchestrator: No domains found for tenant rbi (excluding those currently scanning).","timestamp":"2026-06-13 18:29:00"}
{"level":"info","message":"📁 Switching to CLIENT database: tenant_sbi (Tenant: sbi)","timestamp":"2026-06-13 18:29:00"}
{"level":"info","message":"Orchestrator: No domains found for tenant sbi (excluding those currently scanning).","timestamp":"2026-06-13 18:29:00"}
{"level":"info","message":"Orchestrator: Master DB connection closed.","timestamp":"2026-06-13 18:29:00"}
{"level":"info","message":"✅ Orchestrator: Finished. Total jobs enqueued: 0","timestamp":"2026-06-13 18:29:00"}
{"level":"info","message":"Job repeat:c10eea93bf68cc56fd5c63b351df3d32:1781355540000 (Orchestrator) completed successfully.","timestamp":"2026-06-13 18:29:00"}
{"level":"info","message":"[Job repeat:c10eea93bf68cc56fd5c63b351df3d32:1781355600000] 🚀 Executing scheduled global orchestration...","timestamp":"2026-06-13 18:30:00"}
{"level":"info","message":"Orchestrator: Starting global scan orchestration... ","timestamp":"2026-06-13 18:30:00"}
{"level":"info","message":"🔗 Connecting to MASTER database: master","timestamp":"2026-06-13 18:30:00"}
{"level":"info","message":"Orchestrator: Found 2 tenants to process.","timestamp":"2026-06-13 18:30:01"}
{"level":"info","message":"📁 Switching to CLIENT database: tenant_rbi (Tenant: rbi)","timestamp":"2026-06-13 18:30:01"}
{"level":"info","message":"Orchestrator: No domains found for tenant rbi (excluding those currently scanning).","timestamp":"2026-06-13 18:30:01"}
{"level":"info","message":"📁 Switching to CLIENT database: tenant_sbi (Tenant: sbi)","timestamp":"2026-06-13 18:30:01"}
{"level":"info","message":"Orchestrator: No domains found for tenant sbi (excluding those currently scanning).","timestamp":"2026-06-13 18:30:01"}
{"level":"info","message":"Orchestrator: Master DB connection closed.","timestamp":"2026-06-13 18:30:01"}
{"level":"info","message":"✅ Orchestrator: Finished. Total jobs enqueued: 0","timestamp":"2026-06-13 18:30:01"}
{"level":"info","message":"Job repeat:c10eea93bf68cc56fd5c63b351df3d32:1781355600000 (Orchestrator) completed successfully.","timestamp":"2026-06-13 18:30:01"}
{"level":"info","message":"[Job repeat:c10eea93bf68cc56fd5c63b351df3d32:1781355660000] 🚀 Executing scheduled global orchestration...","timestamp":"2026-06-13 18:31:00"}
{"level":"info","message":"Orchestrator: Starting global scan orchestration... ","timestamp":"2026-06-13 18:31:00"}
{"level":"info","message":"🔗 Connecting to MASTER database: master","timestamp":"2026-06-13 18:31:00"}
{"level":"info","message":"Orchestrator: Found 2 tenants to process.","timestamp":"2026-06-13 18:31:01"}
{"level":"info","message":"📁 Switching to CLIENT database: tenant_rbi (Tenant: rbi)","timestamp":"2026-06-13 18:31:01"}
{"level":"info","message":"Orchestrator: No domains found for tenant rbi (excluding those currently scanning).","timestamp":"2026-06-13 18:31:01"}
{"level":"info","message":"📁 Switching to CLIENT database: tenant_sbi (Tenant: sbi)","timestamp":"2026-06-13 18:31:01"}
{"level":"info","message":"Orchestrator: No domains found for tenant sbi (excluding those currently scanning).","timestamp":"2026-06-13 18:31:01"}
{"level":"info","message":"Orchestrator: Master DB connection closed.","timestamp":"2026-06-13 18:31:01"}
{"level":"info","message":"✅ Orchestrator: Finished. Total jobs enqueued: 0","timestamp":"2026-06-13 18:31:01"}
{"level":"info","message":"Job repeat:c10eea93bf68cc56fd5c63b351df3d32:1781355660000 (Orchestrator) completed successfully.","timestamp":"2026-06-13 18:31:01"}
{"level":"info","message":"[Job repeat:c10eea93bf68cc56fd5c63b351df3d32:1781355720000] 🚀 Executing scheduled global orchestration...","timestamp":"2026-06-13 18:32:00"}
{"level":"info","message":"Orchestrator: Starting global scan orchestration... ","timestamp":"2026-06-13 18:32:00"}
{"level":"info","message":"🔗 Connecting to MASTER database: master","timestamp":"2026-06-13 18:32:00"}
{"level":"info","message":"Orchestrator: Found 2 tenants to process.","timestamp":"2026-06-13 18:32:00"}
{"level":"info","message":"📁 Switching to CLIENT database: tenant_rbi (Tenant: rbi)","timestamp":"2026-06-13 18:32:00"}
{"level":"info","message":"Orchestrator: No domains found for tenant rbi (excluding those currently scanning).","timestamp":"2026-06-13 18:32:00"}
{"level":"info","message":"📁 Switching to CLIENT database: tenant_sbi (Tenant: sbi)","timestamp":"2026-06-13 18:32:00"}
{"level":"info","message":"Orchestrator: No domains found for tenant sbi (excluding those currently scanning).","timestamp":"2026-06-13 18:32:00"}
{"level":"info","message":"Orchestrator: Master DB connection closed.","timestamp":"2026-06-13 18:32:00"}
{"level":"info","message":"✅ Orchestrator: Finished. Total jobs enqueued: 0","timestamp":"2026-06-13 18:32:00"}
{"level":"info","message":"Job repeat:c10eea93bf68cc56fd5c63b351df3d32:1781355720000 (Orchestrator) completed successfully.","timestamp":"2026-06-13 18:32:00"}
{"level":"info","message":"[Job repeat:c10eea93bf68cc56fd5c63b351df3d32:1781355780000] 🚀 Executing scheduled global orchestration...","timestamp":"2026-06-13 18:33:00"}
{"level":"info","message":"Orchestrator: Starting global scan orchestration... ","timestamp":"2026-06-13 18:33:00"}
{"level":"info","message":"🔗 Connecting to MASTER database: master","timestamp":"2026-06-13 18:33:00"}
{"level":"info","message":"Orchestrator: Found 2 tenants to process.","timestamp":"2026-06-13 18:33:01"}
{"level":"info","message":"📁 Switching to CLIENT database: tenant_rbi (Tenant: rbi)","timestamp":"2026-06-13 18:33:01"}
{"level":"info","message":"Orchestrator: No domains found for tenant rbi (excluding those currently scanning).","timestamp":"2026-06-13 18:33:01"}
{"level":"info","message":"📁 Switching to CLIENT database: tenant_sbi (Tenant: sbi)","timestamp":"2026-06-13 18:33:01"}
{"level":"info","message":"Orchestrator: No domains found for tenant sbi (excluding those currently scanning).","timestamp":"2026-06-13 18:33:01"}
{"level":"info","message":"Orchestrator: Master DB connection closed.","timestamp":"2026-06-13 18:33:01"}
{"level":"info","message":"✅ Orchestrator: Finished. Total jobs enqueued: 0","timestamp":"2026-06-13 18:33:01"}
{"level":"info","message":"Job repeat:c10eea93bf68cc56fd5c63b351df3d32:1781355780000 (Orchestrator) completed successfully.","timestamp":"2026-06-13 18:33:01"}
{"level":"info","message":"[Job repeat:c10eea93bf68cc56fd5c63b351df3d32:1781355840000] 🚀 Executing scheduled global orchestration...","timestamp":"2026-06-13 18:34:00"}
{"level":"info","message":"Orchestrator: Starting global scan orchestration... ","timestamp":"2026-06-13 18:34:00"}
{"level":"info","message":"🔗 Connecting to MASTER database: master","timestamp":"2026-06-13 18:34:00"}
{"level":"info","message":"Orchestrator: Found 2 tenants to process.","timestamp":"2026-06-13 18:34:01"}
{"level":"info","message":"📁 Switching to CLIENT database: tenant_rbi (Tenant: rbi)","timestamp":"2026-06-13 18:34:01"}
{"level":"info","message":"Orchestrator: No domains found for tenant rbi (excluding those currently scanning).","timestamp":"2026-06-13 18:34:01"}
{"level":"info","message":"📁 Switching to CLIENT database: tenant_sbi (Tenant: sbi)","timestamp":"2026-06-13 18:34:01"}
{"level":"info","message":"Orchestrator: No domains found for tenant sbi (excluding those currently scanning).","timestamp":"2026-06-13 18:34:01"}
{"level":"info","message":"Orchestrator: Master DB connection closed.","timestamp":"2026-06-13 18:34:01"}
{"level":"info","message":"✅ Orchestrator: Finished. Total jobs enqueued: 0","timestamp":"2026-06-13 18:34:01"}
{"level":"info","message":"Job repeat:c10eea93bf68cc56fd5c63b351df3d32:1781355840000 (Orchestrator) completed successfully.","timestamp":"2026-06-13 18:34:01"}
{"level":"info","message":"[Job repeat:c10eea93bf68cc56fd5c63b351df3d32:1781355900000] 🚀 Executing scheduled global orchestration...","timestamp":"2026-06-13 18:35:00"}
{"level":"info","message":"Orchestrator: Starting global scan orchestration... ","timestamp":"2026-06-13 18:35:00"}
{"level":"info","message":"🔗 Connecting to MASTER database: master","timestamp":"2026-06-13 18:35:00"}
{"level":"info","message":"Orchestrator: Found 2 tenants to process.","timestamp":"2026-06-13 18:35:00"}
{"level":"info","message":"📁 Switching to CLIENT database: tenant_rbi (Tenant: rbi)","timestamp":"2026-06-13 18:35:00"}
{"level":"info","message":"Orchestrator: No domains found for tenant rbi (excluding those currently scanning).","timestamp":"2026-06-13 18:35:00"}
{"level":"info","message":"📁 Switching to CLIENT database: tenant_sbi (Tenant: sbi)","timestamp":"2026-06-13 18:35:00"}
{"level":"info","message":"Orchestrator: No domains found for tenant sbi (excluding those currently scanning).","timestamp":"2026-06-13 18:35:00"}
{"level":"info","message":"Orchestrator: Master DB connection closed.","timestamp":"2026-06-13 18:35:00"}
{"level":"info","message":"✅ Orchestrator: Finished. Total jobs enqueued: 0","timestamp":"2026-06-13 18:35:00"}
{"level":"info","message":"Job repeat:c10eea93bf68cc56fd5c63b351df3d32:1781355900000 (Orchestrator) completed successfully.","timestamp":"2026-06-13 18:35:00"}
{"level":"info","message":"[Job 254] 🔍 Starting scan for: https://omunim.com/","timestamp":"2026-06-13 18:35:34"}
{"level":"info","message":"[https://omunim.com/] Checking domain status for ID: 69fed1b9ce195e92e93ad3ad. Found: true, Deleted: false, Archived: false, Status: active","timestamp":"2026-06-13 18:35:34"}
{"level":"info","message":"🔍 [Crawl] Queue: 0 | Visited: 1 | Scanning: https://omunim.com/","timestamp":"2026-06-13 18:35:36"}
{"level":"info","message":"🔍 [Domain: omunim.com] [Page 1/4] Scanning: https://omunim.com/","timestamp":"2026-06-13 18:35:36"}
{"level":"info","message":"🔍 [Scraper] HTML length: 77167 | Body length: 20046 | Total <a> tags: 65","timestamp":"2026-06-13 18:35:55"}
{"level":"info","message":"🔗 [Link Extraction] Page: https://omunim.com/ | hostNorm: omunim.com | Found 65 total links (21 internal)","timestamp":"2026-06-13 18:35:55"}
{"level":"info","message":"✅ [Late Detection] Found T&C at https://omunim.com/terms","timestamp":"2026-06-13 18:35:55"}
{"level":"info","message":"[Job repeat:c10eea93bf68cc56fd5c63b351df3d32:1781355960000] 🚀 Executing scheduled global orchestration...","timestamp":"2026-06-13 18:36:00"}
{"level":"info","message":"Orchestrator: Starting global scan orchestration... ","timestamp":"2026-06-13 18:36:00"}
{"level":"info","message":"🔗 Connecting to MASTER database: master","timestamp":"2026-06-13 18:36:00"}
{"level":"info","message":"Orchestrator: Found 2 tenants to process.","timestamp":"2026-06-13 18:36:01"}
{"level":"info","message":"📁 Switching to CLIENT database: tenant_rbi (Tenant: rbi)","timestamp":"2026-06-13 18:36:01"}
{"level":"info","message":"Orchestrator: No domains found for tenant rbi (excluding those currently scanning).","timestamp":"2026-06-13 18:36:01"}
{"level":"info","message":"📁 Switching to CLIENT database: tenant_sbi (Tenant: sbi)","timestamp":"2026-06-13 18:36:01"}
{"level":"info","message":"Orchestrator: No domains found for tenant sbi (excluding those currently scanning).","timestamp":"2026-06-13 18:36:01"}
{"level":"info","message":"Orchestrator: Master DB connection closed.","timestamp":"2026-06-13 18:36:01"}
{"level":"info","message":"✅ Orchestrator: Finished. Total jobs enqueued: 0","timestamp":"2026-06-13 18:36:01"}
{"level":"info","message":"Job repeat:c10eea93bf68cc56fd5c63b351df3d32:1781355960000 (Orchestrator) completed successfully.","timestamp":"2026-06-13 18:36:01"}
{"level":"info","message":"🚀 [PageSpeed API] Fetching metrics for https://omunim.com/...","timestamp":"2026-06-13 18:36:06"}
{"level":"info","message":"✅ [PageSpeed API] Score for https://omunim.com/: 45","timestamp":"2026-06-13 18:36:37"}
{"level":"info","message":"📊 [Lighthouse] Results for https://omunim.com/: Performance: 45, SEO: 92, Accessibility: 78","timestamp":"2026-06-13 18:36:37"}
{"level":"info","message":"🔍 [Domain: omunim.com] [Page 1/4] Found 21 internal links on https://omunim.com/","timestamp":"2026-06-13 18:36:37"}
{"level":"info","message":"➕ [Queue] Adding: https://omunim.com/jewellery-software (targetHost: omunim.com, hostNorm: omunim.com)","timestamp":"2026-06-13 18:36:37"}
{"level":"info","message":"➕ [Queue] Adding: https://omunim.com/signin (targetHost: omunim.com, hostNorm: omunim.com)","timestamp":"2026-06-13 18:36:37"}
{"level":"info","message":"➕ [Queue] Adding: https://omunim.com/jewellery-billing-software (targetHost: omunim.com, hostNorm: omunim.com)","timestamp":"2026-06-13 18:36:37"}
{"level":"info","message":"➕ [Queue] Adding: https://omunim.com/gold-loan-software (targetHost: omunim.com, hostNorm: omunim.com)","timestamp":"2026-06-13 18:36:37"}
{"level":"info","message":"➕ [Queue] Adding: https://omunim.com/jewellery-mobile-app (targetHost: omunim.com, hostNorm: omunim.com)","timestamp":"2026-06-13 18:36:37"}
{"level":"info","message":"➕ [Queue] Adding: https://omunim.com/ecommerce (targetHost: omunim.com, hostNorm: omunim.com)","timestamp":"2026-06-13 18:36:37"}
{"level":"info","message":"➕ [Queue] Adding: https://omunim.com/jewellery-videos (targetHost: omunim.com, hostNorm: omunim.com)","timestamp":"2026-06-13 18:36:37"}
{"level":"info","message":"➕ [Queue] Adding: https://omunim.com/all-features (targetHost: omunim.com, hostNorm: omunim.com)","timestamp":"2026-06-13 18:36:37"}
{"level":"info","message":"➕ [Queue] Adding: https://omunim.com/jewellery-billing-software-free (targetHost: omunim.com, hostNorm: omunim.com)","timestamp":"2026-06-13 18:36:37"}
{"level":"info","message":"➕ [Queue] Adding: https://omunim.com/best-jewellery-software (targetHost: omunim.com, hostNorm: omunim.com)","timestamp":"2026-06-13 18:36:37"}
{"level":"info","message":"➕ [Queue] Adding: https://omunim.com/top-10-jewellery-software (targetHost: omunim.com, hostNorm: omunim.com)","timestamp":"2026-06-13 18:36:37"}
{"level":"info","message":"➕ [Queue] Adding: https://omunim.com/downloads (targetHost: omunim.com, hostNorm: omunim.com)","timestamp":"2026-06-13 18:36:37"}
{"level":"info","message":"➕ [Queue] Adding: https://omunim.com/aboutus (targetHost: omunim.com, hostNorm: omunim.com)","timestamp":"2026-06-13 18:36:37"}
{"level":"info","message":"➕ [Queue] Adding: https://omunim.com/contactus (targetHost: omunim.com, hostNorm: omunim.com)","timestamp":"2026-06-13 18:36:37"}
{"level":"info","message":"➕ [Queue] Adding: https://omunim.com/career (targetHost: omunim.com, hostNorm: omunim.com)","timestamp":"2026-06-13 18:36:37"}
{"level":"info","message":"➕ [Queue] Adding: https://omunim.com/faq (targetHost: omunim.com, hostNorm: omunim.com)","timestamp":"2026-06-13 18:36:37"}
{"level":"info","message":"➕ [Queue] Adding: https://omunim.com/feedback (targetHost: omunim.com, hostNorm: omunim.com)","timestamp":"2026-06-13 18:36:37"}
{"level":"info","message":"➕ [Queue] Adding: https://omunim.com/terms (targetHost: omunim.com, hostNorm: omunim.com)","timestamp":"2026-06-13 18:36:37"}
{"level":"info","message":"➕ [Queue] Adding: https://omunim.com/privacypolicy (targetHost: omunim.com, hostNorm: omunim.com)","timestamp":"2026-06-13 18:36:37"}
{"level":"info","message":"➕ [Queue] Adding: https://omunim.com/site-map (targetHost: omunim.com, hostNorm: omunim.com)","timestamp":"2026-06-13 18:36:37"}
{"level":"info","message":"🔍 [Crawl] Queue: 19 | Visited: 2 | Scanning: https://omunim.com/jewellery-software","timestamp":"2026-06-13 18:36:37"}
{"level":"info","message":"🔍 [Domain: omunim.com] [Page 2/4] Scanning: https://omunim.com/jewellery-software","timestamp":"2026-06-13 18:36:37"}
{"level":"info","message":"🔍 [Scraper] HTML length: 77185 | Body length: 20046 | Total <a> tags: 65","timestamp":"2026-06-13 18:36:42"}
{"level":"info","message":"🔗 [Link Extraction] Page: https://omunim.com/jewellery-software | hostNorm: omunim.com | Found 65 total links (21 internal)","timestamp":"2026-06-13 18:36:42"}
{"level":"info","message":"🚀 [PageSpeed API] Fetching metrics for https://omunim.com/jewellery-software...","timestamp":"2026-06-13 18:36:50"}
{"level":"info","message":"[Job repeat:c10eea93bf68cc56fd5c63b351df3d32:1781356020000] 🚀 Executing scheduled global orchestration...","timestamp":"2026-06-13 18:37:00"}
{"level":"info","message":"Orchestrator: Starting global scan orchestration... ","timestamp":"2026-06-13 18:37:00"}
{"level":"info","message":"🔗 Connecting to MASTER database: master","timestamp":"2026-06-13 18:37:00"}
{"level":"info","message":"Orchestrator: Found 2 tenants to process.","timestamp":"2026-06-13 18:37:00"}
{"level":"info","message":"📁 Switching to CLIENT database: tenant_rbi (Tenant: rbi)","timestamp":"2026-06-13 18:37:00"}
{"level":"info","message":"Orchestrator: No domains found for tenant rbi (excluding those currently scanning).","timestamp":"2026-06-13 18:37:00"}
{"level":"info","message":"📁 Switching to CLIENT database: tenant_sbi (Tenant: sbi)","timestamp":"2026-06-13 18:37:00"}
{"level":"info","message":"Orchestrator: No domains found for tenant sbi (excluding those currently scanning).","timestamp":"2026-06-13 18:37:00"}
{"level":"info","message":"Orchestrator: Master DB connection closed.","timestamp":"2026-06-13 18:37:00"}
{"level":"info","message":"✅ Orchestrator: Finished. Total jobs enqueued: 0","timestamp":"2026-06-13 18:37:00"}
{"level":"info","message":"Job repeat:c10eea93bf68cc56fd5c63b351df3d32:1781356020000 (Orchestrator) completed successfully.","timestamp":"2026-06-13 18:37:00"}
{"level":"info","message":"✅ [PageSpeed API] Score for https://omunim.com/jewellery-software: 67","timestamp":"2026-06-13 18:37:14"}
{"level":"info","message":"📊 [Lighthouse] Results for https://omunim.com/jewellery-software: Performance: 67, SEO: 92, Accessibility: 78","timestamp":"2026-06-13 18:37:14"}
{"level":"info","message":"🔍 [Domain: omunim.com] [Page 2/4] Found 21 internal links on https://omunim.com/jewellery-software","timestamp":"2026-06-13 18:37:14"}
{"level":"info","message":"🔍 [Crawl] Queue: 18 | Visited: 3 | Scanning: https://omunim.com/signin","timestamp":"2026-06-13 18:37:14"}
{"level":"info","message":"🔍 [Domain: omunim.com] [Page 3/4] Scanning: https://omunim.com/signin","timestamp":"2026-06-13 18:37:14"}
{"level":"info","message":"🔍 [Scraper] HTML length: 58428 | Body length: 7856 | Total <a> tags: 44","timestamp":"2026-06-13 18:37:19"}
{"level":"info","message":"🔗 [Link Extraction] Page: https://omunim.com/signin | hostNorm: omunim.com | Found 44 total links (18 internal)","timestamp":"2026-06-13 18:37:19"}
{"level":"info","message":"🚀 [PageSpeed API] Fetching metrics for https://omunim.com/signin...","timestamp":"2026-06-13 18:37:26"}
{"level":"info","message":"✅ [PageSpeed API] Score for https://omunim.com/signin: 48","timestamp":"2026-06-13 18:37:43"}
{"level":"info","message":"📊 [Lighthouse] Results for https://omunim.com/signin: Performance: 48, SEO: 92, Accessibility: 87","timestamp":"2026-06-13 18:37:43"}
{"level":"info","message":"🔍 [Domain: omunim.com] [Page 3/4] Found 18 internal links on https://omunim.com/signin","timestamp":"2026-06-13 18:37:44"}
{"level":"info","message":"🔍 [Crawl] Queue: 17 | Visited: 4 | Scanning: https://omunim.com/jewellery-billing-software","timestamp":"2026-06-13 18:37:44"}
{"level":"info","message":"🔍 [Domain: omunim.com] [Page 4/4] Scanning: https://omunim.com/jewellery-billing-software","timestamp":"2026-06-13 18:37:44"}
{"level":"info","message":"[Job repeat:c10eea93bf68cc56fd5c63b351df3d32:1781356080000] 🚀 Executing scheduled global orchestration...","timestamp":"2026-06-13 18:38:00"}
{"level":"info","message":"Orchestrator: Starting global scan orchestration... ","timestamp":"2026-06-13 18:38:00"}
{"level":"info","message":"🔗 Connecting to MASTER database: master","timestamp":"2026-06-13 18:38:00"}
{"level":"info","message":"Orchestrator: Found 2 tenants to process.","timestamp":"2026-06-13 18:38:01"}
{"level":"info","message":"📁 Switching to CLIENT database: tenant_rbi (Tenant: rbi)","timestamp":"2026-06-13 18:38:01"}
{"level":"info","message":"Orchestrator: No domains found for tenant rbi (excluding those currently scanning).","timestamp":"2026-06-13 18:38:01"}
{"level":"info","message":"📁 Switching to CLIENT database: tenant_sbi (Tenant: sbi)","timestamp":"2026-06-13 18:38:01"}
{"level":"info","message":"Orchestrator: No domains found for tenant sbi (excluding those currently scanning).","timestamp":"2026-06-13 18:38:01"}
{"level":"info","message":"Orchestrator: Master DB connection closed.","timestamp":"2026-06-13 18:38:01"}
{"level":"info","message":"✅ Orchestrator: Finished. Total jobs enqueued: 0","timestamp":"2026-06-13 18:38:01"}
{"level":"info","message":"Job repeat:c10eea93bf68cc56fd5c63b351df3d32:1781356080000 (Orchestrator) completed successfully.","timestamp":"2026-06-13 18:38:01"}
{"level":"info","message":"🔍 [Scraper] HTML length: 48441 | Body length: 10525 | Total <a> tags: 48","timestamp":"2026-06-13 18:38:02"}
{"level":"info","message":"🔗 [Link Extraction] Page: https://omunim.com/jewellery-billing-software | hostNorm: omunim.com | Found 48 total links (19 internal)","timestamp":"2026-06-13 18:38:02"}
{"level":"info","message":"🚀 [PageSpeed API] Fetching metrics for https://omunim.com/jewellery-billing-software...","timestamp":"2026-06-13 18:38:10"}
{"level":"info","message":"✅ [PageSpeed API] Score for https://omunim.com/jewellery-billing-software: 60","timestamp":"2026-06-13 18:38:31"}
{"level":"info","message":"📊 [Lighthouse] Results for https://omunim.com/jewellery-billing-software: Performance: 60, SEO: 92, Accessibility: 91","timestamp":"2026-06-13 18:38:31"}
{"level":"info","message":"🔍 [Domain: omunim.com] [Page 4/4] Found 19 internal links on https://omunim.com/jewellery-billing-software","timestamp":"2026-06-13 18:38:31"}
{"level":"info","message":"[https://omunim.com/] Evaluating 1 policies against 4 pages.","timestamp":"2026-06-13 18:38:32"}
{"level":"info","message":"✅ [https://omunim.com/] Saved 4 pages to database tenant_sbi.","timestamp":"2026-06-13 18:38:32"}
{"level":"info","message":"📊 [https://omunim.com/] Domain summary created in tenant_sbi. Final Score: 30","timestamp":"2026-06-13 18:38:32"}
{"level":"info","message":"📋 [omunim.com] Compiling detailed audit data snapshot for jobId: 254-1781355934534...","timestamp":"2026-06-13 18:38:32"}
{"level":"info","message":"💾 [omunim.com] Saved complete Audit details & summary snap to DB for jobId: 254-1781355934534","timestamp":"2026-06-13 18:38:32"}
{"level":"info","message":"📋 [omunim.com] QA scan saved: 4 pages, jobId 254-1781355934534","timestamp":"2026-06-13 18:38:33"}
{"level":"info","message":"♿ [omunim.com] Starting Accessibility scan for 4 pages...","timestamp":"2026-06-13 18:38:33"}
{"level":"info","message":"♿ [omunim.com] Axe-core scanned 4/4","timestamp":"2026-06-13 18:38:43"}
{"level":"info","message":"✅ [omunim.com] Accessibility scan saved: 4 pages, jobId 254-1781355934534","timestamp":"2026-06-13 18:38:45"}
{"level":"info","message":"Job 254 (https://omunim.com/) completed successfully.","timestamp":"2026-06-13 18:38:45"}
{"level":"info","message":"[Job repeat:c10eea93bf68cc56fd5c63b351df3d32:1781356140000] 🚀 Executing scheduled global orchestration...","timestamp":"2026-06-13 18:39:00"}
{"level":"info","message":"Orchestrator: Starting global scan orchestration... ","timestamp":"2026-06-13 18:39:00"}
{"level":"info","message":"🔗 Connecting to MASTER database: master","timestamp":"2026-06-13 18:39:00"}
{"level":"info","message":"Orchestrator: Found 2 tenants to process.","timestamp":"2026-06-13 18:39:01"}
{"level":"info","message":"📁 Switching to CLIENT database: tenant_rbi (Tenant: rbi)","timestamp":"2026-06-13 18:39:01"}
{"level":"info","message":"Orchestrator: No domains found for tenant rbi (excluding those currently scanning).","timestamp":"2026-06-13 18:39:01"}
{"level":"info","message":"📁 Switching to CLIENT database: tenant_sbi (Tenant: sbi)","timestamp":"2026-06-13 18:39:01"}
{"level":"info","message":"Orchestrator: No domains found for tenant sbi (excluding those currently scanning).","timestamp":"2026-06-13 18:39:01"}
{"level":"info","message":"Orchestrator: Master DB connection closed.","timestamp":"2026-06-13 18:39:01"}
{"level":"info","message":"✅ Orchestrator: Finished. Total jobs enqueued: 0","timestamp":"2026-06-13 18:39:01"}
{"level":"info","message":"Job repeat:c10eea93bf68cc56fd5c63b351df3d32:1781356140000 (Orchestrator) completed successfully.","timestamp":"2026-06-13 18:39:01"}
{"level":"info","message":"[Job repeat:c10eea93bf68cc56fd5c63b351df3d32:1781356200000] 🚀 Executing scheduled global orchestration...","timestamp":"2026-06-13 18:40:00"}
{"level":"info","message":"Orchestrator: Starting global scan orchestration... ","timestamp":"2026-06-13 18:40:00"}
{"level":"info","message":"🔗 Connecting to MASTER database: master","timestamp":"2026-06-13 18:40:00"}
{"level":"info","message":"Orchestrator: Found 2 tenants to process.","timestamp":"2026-06-13 18:40:01"}
{"level":"info","message":"📁 Switching to CLIENT database: tenant_rbi (Tenant: rbi)","timestamp":"2026-06-13 18:40:01"}
{"level":"info","message":"Orchestrator: No domains found for tenant rbi (excluding those currently scanning).","timestamp":"2026-06-13 18:40:01"}
{"level":"info","message":"📁 Switching to CLIENT database: tenant_sbi (Tenant: sbi)","timestamp":"2026-06-13 18:40:01"}
{"level":"info","message":"Orchestrator: No domains found for tenant sbi (excluding those currently scanning).","timestamp":"2026-06-13 18:40:01"}
{"level":"info","message":"Orchestrator: Master DB connection closed.","timestamp":"2026-06-13 18:40:01"}
{"level":"info","message":"✅ Orchestrator: Finished. Total jobs enqueued: 0","timestamp":"2026-06-13 18:40:01"}
{"level":"info","message":"Job repeat:c10eea93bf68cc56fd5c63b351df3d32:1781356200000 (Orchestrator) completed successfully.","timestamp":"2026-06-13 18:40:01"}
{"level":"info","message":"[Job repeat:c10eea93bf68cc56fd5c63b351df3d32:1781356260000] 🚀 Executing scheduled global orchestration...","timestamp":"2026-06-13 18:41:00"}
{"level":"info","message":"Orchestrator: Starting global scan orchestration... ","timestamp":"2026-06-13 18:41:00"}
{"level":"info","message":"🔗 Connecting to MASTER database: master","timestamp":"2026-06-13 18:41:00"}
{"level":"info","message":"Orchestrator: Found 2 tenants to process.","timestamp":"2026-06-13 18:41:01"}
{"level":"info","message":"📁 Switching to CLIENT database: tenant_rbi (Tenant: rbi)","timestamp":"2026-06-13 18:41:01"}
{"level":"info","message":"Orchestrator: No domains found for tenant rbi (excluding those currently scanning).","timestamp":"2026-06-13 18:41:01"}
{"level":"info","message":"📁 Switching to CLIENT database: tenant_sbi (Tenant: sbi)","timestamp":"2026-06-13 18:41:01"}
{"level":"info","message":"Orchestrator: No domains found for tenant sbi (excluding those currently scanning).","timestamp":"2026-06-13 18:41:01"}
{"level":"info","message":"Orchestrator: Master DB connection closed.","timestamp":"2026-06-13 18:41:01"}
{"level":"info","message":"✅ Orchestrator: Finished. Total jobs enqueued: 0","timestamp":"2026-06-13 18:41:01"}
{"level":"info","message":"Job repeat:c10eea93bf68cc56fd5c63b351df3d32:1781356260000 (Orchestrator) completed successfully.","timestamp":"2026-06-13 18:41:01"}
{"level":"info","message":"[Job 261] 🔍 Starting scan for: https://jewellmaster.com","timestamp":"2026-06-13 18:41:52"}
{"level":"info","message":"[https://jewellmaster.com] Checking domain status for ID: 6a086772439e555ef5630506. Found: true, Deleted: false, Archived: false, Status: active","timestamp":"2026-06-13 18:41:53"}
{"level":"info","message":"🔍 [Crawl] Queue: 0 | Visited: 1 | Scanning: https://jewellmaster.com/","timestamp":"2026-06-13 18:41:54"}
{"level":"info","message":"🔍 [Domain: jewellmaster.com] [Page 1/10] Scanning: https://jewellmaster.com/","timestamp":"2026-06-13 18:41:54"}
{"level":"info","message":"[Job repeat:c10eea93bf68cc56fd5c63b351df3d32:1781356320000] 🚀 Executing scheduled global orchestration...","timestamp":"2026-06-13 18:42:01"}
{"level":"info","message":"Orchestrator: Starting global scan orchestration... ","timestamp":"2026-06-13 18:42:01"}
{"level":"info","message":"🔗 Connecting to MASTER database: master","timestamp":"2026-06-13 18:42:01"}
{"level":"info","message":"Orchestrator: Found 2 tenants to process.","timestamp":"2026-06-13 18:42:01"}
{"level":"info","message":"📁 Switching to CLIENT database: tenant_rbi (Tenant: rbi)","timestamp":"2026-06-13 18:42:01"}
{"level":"info","message":"Orchestrator: No domains found for tenant rbi (excluding those currently scanning).","timestamp":"2026-06-13 18:42:01"}
{"level":"info","message":"📁 Switching to CLIENT database: tenant_sbi (Tenant: sbi)","timestamp":"2026-06-13 18:42:01"}
{"level":"info","message":"Orchestrator: No domains found for tenant sbi (excluding those currently scanning).","timestamp":"2026-06-13 18:42:01"}
{"level":"info","message":"Orchestrator: Master DB connection closed.","timestamp":"2026-06-13 18:42:01"}
{"level":"info","message":"✅ Orchestrator: Finished. Total jobs enqueued: 0","timestamp":"2026-06-13 18:42:01"}
{"level":"info","message":"Job repeat:c10eea93bf68cc56fd5c63b351df3d32:1781356320000 (Orchestrator) completed successfully.","timestamp":"2026-06-13 18:42:01"}
{"level":"info","message":"🔍 [Scraper] HTML length: 56417 | Body length: 25027 | Total <a> tags: 3","timestamp":"2026-06-13 18:42:13"}
{"level":"info","message":"🔗 [Link Extraction] Page: https://jewellmaster.com/ | hostNorm: jewellmaster.com | Found 3 total links (2 internal)","timestamp":"2026-06-13 18:42:13"}
{"level":"info","message":"🚀 [PageSpeed API] Fetching metrics for https://jewellmaster.com/...","timestamp":"2026-06-13 18:42:15"}
{"level":"info","message":"✅ [PageSpeed API] Score for https://jewellmaster.com/: 71","timestamp":"2026-06-13 18:42:38"}
{"level":"info","message":"📊 [Lighthouse] Results for https://jewellmaster.com/: Performance: 71, SEO: 92, Accessibility: 88","timestamp":"2026-06-13 18:42:38"}
{"level":"info","message":"🔍 [Domain: jewellmaster.com] [Page 1/10] Found 2 internal links on https://jewellmaster.com/","timestamp":"2026-06-13 18:42:38"}
{"level":"info","message":"➕ [Queue] Adding: https://jewellmaster.com/features (targetHost: jewellmaster.com, hostNorm: jewellmaster.com)","timestamp":"2026-06-13 18:42:38"}
{"level":"info","message":"➕ [Queue] Adding: https://jewellmaster.com/demo.html (targetHost: jewellmaster.com, hostNorm: jewellmaster.com)","timestamp":"2026-06-13 18:42:38"}
{"level":"info","message":"🔍 [Crawl] Queue: 1 | Visited: 2 | Scanning: https://jewellmaster.com/features","timestamp":"2026-06-13 18:42:38"}
{"level":"info","message":"🔍 [Domain: jewellmaster.com] [Page 2/10] Scanning: https://jewellmaster.com/features","timestamp":"2026-06-13 18:42:38"}
{"level":"info","message":"🔍 [Scraper] HTML length: 10711 | Body length: 3978 | Total <a> tags: 11","timestamp":"2026-06-13 18:42:42"}
{"level":"info","message":"🔗 [Link Extraction] Page: https://jewellmaster.com/features | hostNorm: jewellmaster.com | Found 11 total links (11 internal)","timestamp":"2026-06-13 18:42:42"}
{"level":"info","message":"🚀 [PageSpeed API] Fetching metrics for https://jewellmaster.com/features...","timestamp":"2026-06-13 18:42:45"}
{"level":"info","message":"[Job repeat:c10eea93bf68cc56fd5c63b351df3d32:1781356380000] 🚀 Executing scheduled global orchestration...","timestamp":"2026-06-13 18:43:00"}
{"level":"info","message":"Orchestrator: Starting global scan orchestration... ","timestamp":"2026-06-13 18:43:00"}
{"level":"info","message":"🔗 Connecting to MASTER database: master","timestamp":"2026-06-13 18:43:00"}
{"level":"info","message":"Orchestrator: Found 2 tenants to process.","timestamp":"2026-06-13 18:43:01"}
{"level":"info","message":"📁 Switching to CLIENT database: tenant_rbi (Tenant: rbi)","timestamp":"2026-06-13 18:43:01"}
{"level":"info","message":"Orchestrator: No domains found for tenant rbi (excluding those currently scanning).","timestamp":"2026-06-13 18:43:01"}
{"level":"info","message":"📁 Switching to CLIENT database: tenant_sbi (Tenant: sbi)","timestamp":"2026-06-13 18:43:01"}
{"level":"info","message":"Orchestrator: No domains found for tenant sbi (excluding those currently scanning).","timestamp":"2026-06-13 18:43:01"}
{"level":"info","message":"Orchestrator: Master DB connection closed.","timestamp":"2026-06-13 18:43:01"}
{"level":"info","message":"✅ Orchestrator: Finished. Total jobs enqueued: 0","timestamp":"2026-06-13 18:43:01"}
{"level":"info","message":"Job repeat:c10eea93bf68cc56fd5c63b351df3d32:1781356380000 (Orchestrator) completed successfully.","timestamp":"2026-06-13 18:43:01"}
{"level":"info","message":"✅ [PageSpeed API] Score for https://jewellmaster.com/features: 90","timestamp":"2026-06-13 18:43:07"}
{"level":"info","message":"📊 [Lighthouse] Results for https://jewellmaster.com/features: Performance: 90, SEO: 92, Accessibility: 100","timestamp":"2026-06-13 18:43:07"}
{"level":"info","message":"🔍 [Domain: jewellmaster.com] [Page 2/10] Found 11 internal links on https://jewellmaster.com/features","timestamp":"2026-06-13 18:43:07"}
{"level":"info","message":"➕ [Queue] Adding: https://jewellmaster.com/features/jewelry-inventory-management (targetHost: jewellmaster.com, hostNorm: jewellmaster.com)","timestamp":"2026-06-13 18:43:07"}
{"level":"info","message":"➕ [Queue] Adding: https://jewellmaster.com/features/gst-billing-invoicing (targetHost: jewellmaster.com, hostNorm: jewellmaster.com)","timestamp":"2026-06-13 18:43:07"}
{"level":"info","message":"➕ [Queue] Adding: https://jewellmaster.com/features/crm-customer-management (targetHost: jewellmaster.com, hostNorm: jewellmaster.com)","timestamp":"2026-06-13 18:43:07"}
{"level":"info","message":"➕ [Queue] Adding: https://jewellmaster.com/features/accounting-financial-management (targetHost: jewellmaster.com, hostNorm: jewellmaster.com)","timestamp":"2026-06-13 18:43:07"}
{"level":"info","message":"➕ [Queue] Adding: https://jewellmaster.com/features/ai-powered-reports (targetHost: jewellmaster.com, hostNorm: jewellmaster.com)","timestamp":"2026-06-13 18:43:07"}
{"level":"info","message":"➕ [Queue] Adding: https://jewellmaster.com/features/multi-branch-management (targetHost: jewellmaster.com, hostNorm: jewellmaster.com)","timestamp":"2026-06-13 18:43:07"}
{"level":"info","message":"➕ [Queue] Adding: https://jewellmaster.com/features/mobile-app (targetHost: jewellmaster.com, hostNorm: jewellmaster.com)","timestamp":"2026-06-13 18:43:07"}
{"level":"info","message":"➕ [Queue] Adding: https://jewellmaster.com/features/integrations (targetHost: jewellmaster.com, hostNorm: jewellmaster.com)","timestamp":"2026-06-13 18:43:07"}
{"level":"info","message":"➕ [Queue] Adding: https://jewellmaster.com/features/security-reliability (targetHost: jewellmaster.com, hostNorm: jewellmaster.com)","timestamp":"2026-06-13 18:43:07"}
{"level":"info","message":"🔍 [Crawl] Queue: 9 | Visited: 3 | Scanning: https://jewellmaster.com/demo.html","timestamp":"2026-06-13 18:43:07"}
{"level":"info","message":"🔍 [Domain: jewellmaster.com] [Page 3/10] Scanning: https://jewellmaster.com/demo.html","timestamp":"2026-06-13 18:43:07"}
{"level":"info","message":"🔍 [Scraper] HTML length: 24659 | Body length: 13539 | Total <a> tags: 3","timestamp":"2026-06-13 18:43:26"}
{"level":"info","message":"🔗 [Link Extraction] Page: https://jewellmaster.com/demo | hostNorm: jewellmaster.com | Found 3 total links (2 internal)","timestamp":"2026-06-13 18:43:26"}
{"level":"info","message":"🚀 [PageSpeed API] Fetching metrics for https://jewellmaster.com/demo...","timestamp":"2026-06-13 18:43:29"}
{"level":"info","message":"✅ [PageSpeed API] Score for https://jewellmaster.com/demo: 86","timestamp":"2026-06-13 18:43:50"}
{"level":"info","message":"📊 [Lighthouse] Results for https://jewellmaster.com/demo: Performance: 86, SEO: 85, Accessibility: 69","timestamp":"2026-06-13 18:43:50"}
{"level":"info","message":"🔍 [Domain: jewellmaster.com] [Page 3/10] Found 2 internal links on https://jewellmaster.com/demo.html","timestamp":"2026-06-13 18:43:50"}
{"level":"info","message":"➕ [Queue] Adding: https://jewellmaster.com/demo (targetHost: jewellmaster.com, hostNorm: jewellmaster.com)","timestamp":"2026-06-13 18:43:50"}
{"level":"info","message":"🔍 [Crawl] Queue: 9 | Visited: 4 | Scanning: https://jewellmaster.com/features/jewelry-inventory-management","timestamp":"2026-06-13 18:43:50"}
{"level":"info","message":"🔍 [Domain: jewellmaster.com] [Page 4/10] Scanning: https://jewellmaster.com/features/jewelry-inventory-management","timestamp":"2026-06-13 18:43:50"}
{"level":"info","message":"🔍 [Scraper] HTML length: 10851 | Body length: 4145 | Total <a> tags: 11","timestamp":"2026-06-13 18:43:54"}
{"level":"info","message":"🔗 [Link Extraction] Page: https://jewellmaster.com/features/jewelry-inventory-management | hostNorm: jewellmaster.com | Found 11 total links (11 internal)","timestamp":"2026-06-13 18:43:54"}
{"level":"info","message":"🚀 [PageSpeed API] Fetching metrics for https://jewellmaster.com/features/jewelry-inventory-management...","timestamp":"2026-06-13 18:43:57"}
{"level":"info","message":"[Job repeat:c10eea93bf68cc56fd5c63b351df3d32:1781356440000] 🚀 Executing scheduled global orchestration...","timestamp":"2026-06-13 18:44:00"}
{"level":"info","message":"Orchestrator: Starting global scan orchestration... ","timestamp":"2026-06-13 18:44:00"}
{"level":"info","message":"🔗 Connecting to MASTER database: master","timestamp":"2026-06-13 18:44:00"}
{"level":"info","message":"Orchestrator: Found 2 tenants to process.","timestamp":"2026-06-13 18:44:01"}
{"level":"info","message":"📁 Switching to CLIENT database: tenant_rbi (Tenant: rbi)","timestamp":"2026-06-13 18:44:01"}
{"level":"info","message":"Orchestrator: No domains found for tenant rbi (excluding those currently scanning).","timestamp":"2026-06-13 18:44:01"}
{"level":"info","message":"📁 Switching to CLIENT database: tenant_sbi (Tenant: sbi)","timestamp":"2026-06-13 18:44:01"}
{"level":"info","message":"Orchestrator: No domains found for tenant sbi (excluding those currently scanning).","timestamp":"2026-06-13 18:44:01"}
{"level":"info","message":"Orchestrator: Master DB connection closed.","timestamp":"2026-06-13 18:44:01"}
{"level":"info","message":"✅ Orchestrator: Finished. Total jobs enqueued: 0","timestamp":"2026-06-13 18:44:01"}
{"level":"info","message":"Job repeat:c10eea93bf68cc56fd5c63b351df3d32:1781356440000 (Orchestrator) completed successfully.","timestamp":"2026-06-13 18:44:01"}
{"level":"info","message":"✅ [PageSpeed API] Score for https://jewellmaster.com/features/jewelry-inventory-management: 90","timestamp":"2026-06-13 18:44:18"}
{"level":"info","message":"📊 [Lighthouse] Results for https://jewellmaster.com/features/jewelry-inventory-management: Performance: 90, SEO: 92, Accessibility: 100","timestamp":"2026-06-13 18:44:18"}
{"level":"info","message":"🔍 [Domain: jewellmaster.com] [Page 4/10] Found 11 internal links on https://jewellmaster.com/features/jewelry-inventory-management","timestamp":"2026-06-13 18:44:18"}
{"level":"info","message":"🔍 [Crawl] Queue: 8 | Visited: 5 | Scanning: https://jewellmaster.com/features/gst-billing-invoicing","timestamp":"2026-06-13 18:44:18"}
{"level":"info","message":"🔍 [Domain: jewellmaster.com] [Page 5/10] Scanning: https://jewellmaster.com/features/gst-billing-invoicing","timestamp":"2026-06-13 18:44:18"}
{"level":"info","message":"🔍 [Scraper] HTML length: 10890 | Body length: 4131 | Total <a> tags: 11","timestamp":"2026-06-13 18:44:22"}
{"level":"info","message":"🔗 [Link Extraction] Page: https://jewellmaster.com/features/gst-billing-invoicing | hostNorm: jewellmaster.com | Found 11 total links (11 internal)","timestamp":"2026-06-13 18:44:22"}
{"level":"info","message":"🚀 [PageSpeed API] Fetching metrics for https://jewellmaster.com/features/gst-billing-invoicing...","timestamp":"2026-06-13 18:44:25"}
{"level":"info","message":"✅ [PageSpeed API] Score for https://jewellmaster.com/features/gst-billing-invoicing: 91","timestamp":"2026-06-13 18:44:46"}
{"level":"info","message":"📊 [Lighthouse] Results for https://jewellmaster.com/features/gst-billing-invoicing: Performance: 91, SEO: 92, Accessibility: 100","timestamp":"2026-06-13 18:44:46"}
{"level":"info","message":"🔍 [Domain: jewellmaster.com] [Page 5/10] Found 11 internal links on https://jewellmaster.com/features/gst-billing-invoicing","timestamp":"2026-06-13 18:44:46"}
{"level":"info","message":"🔍 [Crawl] Queue: 7 | Visited: 6 | Scanning: https://jewellmaster.com/features/crm-customer-management","timestamp":"2026-06-13 18:44:46"}
{"level":"info","message":"🔍 [Domain: jewellmaster.com] [Page 6/10] Scanning: https://jewellmaster.com/features/crm-customer-management","timestamp":"2026-06-13 18:44:46"}
{"level":"info","message":"🔍 [Scraper] HTML length: 10796 | Body length: 4116 | Total <a> tags: 11","timestamp":"2026-06-13 18:44:51"}
{"level":"info","message":"🔗 [Link Extraction] Page: https://jewellmaster.com/features/crm-customer-management | hostNorm: jewellmaster.com | Found 11 total links (11 internal)","timestamp":"2026-06-13 18:44:51"}
{"level":"info","message":"🚀 [PageSpeed API] Fetching metrics for https://jewellmaster.com/features/crm-customer-management...","timestamp":"2026-06-13 18:44:54"}
{"level":"info","message":"[Job repeat:c10eea93bf68cc56fd5c63b351df3d32:1781356500000] 🚀 Executing scheduled global orchestration...","timestamp":"2026-06-13 18:45:00"}
{"level":"info","message":"Orchestrator: Starting global scan orchestration... ","timestamp":"2026-06-13 18:45:00"}
{"level":"info","message":"🔗 Connecting to MASTER database: master","timestamp":"2026-06-13 18:45:00"}
{"level":"info","message":"Orchestrator: Found 2 tenants to process.","timestamp":"2026-06-13 18:45:01"}
{"level":"info","message":"📁 Switching to CLIENT database: tenant_rbi (Tenant: rbi)","timestamp":"2026-06-13 18:45:01"}
{"level":"info","message":"Orchestrator: No domains found for tenant rbi (excluding those currently scanning).","timestamp":"2026-06-13 18:45:01"}
{"level":"info","message":"📁 Switching to CLIENT database: tenant_sbi (Tenant: sbi)","timestamp":"2026-06-13 18:45:01"}
{"level":"info","message":"Orchestrator: No domains found for tenant sbi (excluding those currently scanning).","timestamp":"2026-06-13 18:45:01"}
{"level":"info","message":"Orchestrator: Master DB connection closed.","timestamp":"2026-06-13 18:45:01"}
{"level":"info","message":"✅ Orchestrator: Finished. Total jobs enqueued: 0","timestamp":"2026-06-13 18:45:01"}
{"level":"info","message":"Job repeat:c10eea93bf68cc56fd5c63b351df3d32:1781356500000 (Orchestrator) completed successfully.","timestamp":"2026-06-13 18:45:01"}
{"level":"info","message":"✅ [PageSpeed API] Score for https://jewellmaster.com/features/crm-customer-management: 89","timestamp":"2026-06-13 18:45:15"}
{"level":"info","message":"📊 [Lighthouse] Results for https://jewellmaster.com/features/crm-customer-management: Performance: 89, SEO: 92, Accessibility: 100","timestamp":"2026-06-13 18:45:15"}
{"level":"info","message":"🔍 [Domain: jewellmaster.com] [Page 6/10] Found 11 internal links on https://jewellmaster.com/features/crm-customer-management","timestamp":"2026-06-13 18:45:15"}
{"level":"info","message":"🔍 [Crawl] Queue: 6 | Visited: 7 | Scanning: https://jewellmaster.com/features/accounting-financial-management","timestamp":"2026-06-13 18:45:15"}
{"level":"info","message":"🔍 [Domain: jewellmaster.com] [Page 7/10] Scanning: https://jewellmaster.com/features/accounting-financial-management","timestamp":"2026-06-13 18:45:15"}
{"level":"info","message":"🔍 [Scraper] HTML length: 10878 | Body length: 4176 | Total <a> tags: 11","timestamp":"2026-06-13 18:45:18"}
{"level":"info","message":"🔗 [Link Extraction] Page: https://jewellmaster.com/features/accounting-financial-management | hostNorm: jewellmaster.com | Found 11 total links (11 internal)","timestamp":"2026-06-13 18:45:18"}
{"level":"info","message":"🚀 [PageSpeed API] Fetching metrics for https://jewellmaster.com/features/accounting-financial-management...","timestamp":"2026-06-13 18:45:21"}
{"level":"info","message":"✅ [PageSpeed API] Score for https://jewellmaster.com/features/accounting-financial-management: 90","timestamp":"2026-06-13 18:45:38"}
{"level":"info","message":"📊 [Lighthouse] Results for https://jewellmaster.com/features/accounting-financial-management: Performance: 90, SEO: 92, Accessibility: 100","timestamp":"2026-06-13 18:45:38"}
{"level":"info","message":"🔍 [Domain: jewellmaster.com] [Page 7/10] Found 11 internal links on https://jewellmaster.com/features/accounting-financial-management","timestamp":"2026-06-13 18:45:38"}
{"level":"info","message":"🔍 [Crawl] Queue: 5 | Visited: 8 | Scanning: https://jewellmaster.com/features/ai-powered-reports","timestamp":"2026-06-13 18:45:38"}
{"level":"info","message":"🔍 [Domain: jewellmaster.com] [Page 8/10] Scanning: https://jewellmaster.com/features/ai-powered-reports","timestamp":"2026-06-13 18:45:38"}
{"level":"info","message":"🔍 [Scraper] HTML length: 10800 | Body length: 4124 | Total <a> tags: 11","timestamp":"2026-06-13 18:45:41"}
{"level":"info","message":"🔗 [Link Extraction] Page: https://jewellmaster.com/features/ai-powered-reports | hostNorm: jewellmaster.com | Found 11 total links (11 internal)","timestamp":"2026-06-13 18:45:41"}
{"level":"info","message":"🚀 [PageSpeed API] Fetching metrics for https://jewellmaster.com/features/ai-powered-reports...","timestamp":"2026-06-13 18:45:45"}
{"level":"info","message":"[Job repeat:c10eea93bf68cc56fd5c63b351df3d32:1781356560000] 🚀 Executing scheduled global orchestration...","timestamp":"2026-06-13 18:46:00"}
{"level":"info","message":"Orchestrator: Starting global scan orchestration... ","timestamp":"2026-06-13 18:46:00"}
{"level":"info","message":"🔗 Connecting to MASTER database: master","timestamp":"2026-06-13 18:46:00"}
{"level":"info","message":"Orchestrator: Found 2 tenants to process.","timestamp":"2026-06-13 18:46:00"}
{"level":"info","message":"📁 Switching to CLIENT database: tenant_rbi (Tenant: rbi)","timestamp":"2026-06-13 18:46:00"}
{"level":"info","message":"Orchestrator: No domains found for tenant rbi (excluding those currently scanning).","timestamp":"2026-06-13 18:46:00"}
{"level":"info","message":"📁 Switching to CLIENT database: tenant_sbi (Tenant: sbi)","timestamp":"2026-06-13 18:46:00"}
{"level":"info","message":"Orchestrator: No domains found for tenant sbi (excluding those currently scanning).","timestamp":"2026-06-13 18:46:00"}
{"level":"info","message":"Orchestrator: Master DB connection closed.","timestamp":"2026-06-13 18:46:00"}
{"level":"info","message":"✅ Orchestrator: Finished. Total jobs enqueued: 0","timestamp":"2026-06-13 18:46:00"}
{"level":"info","message":"Job repeat:c10eea93bf68cc56fd5c63b351df3d32:1781356560000 (Orchestrator) completed successfully.","timestamp":"2026-06-13 18:46:00"}
{"level":"info","message":"✅ [PageSpeed API] Score for https://jewellmaster.com/features/ai-powered-reports: 90","timestamp":"2026-06-13 18:46:05"}
{"level":"info","message":"📊 [Lighthouse] Results for https://jewellmaster.com/features/ai-powered-reports: Performance: 90, SEO: 92, Accessibility: 100","timestamp":"2026-06-13 18:46:05"}
{"level":"info","message":"🔍 [Domain: jewellmaster.com] [Page 8/10] Found 11 internal links on https://jewellmaster.com/features/ai-powered-reports","timestamp":"2026-06-13 18:46:05"}
{"level":"info","message":"🔍 [Crawl] Queue: 4 | Visited: 9 | Scanning: https://jewellmaster.com/features/multi-branch-management","timestamp":"2026-06-13 18:46:05"}
{"level":"info","message":"🔍 [Domain: jewellmaster.com] [Page 9/10] Scanning: https://jewellmaster.com/features/multi-branch-management","timestamp":"2026-06-13 18:46:05"}
{"level":"info","message":"🔍 [Scraper] HTML length: 10798 | Body length: 4111 | Total <a> tags: 11","timestamp":"2026-06-13 18:46:09"}
{"level":"info","message":"🔗 [Link Extraction] Page: https://jewellmaster.com/features/multi-branch-management | hostNorm: jewellmaster.com | Found 11 total links (11 internal)","timestamp":"2026-06-13 18:46:09"}
{"level":"info","message":"🚀 [PageSpeed API] Fetching metrics for https://jewellmaster.com/features/multi-branch-management...","timestamp":"2026-06-13 18:46:12"}
{"level":"info","message":"✅ [PageSpeed API] Score for https://jewellmaster.com/features/multi-branch-management: 92","timestamp":"2026-06-13 18:46:34"}
{"level":"info","message":"📊 [Lighthouse] Results for https://jewellmaster.com/features/multi-branch-management: Performance: 92, SEO: 92, Accessibility: 100","timestamp":"2026-06-13 18:46:34"}
{"level":"info","message":"🔍 [Domain: jewellmaster.com] [Page 9/10] Found 11 internal links on https://jewellmaster.com/features/multi-branch-management","timestamp":"2026-06-13 18:46:34"}
{"level":"info","message":"🔍 [Crawl] Queue: 3 | Visited: 10 | Scanning: https://jewellmaster.com/features/mobile-app","timestamp":"2026-06-13 18:46:34"}
{"level":"info","message":"🔍 [Domain: jewellmaster.com] [Page 10/10] Scanning: https://jewellmaster.com/features/mobile-app","timestamp":"2026-06-13 18:46:34"}
{"level":"info","message":"🔍 [Scraper] HTML length: 10784 | Body length: 4099 | Total <a> tags: 11","timestamp":"2026-06-13 18:46:37"}
{"level":"info","message":"🔗 [Link Extraction] Page: https://jewellmaster.com/features/mobile-app | hostNorm: jewellmaster.com | Found 11 total links (11 internal)","timestamp":"2026-06-13 18:46:37"}
{"level":"info","message":"🚀 [PageSpeed API] Fetching metrics for https://jewellmaster.com/features/mobile-app...","timestamp":"2026-06-13 18:46:40"}
{"level":"info","message":"✅ [PageSpeed API] Score for https://jewellmaster.com/features/mobile-app: 90","timestamp":"2026-06-13 18:46:59"}
{"level":"info","message":"📊 [Lighthouse] Results for https://jewellmaster.com/features/mobile-app: Performance: 90, SEO: 92, Accessibility: 100","timestamp":"2026-06-13 18:46:59"}
{"level":"info","message":"🔍 [Domain: jewellmaster.com] [Page 10/10] Found 11 internal links on https://jewellmaster.com/features/mobile-app","timestamp":"2026-06-13 18:46:59"}
{"level":"info","message":"[Job repeat:c10eea93bf68cc56fd5c63b351df3d32:1781356620000] 🚀 Executing scheduled global orchestration...","timestamp":"2026-06-13 18:47:00"}
{"level":"info","message":"Orchestrator: Starting global scan orchestration... ","timestamp":"2026-06-13 18:47:00"}
{"level":"info","message":"🔗 Connecting to MASTER database: master","timestamp":"2026-06-13 18:47:00"}
{"level":"info","message":"✅ [https://jewellmaster.com] Saved 10 pages to database tenant_sbi.","timestamp":"2026-06-13 18:47:00"}
{"level":"info","message":"📊 [https://jewellmaster.com] Domain summary created in tenant_sbi. Final Score: 33","timestamp":"2026-06-13 18:47:00"}
{"level":"info","message":"📋 [jewellmaster.com] Compiling detailed audit data snapshot for jobId: 261-1781356312991...","timestamp":"2026-06-13 18:47:00"}
{"level":"info","message":"💾 [jewellmaster.com] Saved complete Audit details & summary snap to DB for jobId: 261-1781356312991","timestamp":"2026-06-13 18:47:00"}
{"level":"info","message":"📋 [jewellmaster.com] QA scan saved: 10 pages, jobId 261-1781356312991","timestamp":"2026-06-13 18:47:00"}
{"level":"info","message":"♿ [jewellmaster.com] Starting Accessibility scan for 10 pages...","timestamp":"2026-06-13 18:47:00"}
{"level":"info","message":"Orchestrator: Found 2 tenants to process.","timestamp":"2026-06-13 18:47:01"}
{"level":"info","message":"📁 Switching to CLIENT database: tenant_rbi (Tenant: rbi)","timestamp":"2026-06-13 18:47:01"}
{"level":"info","message":"Orchestrator: No domains found for tenant rbi (excluding those currently scanning).","timestamp":"2026-06-13 18:47:01"}
{"level":"info","message":"📁 Switching to CLIENT database: tenant_sbi (Tenant: sbi)","timestamp":"2026-06-13 18:47:01"}
{"level":"info","message":"Orchestrator: No domains found for tenant sbi (excluding those currently scanning).","timestamp":"2026-06-13 18:47:01"}
{"level":"info","message":"Orchestrator: Master DB connection closed.","timestamp":"2026-06-13 18:47:01"}
{"level":"info","message":"✅ Orchestrator: Finished. Total jobs enqueued: 0","timestamp":"2026-06-13 18:47:01"}
{"level":"info","message":"Job repeat:c10eea93bf68cc56fd5c63b351df3d32:1781356620000 (Orchestrator) completed successfully.","timestamp":"2026-06-13 18:47:01"}
{"level":"info","message":"♿ [jewellmaster.com] Axe-core scanned 5/10","timestamp":"2026-06-13 18:47:08"}
{"level":"info","message":"♿ [jewellmaster.com] Axe-core scanned 10/10","timestamp":"2026-06-13 18:47:13"}
{"level":"info","message":"✅ [jewellmaster.com] Accessibility scan saved: 10 pages, jobId 261-1781356312991","timestamp":"2026-06-13 18:47:14"}
{"level":"info","message":"Job 261 (https://jewellmaster.com) completed successfully.","timestamp":"2026-06-13 18:47:14"}
{"level":"info","message":"[Job repeat:c10eea93bf68cc56fd5c63b351df3d32:1781356680000] 🚀 Executing scheduled global orchestration...","timestamp":"2026-06-13 18:48:00"}
{"level":"info","message":"Orchestrator: Starting global scan orchestration... ","timestamp":"2026-06-13 18:48:00"}
{"level":"info","message":"🔗 Connecting to MASTER database: master","timestamp":"2026-06-13 18:48:00"}
{"level":"info","message":"Orchestrator: Found 2 tenants to process.","timestamp":"2026-06-13 18:48:01"}
{"level":"info","message":"📁 Switching to CLIENT database: tenant_rbi (Tenant: rbi)","timestamp":"2026-06-13 18:48:01"}
{"level":"info","message":"Orchestrator: No domains found for tenant rbi (excluding those currently scanning).","timestamp":"2026-06-13 18:48:01"}
{"level":"info","message":"📁 Switching to CLIENT database: tenant_sbi (Tenant: sbi)","timestamp":"2026-06-13 18:48:01"}
{"level":"info","message":"Orchestrator: No domains found for tenant sbi (excluding those currently scanning).","timestamp":"2026-06-13 18:48:01"}
{"level":"info","message":"Orchestrator: Master DB connection closed.","timestamp":"2026-06-13 18:48:01"}
{"level":"info","message":"✅ Orchestrator: Finished. Total jobs enqueued: 0","timestamp":"2026-06-13 18:48:01"}
{"level":"info","message":"Job repeat:c10eea93bf68cc56fd5c63b351df3d32:1781356680000 (Orchestrator) completed successfully.","timestamp":"2026-06-13 18:48:01"}
{"level":"info","message":"[Job repeat:c10eea93bf68cc56fd5c63b351df3d32:1781356740000] 🚀 Executing scheduled global orchestration...","timestamp":"2026-06-13 18:49:00"}
{"level":"info","message":"Orchestrator: Starting global scan orchestration... ","timestamp":"2026-06-13 18:49:00"}
{"level":"info","message":"🔗 Connecting to MASTER database: master","timestamp":"2026-06-13 18:49:00"}
{"level":"info","message":"Orchestrator: Found 2 tenants to process.","timestamp":"2026-06-13 18:49:00"}
{"level":"info","message":"📁 Switching to CLIENT database: tenant_rbi (Tenant: rbi)","timestamp":"2026-06-13 18:49:00"}
{"level":"info","message":"Orchestrator: No domains found for tenant rbi (excluding those currently scanning).","timestamp":"2026-06-13 18:49:00"}
{"level":"info","message":"📁 Switching to CLIENT database: tenant_sbi (Tenant: sbi)","timestamp":"2026-06-13 18:49:00"}
{"level":"info","message":"Orchestrator: No domains found for tenant sbi (excluding those currently scanning).","timestamp":"2026-06-13 18:49:00"}
{"level":"info","message":"Orchestrator: Master DB connection closed.","timestamp":"2026-06-13 18:49:00"}
{"level":"info","message":"✅ Orchestrator: Finished. Total jobs enqueued: 0","timestamp":"2026-06-13 18:49:00"}
{"level":"info","message":"Job repeat:c10eea93bf68cc56fd5c63b351df3d32:1781356740000 (Orchestrator) completed successfully.","timestamp":"2026-06-13 18:49:00"}
{"level":"info","message":"[Job repeat:c10eea93bf68cc56fd5c63b351df3d32:1781356800000] 🚀 Executing scheduled global orchestration...","timestamp":"2026-06-13 18:50:00"}
{"level":"info","message":"Orchestrator: Starting global scan orchestration... ","timestamp":"2026-06-13 18:50:00"}
{"level":"info","message":"🔗 Connecting to MASTER database: master","timestamp":"2026-06-13 18:50:00"}
{"level":"info","message":"Orchestrator: Found 2 tenants to process.","timestamp":"2026-06-13 18:50:01"}
{"level":"info","message":"📁 Switching to CLIENT database: tenant_rbi (Tenant: rbi)","timestamp":"2026-06-13 18:50:01"}
{"level":"info","message":"Orchestrator: No domains found for tenant rbi (excluding those currently scanning).","timestamp":"2026-06-13 18:50:01"}
{"level":"info","message":"📁 Switching to CLIENT database: tenant_sbi (Tenant: sbi)","timestamp":"2026-06-13 18:50:01"}
{"level":"info","message":"Orchestrator: No domains found for tenant sbi (excluding those currently scanning).","timestamp":"2026-06-13 18:50:01"}
{"level":"info","message":"Orchestrator: Master DB connection closed.","timestamp":"2026-06-13 18:50:01"}
{"level":"info","message":"✅ Orchestrator: Finished. Total jobs enqueued: 0","timestamp":"2026-06-13 18:50:01"}
{"level":"info","message":"Job repeat:c10eea93bf68cc56fd5c63b351df3d32:1781356800000 (Orchestrator) completed successfully.","timestamp":"2026-06-13 18:50:01"}
{"level":"info","message":"[Job repeat:c10eea93bf68cc56fd5c63b351df3d32:1781356860000] 🚀 Executing scheduled global orchestration...","timestamp":"2026-06-13 18:51:00"}
{"level":"info","message":"Orchestrator: Starting global scan orchestration... ","timestamp":"2026-06-13 18:51:00"}
{"level":"info","message":"🔗 Connecting to MASTER database: master","timestamp":"2026-06-13 18:51:00"}
{"level":"info","message":"Orchestrator: Found 2 tenants to process.","timestamp":"2026-06-13 18:51:01"}
{"level":"info","message":"📁 Switching to CLIENT database: tenant_rbi (Tenant: rbi)","timestamp":"2026-06-13 18:51:01"}
{"level":"info","message":"Orchestrator: No domains found for tenant rbi (excluding those currently scanning).","timestamp":"2026-06-13 18:51:01"}
{"level":"info","message":"📁 Switching to CLIENT database: tenant_sbi (Tenant: sbi)","timestamp":"2026-06-13 18:51:01"}
{"level":"info","message":"Orchestrator: No domains found for tenant sbi (excluding those currently scanning).","timestamp":"2026-06-13 18:51:01"}
{"level":"info","message":"Orchestrator: Master DB connection closed.","timestamp":"2026-06-13 18:51:01"}
{"level":"info","message":"✅ Orchestrator: Finished. Total jobs enqueued: 0","timestamp":"2026-06-13 18:51:01"}
{"level":"info","message":"Job repeat:c10eea93bf68cc56fd5c63b351df3d32:1781356860000 (Orchestrator) completed successfully.","timestamp":"2026-06-13 18:51:01"}
{"level":"info","message":"[Job repeat:c10eea93bf68cc56fd5c63b351df3d32:1781356920000] 🚀 Executing scheduled global orchestration...","timestamp":"2026-06-13 18:52:00"}
{"level":"info","message":"Orchestrator: Starting global scan orchestration... ","timestamp":"2026-06-13 18:52:00"}
{"level":"info","message":"🔗 Connecting to MASTER database: master","timestamp":"2026-06-13 18:52:00"}
{"level":"info","message":"Orchestrator: Found 2 tenants to process.","timestamp":"2026-06-13 18:52:00"}
{"level":"info","message":"📁 Switching to CLIENT database: tenant_rbi (Tenant: rbi)","timestamp":"2026-06-13 18:52:00"}
{"level":"info","message":"Orchestrator: No domains found for tenant rbi (excluding those currently scanning).","timestamp":"2026-06-13 18:52:00"}
{"level":"info","message":"📁 Switching to CLIENT database: tenant_sbi (Tenant: sbi)","timestamp":"2026-06-13 18:52:00"}
{"level":"info","message":"Orchestrator: No domains found for tenant sbi (excluding those currently scanning).","timestamp":"2026-06-13 18:52:00"}
{"level":"info","message":"Orchestrator: Master DB connection closed.","timestamp":"2026-06-13 18:52:00"}
{"level":"info","message":"✅ Orchestrator: Finished. Total jobs enqueued: 0","timestamp":"2026-06-13 18:52:00"}
{"level":"info","message":"Job repeat:c10eea93bf68cc56fd5c63b351df3d32:1781356920000 (Orchestrator) completed successfully.","timestamp":"2026-06-13 18:52:00"}
{"level":"info","message":"[Job repeat:c10eea93bf68cc56fd5c63b351df3d32:1781356980000] 🚀 Executing scheduled global orchestration...","timestamp":"2026-06-13 18:53:00"}
{"level":"info","message":"Orchestrator: Starting global scan orchestration... ","timestamp":"2026-06-13 18:53:00"}
{"level":"info","message":"🔗 Connecting to MASTER database: master","timestamp":"2026-06-13 18:53:00"}
{"level":"info","message":"Orchestrator: Found 2 tenants to process.","timestamp":"2026-06-13 18:53:00"}
{"level":"info","message":"📁 Switching to CLIENT database: tenant_rbi (Tenant: rbi)","timestamp":"2026-06-13 18:53:00"}
{"level":"info","message":"Orchestrator: No domains found for tenant rbi (excluding those currently scanning).","timestamp":"2026-06-13 18:53:00"}
{"level":"info","message":"📁 Switching to CLIENT database: tenant_sbi (Tenant: sbi)","timestamp":"2026-06-13 18:53:00"}
{"level":"info","message":"Orchestrator: No domains found for tenant sbi (excluding those currently scanning).","timestamp":"2026-06-13 18:53:01"}
{"level":"info","message":"Orchestrator: Master DB connection closed.","timestamp":"2026-06-13 18:53:01"}
{"level":"info","message":"✅ Orchestrator: Finished. Total jobs enqueued: 0","timestamp":"2026-06-13 18:53:01"}
{"level":"info","message":"Job repeat:c10eea93bf68cc56fd5c63b351df3d32:1781356980000 (Orchestrator) completed successfully.","timestamp":"2026-06-13 18:53:01"}
{"level":"info","message":"[Job repeat:c10eea93bf68cc56fd5c63b351df3d32:1781357040000] 🚀 Executing scheduled global orchestration...","timestamp":"2026-06-13 18:54:00"}
{"level":"info","message":"Orchestrator: Starting global scan orchestration... ","timestamp":"2026-06-13 18:54:00"}
{"level":"info","message":"🔗 Connecting to MASTER database: master","timestamp":"2026-06-13 18:54:00"}
{"level":"info","message":"Orchestrator: Found 2 tenants to process.","timestamp":"2026-06-13 18:54:01"}
{"level":"info","message":"📁 Switching to CLIENT database: tenant_rbi (Tenant: rbi)","timestamp":"2026-06-13 18:54:01"}
{"level":"info","message":"Orchestrator: No domains found for tenant rbi (excluding those currently scanning).","timestamp":"2026-06-13 18:54:01"}
{"level":"info","message":"📁 Switching to CLIENT database: tenant_sbi (Tenant: sbi)","timestamp":"2026-06-13 18:54:01"}
{"level":"info","message":"Orchestrator: No domains found for tenant sbi (excluding those currently scanning).","timestamp":"2026-06-13 18:54:01"}
{"level":"info","message":"Orchestrator: Master DB connection closed.","timestamp":"2026-06-13 18:54:01"}
{"level":"info","message":"✅ Orchestrator: Finished. Total jobs enqueued: 0","timestamp":"2026-06-13 18:54:01"}
{"level":"info","message":"Job repeat:c10eea93bf68cc56fd5c63b351df3d32:1781357040000 (Orchestrator) completed successfully.","timestamp":"2026-06-13 18:54:01"}
{"level":"info","message":"[Job repeat:c10eea93bf68cc56fd5c63b351df3d32:1781357100000] 🚀 Executing scheduled global orchestration...","timestamp":"2026-06-13 18:55:00"}
{"level":"info","message":"Orchestrator: Starting global scan orchestration... ","timestamp":"2026-06-13 18:55:00"}
{"level":"info","message":"🔗 Connecting to MASTER database: master","timestamp":"2026-06-13 18:55:00"}
{"level":"info","message":"Orchestrator: Found 2 tenants to process.","timestamp":"2026-06-13 18:55:01"}
{"level":"info","message":"📁 Switching to CLIENT database: tenant_rbi (Tenant: rbi)","timestamp":"2026-06-13 18:55:01"}
{"level":"info","message":"Orchestrator: No domains found for tenant rbi (excluding those currently scanning).","timestamp":"2026-06-13 18:55:01"}
{"level":"info","message":"📁 Switching to CLIENT database: tenant_sbi (Tenant: sbi)","timestamp":"2026-06-13 18:55:01"}
{"level":"info","message":"Orchestrator: No domains found for tenant sbi (excluding those currently scanning).","timestamp":"2026-06-13 18:55:01"}
{"level":"info","message":"Orchestrator: Master DB connection closed.","timestamp":"2026-06-13 18:55:01"}
{"level":"info","message":"✅ Orchestrator: Finished. Total jobs enqueued: 0","timestamp":"2026-06-13 18:55:01"}
{"level":"info","message":"Job repeat:c10eea93bf68cc56fd5c63b351df3d32:1781357100000 (Orchestrator) completed successfully.","timestamp":"2026-06-13 18:55:01"}
{"level":"info","message":"[Job repeat:c10eea93bf68cc56fd5c63b351df3d32:1781357160000] 🚀 Executing scheduled global orchestration...","timestamp":"2026-06-13 18:56:00"}
{"level":"info","message":"Orchestrator: Starting global scan orchestration... ","timestamp":"2026-06-13 18:56:00"}
{"level":"info","message":"🔗 Connecting to MASTER database: master","timestamp":"2026-06-13 18:56:00"}
{"level":"info","message":"Orchestrator: Found 2 tenants to process.","timestamp":"2026-06-13 18:56:00"}
{"level":"info","message":"📁 Switching to CLIENT database: tenant_rbi (Tenant: rbi)","timestamp":"2026-06-13 18:56:00"}
{"level":"info","message":"Orchestrator: No domains found for tenant rbi (excluding those currently scanning).","timestamp":"2026-06-13 18:56:00"}
{"level":"info","message":"📁 Switching to CLIENT database: tenant_sbi (Tenant: sbi)","timestamp":"2026-06-13 18:56:00"}
{"level":"info","message":"Orchestrator: No domains found for tenant sbi (excluding those currently scanning).","timestamp":"2026-06-13 18:56:00"}
{"level":"info","message":"Orchestrator: Master DB connection closed.","timestamp":"2026-06-13 18:56:00"}
{"level":"info","message":"✅ Orchestrator: Finished. Total jobs enqueued: 0","timestamp":"2026-06-13 18:56:00"}
{"level":"info","message":"Job repeat:c10eea93bf68cc56fd5c63b351df3d32:1781357160000 (Orchestrator) completed successfully.","timestamp":"2026-06-13 18:56:00"}
{"level":"info","message":"[Job repeat:c10eea93bf68cc56fd5c63b351df3d32:1781357220000] 🚀 Executing scheduled global orchestration...","timestamp":"2026-06-13 18:57:00"}
{"level":"info","message":"Orchestrator: Starting global scan orchestration... ","timestamp":"2026-06-13 18:57:00"}
{"level":"info","message":"🔗 Connecting to MASTER database: master","timestamp":"2026-06-13 18:57:00"}
{"level":"info","message":"Orchestrator: Found 2 tenants to process.","timestamp":"2026-06-13 18:57:01"}
{"level":"info","message":"📁 Switching to CLIENT database: tenant_rbi (Tenant: rbi)","timestamp":"2026-06-13 18:57:01"}
{"level":"info","message":"Orchestrator: No domains found for tenant rbi (excluding those currently scanning).","timestamp":"2026-06-13 18:57:01"}
{"level":"info","message":"📁 Switching to CLIENT database: tenant_sbi (Tenant: sbi)","timestamp":"2026-06-13 18:57:01"}
{"level":"info","message":"Orchestrator: No domains found for tenant sbi (excluding those currently scanning).","timestamp":"2026-06-13 18:57:01"}
{"level":"info","message":"Orchestrator: Master DB connection closed.","timestamp":"2026-06-13 18:57:01"}
{"level":"info","message":"✅ Orchestrator: Finished. Total jobs enqueued: 0","timestamp":"2026-06-13 18:57:01"}
{"level":"info","message":"Job repeat:c10eea93bf68cc56fd5c63b351df3d32:1781357220000 (Orchestrator) completed successfully.","timestamp":"2026-06-13 18:57:01"}
{"level":"info","message":"[Job repeat:c10eea93bf68cc56fd5c63b351df3d32:1781357280000] 🚀 Executing scheduled global orchestration...","timestamp":"2026-06-13 18:58:00"}
{"level":"info","message":"Orchestrator: Starting global scan orchestration... ","timestamp":"2026-06-13 18:58:00"}
{"level":"info","message":"🔗 Connecting to MASTER database: master","timestamp":"2026-06-13 18:58:00"}
{"level":"info","message":"Orchestrator: Found 2 tenants to process.","timestamp":"2026-06-13 18:58:01"}
{"level":"info","message":"📁 Switching to CLIENT database: tenant_rbi (Tenant: rbi)","timestamp":"2026-06-13 18:58:01"}
{"level":"info","message":"Orchestrator: No domains found for tenant rbi (excluding those currently scanning).","timestamp":"2026-06-13 18:58:01"}
{"level":"info","message":"📁 Switching to CLIENT database: tenant_sbi (Tenant: sbi)","timestamp":"2026-06-13 18:58:01"}
{"level":"info","message":"Orchestrator: No domains found for tenant sbi (excluding those currently scanning).","timestamp":"2026-06-13 18:58:01"}
{"level":"info","message":"Orchestrator: Master DB connection closed.","timestamp":"2026-06-13 18:58:01"}
{"level":"info","message":"✅ Orchestrator: Finished. Total jobs enqueued: 0","timestamp":"2026-06-13 18:58:01"}
{"level":"info","message":"Job repeat:c10eea93bf68cc56fd5c63b351df3d32:1781357280000 (Orchestrator) completed successfully.","timestamp":"2026-06-13 18:58:01"}
{"level":"info","message":"[Job repeat:c10eea93bf68cc56fd5c63b351df3d32:1781357340000] 🚀 Executing scheduled global orchestration...","timestamp":"2026-06-13 18:59:00"}
{"level":"info","message":"Orchestrator: Starting global scan orchestration... ","timestamp":"2026-06-13 18:59:00"}
{"level":"info","message":"🔗 Connecting to MASTER database: master","timestamp":"2026-06-13 18:59:00"}
{"level":"info","message":"Orchestrator: Found 2 tenants to process.","timestamp":"2026-06-13 18:59:01"}
{"level":"info","message":"📁 Switching to CLIENT database: tenant_rbi (Tenant: rbi)","timestamp":"2026-06-13 18:59:01"}
{"level":"info","message":"Orchestrator: No domains found for tenant rbi (excluding those currently scanning).","timestamp":"2026-06-13 18:59:01"}
{"level":"info","message":"📁 Switching to CLIENT database: tenant_sbi (Tenant: sbi)","timestamp":"2026-06-13 18:59:01"}
{"level":"info","message":"Orchestrator: No domains found for tenant sbi (excluding those currently scanning).","timestamp":"2026-06-13 18:59:01"}
{"level":"info","message":"Orchestrator: Master DB connection closed.","timestamp":"2026-06-13 18:59:01"}
{"level":"info","message":"✅ Orchestrator: Finished. Total jobs enqueued: 0","timestamp":"2026-06-13 18:59:01"}
{"level":"info","message":"Job repeat:c10eea93bf68cc56fd5c63b351df3d32:1781357340000 (Orchestrator) completed successfully.","timestamp":"2026-06-13 18:59:01"}
{"level":"info","message":"[Job repeat:c10eea93bf68cc56fd5c63b351df3d32:1781357400000] 🚀 Executing scheduled global orchestration...","timestamp":"2026-06-13 19:00:00"}
{"level":"info","message":"Orchestrator: Starting global scan orchestration... ","timestamp":"2026-06-13 19:00:00"}
{"level":"info","message":"🔗 Connecting to MASTER database: master","timestamp":"2026-06-13 19:00:00"}
{"level":"info","message":"Orchestrator: Found 2 tenants to process.","timestamp":"2026-06-13 19:00:01"}
{"level":"info","message":"📁 Switching to CLIENT database: tenant_rbi (Tenant: rbi)","timestamp":"2026-06-13 19:00:01"}
{"level":"info","message":"Orchestrator: No domains found for tenant rbi (excluding those currently scanning).","timestamp":"2026-06-13 19:00:01"}
{"level":"info","message":"📁 Switching to CLIENT database: tenant_sbi (Tenant: sbi)","timestamp":"2026-06-13 19:00:01"}
{"level":"info","message":"Orchestrator: No domains found for tenant sbi (excluding those currently scanning).","timestamp":"2026-06-13 19:00:01"}
{"level":"info","message":"Orchestrator: Master DB connection closed.","timestamp":"2026-06-13 19:00:01"}
{"level":"info","message":"✅ Orchestrator: Finished. Total jobs enqueued: 0","timestamp":"2026-06-13 19:00:01"}
{"level":"info","message":"Job repeat:c10eea93bf68cc56fd5c63b351df3d32:1781357400000 (Orchestrator) completed successfully.","timestamp":"2026-06-13 19:00:01"}
{"level":"info","message":"[Job repeat:c10eea93bf68cc56fd5c63b351df3d32:1781357460000] 🚀 Executing scheduled global orchestration...","timestamp":"2026-06-13 19:01:00"}
{"level":"info","message":"Orchestrator: Starting global scan orchestration... ","timestamp":"2026-06-13 19:01:00"}
{"level":"info","message":"🔗 Connecting to MASTER database: master","timestamp":"2026-06-13 19:01:00"}
{"level":"info","message":"Orchestrator: Found 2 tenants to process.","timestamp":"2026-06-13 19:01:00"}
{"level":"info","message":"📁 Switching to CLIENT database: tenant_rbi (Tenant: rbi)","timestamp":"2026-06-13 19:01:00"}
{"level":"info","message":"Orchestrator: No domains found for tenant rbi (excluding those currently scanning).","timestamp":"2026-06-13 19:01:00"}
{"level":"info","message":"📁 Switching to CLIENT database: tenant_sbi (Tenant: sbi)","timestamp":"2026-06-13 19:01:00"}
{"level":"info","message":"Orchestrator: No domains found for tenant sbi (excluding those currently scanning).","timestamp":"2026-06-13 19:01:00"}
{"level":"info","message":"Orchestrator: Master DB connection closed.","timestamp":"2026-06-13 19:01:00"}
{"level":"info","message":"✅ Orchestrator: Finished. Total jobs enqueued: 0","timestamp":"2026-06-13 19:01:00"}
{"level":"info","message":"Job repeat:c10eea93bf68cc56fd5c63b351df3d32:1781357460000 (Orchestrator) completed successfully.","timestamp":"2026-06-13 19:01:00"}
{"level":"info","message":"SIGINT signal received. Closing resources...","timestamp":"2026-06-13 19:01:39"}
