{"level":"info","message":"BullBoard dashboard available at http://localhost:4100/admin/queues","timestamp":"2026-06-27 14:41:32"}
{"level":"info","message":"SEO Scan Worker initialized.","timestamp":"2026-06-27 14:41:32"}
{"code":"ECONNREFUSED","level":"error","message":"Redis Connection Error:","stack":"AggregateError [ECONNREFUSED]: \n    at internalConnectMultiple (node:net:1139:18)\n    at afterConnectMultiple (node:net:1714:7)","timestamp":"2026-06-27 14:41:32"}
{"code":"ECONNREFUSED","level":"error","message":"Redis Connection Error:","stack":"AggregateError [ECONNREFUSED]: \n    at internalConnectMultiple (node:net:1139:18)\n    at afterConnectMultiple (node:net:1714:7)","timestamp":"2026-06-27 14:41:32"}
{"code":"ECONNREFUSED","level":"error","message":"Redis Connection Error:","stack":"AggregateError [ECONNREFUSED]: \n    at internalConnectMultiple (node:net:1139:18)\n    at afterConnectMultiple (node:net:1714:7)","timestamp":"2026-06-27 14:41:32"}
{"code":"ECONNREFUSED","level":"error","message":"Redis Connection Error:","stack":"AggregateError [ECONNREFUSED]: \n    at internalConnectMultiple (node:net:1139:18)\n    at afterConnectMultiple (node:net:1714:7)","timestamp":"2026-06-27 14:41:32"}
{"code":"ECONNREFUSED","level":"error","message":"Redis Connection Error:","stack":"AggregateError [ECONNREFUSED]: \n    at internalConnectMultiple (node:net:1139:18)\n    at afterConnectMultiple (node:net:1714:7)","timestamp":"2026-06-27 14:41:33"}
{"code":"ECONNREFUSED","level":"error","message":"Redis Connection Error:","stack":"AggregateError [ECONNREFUSED]: \n    at internalConnectMultiple (node:net:1139:18)\n    at afterConnectMultiple (node:net:1714:7)","timestamp":"2026-06-27 14:41:33"}
{"code":"ECONNREFUSED","level":"error","message":"Redis Connection Error:","stack":"AggregateError [ECONNREFUSED]: \n    at internalConnectMultiple (node:net:1139:18)\n    at afterConnectMultiple (node:net:1714:7)","timestamp":"2026-06-27 14:41:33"}
{"code":"ECONNREFUSED","level":"error","message":"Redis Connection Error:","stack":"AggregateError [ECONNREFUSED]: \n    at internalConnectMultiple (node:net:1139:18)\n    at afterConnectMultiple (node:net:1714:7)","timestamp":"2026-06-27 14:41:34"}
{"code":"ECONNREFUSED","level":"error","message":"Redis Connection Error:","stack":"AggregateError [ECONNREFUSED]: \n    at internalConnectMultiple (node:net:1139:18)\n    at afterConnectMultiple (node:net:1714:7)","timestamp":"2026-06-27 14:41:34"}
{"code":"ECONNREFUSED","level":"error","message":"Redis Connection Error:","stack":"AggregateError [ECONNREFUSED]: \n    at internalConnectMultiple (node:net:1139:18)\n    at afterConnectMultiple (node:net:1714:7)","timestamp":"2026-06-27 14:41:35"}
{"code":"ECONNREFUSED","level":"error","message":"Redis Connection Error:","stack":"AggregateError [ECONNREFUSED]: \n    at internalConnectMultiple (node:net:1139:18)\n    at afterConnectMultiple (node:net:1714:7)","timestamp":"2026-06-27 14:41:35"}
{"code":"ECONNREFUSED","level":"error","message":"Redis Connection Error:","stack":"AggregateError [ECONNREFUSED]: \n    at internalConnectMultiple (node:net:1139:18)\n    at afterConnectMultiple (node:net:1714:7)","timestamp":"2026-06-27 14:41:36"}
{"code":"ECONNREFUSED","level":"error","message":"Redis Connection Error:","stack":"AggregateError [ECONNREFUSED]: \n    at internalConnectMultiple (node:net:1139:18)\n    at afterConnectMultiple (node:net:1714:7)","timestamp":"2026-06-27 14:41:36"}
{"code":"ECONNREFUSED","level":"error","message":"Redis Connection Error:","stack":"AggregateError [ECONNREFUSED]: \n    at internalConnectMultiple (node:net:1139:18)\n    at afterConnectMultiple (node:net:1714:7)","timestamp":"2026-06-27 14:41:37"}
{"code":"ECONNREFUSED","level":"error","message":"Redis Connection Error:","stack":"AggregateError [ECONNREFUSED]: \n    at internalConnectMultiple (node:net:1139:18)\n    at afterConnectMultiple (node:net:1714:7)","timestamp":"2026-06-27 14:41:38"}
{"code":"ECONNREFUSED","level":"error","message":"Redis Connection Error:","stack":"AggregateError [ECONNREFUSED]: \n    at internalConnectMultiple (node:net:1139:18)\n    at afterConnectMultiple (node:net:1714:7)","timestamp":"2026-06-27 14:41:39"}
{"code":"ECONNREFUSED","level":"error","message":"Redis Connection Error:","stack":"AggregateError [ECONNREFUSED]: \n    at internalConnectMultiple (node:net:1139:18)\n    at afterConnectMultiple (node:net:1714:7)","timestamp":"2026-06-27 14:41:39"}
{"code":"ECONNREFUSED","level":"error","message":"Redis Connection Error:","stack":"AggregateError [ECONNREFUSED]: \n    at internalConnectMultiple (node:net:1139:18)\n    at afterConnectMultiple (node:net:1714:7)","timestamp":"2026-06-27 14:41:40"}
{"code":"ECONNREFUSED","level":"error","message":"Redis Connection Error:","stack":"AggregateError [ECONNREFUSED]: \n    at internalConnectMultiple (node:net:1139:18)\n    at afterConnectMultiple (node:net:1714:7)","timestamp":"2026-06-27 14:41:41"}
{"code":"ECONNREFUSED","level":"error","message":"Redis Connection Error:","stack":"AggregateError [ECONNREFUSED]: \n    at internalConnectMultiple (node:net:1139:18)\n    at afterConnectMultiple (node:net:1714:7)","timestamp":"2026-06-27 14:41:42"}
{"code":"ECONNREFUSED","level":"error","message":"Redis Connection Error:","stack":"AggregateError [ECONNREFUSED]: \n    at internalConnectMultiple (node:net:1139:18)\n    at afterConnectMultiple (node:net:1714:7)","timestamp":"2026-06-27 14:41:43"}
{"level":"info","message":"🧹 Queue \"seo-scan-queue\" cleared recursively.","timestamp":"2026-06-27 14:41:44"}
{"level":"info","message":"⏰ Scheduled global orchestration every 1 minutes.","timestamp":"2026-06-27 14:41:44"}
{"level":"info","message":"SEO Scanner Service running on port 4100","timestamp":"2026-06-27 14:41:44"}
{"level":"info","message":"🚀 SCAN_ON_STARTUP is enabled. Triggering global orchestration...","timestamp":"2026-06-27 14:41:44"}
{"level":"info","message":"Orchestrator: Starting global scan orchestration... [STARTUP MODE]","timestamp":"2026-06-27 14:41:44"}
{"level":"info","message":"🔗 Connecting to MASTER database: master","timestamp":"2026-06-27 14:41:44"}
{"level":"info","message":"Orchestrator: Found 2 tenants to process.","timestamp":"2026-06-27 14:41:45"}
{"level":"info","message":"📁 Switching to CLIENT database: tenant_rbi (Tenant: rbi)","timestamp":"2026-06-27 14:41:45"}
{"level":"info","message":"✅ Successfully connected to database: tenant_rbi","timestamp":"2026-06-27 14:41:46"}
{"level":"info","message":"Orchestrator: No domains found for tenant rbi (excluding those currently scanning).","timestamp":"2026-06-27 14:41:46"}
{"level":"info","message":"📁 Switching to CLIENT database: tenant_sbi (Tenant: sbi)","timestamp":"2026-06-27 14:41:46"}
{"level":"info","message":"✅ Successfully connected to database: tenant_sbi","timestamp":"2026-06-27 14:41:46"}
{"level":"info","message":"Orchestrator: Found 1 domains for tenant sbi. Enqueueing jobs...","timestamp":"2026-06-27 14:41:47"}
{"level":"info","message":"[Job 2] 🔍 Starting scan for: https://omunim.com/","timestamp":"2026-06-27 14:41:47"}
{"level":"info","message":"  [1] Enqueued: https://omunim.com/","timestamp":"2026-06-27 14:41:47"}
{"level":"info","message":"Orchestrator: Master DB connection closed.","timestamp":"2026-06-27 14:41:47"}
{"level":"info","message":"✅ Orchestrator: Finished. Total jobs enqueued: 1","timestamp":"2026-06-27 14:41:47"}
{"level":"info","message":"✅ Initial global scan orchestration completed.","timestamp":"2026-06-27 14:41:47"}
{"level":"info","message":"[https://omunim.com/] Checking domain status for ID: 69fed1b9ce195e92e93ad3ad. Found: true, Deleted: false, Archived: false, Status: active","timestamp":"2026-06-27 14:41:47"}
{"level":"info","message":"🔍 [Crawl] Queue: 0 | Visited: 1 | Scanning: https://omunim.com/","timestamp":"2026-06-27 14:41:49"}
{"level":"info","message":"🔍 [Domain: omunim.com] [Page 1/4] Scanning: https://omunim.com/","timestamp":"2026-06-27 14:41:49"}
{"level":"info","message":"Added Policy Scan Job for omunim to queue, Job ID: 3","timestamp":"2026-06-27 14:41:54"}
{"level":"info","message":"[Job 3] 🛡️ Starting Policy scan for: omunim","timestamp":"2026-06-27 14:41:54"}
{"level":"info","message":"🛡️ [omunim] Starting standalone Policy Scan (job 3)...","timestamp":"2026-06-27 14:41:54"}
{"level":"info","message":"📑 [omunim] Retrieved 4 recent domain reports for evaluation.","timestamp":"2026-06-27 14:41:54"}
{"level":"info","message":"⚖️ [omunim] Evaluating 23 policies against 4 pages.","timestamp":"2026-06-27 14:41:54"}
{"level":"info","message":"📋 Policy: \"find jewellery keywords\"","timestamp":"2026-06-27 14:41:54"}
{"level":"info","message":"   Rule 1: Type=[text], Target=[jewellery], SearchType=[Contains], Contains/Unit=[containing]","timestamp":"2026-06-27 14:41:54"}
{"level":"info","message":"📋 Policy: \"Images greater than 100kB\"","timestamp":"2026-06-27 14:41:54"}
{"level":"info","message":"   Rule 1: Type=[image-size], Target=[100], SearchType=[Greater than], Contains/Unit=[KB]","timestamp":"2026-06-27 14:41:54"}
{"level":"info","message":"📋 Policy: \"Sample Policy with All Rules (Test)\"","timestamp":"2026-06-27 14:41:54"}
{"level":"info","message":"   Rule 1: Type=[text], Target=[jewellery], SearchType=[Contains], Contains/Unit=[containing]","timestamp":"2026-06-27 14:41:54"}
{"level":"info","message":"   Rule 2: Type=[page-title], Target=[jewellery], SearchType=[Contains], Contains/Unit=[containing]","timestamp":"2026-06-27 14:41:54"}
{"level":"info","message":"   Rule 3: Type=[page-title-length], Target=[60], SearchType=[Greater than], Contains/Unit=[]","timestamp":"2026-06-27 14:41:54"}
{"level":"info","message":"   Rule 4: Type=[page-url], Target=[shop], SearchType=[Contains], Contains/Unit=[containing]","timestamp":"2026-06-27 14:41:54"}
{"level":"info","message":"   Rule 5: Type=[link], Target=[contact], SearchType=[Contains], Contains/Unit=[containing]","timestamp":"2026-06-27 14:41:54"}
{"level":"info","message":"   Rule 6: Type=[link-text], Target=[buy], SearchType=[Contains], Contains/Unit=[containing]","timestamp":"2026-06-27 14:41:54"}
{"level":"info","message":"   Rule 7: Type=[link-text-length], Target=[50], SearchType=[Greater than], Contains/Unit=[]","timestamp":"2026-06-27 14:41:54"}
{"level":"info","message":"   Rule 8: Type=[file-size], Target=[5], SearchType=[Greater than], Contains/Unit=[MB]","timestamp":"2026-06-27 14:41:54"}
{"level":"info","message":"   Rule 9: Type=[image-size], Target=[100], SearchType=[Greater than], Contains/Unit=[KB]","timestamp":"2026-06-27 14:41:54"}
{"level":"info","message":"   Rule 10: Type=[image-text], Target=[logo], SearchType=[Contains], Contains/Unit=[containing]","timestamp":"2026-06-27 14:41:54"}
{"level":"info","message":"   Rule 11: Type=[image-text-length], Target=[100], SearchType=[Greater than], Contains/Unit=[]","timestamp":"2026-06-27 14:41:54"}
{"level":"info","message":"   Rule 12: Type=[external-link-count], Target=[10], SearchType=[Greater than], Contains/Unit=[]","timestamp":"2026-06-27 14:41:54"}
{"level":"info","message":"   Rule 13: Type=[incoming-link-count], Target=[5], SearchType=[Greater than], Contains/Unit=[]","timestamp":"2026-06-27 14:41:54"}
{"level":"info","message":"   Rule 14: Type=[heading-text], Target=[price], SearchType=[Contains], Contains/Unit=[containing]","timestamp":"2026-06-27 14:41:54"}
{"level":"info","message":"   Rule 15: Type=[header-text-length], Target=[80], SearchType=[Greater than], Contains/Unit=[]","timestamp":"2026-06-27 14:41:54"}
{"level":"info","message":"   Rule 16: Type=[readability-level], Target=[12], SearchType=[Greater than], Contains/Unit=[]","timestamp":"2026-06-27 14:41:54"}
{"level":"info","message":"   Rule 17: Type=[meta-header], Target=[keyword], SearchType=[Contains], Contains/Unit=[containing]","timestamp":"2026-06-27 14:41:54"}
{"level":"info","message":"   Rule 18: Type=[meta-header-length], Target=[160], SearchType=[Greater than], Contains/Unit=[]","timestamp":"2026-06-27 14:41:54"}
{"level":"info","message":"   Rule 19: Type=[page-html], Target=[<script>], SearchType=[Contains], Contains/Unit=[containing]","timestamp":"2026-06-27 14:41:54"}
{"level":"info","message":"📋 Policy: \"Sample Policy with All Rules (Global)\"","timestamp":"2026-06-27 14:41:54"}
{"level":"info","message":"   Rule 1: Type=[text], Target=[jewellery], SearchType=[Contains], Contains/Unit=[containing]","timestamp":"2026-06-27 14:41:54"}
{"level":"info","message":"   Rule 2: Type=[page-title], Target=[jewellery], SearchType=[Contains], Contains/Unit=[containing]","timestamp":"2026-06-27 14:41:54"}
{"level":"info","message":"   Rule 3: Type=[page-title-length], Target=[60], SearchType=[Greater than], Contains/Unit=[]","timestamp":"2026-06-27 14:41:54"}
{"level":"info","message":"   Rule 4: Type=[page-url], Target=[shop], SearchType=[Contains], Contains/Unit=[containing]","timestamp":"2026-06-27 14:41:54"}
{"level":"info","message":"   Rule 5: Type=[link], Target=[contact], SearchType=[Contains], Contains/Unit=[containing]","timestamp":"2026-06-27 14:41:54"}
{"level":"info","message":"   Rule 6: Type=[link-text], Target=[buy], SearchType=[Contains], Contains/Unit=[containing]","timestamp":"2026-06-27 14:41:54"}
{"level":"info","message":"   Rule 7: Type=[link-text-length], Target=[50], SearchType=[Greater than], Contains/Unit=[]","timestamp":"2026-06-27 14:41:54"}
{"level":"info","message":"   Rule 8: Type=[file-size], Target=[5], SearchType=[Greater than], Contains/Unit=[MB]","timestamp":"2026-06-27 14:41:54"}
{"level":"info","message":"   Rule 9: Type=[image-size], Target=[100], SearchType=[Greater than], Contains/Unit=[KB]","timestamp":"2026-06-27 14:41:54"}
{"level":"info","message":"   Rule 10: Type=[image-text], Target=[logo], SearchType=[Contains], Contains/Unit=[containing]","timestamp":"2026-06-27 14:41:54"}
{"level":"info","message":"   Rule 11: Type=[image-text-length], Target=[100], SearchType=[Greater than], Contains/Unit=[]","timestamp":"2026-06-27 14:41:54"}
{"level":"info","message":"   Rule 12: Type=[external-link-count], Target=[10], SearchType=[Greater than], Contains/Unit=[]","timestamp":"2026-06-27 14:41:54"}
{"level":"info","message":"   Rule 13: Type=[incoming-link-count], Target=[5], SearchType=[Greater than], Contains/Unit=[]","timestamp":"2026-06-27 14:41:54"}
{"level":"info","message":"   Rule 14: Type=[heading-text], Target=[price], SearchType=[Contains], Contains/Unit=[containing]","timestamp":"2026-06-27 14:41:54"}
{"level":"info","message":"   Rule 15: Type=[header-text-length], Target=[80], SearchType=[Greater than], Contains/Unit=[]","timestamp":"2026-06-27 14:41:54"}
{"level":"info","message":"   Rule 16: Type=[readability-level], Target=[12], SearchType=[Greater than], Contains/Unit=[]","timestamp":"2026-06-27 14:41:54"}
{"level":"info","message":"   Rule 17: Type=[meta-header], Target=[keyword], SearchType=[Contains], Contains/Unit=[containing]","timestamp":"2026-06-27 14:41:54"}
{"level":"info","message":"   Rule 18: Type=[meta-header-length], Target=[160], SearchType=[Greater than], Contains/Unit=[]","timestamp":"2026-06-27 14:41:54"}
{"level":"info","message":"   Rule 19: Type=[page-html], Target=[<script>], SearchType=[Contains], Contains/Unit=[containing]","timestamp":"2026-06-27 14:41:54"}
{"level":"info","message":"📋 Policy: \"Test Policy: Single Rule (text)\"","timestamp":"2026-06-27 14:41:54"}
{"level":"info","message":"   Rule 1: Type=[text], Target=[jewellery], SearchType=[Contains], Contains/Unit=[containing]","timestamp":"2026-06-27 14:41:54"}
{"level":"info","message":"📋 Policy: \"Test Policy: Single Rule (page-title)\"","timestamp":"2026-06-27 14:41:54"}
{"level":"info","message":"   Rule 1: Type=[page-title], Target=[jewellery], SearchType=[Contains], Contains/Unit=[containing]","timestamp":"2026-06-27 14:41:54"}
{"level":"info","message":"📋 Policy: \"Test Policy: Single Rule (page-title-length)\"","timestamp":"2026-06-27 14:41:54"}
{"level":"info","message":"   Rule 1: Type=[page-title-length], Target=[60], SearchType=[Greater than], Contains/Unit=[]","timestamp":"2026-06-27 14:41:54"}
{"level":"info","message":"📋 Policy: \"Test Policy: Single Rule (page-url)\"","timestamp":"2026-06-27 14:41:54"}
{"level":"info","message":"   Rule 1: Type=[page-url], Target=[https://omunim.com/signin], SearchType=[Contains], Contains/Unit=[containing]","timestamp":"2026-06-27 14:41:54"}
{"level":"info","message":"📋 Policy: \"Test Policy: Single Rule (link)\"","timestamp":"2026-06-27 14:41:54"}
{"level":"info","message":"   Rule 1: Type=[link], Target=[contact], SearchType=[Contains], Contains/Unit=[containing]","timestamp":"2026-06-27 14:41:54"}
{"level":"info","message":"📋 Policy: \"Test Policy: Single Rule (link-text)\"","timestamp":"2026-06-27 14:41:54"}
{"level":"info","message":"   Rule 1: Type=[link-text], Target=[buy], SearchType=[Contains], Contains/Unit=[containing]","timestamp":"2026-06-27 14:41:54"}
{"level":"info","message":"📋 Policy: \"Test Policy: Single Rule (link-text-length)\"","timestamp":"2026-06-27 14:41:54"}
{"level":"info","message":"   Rule 1: Type=[link-text-length], Target=[50], SearchType=[Greater than], Contains/Unit=[]","timestamp":"2026-06-27 14:41:54"}
{"level":"info","message":"📋 Policy: \"Test Policy: Single Rule (file-size)\"","timestamp":"2026-06-27 14:41:54"}
{"level":"info","message":"   Rule 1: Type=[file-size], Target=[5], SearchType=[Greater than], Contains/Unit=[MB]","timestamp":"2026-06-27 14:41:54"}
{"level":"info","message":"📋 Policy: \"Test Policy: Single Rule (image-size)\"","timestamp":"2026-06-27 14:41:54"}
{"level":"info","message":"   Rule 1: Type=[image-size], Target=[100], SearchType=[Greater than], Contains/Unit=[KB]","timestamp":"2026-06-27 14:41:54"}
{"level":"info","message":"📋 Policy: \"Test Policy: Single Rule (image-text)\"","timestamp":"2026-06-27 14:41:54"}
{"level":"info","message":"   Rule 1: Type=[image-text], Target=[Jewellery Billing Software], SearchType=[Contains], Contains/Unit=[containing]","timestamp":"2026-06-27 14:41:54"}
{"level":"info","message":"📋 Policy: \"Test Policy: Single Rule (image-text-length)\"","timestamp":"2026-06-27 14:41:54"}
{"level":"info","message":"   Rule 1: Type=[image-text-length], Target=[], SearchType=[Greater than], Contains/Unit=[]","timestamp":"2026-06-27 14:41:54"}
{"level":"info","message":"📋 Policy: \"Test Policy: Single Rule (external-link-count)\"","timestamp":"2026-06-27 14:41:54"}
{"level":"info","message":"   Rule 1: Type=[external-link-count], Target=[], SearchType=[Greater than], Contains/Unit=[]","timestamp":"2026-06-27 14:41:54"}
{"level":"info","message":"📋 Policy: \"Test Policy: Single Rule (incoming-link-count)\"","timestamp":"2026-06-27 14:41:54"}
{"level":"info","message":"   Rule 1: Type=[incoming-link-count], Target=[5], SearchType=[Greater than], Contains/Unit=[]","timestamp":"2026-06-27 14:41:54"}
{"level":"info","message":"📋 Policy: \"Test Policy: Single Rule (heading-text)\"","timestamp":"2026-06-27 14:41:54"}
{"level":"info","message":"   Rule 1: Type=[heading-text], Target=[price], SearchType=[Contains], Contains/Unit=[containing]","timestamp":"2026-06-27 14:41:54"}
{"level":"info","message":"📋 Policy: \"Test Policy: Single Rule (header-text-length)\"","timestamp":"2026-06-27 14:41:54"}
{"level":"info","message":"   Rule 1: Type=[header-text-length], Target=[80], SearchType=[Greater than], Contains/Unit=[]","timestamp":"2026-06-27 14:41:54"}
{"level":"info","message":"📋 Policy: \"Test Policy: Single Rule (readability-level)\"","timestamp":"2026-06-27 14:41:54"}
{"level":"info","message":"   Rule 1: Type=[readability-level], Target=[12], SearchType=[Greater than], Contains/Unit=[]","timestamp":"2026-06-27 14:41:54"}
{"level":"info","message":"📋 Policy: \"Test Policy: Single Rule (meta-header)\"","timestamp":"2026-06-27 14:41:54"}
{"level":"info","message":"   Rule 1: Type=[meta-header], Target=[keyword], SearchType=[Contains], Contains/Unit=[containing]","timestamp":"2026-06-27 14:41:54"}
{"level":"info","message":"📋 Policy: \"Test Policy: Single Rule (meta-header-length)\"","timestamp":"2026-06-27 14:41:54"}
{"level":"info","message":"   Rule 1: Type=[meta-header-length], Target=[160], SearchType=[Greater than], Contains/Unit=[]","timestamp":"2026-06-27 14:41:54"}
{"level":"info","message":"📋 Policy: \"Test Policy: Single Rule (page-html)\"","timestamp":"2026-06-27 14:41:54"}
{"level":"info","message":"   Rule 1: Type=[page-html], Target=[<script>], SearchType=[Contains], Contains/Unit=[containing]","timestamp":"2026-06-27 14:41:54"}
{"level":"info","message":"🌐 [omunim] Fetching live HTML content for 4 pages (text-based rules detected)...","timestamp":"2026-06-27 14:41:54"}
{"level":"info","message":"   -> 🔍 Scan [text] | Target: \"jewellery\" (containing) | Operator: \"contains\" | Actual: [Content length: 9820] | Result: ✅ MATCH","timestamp":"2026-06-27 14:41:55"}
{"level":"info","message":"   -> 🔍 Scan [image-size] | Target: \"100\" (KB) | Operator: \"Greater than\" | Actual: [53 images] | Result: ✅ MATCH","timestamp":"2026-06-27 14:41:55"}
{"level":"info","message":"   -> 🔍 Scan [text] | Target: \"jewellery\" (containing) | Operator: \"contains\" | Actual: [Content length: 9820] | Result: ✅ MATCH","timestamp":"2026-06-27 14:41:55"}
{"level":"info","message":"   -> 🔍 Scan [page-title] | Target: \"jewellery\" (containing) | Operator: \"contains\" | Actual: \"Best Jewellery Billing Softwar\" | Result: ✅ MATCH","timestamp":"2026-06-27 14:41:55"}
{"level":"info","message":"   -> 🔍 Scan [page-title-length] | Target: \"60\" | Operator: \"Greater than\" | Actual: 69 | Result: ✅ MATCH","timestamp":"2026-06-27 14:41:55"}
{"level":"info","message":"   -> 🔍 Scan [page-url] | Target: \"shop\" (containing) | Operator: \"contains\" | Actual: \"https://omunim.com/jewellery-billing-software\" | Result: ❌ NO MATCH","timestamp":"2026-06-27 14:41:55"}
{"level":"info","message":"   -> 🔍 Scan [link] | Target: \"contact\" (containing) | Operator: \"contains\" | Actual: [0 links] | Result: ❌ NO MATCH","timestamp":"2026-06-27 14:41:55"}
{"level":"info","message":"   -> 🔍 Scan [link-text] | Target: \"buy\" (containing) | Operator: \"contains\" | Actual: [0 links] | Result: ❌ NO MATCH","timestamp":"2026-06-27 14:41:55"}
{"level":"info","message":"   -> 🔍 Scan [link-text-length] | Target: \"50\" | Operator: \"Greater than\" | Actual: [0 links] | Result: ❌ NO MATCH","timestamp":"2026-06-27 14:41:55"}
{"level":"info","message":"   -> 🔍 Scan [file-size] | Target: \"5\" (MB) | Operator: \"Greater than\" | Actual: 3106.048828125 | Result: ❌ NO MATCH","timestamp":"2026-06-27 14:41:55"}
{"level":"info","message":"   -> 🔍 Scan [image-size] | Target: \"100\" (KB) | Operator: \"Greater than\" | Actual: [53 images] | Result: ✅ MATCH","timestamp":"2026-06-27 14:41:55"}
{"level":"info","message":"   -> 🔍 Scan [image-text] | Target: \"logo\" (containing) | Operator: \"contains\" | Actual: [53 images] | Result: ❌ NO MATCH","timestamp":"2026-06-27 14:41:55"}
{"level":"info","message":"   -> 🔍 Scan [image-text-length] | Target: \"100\" | Operator: \"Greater than\" | Actual: [53 images] | Result: ❌ NO MATCH","timestamp":"2026-06-27 14:41:55"}
{"level":"info","message":"   -> 🔍 Scan [external-link-count] | Target: \"10\" | Operator: \"Greater than\" | Actual: 13 | Result: ✅ MATCH","timestamp":"2026-06-27 14:41:55"}
{"level":"info","message":"   -> 🔍 Scan [incoming-link-count] | Target: \"5\" | Operator: \"Greater than\" | Actual: 19 | Result: ✅ MATCH","timestamp":"2026-06-27 14:41:55"}
{"level":"info","message":"   -> 🔍 Scan [heading-text] | Target: \"price\" (containing) | Operator: \"contains\" | Actual: [0 headings] | Result: ❌ NO MATCH","timestamp":"2026-06-27 14:41:55"}
{"level":"info","message":"   -> 🔍 Scan [header-text-length] | Target: \"80\" | Operator: \"Greater than\" | Actual: [0 headings] | Result: ❌ NO MATCH","timestamp":"2026-06-27 14:41:55"}
{"level":"info","message":"   -> 🔍 Scan [readability-level] | Target: \"12\" | Operator: \"Greater than\" | Actual: 0 | Result: ❌ NO MATCH","timestamp":"2026-06-27 14:41:55"}
{"level":"info","message":"   -> 🔍 Scan [meta-header] | Target: \"keyword\" (containing) | Operator: \"contains\" | Actual: [Content length: 9820] | Result: ❌ NO MATCH","timestamp":"2026-06-27 14:41:55"}
{"level":"info","message":"   -> 🔍 Scan [meta-header-length] | Target: \"160\" | Operator: \"Greater than\" | Actual: 162 | Result: ✅ MATCH","timestamp":"2026-06-27 14:41:55"}
{"level":"info","message":"   -> 🔍 Scan [page-html] | Target: \"<script>\" (containing) | Operator: \"contains\" | Actual: [Content length: 9820] | Result: ✅ MATCH","timestamp":"2026-06-27 14:41:55"}
{"level":"info","message":"   -> 🔍 Scan [text] | Target: \"jewellery\" (containing) | Operator: \"contains\" | Actual: [Content length: 9820] | Result: ✅ MATCH","timestamp":"2026-06-27 14:41:55"}
{"level":"info","message":"   -> 🔍 Scan [page-title] | Target: \"jewellery\" (containing) | Operator: \"contains\" | Actual: \"Best Jewellery Billing Softwar\" | Result: ✅ MATCH","timestamp":"2026-06-27 14:41:55"}
{"level":"info","message":"   -> 🔍 Scan [page-title-length] | Target: \"60\" | Operator: \"Greater than\" | Actual: 69 | Result: ✅ MATCH","timestamp":"2026-06-27 14:41:55"}
{"level":"info","message":"   -> 🔍 Scan [page-url] | Target: \"shop\" (containing) | Operator: \"contains\" | Actual: \"https://omunim.com/jewellery-billing-software\" | Result: ❌ NO MATCH","timestamp":"2026-06-27 14:41:55"}
{"level":"info","message":"   -> 🔍 Scan [link] | Target: \"contact\" (containing) | Operator: \"contains\" | Actual: [0 links] | Result: ❌ NO MATCH","timestamp":"2026-06-27 14:41:55"}
{"level":"info","message":"   -> 🔍 Scan [link-text] | Target: \"buy\" (containing) | Operator: \"contains\" | Actual: [0 links] | Result: ❌ NO MATCH","timestamp":"2026-06-27 14:41:55"}
{"level":"info","message":"   -> 🔍 Scan [link-text-length] | Target: \"50\" | Operator: \"Greater than\" | Actual: [0 links] | Result: ❌ NO MATCH","timestamp":"2026-06-27 14:41:55"}
{"level":"info","message":"   -> 🔍 Scan [file-size] | Target: \"5\" (MB) | Operator: \"Greater than\" | Actual: 3106.048828125 | Result: ❌ NO MATCH","timestamp":"2026-06-27 14:41:55"}
{"level":"info","message":"   -> 🔍 Scan [image-size] | Target: \"100\" (KB) | Operator: \"Greater than\" | Actual: [53 images] | Result: ✅ MATCH","timestamp":"2026-06-27 14:41:55"}
{"level":"info","message":"   -> 🔍 Scan [image-text] | Target: \"logo\" (containing) | Operator: \"contains\" | Actual: [53 images] | Result: ❌ NO MATCH","timestamp":"2026-06-27 14:41:55"}
{"level":"info","message":"   -> 🔍 Scan [image-text-length] | Target: \"100\" | Operator: \"Greater than\" | Actual: [53 images] | Result: ❌ NO MATCH","timestamp":"2026-06-27 14:41:55"}
{"level":"info","message":"   -> 🔍 Scan [external-link-count] | Target: \"10\" | Operator: \"Greater than\" | Actual: 13 | Result: ✅ MATCH","timestamp":"2026-06-27 14:41:55"}
{"level":"info","message":"   -> 🔍 Scan [incoming-link-count] | Target: \"5\" | Operator: \"Greater than\" | Actual: 19 | Result: ✅ MATCH","timestamp":"2026-06-27 14:41:55"}
{"level":"info","message":"   -> 🔍 Scan [heading-text] | Target: \"price\" (containing) | Operator: \"contains\" | Actual: [0 headings] | Result: ❌ NO MATCH","timestamp":"2026-06-27 14:41:55"}
{"level":"info","message":"   -> 🔍 Scan [header-text-length] | Target: \"80\" | Operator: \"Greater than\" | Actual: [0 headings] | Result: ❌ NO MATCH","timestamp":"2026-06-27 14:41:55"}
{"level":"info","message":"   -> 🔍 Scan [readability-level] | Target: \"12\" | Operator: \"Greater than\" | Actual: 0 | Result: ❌ NO MATCH","timestamp":"2026-06-27 14:41:55"}
{"level":"info","message":"   -> 🔍 Scan [meta-header] | Target: \"keyword\" (containing) | Operator: \"contains\" | Actual: [Content length: 9820] | Result: ❌ NO MATCH","timestamp":"2026-06-27 14:41:55"}
{"level":"info","message":"   -> 🔍 Scan [meta-header-length] | Target: \"160\" | Operator: \"Greater than\" | Actual: 162 | Result: ✅ MATCH","timestamp":"2026-06-27 14:41:55"}
{"level":"info","message":"   -> 🔍 Scan [page-html] | Target: \"<script>\" (containing) | Operator: \"contains\" | Actual: [Content length: 9820] | Result: ✅ MATCH","timestamp":"2026-06-27 14:41:55"}
{"level":"info","message":"   -> 🔍 Scan [text] | Target: \"jewellery\" (containing) | Operator: \"contains\" | Actual: [Content length: 9820] | Result: ✅ MATCH","timestamp":"2026-06-27 14:41:55"}
{"level":"info","message":"   -> 🔍 Scan [page-title] | Target: \"jewellery\" (containing) | Operator: \"contains\" | Actual: \"Best Jewellery Billing Softwar\" | Result: ✅ MATCH","timestamp":"2026-06-27 14:41:55"}
{"level":"info","message":"   -> 🔍 Scan [page-title-length] | Target: \"60\" | Operator: \"Greater than\" | Actual: 69 | Result: ✅ MATCH","timestamp":"2026-06-27 14:41:55"}
{"level":"info","message":"   -> 🔍 Scan [page-url] | Target: \"https://omunim.com/signin\" (containing) | Operator: \"contains\" | Actual: \"https://omunim.com/jewellery-billing-software\" | Result: ❌ NO MATCH","timestamp":"2026-06-27 14:41:55"}
{"level":"info","message":"   -> 🔍 Scan [link] | Target: \"contact\" (containing) | Operator: \"contains\" | Actual: [0 links] | Result: ❌ NO MATCH","timestamp":"2026-06-27 14:41:55"}
{"level":"info","message":"   -> 🔍 Scan [link-text] | Target: \"buy\" (containing) | Operator: \"contains\" | Actual: [0 links] | Result: ❌ NO MATCH","timestamp":"2026-06-27 14:41:55"}
{"level":"info","message":"   -> 🔍 Scan [link-text-length] | Target: \"50\" | Operator: \"Greater than\" | Actual: [0 links] | Result: ❌ NO MATCH","timestamp":"2026-06-27 14:41:55"}
{"level":"info","message":"   -> 🔍 Scan [file-size] | Target: \"5\" (MB) | Operator: \"Greater than\" | Actual: 3106.048828125 | Result: ❌ NO MATCH","timestamp":"2026-06-27 14:41:55"}
{"level":"info","message":"   -> 🔍 Scan [image-size] | Target: \"100\" (KB) | Operator: \"Greater than\" | Actual: [53 images] | Result: ✅ MATCH","timestamp":"2026-06-27 14:41:55"}
{"level":"info","message":"   -> 🔍 Scan [image-text] | Target: \"jewellery billing software\" (containing) | Operator: \"contains\" | Actual: [53 images] | Result: ❌ NO MATCH","timestamp":"2026-06-27 14:41:55"}
{"level":"info","message":"   -> 🔍 Scan [image-text-length] | Target: \"20\" | Operator: \"Greater than\" | Actual: [53 images] | Result: ❌ NO MATCH","timestamp":"2026-06-27 14:41:55"}
{"level":"info","message":"   -> 🔍 Scan [external-link-count] | Target: \"\" | Operator: \"Greater than\" | Actual: 13 | Result: ✅ MATCH","timestamp":"2026-06-27 14:41:55"}
{"level":"info","message":"   -> 🔍 Scan [incoming-link-count] | Target: \"5\" | Operator: \"Greater than\" | Actual: 19 | Result: ✅ MATCH","timestamp":"2026-06-27 14:41:55"}
{"level":"info","message":"   -> 🔍 Scan [heading-text] | Target: \"price\" (containing) | Operator: \"contains\" | Actual: [0 headings] | Result: ❌ NO MATCH","timestamp":"2026-06-27 14:41:55"}
{"level":"info","message":"   -> 🔍 Scan [header-text-length] | Target: \"80\" | Operator: \"Greater than\" | Actual: [0 headings] | Result: ❌ NO MATCH","timestamp":"2026-06-27 14:41:55"}
{"level":"info","message":"   -> 🔍 Scan [readability-level] | Target: \"12\" | Operator: \"Greater than\" | Actual: 0 | Result: ❌ NO MATCH","timestamp":"2026-06-27 14:41:55"}
{"level":"info","message":"   -> 🔍 Scan [meta-header] | Target: \"keyword\" (containing) | Operator: \"contains\" | Actual: [Content length: 9820] | Result: ❌ NO MATCH","timestamp":"2026-06-27 14:41:55"}
{"level":"info","message":"   -> 🔍 Scan [meta-header-length] | Target: \"160\" | Operator: \"Greater than\" | Actual: 162 | Result: ✅ MATCH","timestamp":"2026-06-27 14:41:55"}
{"level":"info","message":"   -> 🔍 Scan [page-html] | Target: \"<script>\" (containing) | Operator: \"contains\" | Actual: [Content length: 9820] | Result: ✅ MATCH","timestamp":"2026-06-27 14:41:55"}
{"level":"info","message":"   -> 🔍 Scan [text] | Target: \"jewellery\" (containing) | Operator: \"contains\" | Actual: [Content length: 16317] | Result: ✅ MATCH","timestamp":"2026-06-27 14:41:55"}
{"level":"info","message":"   -> 🔍 Scan [image-size] | Target: \"100\" (KB) | Operator: \"Greater than\" | Actual: [104 images] | Result: ❌ NO MATCH","timestamp":"2026-06-27 14:41:55"}
{"level":"info","message":"   -> 🔍 Scan [text] | Target: \"jewellery\" (containing) | Operator: \"contains\" | Actual: [Content length: 16317] | Result: ✅ MATCH","timestamp":"2026-06-27 14:41:55"}
{"level":"info","message":"   -> 🔍 Scan [page-title] | Target: \"jewellery\" (containing) | Operator: \"contains\" | Actual: \"Jewellery Software | Jewellery\" | Result: ✅ MATCH","timestamp":"2026-06-27 14:41:55"}
{"level":"info","message":"   -> 🔍 Scan [page-title-length] | Target: \"60\" | Operator: \"Greater than\" | Actual: 60 | Result: ❌ NO MATCH","timestamp":"2026-06-27 14:41:55"}
{"level":"info","message":"   -> 🔍 Scan [page-url] | Target: \"shop\" (containing) | Operator: \"contains\" | Actual: \"https://omunim.com/jewellery-software\" | Result: ❌ NO MATCH","timestamp":"2026-06-27 14:41:55"}
{"level":"info","message":"   -> 🔍 Scan [link] | Target: \"contact\" (containing) | Operator: \"contains\" | Actual: [0 links] | Result: ❌ NO MATCH","timestamp":"2026-06-27 14:41:55"}
{"level":"info","message":"   -> 🔍 Scan [link-text] | Target: \"buy\" (containing) | Operator: \"contains\" | Actual: [0 links] | Result: ❌ NO MATCH","timestamp":"2026-06-27 14:41:55"}
{"level":"info","message":"   -> 🔍 Scan [link-text-length] | Target: \"50\" | Operator: \"Greater than\" | Actual: [0 links] | Result: ❌ NO MATCH","timestamp":"2026-06-27 14:41:55"}
{"level":"info","message":"   -> 🔍 Scan [file-size] | Target: \"5\" (MB) | Operator: \"Greater than\" | Actual: 2093.6181640625 | Result: ❌ NO MATCH","timestamp":"2026-06-27 14:41:55"}
{"level":"info","message":"   -> 🔍 Scan [image-size] | Target: \"100\" (KB) | Operator: \"Greater than\" | Actual: [104 images] | Result: ❌ NO MATCH","timestamp":"2026-06-27 14:41:55"}
{"level":"info","message":"   -> 🔍 Scan [image-text] | Target: \"logo\" (containing) | Operator: \"contains\" | Actual: [104 images] | Result: ❌ NO MATCH","timestamp":"2026-06-27 14:41:55"}
{"level":"info","message":"   -> 🔍 Scan [image-text-length] | Target: \"100\" | Operator: \"Greater than\" | Actual: [104 images] | Result: ❌ NO MATCH","timestamp":"2026-06-27 14:41:55"}
{"level":"info","message":"   -> 🔍 Scan [external-link-count] | Target: \"10\" | Operator: \"Greater than\" | Actual: 17 | Result: ✅ MATCH","timestamp":"2026-06-27 14:41:55"}
{"level":"info","message":"   -> 🔍 Scan [incoming-link-count] | Target: \"5\" | Operator: \"Greater than\" | Actual: 21 | Result: ✅ MATCH","timestamp":"2026-06-27 14:41:55"}
{"level":"info","message":"   -> 🔍 Scan [heading-text] | Target: \"price\" (containing) | Operator: \"contains\" | Actual: [0 headings] | Result: ❌ NO MATCH","timestamp":"2026-06-27 14:41:55"}
{"level":"info","message":"   -> 🔍 Scan [header-text-length] | Target: \"80\" | Operator: \"Greater than\" | Actual: [0 headings] | Result: ❌ NO MATCH","timestamp":"2026-06-27 14:41:55"}
{"level":"info","message":"   -> 🔍 Scan [readability-level] | Target: \"12\" | Operator: \"Greater than\" | Actual: 0 | Result: ❌ NO MATCH","timestamp":"2026-06-27 14:41:55"}
{"level":"info","message":"   -> 🔍 Scan [meta-header] | Target: \"keyword\" (containing) | Operator: \"contains\" | Actual: [Content length: 16317] | Result: ❌ NO MATCH","timestamp":"2026-06-27 14:41:55"}
{"level":"info","message":"   -> 🔍 Scan [meta-header-length] | Target: \"160\" | Operator: \"Greater than\" | Actual: 160 | Result: ❌ NO MATCH","timestamp":"2026-06-27 14:41:55"}
{"level":"info","message":"   -> 🔍 Scan [page-html] | Target: \"<script>\" (containing) | Operator: \"contains\" | Actual: [Content length: 16317] | Result: ✅ MATCH","timestamp":"2026-06-27 14:41:55"}
{"level":"info","message":"   -> 🔍 Scan [text] | Target: \"jewellery\" (containing) | Operator: \"contains\" | Actual: [Content length: 16317] | Result: ✅ MATCH","timestamp":"2026-06-27 14:41:55"}
{"level":"info","message":"   -> 🔍 Scan [page-title] | Target: \"jewellery\" (containing) | Operator: \"contains\" | Actual: \"Jewellery Software | Jewellery\" | Result: ✅ MATCH","timestamp":"2026-06-27 14:41:55"}
{"level":"info","message":"   -> 🔍 Scan [page-title-length] | Target: \"60\" | Operator: \"Greater than\" | Actual: 60 | Result: ❌ NO MATCH","timestamp":"2026-06-27 14:41:55"}
{"level":"info","message":"   -> 🔍 Scan [page-url] | Target: \"shop\" (containing) | Operator: \"contains\" | Actual: \"https://omunim.com/jewellery-software\" | Result: ❌ NO MATCH","timestamp":"2026-06-27 14:41:55"}
{"level":"info","message":"   -> 🔍 Scan [link] | Target: \"contact\" (containing) | Operator: \"contains\" | Actual: [0 links] | Result: ❌ NO MATCH","timestamp":"2026-06-27 14:41:55"}
{"level":"info","message":"   -> 🔍 Scan [link-text] | Target: \"buy\" (containing) | Operator: \"contains\" | Actual: [0 links] | Result: ❌ NO MATCH","timestamp":"2026-06-27 14:41:55"}
{"level":"info","message":"   -> 🔍 Scan [link-text-length] | Target: \"50\" | Operator: \"Greater than\" | Actual: [0 links] | Result: ❌ NO MATCH","timestamp":"2026-06-27 14:41:55"}
{"level":"info","message":"   -> 🔍 Scan [file-size] | Target: \"5\" (MB) | Operator: \"Greater than\" | Actual: 2093.6181640625 | Result: ❌ NO MATCH","timestamp":"2026-06-27 14:41:55"}
{"level":"info","message":"   -> 🔍 Scan [image-size] | Target: \"100\" (KB) | Operator: \"Greater than\" | Actual: [104 images] | Result: ❌ NO MATCH","timestamp":"2026-06-27 14:41:55"}
{"level":"info","message":"   -> 🔍 Scan [image-text] | Target: \"logo\" (containing) | Operator: \"contains\" | Actual: [104 images] | Result: ❌ NO MATCH","timestamp":"2026-06-27 14:41:55"}
{"level":"info","message":"   -> 🔍 Scan [image-text-length] | Target: \"100\" | Operator: \"Greater than\" | Actual: [104 images] | Result: ❌ NO MATCH","timestamp":"2026-06-27 14:41:55"}
{"level":"info","message":"   -> 🔍 Scan [external-link-count] | Target: \"10\" | Operator: \"Greater than\" | Actual: 17 | Result: ✅ MATCH","timestamp":"2026-06-27 14:41:55"}
{"level":"info","message":"   -> 🔍 Scan [incoming-link-count] | Target: \"5\" | Operator: \"Greater than\" | Actual: 21 | Result: ✅ MATCH","timestamp":"2026-06-27 14:41:55"}
{"level":"info","message":"   -> 🔍 Scan [heading-text] | Target: \"price\" (containing) | Operator: \"contains\" | Actual: [0 headings] | Result: ❌ NO MATCH","timestamp":"2026-06-27 14:41:55"}
{"level":"info","message":"   -> 🔍 Scan [header-text-length] | Target: \"80\" | Operator: \"Greater than\" | Actual: [0 headings] | Result: ❌ NO MATCH","timestamp":"2026-06-27 14:41:55"}
{"level":"info","message":"   -> 🔍 Scan [readability-level] | Target: \"12\" | Operator: \"Greater than\" | Actual: 0 | Result: ❌ NO MATCH","timestamp":"2026-06-27 14:41:55"}
{"level":"info","message":"   -> 🔍 Scan [meta-header] | Target: \"keyword\" (containing) | Operator: \"contains\" | Actual: [Content length: 16317] | Result: ❌ NO MATCH","timestamp":"2026-06-27 14:41:55"}
{"level":"info","message":"   -> 🔍 Scan [meta-header-length] | Target: \"160\" | Operator: \"Greater than\" | Actual: 160 | Result: ❌ NO MATCH","timestamp":"2026-06-27 14:41:55"}
{"level":"info","message":"   -> 🔍 Scan [page-html] | Target: \"<script>\" (containing) | Operator: \"contains\" | Actual: [Content length: 16317] | Result: ✅ MATCH","timestamp":"2026-06-27 14:41:55"}
{"level":"info","message":"   -> 🔍 Scan [text] | Target: \"jewellery\" (containing) | Operator: \"contains\" | Actual: [Content length: 16317] | Result: ✅ MATCH","timestamp":"2026-06-27 14:41:55"}
{"level":"info","message":"   -> 🔍 Scan [page-title] | Target: \"jewellery\" (containing) | Operator: \"contains\" | Actual: \"Jewellery Software | Jewellery\" | Result: ✅ MATCH","timestamp":"2026-06-27 14:41:55"}
{"level":"info","message":"   -> 🔍 Scan [page-title-length] | Target: \"60\" | Operator: \"Greater than\" | Actual: 60 | Result: ❌ NO MATCH","timestamp":"2026-06-27 14:41:55"}
{"level":"info","message":"   -> 🔍 Scan [page-url] | Target: \"https://omunim.com/signin\" (containing) | Operator: \"contains\" | Actual: \"https://omunim.com/jewellery-software\" | Result: ❌ NO MATCH","timestamp":"2026-06-27 14:41:55"}
{"level":"info","message":"   -> 🔍 Scan [link] | Target: \"contact\" (containing) | Operator: \"contains\" | Actual: [0 links] | Result: ❌ NO MATCH","timestamp":"2026-06-27 14:41:55"}
{"level":"info","message":"   -> 🔍 Scan [link-text] | Target: \"buy\" (containing) | Operator: \"contains\" | Actual: [0 links] | Result: ❌ NO MATCH","timestamp":"2026-06-27 14:41:55"}
{"level":"info","message":"   -> 🔍 Scan [link-text-length] | Target: \"50\" | Operator: \"Greater than\" | Actual: [0 links] | Result: ❌ NO MATCH","timestamp":"2026-06-27 14:41:55"}
{"level":"info","message":"   -> 🔍 Scan [file-size] | Target: \"5\" (MB) | Operator: \"Greater than\" | Actual: 2093.6181640625 | Result: ❌ NO MATCH","timestamp":"2026-06-27 14:41:55"}
{"level":"info","message":"   -> 🔍 Scan [image-size] | Target: \"100\" (KB) | Operator: \"Greater than\" | Actual: [104 images] | Result: ❌ NO MATCH","timestamp":"2026-06-27 14:41:55"}
{"level":"info","message":"   -> 🔍 Scan [image-text] | Target: \"jewellery billing software\" (containing) | Operator: \"contains\" | Actual: [104 images] | Result: ❌ NO MATCH","timestamp":"2026-06-27 14:41:55"}
{"level":"info","message":"   -> 🔍 Scan [image-text-length] | Target: \"20\" | Operator: \"Greater than\" | Actual: [104 images] | Result: ❌ NO MATCH","timestamp":"2026-06-27 14:41:55"}
{"level":"info","message":"   -> 🔍 Scan [external-link-count] | Target: \"\" | Operator: \"Greater than\" | Actual: 17 | Result: ✅ MATCH","timestamp":"2026-06-27 14:41:55"}
{"level":"info","message":"   -> 🔍 Scan [incoming-link-count] | Target: \"5\" | Operator: \"Greater than\" | Actual: 21 | Result: ✅ MATCH","timestamp":"2026-06-27 14:41:55"}
{"level":"info","message":"   -> 🔍 Scan [heading-text] | Target: \"price\" (containing) | Operator: \"contains\" | Actual: [0 headings] | Result: ❌ NO MATCH","timestamp":"2026-06-27 14:41:55"}
{"level":"info","message":"   -> 🔍 Scan [header-text-length] | Target: \"80\" | Operator: \"Greater than\" | Actual: [0 headings] | Result: ❌ NO MATCH","timestamp":"2026-06-27 14:41:55"}
{"level":"info","message":"   -> 🔍 Scan [readability-level] | Target: \"12\" | Operator: \"Greater than\" | Actual: 0 | Result: ❌ NO MATCH","timestamp":"2026-06-27 14:41:55"}
{"level":"info","message":"   -> 🔍 Scan [meta-header] | Target: \"keyword\" (containing) | Operator: \"contains\" | Actual: [Content length: 16317] | Result: ❌ NO MATCH","timestamp":"2026-06-27 14:41:55"}
{"level":"info","message":"   -> 🔍 Scan [meta-header-length] | Target: \"160\" | Operator: \"Greater than\" | Actual: 160 | Result: ❌ NO MATCH","timestamp":"2026-06-27 14:41:55"}
{"level":"info","message":"   -> 🔍 Scan [page-html] | Target: \"<script>\" (containing) | Operator: \"contains\" | Actual: [Content length: 16317] | Result: ✅ MATCH","timestamp":"2026-06-27 14:41:55"}
{"level":"info","message":"   -> 🔍 Scan [text] | Target: \"jewellery\" (containing) | Operator: \"contains\" | Actual: [Content length: 4862] | Result: ✅ MATCH","timestamp":"2026-06-27 14:41:55"}
{"level":"info","message":"   -> 🔍 Scan [image-size] | Target: \"100\" (KB) | Operator: \"Greater than\" | Actual: [22 images] | Result: ✅ MATCH","timestamp":"2026-06-27 14:41:55"}
{"level":"info","message":"   -> 🔍 Scan [text] | Target: \"jewellery\" (containing) | Operator: \"contains\" | Actual: [Content length: 4862] | Result: ✅ MATCH","timestamp":"2026-06-27 14:41:55"}
{"level":"info","message":"   -> 🔍 Scan [page-title] | Target: \"jewellery\" (containing) | Operator: \"contains\" | Actual: \"Jewellery Software | Jewellery\" | Result: ✅ MATCH","timestamp":"2026-06-27 14:41:55"}
{"level":"info","message":"   -> 🔍 Scan [page-title-length] | Target: \"60\" | Operator: \"Greater than\" | Actual: 60 | Result: ❌ NO MATCH","timestamp":"2026-06-27 14:41:55"}
{"level":"info","message":"   -> 🔍 Scan [page-url] | Target: \"shop\" (containing) | Operator: \"contains\" | Actual: \"https://omunim.com/signin\" | Result: ❌ NO MATCH","timestamp":"2026-06-27 14:41:55"}
{"level":"info","message":"   -> 🔍 Scan [link] | Target: \"contact\" (containing) | Operator: \"contains\" | Actual: [0 links] | Result: ❌ NO MATCH","timestamp":"2026-06-27 14:41:55"}
{"level":"info","message":"   -> 🔍 Scan [link-text] | Target: \"buy\" (containing) | Operator: \"contains\" | Actual: [0 links] | Result: ❌ NO MATCH","timestamp":"2026-06-27 14:41:55"}
{"level":"info","message":"   -> 🔍 Scan [link-text-length] | Target: \"50\" | Operator: \"Greater than\" | Actual: [0 links] | Result: ❌ NO MATCH","timestamp":"2026-06-27 14:41:55"}
{"level":"info","message":"   -> 🔍 Scan [file-size] | Target: \"5\" (MB) | Operator: \"Greater than\" | Actual: 1484.4228515625 | Result: ❌ NO MATCH","timestamp":"2026-06-27 14:41:55"}
{"level":"info","message":"   -> 🔍 Scan [image-size] | Target: \"100\" (KB) | Operator: \"Greater than\" | Actual: [22 images] | Result: ✅ MATCH","timestamp":"2026-06-27 14:41:55"}
{"level":"info","message":"   -> 🔍 Scan [image-text] | Target: \"logo\" (containing) | Operator: \"contains\" | Actual: [22 images] | Result: ❌ NO MATCH","timestamp":"2026-06-27 14:41:55"}
{"level":"info","message":"   -> 🔍 Scan [image-text-length] | Target: \"100\" | Operator: \"Greater than\" | Actual: [22 images] | Result: ❌ NO MATCH","timestamp":"2026-06-27 14:41:55"}
{"level":"info","message":"   -> 🔍 Scan [external-link-count] | Target: \"10\" | Operator: \"Greater than\" | Actual: 13 | Result: ✅ MATCH","timestamp":"2026-06-27 14:41:55"}
{"level":"info","message":"   -> 🔍 Scan [incoming-link-count] | Target: \"5\" | Operator: \"Greater than\" | Actual: 18 | Result: ✅ MATCH","timestamp":"2026-06-27 14:41:55"}
{"level":"info","message":"   -> 🔍 Scan [heading-text] | Target: \"price\" (containing) | Operator: \"contains\" | Actual: [0 headings] | Result: ❌ NO MATCH","timestamp":"2026-06-27 14:41:55"}
{"level":"info","message":"   -> 🔍 Scan [header-text-length] | Target: \"80\" | Operator: \"Greater than\" | Actual: [0 headings] | Result: ❌ NO MATCH","timestamp":"2026-06-27 14:41:55"}
{"level":"info","message":"   -> 🔍 Scan [readability-level] | Target: \"12\" | Operator: \"Greater than\" | Actual: 0 | Result: ❌ NO MATCH","timestamp":"2026-06-27 14:41:55"}
{"level":"info","message":"   -> 🔍 Scan [meta-header] | Target: \"keyword\" (containing) | Operator: \"contains\" | Actual: [Content length: 4862] | Result: ❌ NO MATCH","timestamp":"2026-06-27 14:41:55"}
{"level":"info","message":"   -> 🔍 Scan [meta-header-length] | Target: \"160\" | Operator: \"Greater than\" | Actual: 160 | Result: ❌ NO MATCH","timestamp":"2026-06-27 14:41:55"}
{"level":"info","message":"   -> 🔍 Scan [page-html] | Target: \"<script>\" (containing) | Operator: \"contains\" | Actual: [Content length: 4862] | Result: ✅ MATCH","timestamp":"2026-06-27 14:41:55"}
{"level":"info","message":"   -> 🔍 Scan [text] | Target: \"jewellery\" (containing) | Operator: \"contains\" | Actual: [Content length: 4862] | Result: ✅ MATCH","timestamp":"2026-06-27 14:41:55"}
{"level":"info","message":"   -> 🔍 Scan [page-title] | Target: \"jewellery\" (containing) | Operator: \"contains\" | Actual: \"Jewellery Software | Jewellery\" | Result: ✅ MATCH","timestamp":"2026-06-27 14:41:55"}
{"level":"info","message":"   -> 🔍 Scan [page-title-length] | Target: \"60\" | Operator: \"Greater than\" | Actual: 60 | Result: ❌ NO MATCH","timestamp":"2026-06-27 14:41:55"}
{"level":"info","message":"   -> 🔍 Scan [page-url] | Target: \"shop\" (containing) | Operator: \"contains\" | Actual: \"https://omunim.com/signin\" | Result: ❌ NO MATCH","timestamp":"2026-06-27 14:41:55"}
{"level":"info","message":"   -> 🔍 Scan [link] | Target: \"contact\" (containing) | Operator: \"contains\" | Actual: [0 links] | Result: ❌ NO MATCH","timestamp":"2026-06-27 14:41:55"}
{"level":"info","message":"   -> 🔍 Scan [link-text] | Target: \"buy\" (containing) | Operator: \"contains\" | Actual: [0 links] | Result: ❌ NO MATCH","timestamp":"2026-06-27 14:41:55"}
{"level":"info","message":"   -> 🔍 Scan [link-text-length] | Target: \"50\" | Operator: \"Greater than\" | Actual: [0 links] | Result: ❌ NO MATCH","timestamp":"2026-06-27 14:41:55"}
{"level":"info","message":"   -> 🔍 Scan [file-size] | Target: \"5\" (MB) | Operator: \"Greater than\" | Actual: 1484.4228515625 | Result: ❌ NO MATCH","timestamp":"2026-06-27 14:41:55"}
{"level":"info","message":"   -> 🔍 Scan [image-size] | Target: \"100\" (KB) | Operator: \"Greater than\" | Actual: [22 images] | Result: ✅ MATCH","timestamp":"2026-06-27 14:41:55"}
{"level":"info","message":"   -> 🔍 Scan [image-text] | Target: \"logo\" (containing) | Operator: \"contains\" | Actual: [22 images] | Result: ❌ NO MATCH","timestamp":"2026-06-27 14:41:55"}
{"level":"info","message":"   -> 🔍 Scan [image-text-length] | Target: \"100\" | Operator: \"Greater than\" | Actual: [22 images] | Result: ❌ NO MATCH","timestamp":"2026-06-27 14:41:55"}
{"level":"info","message":"   -> 🔍 Scan [external-link-count] | Target: \"10\" | Operator: \"Greater than\" | Actual: 13 | Result: ✅ MATCH","timestamp":"2026-06-27 14:41:55"}
{"level":"info","message":"   -> 🔍 Scan [incoming-link-count] | Target: \"5\" | Operator: \"Greater than\" | Actual: 18 | Result: ✅ MATCH","timestamp":"2026-06-27 14:41:55"}
{"level":"info","message":"   -> 🔍 Scan [heading-text] | Target: \"price\" (containing) | Operator: \"contains\" | Actual: [0 headings] | Result: ❌ NO MATCH","timestamp":"2026-06-27 14:41:55"}
{"level":"info","message":"   -> 🔍 Scan [header-text-length] | Target: \"80\" | Operator: \"Greater than\" | Actual: [0 headings] | Result: ❌ NO MATCH","timestamp":"2026-06-27 14:41:55"}
{"level":"info","message":"   -> 🔍 Scan [readability-level] | Target: \"12\" | Operator: \"Greater than\" | Actual: 0 | Result: ❌ NO MATCH","timestamp":"2026-06-27 14:41:55"}
{"level":"info","message":"   -> 🔍 Scan [meta-header] | Target: \"keyword\" (containing) | Operator: \"contains\" | Actual: [Content length: 4862] | Result: ❌ NO MATCH","timestamp":"2026-06-27 14:41:55"}
{"level":"info","message":"   -> 🔍 Scan [meta-header-length] | Target: \"160\" | Operator: \"Greater than\" | Actual: 160 | Result: ❌ NO MATCH","timestamp":"2026-06-27 14:41:55"}
{"level":"info","message":"   -> 🔍 Scan [page-html] | Target: \"<script>\" (containing) | Operator: \"contains\" | Actual: [Content length: 4862] | Result: ✅ MATCH","timestamp":"2026-06-27 14:41:55"}
{"level":"info","message":"   -> 🔍 Scan [text] | Target: \"jewellery\" (containing) | Operator: \"contains\" | Actual: [Content length: 4862] | Result: ✅ MATCH","timestamp":"2026-06-27 14:41:55"}
{"level":"info","message":"   -> 🔍 Scan [page-title] | Target: \"jewellery\" (containing) | Operator: \"contains\" | Actual: \"Jewellery Software | Jewellery\" | Result: ✅ MATCH","timestamp":"2026-06-27 14:41:55"}
{"level":"info","message":"   -> 🔍 Scan [page-title-length] | Target: \"60\" | Operator: \"Greater than\" | Actual: 60 | Result: ❌ NO MATCH","timestamp":"2026-06-27 14:41:55"}
{"level":"info","message":"   -> 🔍 Scan [page-url] | Target: \"https://omunim.com/signin\" (containing) | Operator: \"contains\" | Actual: \"https://omunim.com/signin\" | Result: ✅ MATCH","timestamp":"2026-06-27 14:41:55"}
{"level":"info","message":"   -> 🔍 Scan [link] | Target: \"contact\" (containing) | Operator: \"contains\" | Actual: [0 links] | Result: ❌ NO MATCH","timestamp":"2026-06-27 14:41:55"}
{"level":"info","message":"   -> 🔍 Scan [link-text] | Target: \"buy\" (containing) | Operator: \"contains\" | Actual: [0 links] | Result: ❌ NO MATCH","timestamp":"2026-06-27 14:41:55"}
{"level":"info","message":"   -> 🔍 Scan [link-text-length] | Target: \"50\" | Operator: \"Greater than\" | Actual: [0 links] | Result: ❌ NO MATCH","timestamp":"2026-06-27 14:41:55"}
{"level":"info","message":"   -> 🔍 Scan [file-size] | Target: \"5\" (MB) | Operator: \"Greater than\" | Actual: 1484.4228515625 | Result: ❌ NO MATCH","timestamp":"2026-06-27 14:41:55"}
{"level":"info","message":"   -> 🔍 Scan [image-size] | Target: \"100\" (KB) | Operator: \"Greater than\" | Actual: [22 images] | Result: ✅ MATCH","timestamp":"2026-06-27 14:41:55"}
{"level":"info","message":"   -> 🔍 Scan [image-text] | Target: \"jewellery billing software\" (containing) | Operator: \"contains\" | Actual: [22 images] | Result: ❌ NO MATCH","timestamp":"2026-06-27 14:41:55"}
{"level":"info","message":"   -> 🔍 Scan [image-text-length] | Target: \"20\" | Operator: \"Greater than\" | Actual: [22 images] | Result: ❌ NO MATCH","timestamp":"2026-06-27 14:41:55"}
{"level":"info","message":"   -> 🔍 Scan [external-link-count] | Target: \"\" | Operator: \"Greater than\" | Actual: 13 | Result: ✅ MATCH","timestamp":"2026-06-27 14:41:55"}
{"level":"info","message":"   -> 🔍 Scan [incoming-link-count] | Target: \"5\" | Operator: \"Greater than\" | Actual: 18 | Result: ✅ MATCH","timestamp":"2026-06-27 14:41:55"}
{"level":"info","message":"   -> 🔍 Scan [heading-text] | Target: \"price\" (containing) | Operator: \"contains\" | Actual: [0 headings] | Result: ❌ NO MATCH","timestamp":"2026-06-27 14:41:55"}
{"level":"info","message":"   -> 🔍 Scan [header-text-length] | Target: \"80\" | Operator: \"Greater than\" | Actual: [0 headings] | Result: ❌ NO MATCH","timestamp":"2026-06-27 14:41:55"}
{"level":"info","message":"   -> 🔍 Scan [readability-level] | Target: \"12\" | Operator: \"Greater than\" | Actual: 0 | Result: ❌ NO MATCH","timestamp":"2026-06-27 14:41:55"}
{"level":"info","message":"   -> 🔍 Scan [meta-header] | Target: \"keyword\" (containing) | Operator: \"contains\" | Actual: [Content length: 4862] | Result: ❌ NO MATCH","timestamp":"2026-06-27 14:41:55"}
{"level":"info","message":"   -> 🔍 Scan [meta-header-length] | Target: \"160\" | Operator: \"Greater than\" | Actual: 160 | Result: ❌ NO MATCH","timestamp":"2026-06-27 14:41:55"}
{"level":"info","message":"   -> 🔍 Scan [page-html] | Target: \"<script>\" (containing) | Operator: \"contains\" | Actual: [Content length: 4862] | Result: ✅ MATCH","timestamp":"2026-06-27 14:41:55"}
{"level":"info","message":"   -> 🔍 Scan [text] | Target: \"jewellery\" (containing) | Operator: \"contains\" | Actual: [Content length: 16317] | Result: ✅ MATCH","timestamp":"2026-06-27 14:41:55"}
{"level":"info","message":"   -> 🔍 Scan [image-size] | Target: \"100\" (KB) | Operator: \"Greater than\" | Actual: [104 images] | Result: ❌ NO MATCH","timestamp":"2026-06-27 14:41:55"}
{"level":"info","message":"   -> 🔍 Scan [text] | Target: \"jewellery\" (containing) | Operator: \"contains\" | Actual: [Content length: 16317] | Result: ✅ MATCH","timestamp":"2026-06-27 14:41:55"}
{"level":"info","message":"   -> 🔍 Scan [page-title] | Target: \"jewellery\" (containing) | Operator: \"contains\" | Actual: \"Jewellery Software | Jewellery\" | Result: ✅ MATCH","timestamp":"2026-06-27 14:41:55"}
{"level":"info","message":"   -> 🔍 Scan [page-title-length] | Target: \"60\" | Operator: \"Greater than\" | Actual: 60 | Result: ❌ NO MATCH","timestamp":"2026-06-27 14:41:55"}
{"level":"info","message":"   -> 🔍 Scan [page-url] | Target: \"shop\" (containing) | Operator: \"contains\" | Actual: \"https://omunim.com/\" | Result: ❌ NO MATCH","timestamp":"2026-06-27 14:41:55"}
{"level":"info","message":"   -> 🔍 Scan [link] | Target: \"contact\" (containing) | Operator: \"contains\" | Actual: [0 links] | Result: ❌ NO MATCH","timestamp":"2026-06-27 14:41:55"}
{"level":"info","message":"   -> 🔍 Scan [link-text] | Target: \"buy\" (containing) | Operator: \"contains\" | Actual: [0 links] | Result: ❌ NO MATCH","timestamp":"2026-06-27 14:41:55"}
{"level":"info","message":"   -> 🔍 Scan [link-text-length] | Target: \"50\" | Operator: \"Greater than\" | Actual: [0 links] | Result: ❌ NO MATCH","timestamp":"2026-06-27 14:41:55"}
{"level":"info","message":"   -> 🔍 Scan [file-size] | Target: \"5\" (MB) | Operator: \"Greater than\" | Actual: 2093.4384765625 | Result: ❌ NO MATCH","timestamp":"2026-06-27 14:41:55"}
{"level":"info","message":"   -> 🔍 Scan [image-size] | Target: \"100\" (KB) | Operator: \"Greater than\" | Actual: [104 images] | Result: ❌ NO MATCH","timestamp":"2026-06-27 14:41:55"}
{"level":"info","message":"   -> 🔍 Scan [image-text] | Target: \"logo\" (containing) | Operator: \"contains\" | Actual: [104 images] | Result: ❌ NO MATCH","timestamp":"2026-06-27 14:41:55"}
{"level":"info","message":"   -> 🔍 Scan [image-text-length] | Target: \"100\" | Operator: \"Greater than\" | Actual: [104 images] | Result: ❌ NO MATCH","timestamp":"2026-06-27 14:41:55"}
{"level":"info","message":"   -> 🔍 Scan [external-link-count] | Target: \"10\" | Operator: \"Greater than\" | Actual: 17 | Result: ✅ MATCH","timestamp":"2026-06-27 14:41:55"}
{"level":"info","message":"   -> 🔍 Scan [incoming-link-count] | Target: \"5\" | Operator: \"Greater than\" | Actual: 21 | Result: ✅ MATCH","timestamp":"2026-06-27 14:41:55"}
{"level":"info","message":"   -> 🔍 Scan [heading-text] | Target: \"price\" (containing) | Operator: \"contains\" | Actual: [0 headings] | Result: ❌ NO MATCH","timestamp":"2026-06-27 14:41:55"}
{"level":"info","message":"   -> 🔍 Scan [header-text-length] | Target: \"80\" | Operator: \"Greater than\" | Actual: [0 headings] | Result: ❌ NO MATCH","timestamp":"2026-06-27 14:41:55"}
{"level":"info","message":"   -> 🔍 Scan [readability-level] | Target: \"12\" | Operator: \"Greater than\" | Actual: 0 | Result: ❌ NO MATCH","timestamp":"2026-06-27 14:41:55"}
{"level":"info","message":"   -> 🔍 Scan [meta-header] | Target: \"keyword\" (containing) | Operator: \"contains\" | Actual: [Content length: 16317] | Result: ❌ NO MATCH","timestamp":"2026-06-27 14:41:55"}
{"level":"info","message":"   -> 🔍 Scan [meta-header-length] | Target: \"160\" | Operator: \"Greater than\" | Actual: 160 | Result: ❌ NO MATCH","timestamp":"2026-06-27 14:41:55"}
{"level":"info","message":"   -> 🔍 Scan [page-html] | Target: \"<script>\" (containing) | Operator: \"contains\" | Actual: [Content length: 16317] | Result: ✅ MATCH","timestamp":"2026-06-27 14:41:55"}
{"level":"info","message":"   -> 🔍 Scan [text] | Target: \"jewellery\" (containing) | Operator: \"contains\" | Actual: [Content length: 16317] | Result: ✅ MATCH","timestamp":"2026-06-27 14:41:55"}
{"level":"info","message":"   -> 🔍 Scan [page-title] | Target: \"jewellery\" (containing) | Operator: \"contains\" | Actual: \"Jewellery Software | Jewellery\" | Result: ✅ MATCH","timestamp":"2026-06-27 14:41:55"}
{"level":"info","message":"   -> 🔍 Scan [page-title-length] | Target: \"60\" | Operator: \"Greater than\" | Actual: 60 | Result: ❌ NO MATCH","timestamp":"2026-06-27 14:41:55"}
{"level":"info","message":"   -> 🔍 Scan [page-url] | Target: \"shop\" (containing) | Operator: \"contains\" | Actual: \"https://omunim.com/\" | Result: ❌ NO MATCH","timestamp":"2026-06-27 14:41:55"}
{"level":"info","message":"   -> 🔍 Scan [link] | Target: \"contact\" (containing) | Operator: \"contains\" | Actual: [0 links] | Result: ❌ NO MATCH","timestamp":"2026-06-27 14:41:55"}
{"level":"info","message":"   -> 🔍 Scan [link-text] | Target: \"buy\" (containing) | Operator: \"contains\" | Actual: [0 links] | Result: ❌ NO MATCH","timestamp":"2026-06-27 14:41:55"}
{"level":"info","message":"   -> 🔍 Scan [link-text-length] | Target: \"50\" | Operator: \"Greater than\" | Actual: [0 links] | Result: ❌ NO MATCH","timestamp":"2026-06-27 14:41:55"}
{"level":"info","message":"   -> 🔍 Scan [file-size] | Target: \"5\" (MB) | Operator: \"Greater than\" | Actual: 2093.4384765625 | Result: ❌ NO MATCH","timestamp":"2026-06-27 14:41:55"}
{"level":"info","message":"   -> 🔍 Scan [image-size] | Target: \"100\" (KB) | Operator: \"Greater than\" | Actual: [104 images] | Result: ❌ NO MATCH","timestamp":"2026-06-27 14:41:55"}
{"level":"info","message":"   -> 🔍 Scan [image-text] | Target: \"logo\" (containing) | Operator: \"contains\" | Actual: [104 images] | Result: ❌ NO MATCH","timestamp":"2026-06-27 14:41:55"}
{"level":"info","message":"   -> 🔍 Scan [image-text-length] | Target: \"100\" | Operator: \"Greater than\" | Actual: [104 images] | Result: ❌ NO MATCH","timestamp":"2026-06-27 14:41:55"}
{"level":"info","message":"   -> 🔍 Scan [external-link-count] | Target: \"10\" | Operator: \"Greater than\" | Actual: 17 | Result: ✅ MATCH","timestamp":"2026-06-27 14:41:55"}
{"level":"info","message":"   -> 🔍 Scan [incoming-link-count] | Target: \"5\" | Operator: \"Greater than\" | Actual: 21 | Result: ✅ MATCH","timestamp":"2026-06-27 14:41:55"}
{"level":"info","message":"   -> 🔍 Scan [heading-text] | Target: \"price\" (containing) | Operator: \"contains\" | Actual: [0 headings] | Result: ❌ NO MATCH","timestamp":"2026-06-27 14:41:55"}
{"level":"info","message":"   -> 🔍 Scan [header-text-length] | Target: \"80\" | Operator: \"Greater than\" | Actual: [0 headings] | Result: ❌ NO MATCH","timestamp":"2026-06-27 14:41:55"}
{"level":"info","message":"   -> 🔍 Scan [readability-level] | Target: \"12\" | Operator: \"Greater than\" | Actual: 0 | Result: ❌ NO MATCH","timestamp":"2026-06-27 14:41:55"}
{"level":"info","message":"   -> 🔍 Scan [meta-header] | Target: \"keyword\" (containing) | Operator: \"contains\" | Actual: [Content length: 16317] | Result: ❌ NO MATCH","timestamp":"2026-06-27 14:41:55"}
{"level":"info","message":"   -> 🔍 Scan [meta-header-length] | Target: \"160\" | Operator: \"Greater than\" | Actual: 160 | Result: ❌ NO MATCH","timestamp":"2026-06-27 14:41:55"}
{"level":"info","message":"   -> 🔍 Scan [page-html] | Target: \"<script>\" (containing) | Operator: \"contains\" | Actual: [Content length: 16317] | Result: ✅ MATCH","timestamp":"2026-06-27 14:41:55"}
{"level":"info","message":"   -> 🔍 Scan [text] | Target: \"jewellery\" (containing) | Operator: \"contains\" | Actual: [Content length: 16317] | Result: ✅ MATCH","timestamp":"2026-06-27 14:41:55"}
{"level":"info","message":"   -> 🔍 Scan [page-title] | Target: \"jewellery\" (containing) | Operator: \"contains\" | Actual: \"Jewellery Software | Jewellery\" | Result: ✅ MATCH","timestamp":"2026-06-27 14:41:55"}
{"level":"info","message":"   -> 🔍 Scan [page-title-length] | Target: \"60\" | Operator: \"Greater than\" | Actual: 60 | Result: ❌ NO MATCH","timestamp":"2026-06-27 14:41:55"}
{"level":"info","message":"   -> 🔍 Scan [page-url] | Target: \"https://omunim.com/signin\" (containing) | Operator: \"contains\" | Actual: \"https://omunim.com/\" | Result: ❌ NO MATCH","timestamp":"2026-06-27 14:41:55"}
{"level":"info","message":"   -> 🔍 Scan [link] | Target: \"contact\" (containing) | Operator: \"contains\" | Actual: [0 links] | Result: ❌ NO MATCH","timestamp":"2026-06-27 14:41:55"}
{"level":"info","message":"   -> 🔍 Scan [link-text] | Target: \"buy\" (containing) | Operator: \"contains\" | Actual: [0 links] | Result: ❌ NO MATCH","timestamp":"2026-06-27 14:41:55"}
{"level":"info","message":"   -> 🔍 Scan [link-text-length] | Target: \"50\" | Operator: \"Greater than\" | Actual: [0 links] | Result: ❌ NO MATCH","timestamp":"2026-06-27 14:41:55"}
{"level":"info","message":"   -> 🔍 Scan [file-size] | Target: \"5\" (MB) | Operator: \"Greater than\" | Actual: 2093.4384765625 | Result: ❌ NO MATCH","timestamp":"2026-06-27 14:41:55"}
{"level":"info","message":"   -> 🔍 Scan [image-size] | Target: \"100\" (KB) | Operator: \"Greater than\" | Actual: [104 images] | Result: ❌ NO MATCH","timestamp":"2026-06-27 14:41:55"}
{"level":"info","message":"   -> 🔍 Scan [image-text] | Target: \"jewellery billing software\" (containing) | Operator: \"contains\" | Actual: [104 images] | Result: ❌ NO MATCH","timestamp":"2026-06-27 14:41:55"}
{"level":"info","message":"   -> 🔍 Scan [image-text-length] | Target: \"20\" | Operator: \"Greater than\" | Actual: [104 images] | Result: ❌ NO MATCH","timestamp":"2026-06-27 14:41:55"}
{"level":"info","message":"   -> 🔍 Scan [external-link-count] | Target: \"\" | Operator: \"Greater than\" | Actual: 17 | Result: ✅ MATCH","timestamp":"2026-06-27 14:41:55"}
{"level":"info","message":"   -> 🔍 Scan [incoming-link-count] | Target: \"5\" | Operator: \"Greater than\" | Actual: 21 | Result: ✅ MATCH","timestamp":"2026-06-27 14:41:55"}
{"level":"info","message":"   -> 🔍 Scan [heading-text] | Target: \"price\" (containing) | Operator: \"contains\" | Actual: [0 headings] | Result: ❌ NO MATCH","timestamp":"2026-06-27 14:41:55"}
{"level":"info","message":"   -> 🔍 Scan [header-text-length] | Target: \"80\" | Operator: \"Greater than\" | Actual: [0 headings] | Result: ❌ NO MATCH","timestamp":"2026-06-27 14:41:55"}
{"level":"info","message":"   -> 🔍 Scan [readability-level] | Target: \"12\" | Operator: \"Greater than\" | Actual: 0 | Result: ❌ NO MATCH","timestamp":"2026-06-27 14:41:55"}
{"level":"info","message":"   -> 🔍 Scan [meta-header] | Target: \"keyword\" (containing) | Operator: \"contains\" | Actual: [Content length: 16317] | Result: ❌ NO MATCH","timestamp":"2026-06-27 14:41:55"}
{"level":"info","message":"   -> 🔍 Scan [meta-header-length] | Target: \"160\" | Operator: \"Greater than\" | Actual: 160 | Result: ❌ NO MATCH","timestamp":"2026-06-27 14:41:55"}
{"level":"info","message":"   -> 🔍 Scan [page-html] | Target: \"<script>\" (containing) | Operator: \"contains\" | Actual: [Content length: 16317] | Result: ✅ MATCH","timestamp":"2026-06-27 14:41:55"}
{"level":"info","message":"🚨 [omunim] Saved 57 policy hits to database tenant_sbi.","timestamp":"2026-06-27 14:41:55"}
{"level":"info","message":"📊 [omunim] Saved PolicySummary snapshot.","timestamp":"2026-06-27 14:41:56"}
{"level":"info","message":"✅ Policy scan completed for omunim in 1968ms","timestamp":"2026-06-27 14:41:56"}
{"level":"info","message":"Job 3 (omunim) completed successfully.","timestamp":"2026-06-27 14:41:56"}
{"level":"info","message":"[Job repeat:c10eea93bf68cc56fd5c63b351df3d32:1782551520000] 🚀 Executing scheduled global orchestration...","timestamp":"2026-06-27 14:42:00"}
{"level":"info","message":"Orchestrator: Starting global scan orchestration... ","timestamp":"2026-06-27 14:42:00"}
{"level":"info","message":"🔗 Connecting to MASTER database: master","timestamp":"2026-06-27 14:42:00"}
{"level":"info","message":"Orchestrator: Found 2 tenants to process.","timestamp":"2026-06-27 14:42:01"}
{"level":"info","message":"📁 Switching to CLIENT database: tenant_rbi (Tenant: rbi)","timestamp":"2026-06-27 14:42:01"}
{"level":"info","message":"Orchestrator: No domains found for tenant rbi (excluding those currently scanning).","timestamp":"2026-06-27 14:42:01"}
{"level":"info","message":"📁 Switching to CLIENT database: tenant_sbi (Tenant: sbi)","timestamp":"2026-06-27 14:42:01"}
{"level":"info","message":"Orchestrator: No domains found for tenant sbi (excluding those currently scanning).","timestamp":"2026-06-27 14:42:01"}
{"level":"info","message":"Orchestrator: Master DB connection closed.","timestamp":"2026-06-27 14:42:01"}
{"level":"info","message":"✅ Orchestrator: Finished. Total jobs enqueued: 0","timestamp":"2026-06-27 14:42:01"}
{"level":"info","message":"Job repeat:c10eea93bf68cc56fd5c63b351df3d32:1782551520000 (Orchestrator) completed successfully.","timestamp":"2026-06-27 14:42:01"}
{"level":"info","message":"🔍 [Scraper] HTML length: 77167 | Body length: 20046 | Total <a> tags: 65","timestamp":"2026-06-27 14:42:09"}
{"level":"info","message":"🔗 [Link Extraction] Page: https://omunim.com/ | hostNorm: omunim.com | Found 65 total links (21 internal)","timestamp":"2026-06-27 14:42:09"}
{"level":"info","message":"[Job 5] 🔍 Starting scan for: https://omunim.com/","timestamp":"2026-06-27 14:42:19"}
{"level":"info","message":"[https://omunim.com/] Checking domain status for ID: 69fed1b9ce195e92e93ad3ad. Found: true, Deleted: false, Archived: false, Status: active","timestamp":"2026-06-27 14:42:19"}
{"level":"info","message":"🔍 [Crawl] Queue: 0 | Visited: 1 | Scanning: https://omunim.com/","timestamp":"2026-06-27 14:42:20"}
{"level":"info","message":"🔍 [Domain: omunim.com] [Page 1/4] Scanning: https://omunim.com/","timestamp":"2026-06-27 14:42:20"}
{"level":"info","message":"🚀 [PageSpeed API] Fetching metrics for https://omunim.com/...","timestamp":"2026-06-27 14:42:20"}
{"level":"info","message":"🔍 [Scraper] HTML length: 77167 | Body length: 20046 | Total <a> tags: 65","timestamp":"2026-06-27 14:42:40"}
{"level":"info","message":"🔗 [Link Extraction] Page: https://omunim.com/ | hostNorm: omunim.com | Found 65 total links (21 internal)","timestamp":"2026-06-27 14:42:40"}
{"level":"info","message":"🚀 [PageSpeed API] Fetching metrics for https://omunim.com/...","timestamp":"2026-06-27 14:42:49"}
{"level":"info","message":"✅ [PageSpeed API] Score for https://omunim.com/: 57","timestamp":"2026-06-27 14:42:51"}
{"level":"info","message":"📊 [Lighthouse] Results for https://omunim.com/: Performance: 57, SEO: 92, Accessibility: 78","timestamp":"2026-06-27 14:42:51"}
{"level":"info","message":"🔍 [Domain: omunim.com] [Page 1/4] Found 21 internal links on https://omunim.com/","timestamp":"2026-06-27 14:42:52"}
{"level":"info","message":"➕ [Queue] Adding: https://omunim.com/jewellery-software (targetHost: omunim.com, hostNorm: omunim.com)","timestamp":"2026-06-27 14:42:52"}
{"level":"info","message":"➕ [Queue] Adding: https://omunim.com/signin (targetHost: omunim.com, hostNorm: omunim.com)","timestamp":"2026-06-27 14:42:52"}
{"level":"info","message":"➕ [Queue] Adding: https://omunim.com/jewellery-billing-software (targetHost: omunim.com, hostNorm: omunim.com)","timestamp":"2026-06-27 14:42:52"}
{"level":"info","message":"➕ [Queue] Adding: https://omunim.com/gold-loan-software (targetHost: omunim.com, hostNorm: omunim.com)","timestamp":"2026-06-27 14:42:52"}
{"level":"info","message":"➕ [Queue] Adding: https://omunim.com/jewellery-mobile-app (targetHost: omunim.com, hostNorm: omunim.com)","timestamp":"2026-06-27 14:42:52"}
{"level":"info","message":"➕ [Queue] Adding: https://omunim.com/ecommerce (targetHost: omunim.com, hostNorm: omunim.com)","timestamp":"2026-06-27 14:42:52"}
{"level":"info","message":"➕ [Queue] Adding: https://omunim.com/jewellery-videos (targetHost: omunim.com, hostNorm: omunim.com)","timestamp":"2026-06-27 14:42:52"}
{"level":"info","message":"➕ [Queue] Adding: https://omunim.com/all-features (targetHost: omunim.com, hostNorm: omunim.com)","timestamp":"2026-06-27 14:42:52"}
{"level":"info","message":"➕ [Queue] Adding: https://omunim.com/jewellery-billing-software-free (targetHost: omunim.com, hostNorm: omunim.com)","timestamp":"2026-06-27 14:42:52"}
{"level":"info","message":"➕ [Queue] Adding: https://omunim.com/best-jewellery-software (targetHost: omunim.com, hostNorm: omunim.com)","timestamp":"2026-06-27 14:42:52"}
{"level":"info","message":"➕ [Queue] Adding: https://omunim.com/top-10-jewellery-software (targetHost: omunim.com, hostNorm: omunim.com)","timestamp":"2026-06-27 14:42:52"}
{"level":"info","message":"➕ [Queue] Adding: https://omunim.com/downloads (targetHost: omunim.com, hostNorm: omunim.com)","timestamp":"2026-06-27 14:42:52"}
{"level":"info","message":"➕ [Queue] Adding: https://omunim.com/aboutus (targetHost: omunim.com, hostNorm: omunim.com)","timestamp":"2026-06-27 14:42:52"}
{"level":"info","message":"➕ [Queue] Adding: https://omunim.com/contactus (targetHost: omunim.com, hostNorm: omunim.com)","timestamp":"2026-06-27 14:42:52"}
{"level":"info","message":"➕ [Queue] Adding: https://omunim.com/career (targetHost: omunim.com, hostNorm: omunim.com)","timestamp":"2026-06-27 14:42:52"}
{"level":"info","message":"➕ [Queue] Adding: https://omunim.com/faq (targetHost: omunim.com, hostNorm: omunim.com)","timestamp":"2026-06-27 14:42:52"}
{"level":"info","message":"➕ [Queue] Adding: https://omunim.com/feedback (targetHost: omunim.com, hostNorm: omunim.com)","timestamp":"2026-06-27 14:42:52"}
{"level":"info","message":"➕ [Queue] Adding: https://omunim.com/terms (targetHost: omunim.com, hostNorm: omunim.com)","timestamp":"2026-06-27 14:42:52"}
{"level":"info","message":"➕ [Queue] Adding: https://omunim.com/privacypolicy (targetHost: omunim.com, hostNorm: omunim.com)","timestamp":"2026-06-27 14:42:52"}
{"level":"info","message":"➕ [Queue] Adding: https://omunim.com/site-map (targetHost: omunim.com, hostNorm: omunim.com)","timestamp":"2026-06-27 14:42:52"}
{"level":"info","message":"🔍 [Crawl] Queue: 19 | Visited: 2 | Scanning: https://omunim.com/jewellery-software","timestamp":"2026-06-27 14:42:52"}
{"level":"info","message":"🔍 [Domain: omunim.com] [Page 2/4] Scanning: https://omunim.com/jewellery-software","timestamp":"2026-06-27 14:42:52"}
{"level":"info","message":"✅ [PageSpeed API] Score for https://omunim.com/: 57","timestamp":"2026-06-27 14:42:52"}
{"level":"info","message":"📊 [Lighthouse] Results for https://omunim.com/: Performance: 57, SEO: 92, Accessibility: 78","timestamp":"2026-06-27 14:42:52"}
{"level":"info","message":"🔍 [Domain: omunim.com] [Page 1/4] Found 21 internal links on https://omunim.com/","timestamp":"2026-06-27 14:42:53"}
{"level":"info","message":"➕ [Queue] Adding: https://omunim.com/jewellery-software (targetHost: omunim.com, hostNorm: omunim.com)","timestamp":"2026-06-27 14:42:53"}
{"level":"info","message":"➕ [Queue] Adding: https://omunim.com/signin (targetHost: omunim.com, hostNorm: omunim.com)","timestamp":"2026-06-27 14:42:53"}
{"level":"info","message":"➕ [Queue] Adding: https://omunim.com/jewellery-billing-software (targetHost: omunim.com, hostNorm: omunim.com)","timestamp":"2026-06-27 14:42:53"}
{"level":"info","message":"➕ [Queue] Adding: https://omunim.com/gold-loan-software (targetHost: omunim.com, hostNorm: omunim.com)","timestamp":"2026-06-27 14:42:53"}
{"level":"info","message":"➕ [Queue] Adding: https://omunim.com/jewellery-mobile-app (targetHost: omunim.com, hostNorm: omunim.com)","timestamp":"2026-06-27 14:42:53"}
{"level":"info","message":"➕ [Queue] Adding: https://omunim.com/ecommerce (targetHost: omunim.com, hostNorm: omunim.com)","timestamp":"2026-06-27 14:42:53"}
{"level":"info","message":"➕ [Queue] Adding: https://omunim.com/jewellery-videos (targetHost: omunim.com, hostNorm: omunim.com)","timestamp":"2026-06-27 14:42:53"}
{"level":"info","message":"➕ [Queue] Adding: https://omunim.com/all-features (targetHost: omunim.com, hostNorm: omunim.com)","timestamp":"2026-06-27 14:42:53"}
{"level":"info","message":"➕ [Queue] Adding: https://omunim.com/jewellery-billing-software-free (targetHost: omunim.com, hostNorm: omunim.com)","timestamp":"2026-06-27 14:42:53"}
{"level":"info","message":"➕ [Queue] Adding: https://omunim.com/best-jewellery-software (targetHost: omunim.com, hostNorm: omunim.com)","timestamp":"2026-06-27 14:42:53"}
{"level":"info","message":"➕ [Queue] Adding: https://omunim.com/top-10-jewellery-software (targetHost: omunim.com, hostNorm: omunim.com)","timestamp":"2026-06-27 14:42:53"}
{"level":"info","message":"➕ [Queue] Adding: https://omunim.com/downloads (targetHost: omunim.com, hostNorm: omunim.com)","timestamp":"2026-06-27 14:42:53"}
{"level":"info","message":"➕ [Queue] Adding: https://omunim.com/aboutus (targetHost: omunim.com, hostNorm: omunim.com)","timestamp":"2026-06-27 14:42:53"}
{"level":"info","message":"➕ [Queue] Adding: https://omunim.com/contactus (targetHost: omunim.com, hostNorm: omunim.com)","timestamp":"2026-06-27 14:42:53"}
{"level":"info","message":"➕ [Queue] Adding: https://omunim.com/career (targetHost: omunim.com, hostNorm: omunim.com)","timestamp":"2026-06-27 14:42:53"}
{"level":"info","message":"➕ [Queue] Adding: https://omunim.com/faq (targetHost: omunim.com, hostNorm: omunim.com)","timestamp":"2026-06-27 14:42:53"}
{"level":"info","message":"➕ [Queue] Adding: https://omunim.com/feedback (targetHost: omunim.com, hostNorm: omunim.com)","timestamp":"2026-06-27 14:42:53"}
{"level":"info","message":"➕ [Queue] Adding: https://omunim.com/terms (targetHost: omunim.com, hostNorm: omunim.com)","timestamp":"2026-06-27 14:42:53"}
{"level":"info","message":"➕ [Queue] Adding: https://omunim.com/privacypolicy (targetHost: omunim.com, hostNorm: omunim.com)","timestamp":"2026-06-27 14:42:53"}
{"level":"info","message":"➕ [Queue] Adding: https://omunim.com/site-map (targetHost: omunim.com, hostNorm: omunim.com)","timestamp":"2026-06-27 14:42:53"}
{"level":"info","message":"🔍 [Crawl] Queue: 19 | Visited: 2 | Scanning: https://omunim.com/jewellery-software","timestamp":"2026-06-27 14:42:53"}
{"level":"info","message":"🔍 [Domain: omunim.com] [Page 2/4] Scanning: https://omunim.com/jewellery-software","timestamp":"2026-06-27 14:42:53"}
{"level":"info","message":"[Job repeat:c10eea93bf68cc56fd5c63b351df3d32:1782551580000] 🚀 Executing scheduled global orchestration...","timestamp":"2026-06-27 14:43:00"}
{"level":"info","message":"Orchestrator: Starting global scan orchestration... ","timestamp":"2026-06-27 14:43:00"}
{"level":"info","message":"🔗 Connecting to MASTER database: master","timestamp":"2026-06-27 14:43:00"}
{"level":"info","message":"Orchestrator: Found 2 tenants to process.","timestamp":"2026-06-27 14:43:01"}
{"level":"info","message":"📁 Switching to CLIENT database: tenant_rbi (Tenant: rbi)","timestamp":"2026-06-27 14:43:01"}
{"level":"info","message":"Orchestrator: No domains found for tenant rbi (excluding those currently scanning).","timestamp":"2026-06-27 14:43:01"}
{"level":"info","message":"📁 Switching to CLIENT database: tenant_sbi (Tenant: sbi)","timestamp":"2026-06-27 14:43:01"}
{"level":"info","message":"Orchestrator: No domains found for tenant sbi (excluding those currently scanning).","timestamp":"2026-06-27 14:43:01"}
{"level":"info","message":"Orchestrator: Master DB connection closed.","timestamp":"2026-06-27 14:43:01"}
{"level":"info","message":"✅ Orchestrator: Finished. Total jobs enqueued: 0","timestamp":"2026-06-27 14:43:01"}
{"level":"info","message":"Job repeat:c10eea93bf68cc56fd5c63b351df3d32:1782551580000 (Orchestrator) completed successfully.","timestamp":"2026-06-27 14:43:01"}
{"level":"info","message":"🔍 [Scraper] HTML length: 77185 | Body length: 20046 | Total <a> tags: 65","timestamp":"2026-06-27 14:43:19"}
{"level":"info","message":"🔗 [Link Extraction] Page: https://omunim.com/jewellery-software | hostNorm: omunim.com | Found 65 total links (21 internal)","timestamp":"2026-06-27 14:43:19"}
{"level":"info","message":"🔍 [Scraper] HTML length: 77185 | Body length: 20046 | Total <a> tags: 65","timestamp":"2026-06-27 14:43:20"}
{"level":"info","message":"🔗 [Link Extraction] Page: https://omunim.com/jewellery-software | hostNorm: omunim.com | Found 65 total links (21 internal)","timestamp":"2026-06-27 14:43:20"}
{"level":"info","message":"🚀 [PageSpeed API] Fetching metrics for https://omunim.com/jewellery-software...","timestamp":"2026-06-27 14:43:28"}
{"level":"info","message":"🚀 [PageSpeed API] Fetching metrics for https://omunim.com/jewellery-software...","timestamp":"2026-06-27 14:43:29"}
{"level":"info","message":"✅ [PageSpeed API] Score for https://omunim.com/jewellery-software: 64","timestamp":"2026-06-27 14:43:57"}
{"level":"info","message":"📊 [Lighthouse] Results for https://omunim.com/jewellery-software: Performance: 64, SEO: 92, Accessibility: 75","timestamp":"2026-06-27 14:43:57"}
{"level":"info","message":"✅ [PageSpeed API] Score for https://omunim.com/jewellery-software: 64","timestamp":"2026-06-27 14:43:57"}
{"level":"info","message":"📊 [Lighthouse] Results for https://omunim.com/jewellery-software: Performance: 64, SEO: 92, Accessibility: 75","timestamp":"2026-06-27 14:43:57"}
{"level":"info","message":"🔍 [Domain: omunim.com] [Page 2/4] Found 21 internal links on https://omunim.com/jewellery-software","timestamp":"2026-06-27 14:43:58"}
{"level":"info","message":"🔍 [Crawl] Queue: 18 | Visited: 3 | Scanning: https://omunim.com/signin","timestamp":"2026-06-27 14:43:58"}
{"level":"info","message":"🔍 [Domain: omunim.com] [Page 3/4] Scanning: https://omunim.com/signin","timestamp":"2026-06-27 14:43:58"}
{"level":"info","message":"🔍 [Domain: omunim.com] [Page 2/4] Found 21 internal links on https://omunim.com/jewellery-software","timestamp":"2026-06-27 14:43:58"}
{"level":"info","message":"🔍 [Crawl] Queue: 18 | Visited: 3 | Scanning: https://omunim.com/signin","timestamp":"2026-06-27 14:43:58"}
{"level":"info","message":"🔍 [Domain: omunim.com] [Page 3/4] Scanning: https://omunim.com/signin","timestamp":"2026-06-27 14:43:58"}
{"level":"info","message":"[Job repeat:c10eea93bf68cc56fd5c63b351df3d32:1782551640000] 🚀 Executing scheduled global orchestration...","timestamp":"2026-06-27 14:44:00"}
{"level":"info","message":"Orchestrator: Starting global scan orchestration... ","timestamp":"2026-06-27 14:44:00"}
{"level":"info","message":"🔗 Connecting to MASTER database: master","timestamp":"2026-06-27 14:44:00"}
{"level":"info","message":"🔍 [Scraper] HTML length: 58428 | Body length: 7856 | Total <a> tags: 44","timestamp":"2026-06-27 14:44:04"}
{"level":"info","message":"🔗 [Link Extraction] Page: https://omunim.com/signin | hostNorm: omunim.com | Found 44 total links (18 internal)","timestamp":"2026-06-27 14:44:04"}
{"level":"info","message":"🔍 [Scraper] HTML length: 58428 | Body length: 7856 | Total <a> tags: 44","timestamp":"2026-06-27 14:44:04"}
{"level":"info","message":"🔗 [Link Extraction] Page: https://omunim.com/signin | hostNorm: omunim.com | Found 44 total links (18 internal)","timestamp":"2026-06-27 14:44:04"}
{"level":"info","message":"Orchestrator: Found 2 tenants to process.","timestamp":"2026-06-27 14:44:04"}
{"level":"info","message":"📁 Switching to CLIENT database: tenant_rbi (Tenant: rbi)","timestamp":"2026-06-27 14:44:04"}
{"level":"info","message":"Orchestrator: No domains found for tenant rbi (excluding those currently scanning).","timestamp":"2026-06-27 14:44:04"}
{"level":"info","message":"📁 Switching to CLIENT database: tenant_sbi (Tenant: sbi)","timestamp":"2026-06-27 14:44:04"}
{"level":"info","message":"Orchestrator: No domains found for tenant sbi (excluding those currently scanning).","timestamp":"2026-06-27 14:44:04"}
{"level":"info","message":"Orchestrator: Master DB connection closed.","timestamp":"2026-06-27 14:44:04"}
{"level":"info","message":"✅ Orchestrator: Finished. Total jobs enqueued: 0","timestamp":"2026-06-27 14:44:04"}
{"level":"info","message":"Job repeat:c10eea93bf68cc56fd5c63b351df3d32:1782551640000 (Orchestrator) completed successfully.","timestamp":"2026-06-27 14:44:04"}
{"level":"info","message":"🚀 [PageSpeed API] Fetching metrics for https://omunim.com/signin...","timestamp":"2026-06-27 14:44:11"}
{"level":"info","message":"🚀 [PageSpeed API] Fetching metrics for https://omunim.com/signin...","timestamp":"2026-06-27 14:44:11"}
{"level":"info","message":"✅ [PageSpeed API] Score for https://omunim.com/signin: 72","timestamp":"2026-06-27 14:44:28"}
{"level":"info","message":"📊 [Lighthouse] Results for https://omunim.com/signin: Performance: 72, SEO: 92, Accessibility: 87","timestamp":"2026-06-27 14:44:28"}
{"level":"info","message":"✅ [PageSpeed API] Score for https://omunim.com/signin: 72","timestamp":"2026-06-27 14:44:28"}
{"level":"info","message":"📊 [Lighthouse] Results for https://omunim.com/signin: Performance: 72, SEO: 92, Accessibility: 87","timestamp":"2026-06-27 14:44:28"}
{"level":"info","message":"🔍 [Domain: omunim.com] [Page 3/4] Found 18 internal links on https://omunim.com/signin","timestamp":"2026-06-27 14:44:28"}
{"level":"info","message":"🔍 [Crawl] Queue: 17 | Visited: 4 | Scanning: https://omunim.com/jewellery-billing-software","timestamp":"2026-06-27 14:44:28"}
{"level":"info","message":"🔍 [Domain: omunim.com] [Page 4/4] Scanning: https://omunim.com/jewellery-billing-software","timestamp":"2026-06-27 14:44:28"}
{"level":"info","message":"🔍 [Domain: omunim.com] [Page 3/4] Found 18 internal links on https://omunim.com/signin","timestamp":"2026-06-27 14:44:28"}
{"level":"info","message":"🔍 [Crawl] Queue: 17 | Visited: 4 | Scanning: https://omunim.com/jewellery-billing-software","timestamp":"2026-06-27 14:44:28"}
{"level":"info","message":"🔍 [Domain: omunim.com] [Page 4/4] Scanning: https://omunim.com/jewellery-billing-software","timestamp":"2026-06-27 14:44:28"}
{"level":"info","message":"🔍 [Scraper] HTML length: 48441 | Body length: 10525 | Total <a> tags: 48","timestamp":"2026-06-27 14:44:34"}
{"level":"info","message":"🔗 [Link Extraction] Page: https://omunim.com/jewellery-billing-software | hostNorm: omunim.com | Found 48 total links (19 internal)","timestamp":"2026-06-27 14:44:34"}
{"level":"info","message":"🔍 [Scraper] HTML length: 48441 | Body length: 10525 | Total <a> tags: 48","timestamp":"2026-06-27 14:44:34"}
{"level":"info","message":"🔗 [Link Extraction] Page: https://omunim.com/jewellery-billing-software | hostNorm: omunim.com | Found 48 total links (19 internal)","timestamp":"2026-06-27 14:44:34"}
{"level":"info","message":"🚀 [PageSpeed API] Fetching metrics for https://omunim.com/jewellery-billing-software...","timestamp":"2026-06-27 14:44:43"}
{"level":"info","message":"🚀 [PageSpeed API] Fetching metrics for https://omunim.com/jewellery-billing-software...","timestamp":"2026-06-27 14:44:44"}
{"level":"info","message":"[Job repeat:c10eea93bf68cc56fd5c63b351df3d32:1782551700000] 🚀 Executing scheduled global orchestration...","timestamp":"2026-06-27 14:45:01"}
{"level":"info","message":"Orchestrator: Starting global scan orchestration... ","timestamp":"2026-06-27 14:45:01"}
{"level":"info","message":"🔗 Connecting to MASTER database: master","timestamp":"2026-06-27 14:45:01"}
{"level":"info","message":"Orchestrator: Found 2 tenants to process.","timestamp":"2026-06-27 14:45:01"}
{"level":"info","message":"📁 Switching to CLIENT database: tenant_rbi (Tenant: rbi)","timestamp":"2026-06-27 14:45:01"}
{"level":"info","message":"Orchestrator: No domains found for tenant rbi (excluding those currently scanning).","timestamp":"2026-06-27 14:45:01"}
{"level":"info","message":"📁 Switching to CLIENT database: tenant_sbi (Tenant: sbi)","timestamp":"2026-06-27 14:45:01"}
{"level":"info","message":"Orchestrator: No domains found for tenant sbi (excluding those currently scanning).","timestamp":"2026-06-27 14:45:01"}
{"level":"info","message":"Orchestrator: Master DB connection closed.","timestamp":"2026-06-27 14:45:01"}
{"level":"info","message":"✅ Orchestrator: Finished. Total jobs enqueued: 0","timestamp":"2026-06-27 14:45:01"}
{"level":"info","message":"Job repeat:c10eea93bf68cc56fd5c63b351df3d32:1782551700000 (Orchestrator) completed successfully.","timestamp":"2026-06-27 14:45:01"}
{"level":"info","message":"✅ [PageSpeed API] Score for https://omunim.com/jewellery-billing-software: 67","timestamp":"2026-06-27 14:45:06"}
{"level":"info","message":"📊 [Lighthouse] Results for https://omunim.com/jewellery-billing-software: Performance: 67, SEO: 92, Accessibility: 91","timestamp":"2026-06-27 14:45:06"}
{"level":"info","message":"🔍 [Domain: omunim.com] [Page 4/4] Found 19 internal links on https://omunim.com/jewellery-billing-software","timestamp":"2026-06-27 14:45:06"}
{"level":"info","message":"[https://omunim.com/] Evaluating 4 policies against 4 pages.","timestamp":"2026-06-27 14:45:07"}
{"level":"info","message":"   -> 🔍 Scan [text] | Target: \"jewellery\" (containing) | Operator: \"contains\" | Actual: [Content length: 20046] | Result: ✅ MATCH","timestamp":"2026-06-27 14:45:07"}
{"level":"info","message":"   -> 🔍 Scan [image-size] | Target: \"100\" (KB) | Operator: \"Greater than\" | Actual: [104 images] | Result: ❌ NO MATCH","timestamp":"2026-06-27 14:45:07"}
{"level":"info","message":"   -> 🔍 Scan [text] | Target: \"jewellery\" (containing) | Operator: \"contains\" | Actual: [Content length: 20046] | Result: ✅ MATCH","timestamp":"2026-06-27 14:45:07"}
{"level":"info","message":"   -> 🔍 Scan [page-title] | Target: \"jewellery\" (containing) | Operator: \"contains\" | Actual: \"Jewellery Software | Jewellery\" | Result: ✅ MATCH","timestamp":"2026-06-27 14:45:07"}
{"level":"info","message":"   -> 🔍 Scan [page-title-length] | Target: \"60\" | Operator: \"Greater than\" | Actual: 60 | Result: ❌ NO MATCH","timestamp":"2026-06-27 14:45:07"}
{"level":"info","message":"   -> 🔍 Scan [page-url] | Target: \"shop\" (containing) | Operator: \"contains\" | Actual: \"https://omunim.com/\" | Result: ❌ NO MATCH","timestamp":"2026-06-27 14:45:07"}
{"level":"info","message":"   -> 🔍 Scan [link] | Target: \"contact\" (containing) | Operator: \"contains\" | Actual: [65 links] | Result: ✅ MATCH","timestamp":"2026-06-27 14:45:07"}
{"level":"info","message":"   -> 🔍 Scan [link-text] | Target: \"buy\" (containing) | Operator: \"contains\" | Actual: [65 links] | Result: ❌ NO MATCH","timestamp":"2026-06-27 14:45:07"}
{"level":"info","message":"   -> 🔍 Scan [link-text-length] | Target: \"50\" | Operator: \"Greater than\" | Actual: [65 links] | Result: ✅ MATCH","timestamp":"2026-06-27 14:45:07"}
{"level":"info","message":"   -> 🔍 Scan [file-size] | Target: \"5\" (MB) | Operator: \"Greater than\" | Actual: 2093.64453125 | Result: ❌ NO MATCH","timestamp":"2026-06-27 14:45:07"}
{"level":"info","message":"   -> 🔍 Scan [image-size] | Target: \"100\" (KB) | Operator: \"Greater than\" | Actual: [104 images] | Result: ❌ NO MATCH","timestamp":"2026-06-27 14:45:07"}
{"level":"info","message":"   -> 🔍 Scan [image-text] | Target: \"logo\" (containing) | Operator: \"contains\" | Actual: [104 images] | Result: ❌ NO MATCH","timestamp":"2026-06-27 14:45:07"}
{"level":"info","message":"   -> 🔍 Scan [image-text-length] | Target: \"100\" | Operator: \"Greater than\" | Actual: [104 images] | Result: ❌ NO MATCH","timestamp":"2026-06-27 14:45:07"}
{"level":"info","message":"   -> 🔍 Scan [external-link-count] | Target: \"10\" | Operator: \"Greater than\" | Actual: 17 | Result: ✅ MATCH","timestamp":"2026-06-27 14:45:07"}
{"level":"info","message":"   -> 🔍 Scan [incoming-link-count] | Target: \"5\" | Operator: \"Greater than\" | Actual: 21 | Result: ✅ MATCH","timestamp":"2026-06-27 14:45:07"}
{"level":"info","message":"   -> 🔍 Scan [heading-text] | Target: \"price\" (containing) | Operator: \"contains\" | Actual: [9 headings] | Result: ❌ NO MATCH","timestamp":"2026-06-27 14:45:07"}
{"level":"info","message":"   -> 🔍 Scan [header-text-length] | Target: \"80\" | Operator: \"Greater than\" | Actual: [9 headings] | Result: ❌ NO MATCH","timestamp":"2026-06-27 14:45:07"}
{"level":"info","message":"   -> 🔍 Scan [readability-level] | Target: \"12\" | Operator: \"Greater than\" | Actual: 13.052043989091928 | Result: ✅ MATCH","timestamp":"2026-06-27 14:45:07"}
{"level":"info","message":"   -> 🔍 Scan [meta-header] | Target: \"keyword\" (containing) | Operator: \"contains\" | Actual: [Content length: 20046] | Result: ❌ NO MATCH","timestamp":"2026-06-27 14:45:07"}
{"level":"info","message":"   -> 🔍 Scan [meta-header-length] | Target: \"160\" | Operator: \"Greater than\" | Actual: 160 | Result: ❌ NO MATCH","timestamp":"2026-06-27 14:45:07"}
{"level":"info","message":"   -> 🔍 Scan [page-html] | Target: \"<script>\" (containing) | Operator: \"contains\" | Actual: [Content length: 20046] | Result: ✅ MATCH","timestamp":"2026-06-27 14:45:07"}
{"level":"info","message":"   -> 🔍 Scan [text] | Target: \"jewellery\" (containing) | Operator: \"contains\" | Actual: [Content length: 20046] | Result: ✅ MATCH","timestamp":"2026-06-27 14:45:07"}
{"level":"info","message":"   -> 🔍 Scan [page-title] | Target: \"jewellery\" (containing) | Operator: \"contains\" | Actual: \"Jewellery Software | Jewellery\" | Result: ✅ MATCH","timestamp":"2026-06-27 14:45:07"}
{"level":"info","message":"   -> 🔍 Scan [page-title-length] | Target: \"60\" | Operator: \"Greater than\" | Actual: 60 | Result: ❌ NO MATCH","timestamp":"2026-06-27 14:45:07"}
{"level":"info","message":"   -> 🔍 Scan [page-url] | Target: \"shop\" (containing) | Operator: \"contains\" | Actual: \"https://omunim.com/\" | Result: ❌ NO MATCH","timestamp":"2026-06-27 14:45:07"}
{"level":"info","message":"   -> 🔍 Scan [link] | Target: \"contact\" (containing) | Operator: \"contains\" | Actual: [65 links] | Result: ✅ MATCH","timestamp":"2026-06-27 14:45:07"}
{"level":"info","message":"   -> 🔍 Scan [link-text] | Target: \"buy\" (containing) | Operator: \"contains\" | Actual: [65 links] | Result: ❌ NO MATCH","timestamp":"2026-06-27 14:45:07"}
{"level":"info","message":"   -> 🔍 Scan [link-text-length] | Target: \"50\" | Operator: \"Greater than\" | Actual: [65 links] | Result: ✅ MATCH","timestamp":"2026-06-27 14:45:07"}
{"level":"info","message":"   -> 🔍 Scan [file-size] | Target: \"5\" (MB) | Operator: \"Greater than\" | Actual: 2093.64453125 | Result: ❌ NO MATCH","timestamp":"2026-06-27 14:45:07"}
{"level":"info","message":"   -> 🔍 Scan [image-size] | Target: \"100\" (KB) | Operator: \"Greater than\" | Actual: [104 images] | Result: ❌ NO MATCH","timestamp":"2026-06-27 14:45:07"}
{"level":"info","message":"   -> 🔍 Scan [image-text] | Target: \"logo\" (containing) | Operator: \"contains\" | Actual: [104 images] | Result: ❌ NO MATCH","timestamp":"2026-06-27 14:45:07"}
{"level":"info","message":"   -> 🔍 Scan [image-text-length] | Target: \"100\" | Operator: \"Greater than\" | Actual: [104 images] | Result: ❌ NO MATCH","timestamp":"2026-06-27 14:45:07"}
{"level":"info","message":"   -> 🔍 Scan [external-link-count] | Target: \"10\" | Operator: \"Greater than\" | Actual: 17 | Result: ✅ MATCH","timestamp":"2026-06-27 14:45:07"}
{"level":"info","message":"   -> 🔍 Scan [incoming-link-count] | Target: \"5\" | Operator: \"Greater than\" | Actual: 21 | Result: ✅ MATCH","timestamp":"2026-06-27 14:45:07"}
{"level":"info","message":"   -> 🔍 Scan [heading-text] | Target: \"price\" (containing) | Operator: \"contains\" | Actual: [9 headings] | Result: ❌ NO MATCH","timestamp":"2026-06-27 14:45:07"}
{"level":"info","message":"   -> 🔍 Scan [header-text-length] | Target: \"80\" | Operator: \"Greater than\" | Actual: [9 headings] | Result: ❌ NO MATCH","timestamp":"2026-06-27 14:45:07"}
{"level":"info","message":"   -> 🔍 Scan [readability-level] | Target: \"12\" | Operator: \"Greater than\" | Actual: 13.052043989091928 | Result: ✅ MATCH","timestamp":"2026-06-27 14:45:07"}
{"level":"info","message":"   -> 🔍 Scan [meta-header] | Target: \"keyword\" (containing) | Operator: \"contains\" | Actual: [Content length: 20046] | Result: ❌ NO MATCH","timestamp":"2026-06-27 14:45:07"}
{"level":"info","message":"   -> 🔍 Scan [meta-header-length] | Target: \"160\" | Operator: \"Greater than\" | Actual: 160 | Result: ❌ NO MATCH","timestamp":"2026-06-27 14:45:07"}
{"level":"info","message":"   -> 🔍 Scan [page-html] | Target: \"<script>\" (containing) | Operator: \"contains\" | Actual: [Content length: 20046] | Result: ✅ MATCH","timestamp":"2026-06-27 14:45:07"}
{"level":"info","message":"   -> 🔍 Scan [text] | Target: \"jewellery\" (containing) | Operator: \"contains\" | Actual: [Content length: 20046] | Result: ✅ MATCH","timestamp":"2026-06-27 14:45:07"}
{"level":"info","message":"   -> 🔍 Scan [image-size] | Target: \"100\" (KB) | Operator: \"Greater than\" | Actual: [104 images] | Result: ❌ NO MATCH","timestamp":"2026-06-27 14:45:07"}
{"level":"info","message":"   -> 🔍 Scan [text] | Target: \"jewellery\" (containing) | Operator: \"contains\" | Actual: [Content length: 20046] | Result: ✅ MATCH","timestamp":"2026-06-27 14:45:07"}
{"level":"info","message":"   -> 🔍 Scan [page-title] | Target: \"jewellery\" (containing) | Operator: \"contains\" | Actual: \"Jewellery Software | Jewellery\" | Result: ✅ MATCH","timestamp":"2026-06-27 14:45:07"}
{"level":"info","message":"   -> 🔍 Scan [page-title-length] | Target: \"60\" | Operator: \"Greater than\" | Actual: 60 | Result: ❌ NO MATCH","timestamp":"2026-06-27 14:45:07"}
{"level":"info","message":"   -> 🔍 Scan [page-url] | Target: \"shop\" (containing) | Operator: \"contains\" | Actual: \"https://omunim.com/jewellery-software\" | Result: ❌ NO MATCH","timestamp":"2026-06-27 14:45:07"}
{"level":"info","message":"   -> 🔍 Scan [link] | Target: \"contact\" (containing) | Operator: \"contains\" | Actual: [65 links] | Result: ✅ MATCH","timestamp":"2026-06-27 14:45:07"}
{"level":"info","message":"   -> 🔍 Scan [link-text] | Target: \"buy\" (containing) | Operator: \"contains\" | Actual: [65 links] | Result: ❌ NO MATCH","timestamp":"2026-06-27 14:45:07"}
{"level":"info","message":"   -> 🔍 Scan [link-text-length] | Target: \"50\" | Operator: \"Greater than\" | Actual: [65 links] | Result: ✅ MATCH","timestamp":"2026-06-27 14:45:07"}
{"level":"info","message":"   -> 🔍 Scan [file-size] | Target: \"5\" (MB) | Operator: \"Greater than\" | Actual: 2091.7880859375 | Result: ❌ NO MATCH","timestamp":"2026-06-27 14:45:07"}
{"level":"info","message":"   -> 🔍 Scan [image-size] | Target: \"100\" (KB) | Operator: \"Greater than\" | Actual: [104 images] | Result: ❌ NO MATCH","timestamp":"2026-06-27 14:45:07"}
{"level":"info","message":"   -> 🔍 Scan [image-text] | Target: \"logo\" (containing) | Operator: \"contains\" | Actual: [104 images] | Result: ❌ NO MATCH","timestamp":"2026-06-27 14:45:07"}
{"level":"info","message":"   -> 🔍 Scan [image-text-length] | Target: \"100\" | Operator: \"Greater than\" | Actual: [104 images] | Result: ❌ NO MATCH","timestamp":"2026-06-27 14:45:07"}
{"level":"info","message":"   -> 🔍 Scan [external-link-count] | Target: \"10\" | Operator: \"Greater than\" | Actual: 17 | Result: ✅ MATCH","timestamp":"2026-06-27 14:45:07"}
{"level":"info","message":"   -> 🔍 Scan [incoming-link-count] | Target: \"5\" | Operator: \"Greater than\" | Actual: 21 | Result: ✅ MATCH","timestamp":"2026-06-27 14:45:07"}
{"level":"info","message":"   -> 🔍 Scan [heading-text] | Target: \"price\" (containing) | Operator: \"contains\" | Actual: [9 headings] | Result: ❌ NO MATCH","timestamp":"2026-06-27 14:45:07"}
{"level":"info","message":"   -> 🔍 Scan [header-text-length] | Target: \"80\" | Operator: \"Greater than\" | Actual: [9 headings] | Result: ❌ NO MATCH","timestamp":"2026-06-27 14:45:07"}
{"level":"info","message":"   -> 🔍 Scan [readability-level] | Target: \"12\" | Operator: \"Greater than\" | Actual: 13.052043989091928 | Result: ✅ MATCH","timestamp":"2026-06-27 14:45:07"}
{"level":"info","message":"   -> 🔍 Scan [meta-header] | Target: \"keyword\" (containing) | Operator: \"contains\" | Actual: [Content length: 20046] | Result: ❌ NO MATCH","timestamp":"2026-06-27 14:45:07"}
{"level":"info","message":"   -> 🔍 Scan [meta-header-length] | Target: \"160\" | Operator: \"Greater than\" | Actual: 160 | Result: ❌ NO MATCH","timestamp":"2026-06-27 14:45:07"}
{"level":"info","message":"   -> 🔍 Scan [page-html] | Target: \"<script>\" (containing) | Operator: \"contains\" | Actual: [Content length: 20046] | Result: ✅ MATCH","timestamp":"2026-06-27 14:45:07"}
{"level":"info","message":"   -> 🔍 Scan [text] | Target: \"jewellery\" (containing) | Operator: \"contains\" | Actual: [Content length: 20046] | Result: ✅ MATCH","timestamp":"2026-06-27 14:45:07"}
{"level":"info","message":"   -> 🔍 Scan [page-title] | Target: \"jewellery\" (containing) | Operator: \"contains\" | Actual: \"Jewellery Software | Jewellery\" | Result: ✅ MATCH","timestamp":"2026-06-27 14:45:07"}
{"level":"info","message":"   -> 🔍 Scan [page-title-length] | Target: \"60\" | Operator: \"Greater than\" | Actual: 60 | Result: ❌ NO MATCH","timestamp":"2026-06-27 14:45:07"}
{"level":"info","message":"   -> 🔍 Scan [page-url] | Target: \"shop\" (containing) | Operator: \"contains\" | Actual: \"https://omunim.com/jewellery-software\" | Result: ❌ NO MATCH","timestamp":"2026-06-27 14:45:07"}
{"level":"info","message":"   -> 🔍 Scan [link] | Target: \"contact\" (containing) | Operator: \"contains\" | Actual: [65 links] | Result: ✅ MATCH","timestamp":"2026-06-27 14:45:07"}
{"level":"info","message":"   -> 🔍 Scan [link-text] | Target: \"buy\" (containing) | Operator: \"contains\" | Actual: [65 links] | Result: ❌ NO MATCH","timestamp":"2026-06-27 14:45:07"}
{"level":"info","message":"   -> 🔍 Scan [link-text-length] | Target: \"50\" | Operator: \"Greater than\" | Actual: [65 links] | Result: ✅ MATCH","timestamp":"2026-06-27 14:45:07"}
{"level":"info","message":"   -> 🔍 Scan [file-size] | Target: \"5\" (MB) | Operator: \"Greater than\" | Actual: 2091.7880859375 | Result: ❌ NO MATCH","timestamp":"2026-06-27 14:45:07"}
{"level":"info","message":"   -> 🔍 Scan [image-size] | Target: \"100\" (KB) | Operator: \"Greater than\" | Actual: [104 images] | Result: ❌ NO MATCH","timestamp":"2026-06-27 14:45:07"}
{"level":"info","message":"   -> 🔍 Scan [image-text] | Target: \"logo\" (containing) | Operator: \"contains\" | Actual: [104 images] | Result: ❌ NO MATCH","timestamp":"2026-06-27 14:45:07"}
{"level":"info","message":"   -> 🔍 Scan [image-text-length] | Target: \"100\" | Operator: \"Greater than\" | Actual: [104 images] | Result: ❌ NO MATCH","timestamp":"2026-06-27 14:45:07"}
{"level":"info","message":"   -> 🔍 Scan [external-link-count] | Target: \"10\" | Operator: \"Greater than\" | Actual: 17 | Result: ✅ MATCH","timestamp":"2026-06-27 14:45:07"}
{"level":"info","message":"   -> 🔍 Scan [incoming-link-count] | Target: \"5\" | Operator: \"Greater than\" | Actual: 21 | Result: ✅ MATCH","timestamp":"2026-06-27 14:45:07"}
{"level":"info","message":"   -> 🔍 Scan [heading-text] | Target: \"price\" (containing) | Operator: \"contains\" | Actual: [9 headings] | Result: ❌ NO MATCH","timestamp":"2026-06-27 14:45:07"}
{"level":"info","message":"   -> 🔍 Scan [header-text-length] | Target: \"80\" | Operator: \"Greater than\" | Actual: [9 headings] | Result: ❌ NO MATCH","timestamp":"2026-06-27 14:45:07"}
{"level":"info","message":"   -> 🔍 Scan [readability-level] | Target: \"12\" | Operator: \"Greater than\" | Actual: 13.052043989091928 | Result: ✅ MATCH","timestamp":"2026-06-27 14:45:07"}
{"level":"info","message":"   -> 🔍 Scan [meta-header] | Target: \"keyword\" (containing) | Operator: \"contains\" | Actual: [Content length: 20046] | Result: ❌ NO MATCH","timestamp":"2026-06-27 14:45:07"}
{"level":"info","message":"   -> 🔍 Scan [meta-header-length] | Target: \"160\" | Operator: \"Greater than\" | Actual: 160 | Result: ❌ NO MATCH","timestamp":"2026-06-27 14:45:07"}
{"level":"info","message":"   -> 🔍 Scan [page-html] | Target: \"<script>\" (containing) | Operator: \"contains\" | Actual: [Content length: 20046] | Result: ✅ MATCH","timestamp":"2026-06-27 14:45:07"}
{"level":"info","message":"   -> 🔍 Scan [text] | Target: \"jewellery\" (containing) | Operator: \"contains\" | Actual: [Content length: 7856] | Result: ✅ MATCH","timestamp":"2026-06-27 14:45:07"}
{"level":"info","message":"   -> 🔍 Scan [image-size] | Target: \"100\" (KB) | Operator: \"Greater than\" | Actual: [22 images] | Result: ✅ MATCH","timestamp":"2026-06-27 14:45:07"}
{"level":"info","message":"   -> 🔍 Scan [text] | Target: \"jewellery\" (containing) | Operator: \"contains\" | Actual: [Content length: 7856] | Result: ✅ MATCH","timestamp":"2026-06-27 14:45:07"}
{"level":"info","message":"   -> 🔍 Scan [page-title] | Target: \"jewellery\" (containing) | Operator: \"contains\" | Actual: \"Jewellery Software | Jewellery\" | Result: ✅ MATCH","timestamp":"2026-06-27 14:45:07"}
{"level":"info","message":"   -> 🔍 Scan [page-title-length] | Target: \"60\" | Operator: \"Greater than\" | Actual: 60 | Result: ❌ NO MATCH","timestamp":"2026-06-27 14:45:07"}
{"level":"info","message":"   -> 🔍 Scan [page-url] | Target: \"shop\" (containing) | Operator: \"contains\" | Actual: \"https://omunim.com/signin\" | Result: ❌ NO MATCH","timestamp":"2026-06-27 14:45:07"}
{"level":"info","message":"   -> 🔍 Scan [link] | Target: \"contact\" (containing) | Operator: \"contains\" | Actual: [44 links] | Result: ✅ MATCH","timestamp":"2026-06-27 14:45:07"}
{"level":"info","message":"   -> 🔍 Scan [link-text] | Target: \"buy\" (containing) | Operator: \"contains\" | Actual: [44 links] | Result: ❌ NO MATCH","timestamp":"2026-06-27 14:45:07"}
{"level":"info","message":"   -> 🔍 Scan [link-text-length] | Target: \"50\" | Operator: \"Greater than\" | Actual: [44 links] | Result: ❌ NO MATCH","timestamp":"2026-06-27 14:45:07"}
{"level":"info","message":"   -> 🔍 Scan [file-size] | Target: \"5\" (MB) | Operator: \"Greater than\" | Actual: 1510.125 | Result: ❌ NO MATCH","timestamp":"2026-06-27 14:45:07"}
{"level":"info","message":"   -> 🔍 Scan [image-size] | Target: \"100\" (KB) | Operator: \"Greater than\" | Actual: [22 images] | Result: ✅ MATCH","timestamp":"2026-06-27 14:45:07"}
{"level":"info","message":"   -> 🔍 Scan [image-text] | Target: \"logo\" (containing) | Operator: \"contains\" | Actual: [22 images] | Result: ❌ NO MATCH","timestamp":"2026-06-27 14:45:07"}
{"level":"info","message":"   -> 🔍 Scan [image-text-length] | Target: \"100\" | Operator: \"Greater than\" | Actual: [22 images] | Result: ❌ NO MATCH","timestamp":"2026-06-27 14:45:07"}
{"level":"info","message":"   -> 🔍 Scan [external-link-count] | Target: \"10\" | Operator: \"Greater than\" | Actual: 13 | Result: ✅ MATCH","timestamp":"2026-06-27 14:45:07"}
{"level":"info","message":"   -> 🔍 Scan [incoming-link-count] | Target: \"5\" | Operator: \"Greater than\" | Actual: 18 | Result: ✅ MATCH","timestamp":"2026-06-27 14:45:07"}
{"level":"info","message":"   -> 🔍 Scan [heading-text] | Target: \"price\" (containing) | Operator: \"contains\" | Actual: [2 headings] | Result: ❌ NO MATCH","timestamp":"2026-06-27 14:45:07"}
{"level":"info","message":"   -> 🔍 Scan [header-text-length] | Target: \"80\" | Operator: \"Greater than\" | Actual: [2 headings] | Result: ❌ NO MATCH","timestamp":"2026-06-27 14:45:07"}
{"level":"info","message":"   -> 🔍 Scan [readability-level] | Target: \"12\" | Operator: \"Greater than\" | Actual: 17.779266123054118 | Result: ✅ MATCH","timestamp":"2026-06-27 14:45:07"}
{"level":"info","message":"   -> 🔍 Scan [meta-header] | Target: \"keyword\" (containing) | Operator: \"contains\" | Actual: [Content length: 7856] | Result: ❌ NO MATCH","timestamp":"2026-06-27 14:45:07"}
{"level":"info","message":"   -> 🔍 Scan [meta-header-length] | Target: \"160\" | Operator: \"Greater than\" | Actual: 160 | Result: ❌ NO MATCH","timestamp":"2026-06-27 14:45:07"}
{"level":"info","message":"   -> 🔍 Scan [page-html] | Target: \"<script>\" (containing) | Operator: \"contains\" | Actual: [Content length: 7856] | Result: ✅ MATCH","timestamp":"2026-06-27 14:45:07"}
{"level":"info","message":"   -> 🔍 Scan [text] | Target: \"jewellery\" (containing) | Operator: \"contains\" | Actual: [Content length: 7856] | Result: ✅ MATCH","timestamp":"2026-06-27 14:45:07"}
{"level":"info","message":"   -> 🔍 Scan [page-title] | Target: \"jewellery\" (containing) | Operator: \"contains\" | Actual: \"Jewellery Software | Jewellery\" | Result: ✅ MATCH","timestamp":"2026-06-27 14:45:07"}
{"level":"info","message":"   -> 🔍 Scan [page-title-length] | Target: \"60\" | Operator: \"Greater than\" | Actual: 60 | Result: ❌ NO MATCH","timestamp":"2026-06-27 14:45:07"}
{"level":"info","message":"   -> 🔍 Scan [page-url] | Target: \"shop\" (containing) | Operator: \"contains\" | Actual: \"https://omunim.com/signin\" | Result: ❌ NO MATCH","timestamp":"2026-06-27 14:45:07"}
{"level":"info","message":"   -> 🔍 Scan [link] | Target: \"contact\" (containing) | Operator: \"contains\" | Actual: [44 links] | Result: ✅ MATCH","timestamp":"2026-06-27 14:45:07"}
{"level":"info","message":"   -> 🔍 Scan [link-text] | Target: \"buy\" (containing) | Operator: \"contains\" | Actual: [44 links] | Result: ❌ NO MATCH","timestamp":"2026-06-27 14:45:07"}
{"level":"info","message":"   -> 🔍 Scan [link-text-length] | Target: \"50\" | Operator: \"Greater than\" | Actual: [44 links] | Result: ❌ NO MATCH","timestamp":"2026-06-27 14:45:07"}
{"level":"info","message":"   -> 🔍 Scan [file-size] | Target: \"5\" (MB) | Operator: \"Greater than\" | Actual: 1510.125 | Result: ❌ NO MATCH","timestamp":"2026-06-27 14:45:07"}
{"level":"info","message":"   -> 🔍 Scan [image-size] | Target: \"100\" (KB) | Operator: \"Greater than\" | Actual: [22 images] | Result: ✅ MATCH","timestamp":"2026-06-27 14:45:07"}
{"level":"info","message":"   -> 🔍 Scan [image-text] | Target: \"logo\" (containing) | Operator: \"contains\" | Actual: [22 images] | Result: ❌ NO MATCH","timestamp":"2026-06-27 14:45:07"}
{"level":"info","message":"   -> 🔍 Scan [image-text-length] | Target: \"100\" | Operator: \"Greater than\" | Actual: [22 images] | Result: ❌ NO MATCH","timestamp":"2026-06-27 14:45:07"}
{"level":"info","message":"   -> 🔍 Scan [external-link-count] | Target: \"10\" | Operator: \"Greater than\" | Actual: 13 | Result: ✅ MATCH","timestamp":"2026-06-27 14:45:07"}
{"level":"info","message":"   -> 🔍 Scan [incoming-link-count] | Target: \"5\" | Operator: \"Greater than\" | Actual: 18 | Result: ✅ MATCH","timestamp":"2026-06-27 14:45:07"}
{"level":"info","message":"   -> 🔍 Scan [heading-text] | Target: \"price\" (containing) | Operator: \"contains\" | Actual: [2 headings] | Result: ❌ NO MATCH","timestamp":"2026-06-27 14:45:07"}
{"level":"info","message":"   -> 🔍 Scan [header-text-length] | Target: \"80\" | Operator: \"Greater than\" | Actual: [2 headings] | Result: ❌ NO MATCH","timestamp":"2026-06-27 14:45:07"}
{"level":"info","message":"   -> 🔍 Scan [readability-level] | Target: \"12\" | Operator: \"Greater than\" | Actual: 17.779266123054118 | Result: ✅ MATCH","timestamp":"2026-06-27 14:45:07"}
{"level":"info","message":"   -> 🔍 Scan [meta-header] | Target: \"keyword\" (containing) | Operator: \"contains\" | Actual: [Content length: 7856] | Result: ❌ NO MATCH","timestamp":"2026-06-27 14:45:07"}
{"level":"info","message":"   -> 🔍 Scan [meta-header-length] | Target: \"160\" | Operator: \"Greater than\" | Actual: 160 | Result: ❌ NO MATCH","timestamp":"2026-06-27 14:45:07"}
{"level":"info","message":"   -> 🔍 Scan [page-html] | Target: \"<script>\" (containing) | Operator: \"contains\" | Actual: [Content length: 7856] | Result: ✅ MATCH","timestamp":"2026-06-27 14:45:07"}
{"level":"info","message":"   -> 🔍 Scan [text] | Target: \"jewellery\" (containing) | Operator: \"contains\" | Actual: [Content length: 10525] | Result: ✅ MATCH","timestamp":"2026-06-27 14:45:07"}
{"level":"info","message":"   -> 🔍 Scan [image-size] | Target: \"100\" (KB) | Operator: \"Greater than\" | Actual: [53 images] | Result: ✅ MATCH","timestamp":"2026-06-27 14:45:07"}
{"level":"info","message":"   -> 🔍 Scan [text] | Target: \"jewellery\" (containing) | Operator: \"contains\" | Actual: [Content length: 10525] | Result: ✅ MATCH","timestamp":"2026-06-27 14:45:07"}
{"level":"info","message":"   -> 🔍 Scan [page-title] | Target: \"jewellery\" (containing) | Operator: \"contains\" | Actual: \"Best Jewellery Billing Softwar\" | Result: ✅ MATCH","timestamp":"2026-06-27 14:45:07"}
{"level":"info","message":"   -> 🔍 Scan [page-title-length] | Target: \"60\" | Operator: \"Greater than\" | Actual: 69 | Result: ✅ MATCH","timestamp":"2026-06-27 14:45:07"}
{"level":"info","message":"   -> 🔍 Scan [page-url] | Target: \"shop\" (containing) | Operator: \"contains\" | Actual: \"https://omunim.com/jewellery-billing-software\" | Result: ❌ NO MATCH","timestamp":"2026-06-27 14:45:07"}
{"level":"info","message":"   -> 🔍 Scan [link] | Target: \"contact\" (containing) | Operator: \"contains\" | Actual: [48 links] | Result: ✅ MATCH","timestamp":"2026-06-27 14:45:07"}
{"level":"info","message":"   -> 🔍 Scan [link-text] | Target: \"buy\" (containing) | Operator: \"contains\" | Actual: [48 links] | Result: ❌ NO MATCH","timestamp":"2026-06-27 14:45:07"}
{"level":"info","message":"   -> 🔍 Scan [link-text-length] | Target: \"50\" | Operator: \"Greater than\" | Actual: [48 links] | Result: ❌ NO MATCH","timestamp":"2026-06-27 14:45:07"}
{"level":"info","message":"   -> 🔍 Scan [file-size] | Target: \"5\" (MB) | Operator: \"Greater than\" | Actual: 2997.2607421875 | Result: ❌ NO MATCH","timestamp":"2026-06-27 14:45:07"}
{"level":"info","message":"   -> 🔍 Scan [image-size] | Target: \"100\" (KB) | Operator: \"Greater than\" | Actual: [53 images] | Result: ✅ MATCH","timestamp":"2026-06-27 14:45:07"}
{"level":"info","message":"   -> 🔍 Scan [image-text] | Target: \"logo\" (containing) | Operator: \"contains\" | Actual: [53 images] | Result: ❌ NO MATCH","timestamp":"2026-06-27 14:45:07"}
{"level":"info","message":"   -> 🔍 Scan [image-text-length] | Target: \"100\" | Operator: \"Greater than\" | Actual: [53 images] | Result: ❌ NO MATCH","timestamp":"2026-06-27 14:45:07"}
{"level":"info","message":"   -> 🔍 Scan [external-link-count] | Target: \"10\" | Operator: \"Greater than\" | Actual: 13 | Result: ✅ MATCH","timestamp":"2026-06-27 14:45:07"}
{"level":"info","message":"   -> 🔍 Scan [incoming-link-count] | Target: \"5\" | Operator: \"Greater than\" | Actual: 19 | Result: ✅ MATCH","timestamp":"2026-06-27 14:45:07"}
{"level":"info","message":"   -> 🔍 Scan [heading-text] | Target: \"price\" (containing) | Operator: \"contains\" | Actual: [21 headings] | Result: ❌ NO MATCH","timestamp":"2026-06-27 14:45:07"}
{"level":"info","message":"   -> 🔍 Scan [header-text-length] | Target: \"80\" | Operator: \"Greater than\" | Actual: [21 headings] | Result: ❌ NO MATCH","timestamp":"2026-06-27 14:45:07"}
{"level":"info","message":"   -> 🔍 Scan [readability-level] | Target: \"12\" | Operator: \"Greater than\" | Actual: 14.46078071928072 | Result: ✅ MATCH","timestamp":"2026-06-27 14:45:07"}
{"level":"info","message":"   -> 🔍 Scan [meta-header] | Target: \"keyword\" (containing) | Operator: \"contains\" | Actual: [Content length: 10525] | Result: ❌ NO MATCH","timestamp":"2026-06-27 14:45:07"}
{"level":"info","message":"   -> 🔍 Scan [meta-header-length] | Target: \"160\" | Operator: \"Greater than\" | Actual: 162 | Result: ✅ MATCH","timestamp":"2026-06-27 14:45:07"}
{"level":"info","message":"   -> 🔍 Scan [page-html] | Target: \"<script>\" (containing) | Operator: \"contains\" | Actual: [Content length: 10525] | Result: ✅ MATCH","timestamp":"2026-06-27 14:45:07"}
{"level":"info","message":"   -> 🔍 Scan [text] | Target: \"jewellery\" (containing) | Operator: \"contains\" | Actual: [Content length: 10525] | Result: ✅ MATCH","timestamp":"2026-06-27 14:45:07"}
{"level":"info","message":"   -> 🔍 Scan [page-title] | Target: \"jewellery\" (containing) | Operator: \"contains\" | Actual: \"Best Jewellery Billing Softwar\" | Result: ✅ MATCH","timestamp":"2026-06-27 14:45:07"}
{"level":"info","message":"   -> 🔍 Scan [page-title-length] | Target: \"60\" | Operator: \"Greater than\" | Actual: 69 | Result: ✅ MATCH","timestamp":"2026-06-27 14:45:07"}
{"level":"info","message":"   -> 🔍 Scan [page-url] | Target: \"shop\" (containing) | Operator: \"contains\" | Actual: \"https://omunim.com/jewellery-billing-software\" | Result: ❌ NO MATCH","timestamp":"2026-06-27 14:45:07"}
{"level":"info","message":"   -> 🔍 Scan [link] | Target: \"contact\" (containing) | Operator: \"contains\" | Actual: [48 links] | Result: ✅ MATCH","timestamp":"2026-06-27 14:45:07"}
{"level":"info","message":"   -> 🔍 Scan [link-text] | Target: \"buy\" (containing) | Operator: \"contains\" | Actual: [48 links] | Result: ❌ NO MATCH","timestamp":"2026-06-27 14:45:07"}
{"level":"info","message":"   -> 🔍 Scan [link-text-length] | Target: \"50\" | Operator: \"Greater than\" | Actual: [48 links] | Result: ❌ NO MATCH","timestamp":"2026-06-27 14:45:07"}
{"level":"info","message":"   -> 🔍 Scan [file-size] | Target: \"5\" (MB) | Operator: \"Greater than\" | Actual: 2997.2607421875 | Result: ❌ NO MATCH","timestamp":"2026-06-27 14:45:07"}
{"level":"info","message":"   -> 🔍 Scan [image-size] | Target: \"100\" (KB) | Operator: \"Greater than\" | Actual: [53 images] | Result: ✅ MATCH","timestamp":"2026-06-27 14:45:07"}
{"level":"info","message":"   -> 🔍 Scan [image-text] | Target: \"logo\" (containing) | Operator: \"contains\" | Actual: [53 images] | Result: ❌ NO MATCH","timestamp":"2026-06-27 14:45:07"}
{"level":"info","message":"   -> 🔍 Scan [image-text-length] | Target: \"100\" | Operator: \"Greater than\" | Actual: [53 images] | Result: ❌ NO MATCH","timestamp":"2026-06-27 14:45:07"}
{"level":"info","message":"   -> 🔍 Scan [external-link-count] | Target: \"10\" | Operator: \"Greater than\" | Actual: 13 | Result: ✅ MATCH","timestamp":"2026-06-27 14:45:07"}
{"level":"info","message":"   -> 🔍 Scan [incoming-link-count] | Target: \"5\" | Operator: \"Greater than\" | Actual: 19 | Result: ✅ MATCH","timestamp":"2026-06-27 14:45:07"}
{"level":"info","message":"   -> 🔍 Scan [heading-text] | Target: \"price\" (containing) | Operator: \"contains\" | Actual: [21 headings] | Result: ❌ NO MATCH","timestamp":"2026-06-27 14:45:07"}
{"level":"info","message":"   -> 🔍 Scan [header-text-length] | Target: \"80\" | Operator: \"Greater than\" | Actual: [21 headings] | Result: ❌ NO MATCH","timestamp":"2026-06-27 14:45:07"}
{"level":"info","message":"   -> 🔍 Scan [readability-level] | Target: \"12\" | Operator: \"Greater than\" | Actual: 14.46078071928072 | Result: ✅ MATCH","timestamp":"2026-06-27 14:45:07"}
{"level":"info","message":"   -> 🔍 Scan [meta-header] | Target: \"keyword\" (containing) | Operator: \"contains\" | Actual: [Content length: 10525] | Result: ❌ NO MATCH","timestamp":"2026-06-27 14:45:07"}
{"level":"info","message":"   -> 🔍 Scan [meta-header-length] | Target: \"160\" | Operator: \"Greater than\" | Actual: 162 | Result: ✅ MATCH","timestamp":"2026-06-27 14:45:07"}
{"level":"info","message":"   -> 🔍 Scan [page-html] | Target: \"<script>\" (containing) | Operator: \"contains\" | Actual: [Content length: 10525] | Result: ✅ MATCH","timestamp":"2026-06-27 14:45:07"}
{"level":"info","message":"✅ [https://omunim.com/] Saved 4 pages to database tenant_sbi.","timestamp":"2026-06-27 14:45:07"}
{"level":"info","message":"🚨 [https://omunim.com/] Saved 6 policy hits to database tenant_sbi.","timestamp":"2026-06-27 14:45:07"}
{"level":"info","message":"📊 [https://omunim.com/] Domain summary created in tenant_sbi. Final Score: 35","timestamp":"2026-06-27 14:45:07"}
{"level":"info","message":"📋 [omunim.com] Compiling detailed audit data snapshot for jobId: 5-1782551539611...","timestamp":"2026-06-27 14:45:07"}
{"level":"info","message":"✅ [PageSpeed API] Score for https://omunim.com/jewellery-billing-software: 67","timestamp":"2026-06-27 14:45:07"}
{"level":"info","message":"📊 [Lighthouse] Results for https://omunim.com/jewellery-billing-software: Performance: 67, SEO: 92, Accessibility: 91","timestamp":"2026-06-27 14:45:07"}
{"level":"info","message":"💾 [omunim.com] Saved complete Audit details & summary snap to DB for jobId: 5-1782551539611","timestamp":"2026-06-27 14:45:07"}
{"level":"info","message":"🔍 [Domain: omunim.com] [Page 4/4] Found 19 internal links on https://omunim.com/jewellery-billing-software","timestamp":"2026-06-27 14:45:08"}
{"level":"info","message":"📋 [omunim.com] QA scan saved: 4 pages, jobId 5-1782551539611","timestamp":"2026-06-27 14:45:08"}
{"level":"info","message":"♿ [omunim.com] Starting Accessibility scan for 4 pages...","timestamp":"2026-06-27 14:45:08"}
{"level":"info","message":"[https://omunim.com/] Evaluating 4 policies against 4 pages.","timestamp":"2026-06-27 14:45:08"}
{"level":"info","message":"   -> 🔍 Scan [text] | Target: \"jewellery\" (containing) | Operator: \"contains\" | Actual: [Content length: 20046] | Result: ✅ MATCH","timestamp":"2026-06-27 14:45:08"}
{"level":"info","message":"   -> 🔍 Scan [image-size] | Target: \"100\" (KB) | Operator: \"Greater than\" | Actual: [104 images] | Result: ❌ NO MATCH","timestamp":"2026-06-27 14:45:08"}
{"level":"info","message":"   -> 🔍 Scan [text] | Target: \"jewellery\" (containing) | Operator: \"contains\" | Actual: [Content length: 20046] | Result: ✅ MATCH","timestamp":"2026-06-27 14:45:08"}
{"level":"info","message":"   -> 🔍 Scan [page-title] | Target: \"jewellery\" (containing) | Operator: \"contains\" | Actual: \"Jewellery Software | Jewellery\" | Result: ✅ MATCH","timestamp":"2026-06-27 14:45:08"}
{"level":"info","message":"   -> 🔍 Scan [page-title-length] | Target: \"60\" | Operator: \"Greater than\" | Actual: 60 | Result: ❌ NO MATCH","timestamp":"2026-06-27 14:45:08"}
{"level":"info","message":"   -> 🔍 Scan [page-url] | Target: \"shop\" (containing) | Operator: \"contains\" | Actual: \"https://omunim.com/\" | Result: ❌ NO MATCH","timestamp":"2026-06-27 14:45:08"}
{"level":"info","message":"   -> 🔍 Scan [link] | Target: \"contact\" (containing) | Operator: \"contains\" | Actual: [65 links] | Result: ✅ MATCH","timestamp":"2026-06-27 14:45:08"}
{"level":"info","message":"   -> 🔍 Scan [link-text] | Target: \"buy\" (containing) | Operator: \"contains\" | Actual: [65 links] | Result: ❌ NO MATCH","timestamp":"2026-06-27 14:45:08"}
{"level":"info","message":"   -> 🔍 Scan [link-text-length] | Target: \"50\" | Operator: \"Greater than\" | Actual: [65 links] | Result: ✅ MATCH","timestamp":"2026-06-27 14:45:08"}
{"level":"info","message":"   -> 🔍 Scan [file-size] | Target: \"5\" (MB) | Operator: \"Greater than\" | Actual: 2093.64453125 | Result: ❌ NO MATCH","timestamp":"2026-06-27 14:45:08"}
{"level":"info","message":"   -> 🔍 Scan [image-size] | Target: \"100\" (KB) | Operator: \"Greater than\" | Actual: [104 images] | Result: ❌ NO MATCH","timestamp":"2026-06-27 14:45:08"}
{"level":"info","message":"   -> 🔍 Scan [image-text] | Target: \"logo\" (containing) | Operator: \"contains\" | Actual: [104 images] | Result: ❌ NO MATCH","timestamp":"2026-06-27 14:45:08"}
{"level":"info","message":"   -> 🔍 Scan [image-text-length] | Target: \"100\" | Operator: \"Greater than\" | Actual: [104 images] | Result: ❌ NO MATCH","timestamp":"2026-06-27 14:45:08"}
{"level":"info","message":"   -> 🔍 Scan [external-link-count] | Target: \"10\" | Operator: \"Greater than\" | Actual: 17 | Result: ✅ MATCH","timestamp":"2026-06-27 14:45:08"}
{"level":"info","message":"   -> 🔍 Scan [incoming-link-count] | Target: \"5\" | Operator: \"Greater than\" | Actual: 21 | Result: ✅ MATCH","timestamp":"2026-06-27 14:45:08"}
{"level":"info","message":"   -> 🔍 Scan [heading-text] | Target: \"price\" (containing) | Operator: \"contains\" | Actual: [9 headings] | Result: ❌ NO MATCH","timestamp":"2026-06-27 14:45:08"}
{"level":"info","message":"   -> 🔍 Scan [header-text-length] | Target: \"80\" | Operator: \"Greater than\" | Actual: [9 headings] | Result: ❌ NO MATCH","timestamp":"2026-06-27 14:45:08"}
{"level":"info","message":"   -> 🔍 Scan [readability-level] | Target: \"12\" | Operator: \"Greater than\" | Actual: 13.052043989091928 | Result: ✅ MATCH","timestamp":"2026-06-27 14:45:08"}
{"level":"info","message":"   -> 🔍 Scan [meta-header] | Target: \"keyword\" (containing) | Operator: \"contains\" | Actual: [Content length: 20046] | Result: ❌ NO MATCH","timestamp":"2026-06-27 14:45:08"}
{"level":"info","message":"   -> 🔍 Scan [meta-header-length] | Target: \"160\" | Operator: \"Greater than\" | Actual: 160 | Result: ❌ NO MATCH","timestamp":"2026-06-27 14:45:08"}
{"level":"info","message":"   -> 🔍 Scan [page-html] | Target: \"<script>\" (containing) | Operator: \"contains\" | Actual: [Content length: 20046] | Result: ✅ MATCH","timestamp":"2026-06-27 14:45:08"}
{"level":"info","message":"   -> 🔍 Scan [text] | Target: \"jewellery\" (containing) | Operator: \"contains\" | Actual: [Content length: 20046] | Result: ✅ MATCH","timestamp":"2026-06-27 14:45:08"}
{"level":"info","message":"   -> 🔍 Scan [page-title] | Target: \"jewellery\" (containing) | Operator: \"contains\" | Actual: \"Jewellery Software | Jewellery\" | Result: ✅ MATCH","timestamp":"2026-06-27 14:45:08"}
{"level":"info","message":"   -> 🔍 Scan [page-title-length] | Target: \"60\" | Operator: \"Greater than\" | Actual: 60 | Result: ❌ NO MATCH","timestamp":"2026-06-27 14:45:08"}
{"level":"info","message":"   -> 🔍 Scan [page-url] | Target: \"shop\" (containing) | Operator: \"contains\" | Actual: \"https://omunim.com/\" | Result: ❌ NO MATCH","timestamp":"2026-06-27 14:45:08"}
{"level":"info","message":"   -> 🔍 Scan [link] | Target: \"contact\" (containing) | Operator: \"contains\" | Actual: [65 links] | Result: ✅ MATCH","timestamp":"2026-06-27 14:45:08"}
{"level":"info","message":"   -> 🔍 Scan [link-text] | Target: \"buy\" (containing) | Operator: \"contains\" | Actual: [65 links] | Result: ❌ NO MATCH","timestamp":"2026-06-27 14:45:08"}
{"level":"info","message":"   -> 🔍 Scan [link-text-length] | Target: \"50\" | Operator: \"Greater than\" | Actual: [65 links] | Result: ✅ MATCH","timestamp":"2026-06-27 14:45:08"}
{"level":"info","message":"   -> 🔍 Scan [file-size] | Target: \"5\" (MB) | Operator: \"Greater than\" | Actual: 2093.64453125 | Result: ❌ NO MATCH","timestamp":"2026-06-27 14:45:08"}
{"level":"info","message":"   -> 🔍 Scan [image-size] | Target: \"100\" (KB) | Operator: \"Greater than\" | Actual: [104 images] | Result: ❌ NO MATCH","timestamp":"2026-06-27 14:45:08"}
{"level":"info","message":"   -> 🔍 Scan [image-text] | Target: \"logo\" (containing) | Operator: \"contains\" | Actual: [104 images] | Result: ❌ NO MATCH","timestamp":"2026-06-27 14:45:08"}
{"level":"info","message":"   -> 🔍 Scan [image-text-length] | Target: \"100\" | Operator: \"Greater than\" | Actual: [104 images] | Result: ❌ NO MATCH","timestamp":"2026-06-27 14:45:08"}
{"level":"info","message":"   -> 🔍 Scan [external-link-count] | Target: \"10\" | Operator: \"Greater than\" | Actual: 17 | Result: ✅ MATCH","timestamp":"2026-06-27 14:45:08"}
{"level":"info","message":"   -> 🔍 Scan [incoming-link-count] | Target: \"5\" | Operator: \"Greater than\" | Actual: 21 | Result: ✅ MATCH","timestamp":"2026-06-27 14:45:08"}
{"level":"info","message":"   -> 🔍 Scan [heading-text] | Target: \"price\" (containing) | Operator: \"contains\" | Actual: [9 headings] | Result: ❌ NO MATCH","timestamp":"2026-06-27 14:45:08"}
{"level":"info","message":"   -> 🔍 Scan [header-text-length] | Target: \"80\" | Operator: \"Greater than\" | Actual: [9 headings] | Result: ❌ NO MATCH","timestamp":"2026-06-27 14:45:08"}
{"level":"info","message":"   -> 🔍 Scan [readability-level] | Target: \"12\" | Operator: \"Greater than\" | Actual: 13.052043989091928 | Result: ✅ MATCH","timestamp":"2026-06-27 14:45:08"}
{"level":"info","message":"   -> 🔍 Scan [meta-header] | Target: \"keyword\" (containing) | Operator: \"contains\" | Actual: [Content length: 20046] | Result: ❌ NO MATCH","timestamp":"2026-06-27 14:45:08"}
{"level":"info","message":"   -> 🔍 Scan [meta-header-length] | Target: \"160\" | Operator: \"Greater than\" | Actual: 160 | Result: ❌ NO MATCH","timestamp":"2026-06-27 14:45:08"}
{"level":"info","message":"   -> 🔍 Scan [page-html] | Target: \"<script>\" (containing) | Operator: \"contains\" | Actual: [Content length: 20046] | Result: ✅ MATCH","timestamp":"2026-06-27 14:45:08"}
{"level":"info","message":"   -> 🔍 Scan [text] | Target: \"jewellery\" (containing) | Operator: \"contains\" | Actual: [Content length: 20046] | Result: ✅ MATCH","timestamp":"2026-06-27 14:45:08"}
{"level":"info","message":"   -> 🔍 Scan [image-size] | Target: \"100\" (KB) | Operator: \"Greater than\" | Actual: [104 images] | Result: ❌ NO MATCH","timestamp":"2026-06-27 14:45:08"}
{"level":"info","message":"   -> 🔍 Scan [text] | Target: \"jewellery\" (containing) | Operator: \"contains\" | Actual: [Content length: 20046] | Result: ✅ MATCH","timestamp":"2026-06-27 14:45:08"}
{"level":"info","message":"   -> 🔍 Scan [page-title] | Target: \"jewellery\" (containing) | Operator: \"contains\" | Actual: \"Jewellery Software | Jewellery\" | Result: ✅ MATCH","timestamp":"2026-06-27 14:45:08"}
{"level":"info","message":"   -> 🔍 Scan [page-title-length] | Target: \"60\" | Operator: \"Greater than\" | Actual: 60 | Result: ❌ NO MATCH","timestamp":"2026-06-27 14:45:08"}
{"level":"info","message":"   -> 🔍 Scan [page-url] | Target: \"shop\" (containing) | Operator: \"contains\" | Actual: \"https://omunim.com/jewellery-software\" | Result: ❌ NO MATCH","timestamp":"2026-06-27 14:45:08"}
{"level":"info","message":"   -> 🔍 Scan [link] | Target: \"contact\" (containing) | Operator: \"contains\" | Actual: [65 links] | Result: ✅ MATCH","timestamp":"2026-06-27 14:45:08"}
{"level":"info","message":"   -> 🔍 Scan [link-text] | Target: \"buy\" (containing) | Operator: \"contains\" | Actual: [65 links] | Result: ❌ NO MATCH","timestamp":"2026-06-27 14:45:08"}
{"level":"info","message":"   -> 🔍 Scan [link-text-length] | Target: \"50\" | Operator: \"Greater than\" | Actual: [65 links] | Result: ✅ MATCH","timestamp":"2026-06-27 14:45:08"}
{"level":"info","message":"   -> 🔍 Scan [file-size] | Target: \"5\" (MB) | Operator: \"Greater than\" | Actual: 2091.7880859375 | Result: ❌ NO MATCH","timestamp":"2026-06-27 14:45:08"}
{"level":"info","message":"   -> 🔍 Scan [image-size] | Target: \"100\" (KB) | Operator: \"Greater than\" | Actual: [104 images] | Result: ❌ NO MATCH","timestamp":"2026-06-27 14:45:08"}
{"level":"info","message":"   -> 🔍 Scan [image-text] | Target: \"logo\" (containing) | Operator: \"contains\" | Actual: [104 images] | Result: ❌ NO MATCH","timestamp":"2026-06-27 14:45:08"}
{"level":"info","message":"   -> 🔍 Scan [image-text-length] | Target: \"100\" | Operator: \"Greater than\" | Actual: [104 images] | Result: ❌ NO MATCH","timestamp":"2026-06-27 14:45:08"}
{"level":"info","message":"   -> 🔍 Scan [external-link-count] | Target: \"10\" | Operator: \"Greater than\" | Actual: 17 | Result: ✅ MATCH","timestamp":"2026-06-27 14:45:08"}
{"level":"info","message":"   -> 🔍 Scan [incoming-link-count] | Target: \"5\" | Operator: \"Greater than\" | Actual: 21 | Result: ✅ MATCH","timestamp":"2026-06-27 14:45:08"}
{"level":"info","message":"   -> 🔍 Scan [heading-text] | Target: \"price\" (containing) | Operator: \"contains\" | Actual: [9 headings] | Result: ❌ NO MATCH","timestamp":"2026-06-27 14:45:08"}
{"level":"info","message":"   -> 🔍 Scan [header-text-length] | Target: \"80\" | Operator: \"Greater than\" | Actual: [9 headings] | Result: ❌ NO MATCH","timestamp":"2026-06-27 14:45:08"}
{"level":"info","message":"   -> 🔍 Scan [readability-level] | Target: \"12\" | Operator: \"Greater than\" | Actual: 13.052043989091928 | Result: ✅ MATCH","timestamp":"2026-06-27 14:45:08"}
{"level":"info","message":"   -> 🔍 Scan [meta-header] | Target: \"keyword\" (containing) | Operator: \"contains\" | Actual: [Content length: 20046] | Result: ❌ NO MATCH","timestamp":"2026-06-27 14:45:08"}
{"level":"info","message":"   -> 🔍 Scan [meta-header-length] | Target: \"160\" | Operator: \"Greater than\" | Actual: 160 | Result: ❌ NO MATCH","timestamp":"2026-06-27 14:45:08"}
{"level":"info","message":"   -> 🔍 Scan [page-html] | Target: \"<script>\" (containing) | Operator: \"contains\" | Actual: [Content length: 20046] | Result: ✅ MATCH","timestamp":"2026-06-27 14:45:08"}
{"level":"info","message":"   -> 🔍 Scan [text] | Target: \"jewellery\" (containing) | Operator: \"contains\" | Actual: [Content length: 20046] | Result: ✅ MATCH","timestamp":"2026-06-27 14:45:08"}
{"level":"info","message":"   -> 🔍 Scan [page-title] | Target: \"jewellery\" (containing) | Operator: \"contains\" | Actual: \"Jewellery Software | Jewellery\" | Result: ✅ MATCH","timestamp":"2026-06-27 14:45:08"}
{"level":"info","message":"   -> 🔍 Scan [page-title-length] | Target: \"60\" | Operator: \"Greater than\" | Actual: 60 | Result: ❌ NO MATCH","timestamp":"2026-06-27 14:45:08"}
{"level":"info","message":"   -> 🔍 Scan [page-url] | Target: \"shop\" (containing) | Operator: \"contains\" | Actual: \"https://omunim.com/jewellery-software\" | Result: ❌ NO MATCH","timestamp":"2026-06-27 14:45:08"}
{"level":"info","message":"   -> 🔍 Scan [link] | Target: \"contact\" (containing) | Operator: \"contains\" | Actual: [65 links] | Result: ✅ MATCH","timestamp":"2026-06-27 14:45:08"}
{"level":"info","message":"   -> 🔍 Scan [link-text] | Target: \"buy\" (containing) | Operator: \"contains\" | Actual: [65 links] | Result: ❌ NO MATCH","timestamp":"2026-06-27 14:45:08"}
{"level":"info","message":"   -> 🔍 Scan [link-text-length] | Target: \"50\" | Operator: \"Greater than\" | Actual: [65 links] | Result: ✅ MATCH","timestamp":"2026-06-27 14:45:08"}
{"level":"info","message":"   -> 🔍 Scan [file-size] | Target: \"5\" (MB) | Operator: \"Greater than\" | Actual: 2091.7880859375 | Result: ❌ NO MATCH","timestamp":"2026-06-27 14:45:08"}
{"level":"info","message":"   -> 🔍 Scan [image-size] | Target: \"100\" (KB) | Operator: \"Greater than\" | Actual: [104 images] | Result: ❌ NO MATCH","timestamp":"2026-06-27 14:45:08"}
{"level":"info","message":"   -> 🔍 Scan [image-text] | Target: \"logo\" (containing) | Operator: \"contains\" | Actual: [104 images] | Result: ❌ NO MATCH","timestamp":"2026-06-27 14:45:08"}
{"level":"info","message":"   -> 🔍 Scan [image-text-length] | Target: \"100\" | Operator: \"Greater than\" | Actual: [104 images] | Result: ❌ NO MATCH","timestamp":"2026-06-27 14:45:08"}
{"level":"info","message":"   -> 🔍 Scan [external-link-count] | Target: \"10\" | Operator: \"Greater than\" | Actual: 17 | Result: ✅ MATCH","timestamp":"2026-06-27 14:45:08"}
{"level":"info","message":"   -> 🔍 Scan [incoming-link-count] | Target: \"5\" | Operator: \"Greater than\" | Actual: 21 | Result: ✅ MATCH","timestamp":"2026-06-27 14:45:08"}
{"level":"info","message":"   -> 🔍 Scan [heading-text] | Target: \"price\" (containing) | Operator: \"contains\" | Actual: [9 headings] | Result: ❌ NO MATCH","timestamp":"2026-06-27 14:45:08"}
{"level":"info","message":"   -> 🔍 Scan [header-text-length] | Target: \"80\" | Operator: \"Greater than\" | Actual: [9 headings] | Result: ❌ NO MATCH","timestamp":"2026-06-27 14:45:08"}
{"level":"info","message":"   -> 🔍 Scan [readability-level] | Target: \"12\" | Operator: \"Greater than\" | Actual: 13.052043989091928 | Result: ✅ MATCH","timestamp":"2026-06-27 14:45:08"}
{"level":"info","message":"   -> 🔍 Scan [meta-header] | Target: \"keyword\" (containing) | Operator: \"contains\" | Actual: [Content length: 20046] | Result: ❌ NO MATCH","timestamp":"2026-06-27 14:45:08"}
{"level":"info","message":"   -> 🔍 Scan [meta-header-length] | Target: \"160\" | Operator: \"Greater than\" | Actual: 160 | Result: ❌ NO MATCH","timestamp":"2026-06-27 14:45:08"}
{"level":"info","message":"   -> 🔍 Scan [page-html] | Target: \"<script>\" (containing) | Operator: \"contains\" | Actual: [Content length: 20046] | Result: ✅ MATCH","timestamp":"2026-06-27 14:45:08"}
{"level":"info","message":"   -> 🔍 Scan [text] | Target: \"jewellery\" (containing) | Operator: \"contains\" | Actual: [Content length: 7856] | Result: ✅ MATCH","timestamp":"2026-06-27 14:45:08"}
{"level":"info","message":"   -> 🔍 Scan [image-size] | Target: \"100\" (KB) | Operator: \"Greater than\" | Actual: [22 images] | Result: ✅ MATCH","timestamp":"2026-06-27 14:45:08"}
{"level":"info","message":"   -> 🔍 Scan [text] | Target: \"jewellery\" (containing) | Operator: \"contains\" | Actual: [Content length: 7856] | Result: ✅ MATCH","timestamp":"2026-06-27 14:45:08"}
{"level":"info","message":"   -> 🔍 Scan [page-title] | Target: \"jewellery\" (containing) | Operator: \"contains\" | Actual: \"Jewellery Software | Jewellery\" | Result: ✅ MATCH","timestamp":"2026-06-27 14:45:08"}
{"level":"info","message":"   -> 🔍 Scan [page-title-length] | Target: \"60\" | Operator: \"Greater than\" | Actual: 60 | Result: ❌ NO MATCH","timestamp":"2026-06-27 14:45:08"}
{"level":"info","message":"   -> 🔍 Scan [page-url] | Target: \"shop\" (containing) | Operator: \"contains\" | Actual: \"https://omunim.com/signin\" | Result: ❌ NO MATCH","timestamp":"2026-06-27 14:45:08"}
{"level":"info","message":"   -> 🔍 Scan [link] | Target: \"contact\" (containing) | Operator: \"contains\" | Actual: [44 links] | Result: ✅ MATCH","timestamp":"2026-06-27 14:45:08"}
{"level":"info","message":"   -> 🔍 Scan [link-text] | Target: \"buy\" (containing) | Operator: \"contains\" | Actual: [44 links] | Result: ❌ NO MATCH","timestamp":"2026-06-27 14:45:08"}
{"level":"info","message":"   -> 🔍 Scan [link-text-length] | Target: \"50\" | Operator: \"Greater than\" | Actual: [44 links] | Result: ❌ NO MATCH","timestamp":"2026-06-27 14:45:08"}
{"level":"info","message":"   -> 🔍 Scan [file-size] | Target: \"5\" (MB) | Operator: \"Greater than\" | Actual: 1510.125 | Result: ❌ NO MATCH","timestamp":"2026-06-27 14:45:08"}
{"level":"info","message":"   -> 🔍 Scan [image-size] | Target: \"100\" (KB) | Operator: \"Greater than\" | Actual: [22 images] | Result: ✅ MATCH","timestamp":"2026-06-27 14:45:08"}
{"level":"info","message":"   -> 🔍 Scan [image-text] | Target: \"logo\" (containing) | Operator: \"contains\" | Actual: [22 images] | Result: ❌ NO MATCH","timestamp":"2026-06-27 14:45:08"}
{"level":"info","message":"   -> 🔍 Scan [image-text-length] | Target: \"100\" | Operator: \"Greater than\" | Actual: [22 images] | Result: ❌ NO MATCH","timestamp":"2026-06-27 14:45:08"}
{"level":"info","message":"   -> 🔍 Scan [external-link-count] | Target: \"10\" | Operator: \"Greater than\" | Actual: 13 | Result: ✅ MATCH","timestamp":"2026-06-27 14:45:08"}
{"level":"info","message":"   -> 🔍 Scan [incoming-link-count] | Target: \"5\" | Operator: \"Greater than\" | Actual: 18 | Result: ✅ MATCH","timestamp":"2026-06-27 14:45:08"}
{"level":"info","message":"   -> 🔍 Scan [heading-text] | Target: \"price\" (containing) | Operator: \"contains\" | Actual: [2 headings] | Result: ❌ NO MATCH","timestamp":"2026-06-27 14:45:08"}
{"level":"info","message":"   -> 🔍 Scan [header-text-length] | Target: \"80\" | Operator: \"Greater than\" | Actual: [2 headings] | Result: ❌ NO MATCH","timestamp":"2026-06-27 14:45:08"}
{"level":"info","message":"   -> 🔍 Scan [readability-level] | Target: \"12\" | Operator: \"Greater than\" | Actual: 17.779266123054118 | Result: ✅ MATCH","timestamp":"2026-06-27 14:45:08"}
{"level":"info","message":"   -> 🔍 Scan [meta-header] | Target: \"keyword\" (containing) | Operator: \"contains\" | Actual: [Content length: 7856] | Result: ❌ NO MATCH","timestamp":"2026-06-27 14:45:08"}
{"level":"info","message":"   -> 🔍 Scan [meta-header-length] | Target: \"160\" | Operator: \"Greater than\" | Actual: 160 | Result: ❌ NO MATCH","timestamp":"2026-06-27 14:45:08"}
{"level":"info","message":"   -> 🔍 Scan [page-html] | Target: \"<script>\" (containing) | Operator: \"contains\" | Actual: [Content length: 7856] | Result: ✅ MATCH","timestamp":"2026-06-27 14:45:08"}
{"level":"info","message":"   -> 🔍 Scan [text] | Target: \"jewellery\" (containing) | Operator: \"contains\" | Actual: [Content length: 7856] | Result: ✅ MATCH","timestamp":"2026-06-27 14:45:08"}
{"level":"info","message":"   -> 🔍 Scan [page-title] | Target: \"jewellery\" (containing) | Operator: \"contains\" | Actual: \"Jewellery Software | Jewellery\" | Result: ✅ MATCH","timestamp":"2026-06-27 14:45:08"}
{"level":"info","message":"   -> 🔍 Scan [page-title-length] | Target: \"60\" | Operator: \"Greater than\" | Actual: 60 | Result: ❌ NO MATCH","timestamp":"2026-06-27 14:45:08"}
{"level":"info","message":"   -> 🔍 Scan [page-url] | Target: \"shop\" (containing) | Operator: \"contains\" | Actual: \"https://omunim.com/signin\" | Result: ❌ NO MATCH","timestamp":"2026-06-27 14:45:08"}
{"level":"info","message":"   -> 🔍 Scan [link] | Target: \"contact\" (containing) | Operator: \"contains\" | Actual: [44 links] | Result: ✅ MATCH","timestamp":"2026-06-27 14:45:08"}
{"level":"info","message":"   -> 🔍 Scan [link-text] | Target: \"buy\" (containing) | Operator: \"contains\" | Actual: [44 links] | Result: ❌ NO MATCH","timestamp":"2026-06-27 14:45:08"}
{"level":"info","message":"   -> 🔍 Scan [link-text-length] | Target: \"50\" | Operator: \"Greater than\" | Actual: [44 links] | Result: ❌ NO MATCH","timestamp":"2026-06-27 14:45:08"}
{"level":"info","message":"   -> 🔍 Scan [file-size] | Target: \"5\" (MB) | Operator: \"Greater than\" | Actual: 1510.125 | Result: ❌ NO MATCH","timestamp":"2026-06-27 14:45:08"}
{"level":"info","message":"   -> 🔍 Scan [image-size] | Target: \"100\" (KB) | Operator: \"Greater than\" | Actual: [22 images] | Result: ✅ MATCH","timestamp":"2026-06-27 14:45:08"}
{"level":"info","message":"   -> 🔍 Scan [image-text] | Target: \"logo\" (containing) | Operator: \"contains\" | Actual: [22 images] | Result: ❌ NO MATCH","timestamp":"2026-06-27 14:45:08"}
{"level":"info","message":"   -> 🔍 Scan [image-text-length] | Target: \"100\" | Operator: \"Greater than\" | Actual: [22 images] | Result: ❌ NO MATCH","timestamp":"2026-06-27 14:45:08"}
{"level":"info","message":"   -> 🔍 Scan [external-link-count] | Target: \"10\" | Operator: \"Greater than\" | Actual: 13 | Result: ✅ MATCH","timestamp":"2026-06-27 14:45:08"}
{"level":"info","message":"   -> 🔍 Scan [incoming-link-count] | Target: \"5\" | Operator: \"Greater than\" | Actual: 18 | Result: ✅ MATCH","timestamp":"2026-06-27 14:45:08"}
{"level":"info","message":"   -> 🔍 Scan [heading-text] | Target: \"price\" (containing) | Operator: \"contains\" | Actual: [2 headings] | Result: ❌ NO MATCH","timestamp":"2026-06-27 14:45:08"}
{"level":"info","message":"   -> 🔍 Scan [header-text-length] | Target: \"80\" | Operator: \"Greater than\" | Actual: [2 headings] | Result: ❌ NO MATCH","timestamp":"2026-06-27 14:45:08"}
{"level":"info","message":"   -> 🔍 Scan [readability-level] | Target: \"12\" | Operator: \"Greater than\" | Actual: 17.779266123054118 | Result: ✅ MATCH","timestamp":"2026-06-27 14:45:08"}
{"level":"info","message":"   -> 🔍 Scan [meta-header] | Target: \"keyword\" (containing) | Operator: \"contains\" | Actual: [Content length: 7856] | Result: ❌ NO MATCH","timestamp":"2026-06-27 14:45:08"}
{"level":"info","message":"   -> 🔍 Scan [meta-header-length] | Target: \"160\" | Operator: \"Greater than\" | Actual: 160 | Result: ❌ NO MATCH","timestamp":"2026-06-27 14:45:08"}
{"level":"info","message":"   -> 🔍 Scan [page-html] | Target: \"<script>\" (containing) | Operator: \"contains\" | Actual: [Content length: 7856] | Result: ✅ MATCH","timestamp":"2026-06-27 14:45:08"}
{"level":"info","message":"   -> 🔍 Scan [text] | Target: \"jewellery\" (containing) | Operator: \"contains\" | Actual: [Content length: 10525] | Result: ✅ MATCH","timestamp":"2026-06-27 14:45:08"}
{"level":"info","message":"   -> 🔍 Scan [image-size] | Target: \"100\" (KB) | Operator: \"Greater than\" | Actual: [53 images] | Result: ✅ MATCH","timestamp":"2026-06-27 14:45:08"}
{"level":"info","message":"   -> 🔍 Scan [text] | Target: \"jewellery\" (containing) | Operator: \"contains\" | Actual: [Content length: 10525] | Result: ✅ MATCH","timestamp":"2026-06-27 14:45:08"}
{"level":"info","message":"   -> 🔍 Scan [page-title] | Target: \"jewellery\" (containing) | Operator: \"contains\" | Actual: \"Best Jewellery Billing Softwar\" | Result: ✅ MATCH","timestamp":"2026-06-27 14:45:08"}
{"level":"info","message":"   -> 🔍 Scan [page-title-length] | Target: \"60\" | Operator: \"Greater than\" | Actual: 69 | Result: ✅ MATCH","timestamp":"2026-06-27 14:45:08"}
{"level":"info","message":"   -> 🔍 Scan [page-url] | Target: \"shop\" (containing) | Operator: \"contains\" | Actual: \"https://omunim.com/jewellery-billing-software\" | Result: ❌ NO MATCH","timestamp":"2026-06-27 14:45:08"}
{"level":"info","message":"   -> 🔍 Scan [link] | Target: \"contact\" (containing) | Operator: \"contains\" | Actual: [48 links] | Result: ✅ MATCH","timestamp":"2026-06-27 14:45:08"}
{"level":"info","message":"   -> 🔍 Scan [link-text] | Target: \"buy\" (containing) | Operator: \"contains\" | Actual: [48 links] | Result: ❌ NO MATCH","timestamp":"2026-06-27 14:45:08"}
{"level":"info","message":"   -> 🔍 Scan [link-text-length] | Target: \"50\" | Operator: \"Greater than\" | Actual: [48 links] | Result: ❌ NO MATCH","timestamp":"2026-06-27 14:45:08"}
{"level":"info","message":"   -> 🔍 Scan [file-size] | Target: \"5\" (MB) | Operator: \"Greater than\" | Actual: 2997.2607421875 | Result: ❌ NO MATCH","timestamp":"2026-06-27 14:45:08"}
{"level":"info","message":"   -> 🔍 Scan [image-size] | Target: \"100\" (KB) | Operator: \"Greater than\" | Actual: [53 images] | Result: ✅ MATCH","timestamp":"2026-06-27 14:45:08"}
{"level":"info","message":"   -> 🔍 Scan [image-text] | Target: \"logo\" (containing) | Operator: \"contains\" | Actual: [53 images] | Result: ❌ NO MATCH","timestamp":"2026-06-27 14:45:08"}
{"level":"info","message":"   -> 🔍 Scan [image-text-length] | Target: \"100\" | Operator: \"Greater than\" | Actual: [53 images] | Result: ❌ NO MATCH","timestamp":"2026-06-27 14:45:08"}
{"level":"info","message":"   -> 🔍 Scan [external-link-count] | Target: \"10\" | Operator: \"Greater than\" | Actual: 13 | Result: ✅ MATCH","timestamp":"2026-06-27 14:45:08"}
{"level":"info","message":"   -> 🔍 Scan [incoming-link-count] | Target: \"5\" | Operator: \"Greater than\" | Actual: 19 | Result: ✅ MATCH","timestamp":"2026-06-27 14:45:08"}
{"level":"info","message":"   -> 🔍 Scan [heading-text] | Target: \"price\" (containing) | Operator: \"contains\" | Actual: [21 headings] | Result: ❌ NO MATCH","timestamp":"2026-06-27 14:45:08"}
{"level":"info","message":"   -> 🔍 Scan [header-text-length] | Target: \"80\" | Operator: \"Greater than\" | Actual: [21 headings] | Result: ❌ NO MATCH","timestamp":"2026-06-27 14:45:08"}
{"level":"info","message":"   -> 🔍 Scan [readability-level] | Target: \"12\" | Operator: \"Greater than\" | Actual: 14.46078071928072 | Result: ✅ MATCH","timestamp":"2026-06-27 14:45:08"}
{"level":"info","message":"   -> 🔍 Scan [meta-header] | Target: \"keyword\" (containing) | Operator: \"contains\" | Actual: [Content length: 10525] | Result: ❌ NO MATCH","timestamp":"2026-06-27 14:45:08"}
{"level":"info","message":"   -> 🔍 Scan [meta-header-length] | Target: \"160\" | Operator: \"Greater than\" | Actual: 162 | Result: ✅ MATCH","timestamp":"2026-06-27 14:45:08"}
{"level":"info","message":"   -> 🔍 Scan [page-html] | Target: \"<script>\" (containing) | Operator: \"contains\" | Actual: [Content length: 10525] | Result: ✅ MATCH","timestamp":"2026-06-27 14:45:08"}
{"level":"info","message":"   -> 🔍 Scan [text] | Target: \"jewellery\" (containing) | Operator: \"contains\" | Actual: [Content length: 10525] | Result: ✅ MATCH","timestamp":"2026-06-27 14:45:08"}
{"level":"info","message":"   -> 🔍 Scan [page-title] | Target: \"jewellery\" (containing) | Operator: \"contains\" | Actual: \"Best Jewellery Billing Softwar\" | Result: ✅ MATCH","timestamp":"2026-06-27 14:45:08"}
{"level":"info","message":"   -> 🔍 Scan [page-title-length] | Target: \"60\" | Operator: \"Greater than\" | Actual: 69 | Result: ✅ MATCH","timestamp":"2026-06-27 14:45:08"}
{"level":"info","message":"   -> 🔍 Scan [page-url] | Target: \"shop\" (containing) | Operator: \"contains\" | Actual: \"https://omunim.com/jewellery-billing-software\" | Result: ❌ NO MATCH","timestamp":"2026-06-27 14:45:08"}
{"level":"info","message":"   -> 🔍 Scan [link] | Target: \"contact\" (containing) | Operator: \"contains\" | Actual: [48 links] | Result: ✅ MATCH","timestamp":"2026-06-27 14:45:08"}
{"level":"info","message":"   -> 🔍 Scan [link-text] | Target: \"buy\" (containing) | Operator: \"contains\" | Actual: [48 links] | Result: ❌ NO MATCH","timestamp":"2026-06-27 14:45:08"}
{"level":"info","message":"   -> 🔍 Scan [link-text-length] | Target: \"50\" | Operator: \"Greater than\" | Actual: [48 links] | Result: ❌ NO MATCH","timestamp":"2026-06-27 14:45:08"}
{"level":"info","message":"   -> 🔍 Scan [file-size] | Target: \"5\" (MB) | Operator: \"Greater than\" | Actual: 2997.2607421875 | Result: ❌ NO MATCH","timestamp":"2026-06-27 14:45:08"}
{"level":"info","message":"   -> 🔍 Scan [image-size] | Target: \"100\" (KB) | Operator: \"Greater than\" | Actual: [53 images] | Result: ✅ MATCH","timestamp":"2026-06-27 14:45:08"}
{"level":"info","message":"   -> 🔍 Scan [image-text] | Target: \"logo\" (containing) | Operator: \"contains\" | Actual: [53 images] | Result: ❌ NO MATCH","timestamp":"2026-06-27 14:45:08"}
{"level":"info","message":"   -> 🔍 Scan [image-text-length] | Target: \"100\" | Operator: \"Greater than\" | Actual: [53 images] | Result: ❌ NO MATCH","timestamp":"2026-06-27 14:45:08"}
{"level":"info","message":"   -> 🔍 Scan [external-link-count] | Target: \"10\" | Operator: \"Greater than\" | Actual: 13 | Result: ✅ MATCH","timestamp":"2026-06-27 14:45:08"}
{"level":"info","message":"   -> 🔍 Scan [incoming-link-count] | Target: \"5\" | Operator: \"Greater than\" | Actual: 19 | Result: ✅ MATCH","timestamp":"2026-06-27 14:45:08"}
{"level":"info","message":"   -> 🔍 Scan [heading-text] | Target: \"price\" (containing) | Operator: \"contains\" | Actual: [21 headings] | Result: ❌ NO MATCH","timestamp":"2026-06-27 14:45:08"}
{"level":"info","message":"   -> 🔍 Scan [header-text-length] | Target: \"80\" | Operator: \"Greater than\" | Actual: [21 headings] | Result: ❌ NO MATCH","timestamp":"2026-06-27 14:45:08"}
{"level":"info","message":"   -> 🔍 Scan [readability-level] | Target: \"12\" | Operator: \"Greater than\" | Actual: 14.46078071928072 | Result: ✅ MATCH","timestamp":"2026-06-27 14:45:08"}
{"level":"info","message":"   -> 🔍 Scan [meta-header] | Target: \"keyword\" (containing) | Operator: \"contains\" | Actual: [Content length: 10525] | Result: ❌ NO MATCH","timestamp":"2026-06-27 14:45:08"}
{"level":"info","message":"   -> 🔍 Scan [meta-header-length] | Target: \"160\" | Operator: \"Greater than\" | Actual: 162 | Result: ✅ MATCH","timestamp":"2026-06-27 14:45:08"}
{"level":"info","message":"   -> 🔍 Scan [page-html] | Target: \"<script>\" (containing) | Operator: \"contains\" | Actual: [Content length: 10525] | Result: ✅ MATCH","timestamp":"2026-06-27 14:45:08"}
{"level":"info","message":"✅ [https://omunim.com/] Saved 4 pages to database tenant_sbi.","timestamp":"2026-06-27 14:45:09"}
{"level":"info","message":"🚨 [https://omunim.com/] Saved 6 policy hits to database tenant_sbi.","timestamp":"2026-06-27 14:45:09"}
{"level":"info","message":"📊 [https://omunim.com/] Domain summary created in tenant_sbi. Final Score: 35","timestamp":"2026-06-27 14:45:09"}
{"level":"info","message":"📋 [omunim.com] Compiling detailed audit data snapshot for jobId: 2-1782551507182...","timestamp":"2026-06-27 14:45:09"}
{"level":"info","message":"💾 [omunim.com] Saved complete Audit details & summary snap to DB for jobId: 2-1782551507182","timestamp":"2026-06-27 14:45:09"}
{"level":"info","message":"📋 [omunim.com] QA scan saved: 4 pages, jobId 2-1782551507182","timestamp":"2026-06-27 14:45:09"}
{"level":"info","message":"♿ [omunim.com] Starting Accessibility scan for 4 pages...","timestamp":"2026-06-27 14:45:09"}
{"level":"info","message":"♿ [omunim.com] Axe-core scanned 4/4","timestamp":"2026-06-27 14:45:27"}
{"level":"info","message":"♿ [omunim.com] Axe-core scanned 4/4","timestamp":"2026-06-27 14:45:29"}
{"level":"info","message":"✅ [omunim.com] Accessibility scan saved: 4 pages, jobId 5-1782551539611","timestamp":"2026-06-27 14:45:29"}
{"level":"info","message":"Job 5 (https://omunim.com/) completed successfully.","timestamp":"2026-06-27 14:45:29"}
{"level":"info","message":"✅ [omunim.com] Accessibility scan saved: 4 pages, jobId 2-1782551507182","timestamp":"2026-06-27 14:45:30"}
{"level":"info","message":"Job 2 (https://omunim.com/) completed successfully.","timestamp":"2026-06-27 14:45:30"}
{"level":"info","message":"[Job repeat:c10eea93bf68cc56fd5c63b351df3d32:1782551760000] 🚀 Executing scheduled global orchestration...","timestamp":"2026-06-27 14:46:00"}
{"level":"info","message":"Orchestrator: Starting global scan orchestration... ","timestamp":"2026-06-27 14:46:00"}
{"level":"info","message":"🔗 Connecting to MASTER database: master","timestamp":"2026-06-27 14:46:00"}
{"level":"info","message":"Orchestrator: Found 2 tenants to process.","timestamp":"2026-06-27 14:46:00"}
{"level":"info","message":"📁 Switching to CLIENT database: tenant_rbi (Tenant: rbi)","timestamp":"2026-06-27 14:46:00"}
{"level":"info","message":"Orchestrator: No domains found for tenant rbi (excluding those currently scanning).","timestamp":"2026-06-27 14:46:00"}
{"level":"info","message":"📁 Switching to CLIENT database: tenant_sbi (Tenant: sbi)","timestamp":"2026-06-27 14:46:00"}
{"level":"info","message":"Orchestrator: No domains found for tenant sbi (excluding those currently scanning).","timestamp":"2026-06-27 14:46:00"}
{"level":"info","message":"Orchestrator: Master DB connection closed.","timestamp":"2026-06-27 14:46:00"}
{"level":"info","message":"✅ Orchestrator: Finished. Total jobs enqueued: 0","timestamp":"2026-06-27 14:46:00"}
{"level":"info","message":"Job repeat:c10eea93bf68cc56fd5c63b351df3d32:1782551760000 (Orchestrator) completed successfully.","timestamp":"2026-06-27 14:46:00"}
{"level":"info","message":"[Job repeat:c10eea93bf68cc56fd5c63b351df3d32:1782551820000] 🚀 Executing scheduled global orchestration...","timestamp":"2026-06-27 14:47:00"}
{"level":"info","message":"Orchestrator: Starting global scan orchestration... ","timestamp":"2026-06-27 14:47:00"}
{"level":"info","message":"🔗 Connecting to MASTER database: master","timestamp":"2026-06-27 14:47:00"}
{"level":"info","message":"Orchestrator: Found 2 tenants to process.","timestamp":"2026-06-27 14:47:00"}
{"level":"info","message":"📁 Switching to CLIENT database: tenant_rbi (Tenant: rbi)","timestamp":"2026-06-27 14:47:00"}
{"level":"info","message":"Orchestrator: No domains found for tenant rbi (excluding those currently scanning).","timestamp":"2026-06-27 14:47:00"}
{"level":"info","message":"📁 Switching to CLIENT database: tenant_sbi (Tenant: sbi)","timestamp":"2026-06-27 14:47:00"}
{"level":"info","message":"Orchestrator: No domains found for tenant sbi (excluding those currently scanning).","timestamp":"2026-06-27 14:47:00"}
{"level":"info","message":"Orchestrator: Master DB connection closed.","timestamp":"2026-06-27 14:47:00"}
{"level":"info","message":"✅ Orchestrator: Finished. Total jobs enqueued: 0","timestamp":"2026-06-27 14:47:01"}
{"level":"info","message":"Job repeat:c10eea93bf68cc56fd5c63b351df3d32:1782551820000 (Orchestrator) completed successfully.","timestamp":"2026-06-27 14:47:01"}
{"level":"info","message":"[Job repeat:c10eea93bf68cc56fd5c63b351df3d32:1782551880000] 🚀 Executing scheduled global orchestration...","timestamp":"2026-06-27 14:48:00"}
{"level":"info","message":"Orchestrator: Starting global scan orchestration... ","timestamp":"2026-06-27 14:48:00"}
{"level":"info","message":"🔗 Connecting to MASTER database: master","timestamp":"2026-06-27 14:48:00"}
{"level":"info","message":"Orchestrator: Found 2 tenants to process.","timestamp":"2026-06-27 14:48:01"}
{"level":"info","message":"📁 Switching to CLIENT database: tenant_rbi (Tenant: rbi)","timestamp":"2026-06-27 14:48:01"}
{"level":"info","message":"Orchestrator: No domains found for tenant rbi (excluding those currently scanning).","timestamp":"2026-06-27 14:48:01"}
{"level":"info","message":"📁 Switching to CLIENT database: tenant_sbi (Tenant: sbi)","timestamp":"2026-06-27 14:48:01"}
{"level":"info","message":"Orchestrator: No domains found for tenant sbi (excluding those currently scanning).","timestamp":"2026-06-27 14:48:01"}
{"level":"info","message":"Orchestrator: Master DB connection closed.","timestamp":"2026-06-27 14:48:01"}
{"level":"info","message":"✅ Orchestrator: Finished. Total jobs enqueued: 0","timestamp":"2026-06-27 14:48:01"}
{"level":"info","message":"Job repeat:c10eea93bf68cc56fd5c63b351df3d32:1782551880000 (Orchestrator) completed successfully.","timestamp":"2026-06-27 14:48:01"}
{"level":"info","message":"[Job repeat:c10eea93bf68cc56fd5c63b351df3d32:1782551940000] 🚀 Executing scheduled global orchestration...","timestamp":"2026-06-27 14:49:01"}
{"level":"info","message":"Orchestrator: Starting global scan orchestration... ","timestamp":"2026-06-27 14:49:01"}
{"level":"info","message":"🔗 Connecting to MASTER database: master","timestamp":"2026-06-27 14:49:01"}
{"level":"info","message":"Orchestrator: Found 2 tenants to process.","timestamp":"2026-06-27 14:49:01"}
{"level":"info","message":"📁 Switching to CLIENT database: tenant_rbi (Tenant: rbi)","timestamp":"2026-06-27 14:49:01"}
{"level":"info","message":"Orchestrator: No domains found for tenant rbi (excluding those currently scanning).","timestamp":"2026-06-27 14:49:01"}
{"level":"info","message":"📁 Switching to CLIENT database: tenant_sbi (Tenant: sbi)","timestamp":"2026-06-27 14:49:01"}
{"level":"info","message":"Orchestrator: No domains found for tenant sbi (excluding those currently scanning).","timestamp":"2026-06-27 14:49:01"}
{"level":"info","message":"Orchestrator: Master DB connection closed.","timestamp":"2026-06-27 14:49:01"}
{"level":"info","message":"✅ Orchestrator: Finished. Total jobs enqueued: 0","timestamp":"2026-06-27 14:49:01"}
{"level":"info","message":"Job repeat:c10eea93bf68cc56fd5c63b351df3d32:1782551940000 (Orchestrator) completed successfully.","timestamp":"2026-06-27 14:49:01"}
{"level":"info","message":"[Job repeat:c10eea93bf68cc56fd5c63b351df3d32:1782552000000] 🚀 Executing scheduled global orchestration...","timestamp":"2026-06-27 14:50:00"}
{"level":"info","message":"Orchestrator: Starting global scan orchestration... ","timestamp":"2026-06-27 14:50:00"}
{"level":"info","message":"🔗 Connecting to MASTER database: master","timestamp":"2026-06-27 14:50:00"}
{"level":"info","message":"Orchestrator: Found 2 tenants to process.","timestamp":"2026-06-27 14:50:00"}
{"level":"info","message":"📁 Switching to CLIENT database: tenant_rbi (Tenant: rbi)","timestamp":"2026-06-27 14:50:00"}
{"level":"info","message":"Orchestrator: No domains found for tenant rbi (excluding those currently scanning).","timestamp":"2026-06-27 14:50:00"}
{"level":"info","message":"📁 Switching to CLIENT database: tenant_sbi (Tenant: sbi)","timestamp":"2026-06-27 14:50:00"}
{"level":"info","message":"Orchestrator: No domains found for tenant sbi (excluding those currently scanning).","timestamp":"2026-06-27 14:50:00"}
{"level":"info","message":"Orchestrator: Master DB connection closed.","timestamp":"2026-06-27 14:50:00"}
{"level":"info","message":"✅ Orchestrator: Finished. Total jobs enqueued: 0","timestamp":"2026-06-27 14:50:00"}
{"level":"info","message":"Job repeat:c10eea93bf68cc56fd5c63b351df3d32:1782552000000 (Orchestrator) completed successfully.","timestamp":"2026-06-27 14:50:00"}
{"level":"info","message":"[Job repeat:c10eea93bf68cc56fd5c63b351df3d32:1782552060000] 🚀 Executing scheduled global orchestration...","timestamp":"2026-06-27 14:51:00"}
{"level":"info","message":"Orchestrator: Starting global scan orchestration... ","timestamp":"2026-06-27 14:51:00"}
{"level":"info","message":"🔗 Connecting to MASTER database: master","timestamp":"2026-06-27 14:51:00"}
{"level":"info","message":"Orchestrator: Found 2 tenants to process.","timestamp":"2026-06-27 14:51:01"}
{"level":"info","message":"📁 Switching to CLIENT database: tenant_rbi (Tenant: rbi)","timestamp":"2026-06-27 14:51:01"}
{"level":"info","message":"Orchestrator: No domains found for tenant rbi (excluding those currently scanning).","timestamp":"2026-06-27 14:51:01"}
{"level":"info","message":"📁 Switching to CLIENT database: tenant_sbi (Tenant: sbi)","timestamp":"2026-06-27 14:51:01"}
{"level":"info","message":"Orchestrator: No domains found for tenant sbi (excluding those currently scanning).","timestamp":"2026-06-27 14:51:01"}
{"level":"info","message":"Orchestrator: Master DB connection closed.","timestamp":"2026-06-27 14:51:01"}
{"level":"info","message":"✅ Orchestrator: Finished. Total jobs enqueued: 0","timestamp":"2026-06-27 14:51:01"}
{"level":"info","message":"Job repeat:c10eea93bf68cc56fd5c63b351df3d32:1782552060000 (Orchestrator) completed successfully.","timestamp":"2026-06-27 14:51:01"}
{"level":"info","message":"[Job repeat:c10eea93bf68cc56fd5c63b351df3d32:1782552120000] 🚀 Executing scheduled global orchestration...","timestamp":"2026-06-27 14:52:00"}
{"level":"info","message":"Orchestrator: Starting global scan orchestration... ","timestamp":"2026-06-27 14:52:00"}
{"level":"info","message":"🔗 Connecting to MASTER database: master","timestamp":"2026-06-27 14:52:00"}
{"level":"info","message":"Orchestrator: Found 2 tenants to process.","timestamp":"2026-06-27 14:52:00"}
{"level":"info","message":"📁 Switching to CLIENT database: tenant_rbi (Tenant: rbi)","timestamp":"2026-06-27 14:52:00"}
{"level":"info","message":"Orchestrator: No domains found for tenant rbi (excluding those currently scanning).","timestamp":"2026-06-27 14:52:00"}
{"level":"info","message":"📁 Switching to CLIENT database: tenant_sbi (Tenant: sbi)","timestamp":"2026-06-27 14:52:00"}
{"level":"info","message":"Orchestrator: No domains found for tenant sbi (excluding those currently scanning).","timestamp":"2026-06-27 14:52:00"}
{"level":"info","message":"Orchestrator: Master DB connection closed.","timestamp":"2026-06-27 14:52:00"}
{"level":"info","message":"✅ Orchestrator: Finished. Total jobs enqueued: 0","timestamp":"2026-06-27 14:52:00"}
{"level":"info","message":"Job repeat:c10eea93bf68cc56fd5c63b351df3d32:1782552120000 (Orchestrator) completed successfully.","timestamp":"2026-06-27 14:52:00"}
{"level":"info","message":"[Job repeat:c10eea93bf68cc56fd5c63b351df3d32:1782552180000] 🚀 Executing scheduled global orchestration...","timestamp":"2026-06-27 14:53:00"}
{"level":"info","message":"Orchestrator: Starting global scan orchestration... ","timestamp":"2026-06-27 14:53:00"}
{"level":"info","message":"🔗 Connecting to MASTER database: master","timestamp":"2026-06-27 14:53:00"}
{"level":"info","message":"Orchestrator: Found 2 tenants to process.","timestamp":"2026-06-27 14:53:01"}
{"level":"info","message":"📁 Switching to CLIENT database: tenant_rbi (Tenant: rbi)","timestamp":"2026-06-27 14:53:01"}
{"level":"info","message":"Orchestrator: No domains found for tenant rbi (excluding those currently scanning).","timestamp":"2026-06-27 14:53:01"}
{"level":"info","message":"📁 Switching to CLIENT database: tenant_sbi (Tenant: sbi)","timestamp":"2026-06-27 14:53:01"}
{"level":"info","message":"Orchestrator: No domains found for tenant sbi (excluding those currently scanning).","timestamp":"2026-06-27 14:53:01"}
{"level":"info","message":"Orchestrator: Master DB connection closed.","timestamp":"2026-06-27 14:53:01"}
{"level":"info","message":"✅ Orchestrator: Finished. Total jobs enqueued: 0","timestamp":"2026-06-27 14:53:01"}
{"level":"info","message":"Job repeat:c10eea93bf68cc56fd5c63b351df3d32:1782552180000 (Orchestrator) completed successfully.","timestamp":"2026-06-27 14:53:01"}
{"level":"info","message":"[Job repeat:c10eea93bf68cc56fd5c63b351df3d32:1782552240000] 🚀 Executing scheduled global orchestration...","timestamp":"2026-06-27 14:54:00"}
{"level":"info","message":"Orchestrator: Starting global scan orchestration... ","timestamp":"2026-06-27 14:54:00"}
{"level":"info","message":"🔗 Connecting to MASTER database: master","timestamp":"2026-06-27 14:54:00"}
{"level":"info","message":"Orchestrator: Found 2 tenants to process.","timestamp":"2026-06-27 14:54:01"}
{"level":"info","message":"📁 Switching to CLIENT database: tenant_rbi (Tenant: rbi)","timestamp":"2026-06-27 14:54:01"}
{"level":"info","message":"Orchestrator: No domains found for tenant rbi (excluding those currently scanning).","timestamp":"2026-06-27 14:54:01"}
{"level":"info","message":"📁 Switching to CLIENT database: tenant_sbi (Tenant: sbi)","timestamp":"2026-06-27 14:54:01"}
{"level":"info","message":"Orchestrator: No domains found for tenant sbi (excluding those currently scanning).","timestamp":"2026-06-27 14:54:01"}
{"level":"info","message":"Orchestrator: Master DB connection closed.","timestamp":"2026-06-27 14:54:01"}
{"level":"info","message":"✅ Orchestrator: Finished. Total jobs enqueued: 0","timestamp":"2026-06-27 14:54:01"}
{"level":"info","message":"Job repeat:c10eea93bf68cc56fd5c63b351df3d32:1782552240000 (Orchestrator) completed successfully.","timestamp":"2026-06-27 14:54:01"}
{"level":"info","message":"[Job repeat:c10eea93bf68cc56fd5c63b351df3d32:1782552300000] 🚀 Executing scheduled global orchestration...","timestamp":"2026-06-27 14:55:00"}
{"level":"info","message":"Orchestrator: Starting global scan orchestration... ","timestamp":"2026-06-27 14:55:00"}
{"level":"info","message":"🔗 Connecting to MASTER database: master","timestamp":"2026-06-27 14:55:00"}
{"level":"info","message":"Orchestrator: Found 2 tenants to process.","timestamp":"2026-06-27 14:55:01"}
{"level":"info","message":"📁 Switching to CLIENT database: tenant_rbi (Tenant: rbi)","timestamp":"2026-06-27 14:55:01"}
{"level":"info","message":"Orchestrator: No domains found for tenant rbi (excluding those currently scanning).","timestamp":"2026-06-27 14:55:01"}
{"level":"info","message":"📁 Switching to CLIENT database: tenant_sbi (Tenant: sbi)","timestamp":"2026-06-27 14:55:01"}
{"level":"info","message":"Orchestrator: No domains found for tenant sbi (excluding those currently scanning).","timestamp":"2026-06-27 14:55:01"}
{"level":"info","message":"Orchestrator: Master DB connection closed.","timestamp":"2026-06-27 14:55:01"}
{"level":"info","message":"✅ Orchestrator: Finished. Total jobs enqueued: 0","timestamp":"2026-06-27 14:55:01"}
{"level":"info","message":"Job repeat:c10eea93bf68cc56fd5c63b351df3d32:1782552300000 (Orchestrator) completed successfully.","timestamp":"2026-06-27 14:55:01"}
{"level":"info","message":"[Job repeat:c10eea93bf68cc56fd5c63b351df3d32:1782552360000] 🚀 Executing scheduled global orchestration...","timestamp":"2026-06-27 14:56:00"}
{"level":"info","message":"Orchestrator: Starting global scan orchestration... ","timestamp":"2026-06-27 14:56:00"}
{"level":"info","message":"🔗 Connecting to MASTER database: master","timestamp":"2026-06-27 14:56:00"}
{"level":"info","message":"Orchestrator: Found 2 tenants to process.","timestamp":"2026-06-27 14:56:01"}
{"level":"info","message":"📁 Switching to CLIENT database: tenant_rbi (Tenant: rbi)","timestamp":"2026-06-27 14:56:01"}
{"level":"info","message":"Orchestrator: No domains found for tenant rbi (excluding those currently scanning).","timestamp":"2026-06-27 14:56:01"}
{"level":"info","message":"📁 Switching to CLIENT database: tenant_sbi (Tenant: sbi)","timestamp":"2026-06-27 14:56:01"}
{"level":"info","message":"Orchestrator: No domains found for tenant sbi (excluding those currently scanning).","timestamp":"2026-06-27 14:56:01"}
{"level":"info","message":"Orchestrator: Master DB connection closed.","timestamp":"2026-06-27 14:56:01"}
{"level":"info","message":"✅ Orchestrator: Finished. Total jobs enqueued: 0","timestamp":"2026-06-27 14:56:01"}
{"level":"info","message":"Job repeat:c10eea93bf68cc56fd5c63b351df3d32:1782552360000 (Orchestrator) completed successfully.","timestamp":"2026-06-27 14:56:01"}
{"level":"info","message":"[Job repeat:c10eea93bf68cc56fd5c63b351df3d32:1782552420000] 🚀 Executing scheduled global orchestration...","timestamp":"2026-06-27 14:57:00"}
{"level":"info","message":"Orchestrator: Starting global scan orchestration... ","timestamp":"2026-06-27 14:57:00"}
{"level":"info","message":"🔗 Connecting to MASTER database: master","timestamp":"2026-06-27 14:57:00"}
{"level":"info","message":"Orchestrator: Found 2 tenants to process.","timestamp":"2026-06-27 14:57:01"}
{"level":"info","message":"📁 Switching to CLIENT database: tenant_rbi (Tenant: rbi)","timestamp":"2026-06-27 14:57:01"}
{"level":"info","message":"Orchestrator: No domains found for tenant rbi (excluding those currently scanning).","timestamp":"2026-06-27 14:57:01"}
{"level":"info","message":"📁 Switching to CLIENT database: tenant_sbi (Tenant: sbi)","timestamp":"2026-06-27 14:57:01"}
{"level":"info","message":"Orchestrator: No domains found for tenant sbi (excluding those currently scanning).","timestamp":"2026-06-27 14:57:01"}
{"level":"info","message":"Orchestrator: Master DB connection closed.","timestamp":"2026-06-27 14:57:01"}
{"level":"info","message":"✅ Orchestrator: Finished. Total jobs enqueued: 0","timestamp":"2026-06-27 14:57:01"}
{"level":"info","message":"Job repeat:c10eea93bf68cc56fd5c63b351df3d32:1782552420000 (Orchestrator) completed successfully.","timestamp":"2026-06-27 14:57:01"}
{"level":"info","message":"[Job repeat:c10eea93bf68cc56fd5c63b351df3d32:1782552480000] 🚀 Executing scheduled global orchestration...","timestamp":"2026-06-27 14:58:00"}
{"level":"info","message":"Orchestrator: Starting global scan orchestration... ","timestamp":"2026-06-27 14:58:00"}
{"level":"info","message":"🔗 Connecting to MASTER database: master","timestamp":"2026-06-27 14:58:00"}
{"level":"info","message":"Orchestrator: Found 2 tenants to process.","timestamp":"2026-06-27 14:58:00"}
{"level":"info","message":"📁 Switching to CLIENT database: tenant_rbi (Tenant: rbi)","timestamp":"2026-06-27 14:58:00"}
{"level":"info","message":"Orchestrator: No domains found for tenant rbi (excluding those currently scanning).","timestamp":"2026-06-27 14:58:00"}
{"level":"info","message":"📁 Switching to CLIENT database: tenant_sbi (Tenant: sbi)","timestamp":"2026-06-27 14:58:00"}
{"level":"info","message":"Orchestrator: No domains found for tenant sbi (excluding those currently scanning).","timestamp":"2026-06-27 14:58:00"}
{"level":"info","message":"Orchestrator: Master DB connection closed.","timestamp":"2026-06-27 14:58:01"}
{"level":"info","message":"✅ Orchestrator: Finished. Total jobs enqueued: 0","timestamp":"2026-06-27 14:58:01"}
{"level":"info","message":"Job repeat:c10eea93bf68cc56fd5c63b351df3d32:1782552480000 (Orchestrator) completed successfully.","timestamp":"2026-06-27 14:58:01"}
{"level":"info","message":"[Job repeat:c10eea93bf68cc56fd5c63b351df3d32:1782552540000] 🚀 Executing scheduled global orchestration...","timestamp":"2026-06-27 14:59:00"}
{"level":"info","message":"Orchestrator: Starting global scan orchestration... ","timestamp":"2026-06-27 14:59:00"}
{"level":"info","message":"🔗 Connecting to MASTER database: master","timestamp":"2026-06-27 14:59:00"}
{"level":"info","message":"Orchestrator: Found 2 tenants to process.","timestamp":"2026-06-27 14:59:01"}
{"level":"info","message":"📁 Switching to CLIENT database: tenant_rbi (Tenant: rbi)","timestamp":"2026-06-27 14:59:01"}
{"level":"info","message":"Orchestrator: No domains found for tenant rbi (excluding those currently scanning).","timestamp":"2026-06-27 14:59:01"}
{"level":"info","message":"📁 Switching to CLIENT database: tenant_sbi (Tenant: sbi)","timestamp":"2026-06-27 14:59:01"}
{"level":"info","message":"Orchestrator: No domains found for tenant sbi (excluding those currently scanning).","timestamp":"2026-06-27 14:59:01"}
{"level":"info","message":"Orchestrator: Master DB connection closed.","timestamp":"2026-06-27 14:59:01"}
{"level":"info","message":"✅ Orchestrator: Finished. Total jobs enqueued: 0","timestamp":"2026-06-27 14:59:01"}
{"level":"info","message":"Job repeat:c10eea93bf68cc56fd5c63b351df3d32:1782552540000 (Orchestrator) completed successfully.","timestamp":"2026-06-27 14:59:01"}
{"level":"info","message":"[Job repeat:c10eea93bf68cc56fd5c63b351df3d32:1782552600000] 🚀 Executing scheduled global orchestration...","timestamp":"2026-06-27 15:00:00"}
{"level":"info","message":"Orchestrator: Starting global scan orchestration... ","timestamp":"2026-06-27 15:00:00"}
{"level":"info","message":"🔗 Connecting to MASTER database: master","timestamp":"2026-06-27 15:00:00"}
{"level":"info","message":"Orchestrator: Found 2 tenants to process.","timestamp":"2026-06-27 15:00:01"}
{"level":"info","message":"📁 Switching to CLIENT database: tenant_rbi (Tenant: rbi)","timestamp":"2026-06-27 15:00:01"}
{"level":"info","message":"Orchestrator: No domains found for tenant rbi (excluding those currently scanning).","timestamp":"2026-06-27 15:00:01"}
{"level":"info","message":"📁 Switching to CLIENT database: tenant_sbi (Tenant: sbi)","timestamp":"2026-06-27 15:00:01"}
{"level":"info","message":"Orchestrator: No domains found for tenant sbi (excluding those currently scanning).","timestamp":"2026-06-27 15:00:01"}
{"level":"info","message":"Orchestrator: Master DB connection closed.","timestamp":"2026-06-27 15:00:01"}
{"level":"info","message":"✅ Orchestrator: Finished. Total jobs enqueued: 0","timestamp":"2026-06-27 15:00:01"}
{"level":"info","message":"Job repeat:c10eea93bf68cc56fd5c63b351df3d32:1782552600000 (Orchestrator) completed successfully.","timestamp":"2026-06-27 15:00:01"}
{"level":"info","message":"[Job repeat:c10eea93bf68cc56fd5c63b351df3d32:1782552660000] 🚀 Executing scheduled global orchestration...","timestamp":"2026-06-27 15:01:00"}
{"level":"info","message":"Orchestrator: Starting global scan orchestration... ","timestamp":"2026-06-27 15:01:00"}
{"level":"info","message":"🔗 Connecting to MASTER database: master","timestamp":"2026-06-27 15:01:00"}
{"level":"info","message":"Orchestrator: Found 2 tenants to process.","timestamp":"2026-06-27 15:01:00"}
{"level":"info","message":"📁 Switching to CLIENT database: tenant_rbi (Tenant: rbi)","timestamp":"2026-06-27 15:01:00"}
{"level":"info","message":"Orchestrator: No domains found for tenant rbi (excluding those currently scanning).","timestamp":"2026-06-27 15:01:00"}
{"level":"info","message":"📁 Switching to CLIENT database: tenant_sbi (Tenant: sbi)","timestamp":"2026-06-27 15:01:00"}
{"level":"info","message":"Orchestrator: No domains found for tenant sbi (excluding those currently scanning).","timestamp":"2026-06-27 15:01:00"}
{"level":"info","message":"Orchestrator: Master DB connection closed.","timestamp":"2026-06-27 15:01:00"}
{"level":"info","message":"✅ Orchestrator: Finished. Total jobs enqueued: 0","timestamp":"2026-06-27 15:01:00"}
{"level":"info","message":"Job repeat:c10eea93bf68cc56fd5c63b351df3d32:1782552660000 (Orchestrator) completed successfully.","timestamp":"2026-06-27 15:01:00"}
{"level":"info","message":"[Job repeat:c10eea93bf68cc56fd5c63b351df3d32:1782552720000] 🚀 Executing scheduled global orchestration...","timestamp":"2026-06-27 15:02:00"}
{"level":"info","message":"Orchestrator: Starting global scan orchestration... ","timestamp":"2026-06-27 15:02:00"}
{"level":"info","message":"🔗 Connecting to MASTER database: master","timestamp":"2026-06-27 15:02:00"}
{"level":"info","message":"Orchestrator: Found 2 tenants to process.","timestamp":"2026-06-27 15:02:01"}
{"level":"info","message":"📁 Switching to CLIENT database: tenant_rbi (Tenant: rbi)","timestamp":"2026-06-27 15:02:01"}
{"level":"info","message":"Orchestrator: No domains found for tenant rbi (excluding those currently scanning).","timestamp":"2026-06-27 15:02:01"}
{"level":"info","message":"📁 Switching to CLIENT database: tenant_sbi (Tenant: sbi)","timestamp":"2026-06-27 15:02:01"}
{"level":"info","message":"Orchestrator: No domains found for tenant sbi (excluding those currently scanning).","timestamp":"2026-06-27 15:02:01"}
{"level":"info","message":"Orchestrator: Master DB connection closed.","timestamp":"2026-06-27 15:02:01"}
{"level":"info","message":"✅ Orchestrator: Finished. Total jobs enqueued: 0","timestamp":"2026-06-27 15:02:01"}
{"level":"info","message":"Job repeat:c10eea93bf68cc56fd5c63b351df3d32:1782552720000 (Orchestrator) completed successfully.","timestamp":"2026-06-27 15:02:01"}
{"level":"info","message":"[Job repeat:c10eea93bf68cc56fd5c63b351df3d32:1782552780000] 🚀 Executing scheduled global orchestration...","timestamp":"2026-06-27 15:03:00"}
{"level":"info","message":"Orchestrator: Starting global scan orchestration... ","timestamp":"2026-06-27 15:03:00"}
{"level":"info","message":"🔗 Connecting to MASTER database: master","timestamp":"2026-06-27 15:03:00"}
{"level":"info","message":"Orchestrator: Found 2 tenants to process.","timestamp":"2026-06-27 15:03:01"}
{"level":"info","message":"📁 Switching to CLIENT database: tenant_rbi (Tenant: rbi)","timestamp":"2026-06-27 15:03:01"}
{"level":"info","message":"Orchestrator: No domains found for tenant rbi (excluding those currently scanning).","timestamp":"2026-06-27 15:03:01"}
{"level":"info","message":"📁 Switching to CLIENT database: tenant_sbi (Tenant: sbi)","timestamp":"2026-06-27 15:03:01"}
{"level":"info","message":"Orchestrator: No domains found for tenant sbi (excluding those currently scanning).","timestamp":"2026-06-27 15:03:01"}
{"level":"info","message":"Orchestrator: Master DB connection closed.","timestamp":"2026-06-27 15:03:01"}
{"level":"info","message":"✅ Orchestrator: Finished. Total jobs enqueued: 0","timestamp":"2026-06-27 15:03:01"}
{"level":"info","message":"Job repeat:c10eea93bf68cc56fd5c63b351df3d32:1782552780000 (Orchestrator) completed successfully.","timestamp":"2026-06-27 15:03:01"}
{"level":"info","message":"[Job repeat:c10eea93bf68cc56fd5c63b351df3d32:1782552840000] 🚀 Executing scheduled global orchestration...","timestamp":"2026-06-27 15:04:00"}
{"level":"info","message":"Orchestrator: Starting global scan orchestration... ","timestamp":"2026-06-27 15:04:00"}
{"level":"info","message":"🔗 Connecting to MASTER database: master","timestamp":"2026-06-27 15:04:00"}
{"level":"info","message":"Orchestrator: Found 2 tenants to process.","timestamp":"2026-06-27 15:04:00"}
{"level":"info","message":"📁 Switching to CLIENT database: tenant_rbi (Tenant: rbi)","timestamp":"2026-06-27 15:04:00"}
{"level":"info","message":"Orchestrator: No domains found for tenant rbi (excluding those currently scanning).","timestamp":"2026-06-27 15:04:00"}
{"level":"info","message":"📁 Switching to CLIENT database: tenant_sbi (Tenant: sbi)","timestamp":"2026-06-27 15:04:00"}
{"level":"info","message":"Orchestrator: No domains found for tenant sbi (excluding those currently scanning).","timestamp":"2026-06-27 15:04:00"}
{"level":"info","message":"Orchestrator: Master DB connection closed.","timestamp":"2026-06-27 15:04:00"}
{"level":"info","message":"✅ Orchestrator: Finished. Total jobs enqueued: 0","timestamp":"2026-06-27 15:04:00"}
{"level":"info","message":"Job repeat:c10eea93bf68cc56fd5c63b351df3d32:1782552840000 (Orchestrator) completed successfully.","timestamp":"2026-06-27 15:04:00"}
{"level":"info","message":"[Job repeat:c10eea93bf68cc56fd5c63b351df3d32:1782552900000] 🚀 Executing scheduled global orchestration...","timestamp":"2026-06-27 15:05:00"}
{"level":"info","message":"Orchestrator: Starting global scan orchestration... ","timestamp":"2026-06-27 15:05:00"}
{"level":"info","message":"🔗 Connecting to MASTER database: master","timestamp":"2026-06-27 15:05:00"}
{"level":"info","message":"Orchestrator: Found 2 tenants to process.","timestamp":"2026-06-27 15:05:01"}
{"level":"info","message":"📁 Switching to CLIENT database: tenant_rbi (Tenant: rbi)","timestamp":"2026-06-27 15:05:01"}
{"level":"info","message":"Orchestrator: No domains found for tenant rbi (excluding those currently scanning).","timestamp":"2026-06-27 15:05:01"}
{"level":"info","message":"📁 Switching to CLIENT database: tenant_sbi (Tenant: sbi)","timestamp":"2026-06-27 15:05:01"}
{"level":"info","message":"Orchestrator: No domains found for tenant sbi (excluding those currently scanning).","timestamp":"2026-06-27 15:05:01"}
{"level":"info","message":"Orchestrator: Master DB connection closed.","timestamp":"2026-06-27 15:05:01"}
{"level":"info","message":"✅ Orchestrator: Finished. Total jobs enqueued: 0","timestamp":"2026-06-27 15:05:01"}
{"level":"info","message":"Job repeat:c10eea93bf68cc56fd5c63b351df3d32:1782552900000 (Orchestrator) completed successfully.","timestamp":"2026-06-27 15:05:01"}
{"level":"info","message":"[Job repeat:c10eea93bf68cc56fd5c63b351df3d32:1782552960000] 🚀 Executing scheduled global orchestration...","timestamp":"2026-06-27 15:06:00"}
{"level":"info","message":"Orchestrator: Starting global scan orchestration... ","timestamp":"2026-06-27 15:06:00"}
{"level":"info","message":"🔗 Connecting to MASTER database: master","timestamp":"2026-06-27 15:06:00"}
{"level":"info","message":"Orchestrator: Found 2 tenants to process.","timestamp":"2026-06-27 15:06:01"}
{"level":"info","message":"📁 Switching to CLIENT database: tenant_rbi (Tenant: rbi)","timestamp":"2026-06-27 15:06:01"}
{"level":"info","message":"Orchestrator: No domains found for tenant rbi (excluding those currently scanning).","timestamp":"2026-06-27 15:06:01"}
{"level":"info","message":"📁 Switching to CLIENT database: tenant_sbi (Tenant: sbi)","timestamp":"2026-06-27 15:06:01"}
{"level":"info","message":"Orchestrator: No domains found for tenant sbi (excluding those currently scanning).","timestamp":"2026-06-27 15:06:01"}
{"level":"info","message":"Orchestrator: Master DB connection closed.","timestamp":"2026-06-27 15:06:01"}
{"level":"info","message":"✅ Orchestrator: Finished. Total jobs enqueued: 0","timestamp":"2026-06-27 15:06:01"}
{"level":"info","message":"Job repeat:c10eea93bf68cc56fd5c63b351df3d32:1782552960000 (Orchestrator) completed successfully.","timestamp":"2026-06-27 15:06:01"}
{"level":"info","message":"[Job repeat:c10eea93bf68cc56fd5c63b351df3d32:1782553020000] 🚀 Executing scheduled global orchestration...","timestamp":"2026-06-27 15:07:00"}
{"level":"info","message":"Orchestrator: Starting global scan orchestration... ","timestamp":"2026-06-27 15:07:00"}
{"level":"info","message":"🔗 Connecting to MASTER database: master","timestamp":"2026-06-27 15:07:00"}
{"level":"info","message":"Orchestrator: Found 2 tenants to process.","timestamp":"2026-06-27 15:07:01"}
{"level":"info","message":"📁 Switching to CLIENT database: tenant_rbi (Tenant: rbi)","timestamp":"2026-06-27 15:07:01"}
{"level":"info","message":"Orchestrator: No domains found for tenant rbi (excluding those currently scanning).","timestamp":"2026-06-27 15:07:01"}
{"level":"info","message":"📁 Switching to CLIENT database: tenant_sbi (Tenant: sbi)","timestamp":"2026-06-27 15:07:01"}
{"level":"info","message":"Orchestrator: No domains found for tenant sbi (excluding those currently scanning).","timestamp":"2026-06-27 15:07:01"}
{"level":"info","message":"Orchestrator: Master DB connection closed.","timestamp":"2026-06-27 15:07:01"}
{"level":"info","message":"✅ Orchestrator: Finished. Total jobs enqueued: 0","timestamp":"2026-06-27 15:07:01"}
{"level":"info","message":"Job repeat:c10eea93bf68cc56fd5c63b351df3d32:1782553020000 (Orchestrator) completed successfully.","timestamp":"2026-06-27 15:07:01"}
{"level":"info","message":"[Job repeat:c10eea93bf68cc56fd5c63b351df3d32:1782553080000] 🚀 Executing scheduled global orchestration...","timestamp":"2026-06-27 15:08:00"}
{"level":"info","message":"Orchestrator: Starting global scan orchestration... ","timestamp":"2026-06-27 15:08:00"}
{"level":"info","message":"🔗 Connecting to MASTER database: master","timestamp":"2026-06-27 15:08:00"}
{"level":"info","message":"Orchestrator: Found 2 tenants to process.","timestamp":"2026-06-27 15:08:01"}
{"level":"info","message":"📁 Switching to CLIENT database: tenant_rbi (Tenant: rbi)","timestamp":"2026-06-27 15:08:01"}
{"level":"info","message":"Orchestrator: No domains found for tenant rbi (excluding those currently scanning).","timestamp":"2026-06-27 15:08:01"}
{"level":"info","message":"📁 Switching to CLIENT database: tenant_sbi (Tenant: sbi)","timestamp":"2026-06-27 15:08:01"}
{"level":"info","message":"Orchestrator: No domains found for tenant sbi (excluding those currently scanning).","timestamp":"2026-06-27 15:08:01"}
{"level":"info","message":"Orchestrator: Master DB connection closed.","timestamp":"2026-06-27 15:08:01"}
{"level":"info","message":"✅ Orchestrator: Finished. Total jobs enqueued: 0","timestamp":"2026-06-27 15:08:01"}
{"level":"info","message":"Job repeat:c10eea93bf68cc56fd5c63b351df3d32:1782553080000 (Orchestrator) completed successfully.","timestamp":"2026-06-27 15:08:01"}
{"level":"info","message":"[Job repeat:c10eea93bf68cc56fd5c63b351df3d32:1782553140000] 🚀 Executing scheduled global orchestration...","timestamp":"2026-06-27 15:09:01"}
{"level":"info","message":"Orchestrator: Starting global scan orchestration... ","timestamp":"2026-06-27 15:09:01"}
{"level":"info","message":"🔗 Connecting to MASTER database: master","timestamp":"2026-06-27 15:09:01"}
{"level":"info","message":"Orchestrator: Found 2 tenants to process.","timestamp":"2026-06-27 15:09:01"}
{"level":"info","message":"📁 Switching to CLIENT database: tenant_rbi (Tenant: rbi)","timestamp":"2026-06-27 15:09:01"}
{"level":"info","message":"Orchestrator: No domains found for tenant rbi (excluding those currently scanning).","timestamp":"2026-06-27 15:09:01"}
{"level":"info","message":"📁 Switching to CLIENT database: tenant_sbi (Tenant: sbi)","timestamp":"2026-06-27 15:09:01"}
{"level":"info","message":"Orchestrator: No domains found for tenant sbi (excluding those currently scanning).","timestamp":"2026-06-27 15:09:01"}
{"level":"info","message":"Orchestrator: Master DB connection closed.","timestamp":"2026-06-27 15:09:01"}
{"level":"info","message":"✅ Orchestrator: Finished. Total jobs enqueued: 0","timestamp":"2026-06-27 15:09:01"}
{"level":"info","message":"Job repeat:c10eea93bf68cc56fd5c63b351df3d32:1782553140000 (Orchestrator) completed successfully.","timestamp":"2026-06-27 15:09:01"}
{"level":"info","message":"[Job repeat:c10eea93bf68cc56fd5c63b351df3d32:1782553200000] 🚀 Executing scheduled global orchestration...","timestamp":"2026-06-27 15:10:00"}
{"level":"info","message":"Orchestrator: Starting global scan orchestration... ","timestamp":"2026-06-27 15:10:00"}
{"level":"info","message":"🔗 Connecting to MASTER database: master","timestamp":"2026-06-27 15:10:00"}
{"level":"info","message":"Orchestrator: Found 2 tenants to process.","timestamp":"2026-06-27 15:10:00"}
{"level":"info","message":"📁 Switching to CLIENT database: tenant_rbi (Tenant: rbi)","timestamp":"2026-06-27 15:10:00"}
{"level":"info","message":"Orchestrator: No domains found for tenant rbi (excluding those currently scanning).","timestamp":"2026-06-27 15:10:01"}
{"level":"info","message":"📁 Switching to CLIENT database: tenant_sbi (Tenant: sbi)","timestamp":"2026-06-27 15:10:01"}
{"level":"info","message":"Orchestrator: No domains found for tenant sbi (excluding those currently scanning).","timestamp":"2026-06-27 15:10:01"}
{"level":"info","message":"Orchestrator: Master DB connection closed.","timestamp":"2026-06-27 15:10:01"}
{"level":"info","message":"✅ Orchestrator: Finished. Total jobs enqueued: 0","timestamp":"2026-06-27 15:10:01"}
{"level":"info","message":"Job repeat:c10eea93bf68cc56fd5c63b351df3d32:1782553200000 (Orchestrator) completed successfully.","timestamp":"2026-06-27 15:10:01"}
{"level":"info","message":"[Job repeat:c10eea93bf68cc56fd5c63b351df3d32:1782553260000] 🚀 Executing scheduled global orchestration...","timestamp":"2026-06-27 15:11:00"}
{"level":"info","message":"Orchestrator: Starting global scan orchestration... ","timestamp":"2026-06-27 15:11:00"}
{"level":"info","message":"🔗 Connecting to MASTER database: master","timestamp":"2026-06-27 15:11:00"}
{"level":"info","message":"Orchestrator: Found 2 tenants to process.","timestamp":"2026-06-27 15:11:01"}
{"level":"info","message":"📁 Switching to CLIENT database: tenant_rbi (Tenant: rbi)","timestamp":"2026-06-27 15:11:01"}
{"level":"info","message":"Orchestrator: No domains found for tenant rbi (excluding those currently scanning).","timestamp":"2026-06-27 15:11:01"}
{"level":"info","message":"📁 Switching to CLIENT database: tenant_sbi (Tenant: sbi)","timestamp":"2026-06-27 15:11:01"}
{"level":"info","message":"Orchestrator: No domains found for tenant sbi (excluding those currently scanning).","timestamp":"2026-06-27 15:11:01"}
{"level":"info","message":"Orchestrator: Master DB connection closed.","timestamp":"2026-06-27 15:11:01"}
{"level":"info","message":"✅ Orchestrator: Finished. Total jobs enqueued: 0","timestamp":"2026-06-27 15:11:01"}
{"level":"info","message":"Job repeat:c10eea93bf68cc56fd5c63b351df3d32:1782553260000 (Orchestrator) completed successfully.","timestamp":"2026-06-27 15:11:01"}
{"level":"info","message":"[Job repeat:c10eea93bf68cc56fd5c63b351df3d32:1782553320000] 🚀 Executing scheduled global orchestration...","timestamp":"2026-06-27 15:12:00"}
{"level":"info","message":"Orchestrator: Starting global scan orchestration... ","timestamp":"2026-06-27 15:12:00"}
{"level":"info","message":"🔗 Connecting to MASTER database: master","timestamp":"2026-06-27 15:12:00"}
{"level":"info","message":"Orchestrator: Found 2 tenants to process.","timestamp":"2026-06-27 15:12:00"}
{"level":"info","message":"📁 Switching to CLIENT database: tenant_rbi (Tenant: rbi)","timestamp":"2026-06-27 15:12:00"}
{"level":"info","message":"Orchestrator: No domains found for tenant rbi (excluding those currently scanning).","timestamp":"2026-06-27 15:12:00"}
{"level":"info","message":"📁 Switching to CLIENT database: tenant_sbi (Tenant: sbi)","timestamp":"2026-06-27 15:12:00"}
{"level":"info","message":"Orchestrator: No domains found for tenant sbi (excluding those currently scanning).","timestamp":"2026-06-27 15:12:00"}
{"level":"info","message":"Orchestrator: Master DB connection closed.","timestamp":"2026-06-27 15:12:00"}
{"level":"info","message":"✅ Orchestrator: Finished. Total jobs enqueued: 0","timestamp":"2026-06-27 15:12:00"}
{"level":"info","message":"Job repeat:c10eea93bf68cc56fd5c63b351df3d32:1782553320000 (Orchestrator) completed successfully.","timestamp":"2026-06-27 15:12:00"}
{"level":"info","message":"[Job repeat:c10eea93bf68cc56fd5c63b351df3d32:1782553380000] 🚀 Executing scheduled global orchestration...","timestamp":"2026-06-27 15:13:00"}
{"level":"info","message":"Orchestrator: Starting global scan orchestration... ","timestamp":"2026-06-27 15:13:00"}
{"level":"info","message":"🔗 Connecting to MASTER database: master","timestamp":"2026-06-27 15:13:00"}
{"level":"info","message":"Orchestrator: Found 2 tenants to process.","timestamp":"2026-06-27 15:13:01"}
{"level":"info","message":"📁 Switching to CLIENT database: tenant_rbi (Tenant: rbi)","timestamp":"2026-06-27 15:13:01"}
{"level":"info","message":"Orchestrator: No domains found for tenant rbi (excluding those currently scanning).","timestamp":"2026-06-27 15:13:01"}
{"level":"info","message":"📁 Switching to CLIENT database: tenant_sbi (Tenant: sbi)","timestamp":"2026-06-27 15:13:01"}
{"level":"info","message":"Orchestrator: No domains found for tenant sbi (excluding those currently scanning).","timestamp":"2026-06-27 15:13:01"}
{"level":"info","message":"Orchestrator: Master DB connection closed.","timestamp":"2026-06-27 15:13:01"}
{"level":"info","message":"✅ Orchestrator: Finished. Total jobs enqueued: 0","timestamp":"2026-06-27 15:13:01"}
{"level":"info","message":"Job repeat:c10eea93bf68cc56fd5c63b351df3d32:1782553380000 (Orchestrator) completed successfully.","timestamp":"2026-06-27 15:13:01"}
{"level":"info","message":"[Job repeat:c10eea93bf68cc56fd5c63b351df3d32:1782553440000] 🚀 Executing scheduled global orchestration...","timestamp":"2026-06-27 15:14:00"}
{"level":"info","message":"Orchestrator: Starting global scan orchestration... ","timestamp":"2026-06-27 15:14:00"}
{"level":"info","message":"🔗 Connecting to MASTER database: master","timestamp":"2026-06-27 15:14:00"}
{"level":"info","message":"Orchestrator: Found 2 tenants to process.","timestamp":"2026-06-27 15:14:01"}
{"level":"info","message":"📁 Switching to CLIENT database: tenant_rbi (Tenant: rbi)","timestamp":"2026-06-27 15:14:01"}
{"level":"info","message":"Orchestrator: No domains found for tenant rbi (excluding those currently scanning).","timestamp":"2026-06-27 15:14:01"}
{"level":"info","message":"📁 Switching to CLIENT database: tenant_sbi (Tenant: sbi)","timestamp":"2026-06-27 15:14:01"}
{"level":"info","message":"Orchestrator: No domains found for tenant sbi (excluding those currently scanning).","timestamp":"2026-06-27 15:14:01"}
{"level":"info","message":"Orchestrator: Master DB connection closed.","timestamp":"2026-06-27 15:14:01"}
{"level":"info","message":"✅ Orchestrator: Finished. Total jobs enqueued: 0","timestamp":"2026-06-27 15:14:01"}
{"level":"info","message":"Job repeat:c10eea93bf68cc56fd5c63b351df3d32:1782553440000 (Orchestrator) completed successfully.","timestamp":"2026-06-27 15:14:01"}
{"level":"info","message":"[Job repeat:c10eea93bf68cc56fd5c63b351df3d32:1782553500000] 🚀 Executing scheduled global orchestration...","timestamp":"2026-06-27 15:15:00"}
{"level":"info","message":"Orchestrator: Starting global scan orchestration... ","timestamp":"2026-06-27 15:15:00"}
{"level":"info","message":"🔗 Connecting to MASTER database: master","timestamp":"2026-06-27 15:15:00"}
{"level":"info","message":"Orchestrator: Found 2 tenants to process.","timestamp":"2026-06-27 15:15:00"}
{"level":"info","message":"📁 Switching to CLIENT database: tenant_rbi (Tenant: rbi)","timestamp":"2026-06-27 15:15:00"}
{"level":"info","message":"Orchestrator: No domains found for tenant rbi (excluding those currently scanning).","timestamp":"2026-06-27 15:15:00"}
{"level":"info","message":"📁 Switching to CLIENT database: tenant_sbi (Tenant: sbi)","timestamp":"2026-06-27 15:15:00"}
{"level":"info","message":"Orchestrator: No domains found for tenant sbi (excluding those currently scanning).","timestamp":"2026-06-27 15:15:00"}
{"level":"info","message":"Orchestrator: Master DB connection closed.","timestamp":"2026-06-27 15:15:00"}
{"level":"info","message":"✅ Orchestrator: Finished. Total jobs enqueued: 0","timestamp":"2026-06-27 15:15:00"}
{"level":"info","message":"Job repeat:c10eea93bf68cc56fd5c63b351df3d32:1782553500000 (Orchestrator) completed successfully.","timestamp":"2026-06-27 15:15:00"}
{"level":"info","message":"[Job repeat:c10eea93bf68cc56fd5c63b351df3d32:1782553560000] 🚀 Executing scheduled global orchestration...","timestamp":"2026-06-27 15:16:00"}
{"level":"info","message":"Orchestrator: Starting global scan orchestration... ","timestamp":"2026-06-27 15:16:00"}
{"level":"info","message":"🔗 Connecting to MASTER database: master","timestamp":"2026-06-27 15:16:00"}
{"level":"info","message":"Orchestrator: Found 2 tenants to process.","timestamp":"2026-06-27 15:16:01"}
{"level":"info","message":"📁 Switching to CLIENT database: tenant_rbi (Tenant: rbi)","timestamp":"2026-06-27 15:16:01"}
{"level":"info","message":"Orchestrator: No domains found for tenant rbi (excluding those currently scanning).","timestamp":"2026-06-27 15:16:01"}
{"level":"info","message":"📁 Switching to CLIENT database: tenant_sbi (Tenant: sbi)","timestamp":"2026-06-27 15:16:01"}
{"level":"info","message":"Orchestrator: No domains found for tenant sbi (excluding those currently scanning).","timestamp":"2026-06-27 15:16:01"}
{"level":"info","message":"Orchestrator: Master DB connection closed.","timestamp":"2026-06-27 15:16:01"}
{"level":"info","message":"✅ Orchestrator: Finished. Total jobs enqueued: 0","timestamp":"2026-06-27 15:16:01"}
{"level":"info","message":"Job repeat:c10eea93bf68cc56fd5c63b351df3d32:1782553560000 (Orchestrator) completed successfully.","timestamp":"2026-06-27 15:16:01"}
{"level":"info","message":"[Job repeat:c10eea93bf68cc56fd5c63b351df3d32:1782553620000] 🚀 Executing scheduled global orchestration...","timestamp":"2026-06-27 15:17:00"}
{"level":"info","message":"Orchestrator: Starting global scan orchestration... ","timestamp":"2026-06-27 15:17:00"}
{"level":"info","message":"🔗 Connecting to MASTER database: master","timestamp":"2026-06-27 15:17:00"}
{"level":"info","message":"Orchestrator: Found 2 tenants to process.","timestamp":"2026-06-27 15:17:01"}
{"level":"info","message":"📁 Switching to CLIENT database: tenant_rbi (Tenant: rbi)","timestamp":"2026-06-27 15:17:01"}
{"level":"info","message":"Orchestrator: No domains found for tenant rbi (excluding those currently scanning).","timestamp":"2026-06-27 15:17:01"}
{"level":"info","message":"📁 Switching to CLIENT database: tenant_sbi (Tenant: sbi)","timestamp":"2026-06-27 15:17:01"}
{"level":"info","message":"Orchestrator: No domains found for tenant sbi (excluding those currently scanning).","timestamp":"2026-06-27 15:17:01"}
{"level":"info","message":"Orchestrator: Master DB connection closed.","timestamp":"2026-06-27 15:17:01"}
{"level":"info","message":"✅ Orchestrator: Finished. Total jobs enqueued: 0","timestamp":"2026-06-27 15:17:01"}
{"level":"info","message":"Job repeat:c10eea93bf68cc56fd5c63b351df3d32:1782553620000 (Orchestrator) completed successfully.","timestamp":"2026-06-27 15:17:01"}
{"level":"info","message":"[Job repeat:c10eea93bf68cc56fd5c63b351df3d32:1782553680000] 🚀 Executing scheduled global orchestration...","timestamp":"2026-06-27 15:18:00"}
{"level":"info","message":"Orchestrator: Starting global scan orchestration... ","timestamp":"2026-06-27 15:18:00"}
{"level":"info","message":"🔗 Connecting to MASTER database: master","timestamp":"2026-06-27 15:18:00"}
{"level":"info","message":"Orchestrator: Found 2 tenants to process.","timestamp":"2026-06-27 15:18:00"}
{"level":"info","message":"📁 Switching to CLIENT database: tenant_rbi (Tenant: rbi)","timestamp":"2026-06-27 15:18:00"}
{"level":"info","message":"Orchestrator: No domains found for tenant rbi (excluding those currently scanning).","timestamp":"2026-06-27 15:18:00"}
{"level":"info","message":"📁 Switching to CLIENT database: tenant_sbi (Tenant: sbi)","timestamp":"2026-06-27 15:18:00"}
{"level":"info","message":"Orchestrator: No domains found for tenant sbi (excluding those currently scanning).","timestamp":"2026-06-27 15:18:00"}
{"level":"info","message":"Orchestrator: Master DB connection closed.","timestamp":"2026-06-27 15:18:00"}
{"level":"info","message":"✅ Orchestrator: Finished. Total jobs enqueued: 0","timestamp":"2026-06-27 15:18:00"}
{"level":"info","message":"Job repeat:c10eea93bf68cc56fd5c63b351df3d32:1782553680000 (Orchestrator) completed successfully.","timestamp":"2026-06-27 15:18:00"}
{"level":"info","message":"[Job repeat:c10eea93bf68cc56fd5c63b351df3d32:1782553740000] 🚀 Executing scheduled global orchestration...","timestamp":"2026-06-27 15:19:00"}
{"level":"info","message":"Orchestrator: Starting global scan orchestration... ","timestamp":"2026-06-27 15:19:00"}
{"level":"info","message":"🔗 Connecting to MASTER database: master","timestamp":"2026-06-27 15:19:00"}
{"level":"info","message":"Orchestrator: Found 2 tenants to process.","timestamp":"2026-06-27 15:19:01"}
{"level":"info","message":"📁 Switching to CLIENT database: tenant_rbi (Tenant: rbi)","timestamp":"2026-06-27 15:19:01"}
{"level":"info","message":"Orchestrator: No domains found for tenant rbi (excluding those currently scanning).","timestamp":"2026-06-27 15:19:01"}
{"level":"info","message":"📁 Switching to CLIENT database: tenant_sbi (Tenant: sbi)","timestamp":"2026-06-27 15:19:01"}
{"level":"info","message":"Orchestrator: No domains found for tenant sbi (excluding those currently scanning).","timestamp":"2026-06-27 15:19:01"}
{"level":"info","message":"Orchestrator: Master DB connection closed.","timestamp":"2026-06-27 15:19:01"}
{"level":"info","message":"✅ Orchestrator: Finished. Total jobs enqueued: 0","timestamp":"2026-06-27 15:19:01"}
{"level":"info","message":"Job repeat:c10eea93bf68cc56fd5c63b351df3d32:1782553740000 (Orchestrator) completed successfully.","timestamp":"2026-06-27 15:19:01"}
{"level":"info","message":"[Job repeat:c10eea93bf68cc56fd5c63b351df3d32:1782553800000] 🚀 Executing scheduled global orchestration...","timestamp":"2026-06-27 15:20:00"}
{"level":"info","message":"Orchestrator: Starting global scan orchestration... ","timestamp":"2026-06-27 15:20:00"}
{"level":"info","message":"🔗 Connecting to MASTER database: master","timestamp":"2026-06-27 15:20:00"}
{"level":"info","message":"Orchestrator: Found 2 tenants to process.","timestamp":"2026-06-27 15:20:01"}
{"level":"info","message":"📁 Switching to CLIENT database: tenant_rbi (Tenant: rbi)","timestamp":"2026-06-27 15:20:01"}
{"level":"info","message":"Orchestrator: No domains found for tenant rbi (excluding those currently scanning).","timestamp":"2026-06-27 15:20:01"}
{"level":"info","message":"📁 Switching to CLIENT database: tenant_sbi (Tenant: sbi)","timestamp":"2026-06-27 15:20:01"}
{"level":"info","message":"Orchestrator: No domains found for tenant sbi (excluding those currently scanning).","timestamp":"2026-06-27 15:20:01"}
{"level":"info","message":"Orchestrator: Master DB connection closed.","timestamp":"2026-06-27 15:20:01"}
{"level":"info","message":"✅ Orchestrator: Finished. Total jobs enqueued: 0","timestamp":"2026-06-27 15:20:01"}
{"level":"info","message":"Job repeat:c10eea93bf68cc56fd5c63b351df3d32:1782553800000 (Orchestrator) completed successfully.","timestamp":"2026-06-27 15:20:01"}
{"level":"info","message":"[Job repeat:c10eea93bf68cc56fd5c63b351df3d32:1782553860000] 🚀 Executing scheduled global orchestration...","timestamp":"2026-06-27 15:21:00"}
{"level":"info","message":"Orchestrator: Starting global scan orchestration... ","timestamp":"2026-06-27 15:21:00"}
{"level":"info","message":"🔗 Connecting to MASTER database: master","timestamp":"2026-06-27 15:21:00"}
{"level":"info","message":"Orchestrator: Found 2 tenants to process.","timestamp":"2026-06-27 15:21:01"}
{"level":"info","message":"📁 Switching to CLIENT database: tenant_rbi (Tenant: rbi)","timestamp":"2026-06-27 15:21:01"}
{"level":"info","message":"Orchestrator: No domains found for tenant rbi (excluding those currently scanning).","timestamp":"2026-06-27 15:21:01"}
{"level":"info","message":"📁 Switching to CLIENT database: tenant_sbi (Tenant: sbi)","timestamp":"2026-06-27 15:21:01"}
{"level":"info","message":"Orchestrator: No domains found for tenant sbi (excluding those currently scanning).","timestamp":"2026-06-27 15:21:01"}
{"level":"info","message":"Orchestrator: Master DB connection closed.","timestamp":"2026-06-27 15:21:01"}
{"level":"info","message":"✅ Orchestrator: Finished. Total jobs enqueued: 0","timestamp":"2026-06-27 15:21:01"}
{"level":"info","message":"Job repeat:c10eea93bf68cc56fd5c63b351df3d32:1782553860000 (Orchestrator) completed successfully.","timestamp":"2026-06-27 15:21:01"}
{"level":"info","message":"[Job repeat:c10eea93bf68cc56fd5c63b351df3d32:1782553920000] 🚀 Executing scheduled global orchestration...","timestamp":"2026-06-27 15:22:00"}
{"level":"info","message":"Orchestrator: Starting global scan orchestration... ","timestamp":"2026-06-27 15:22:00"}
{"level":"info","message":"🔗 Connecting to MASTER database: master","timestamp":"2026-06-27 15:22:00"}
{"level":"info","message":"Orchestrator: Found 2 tenants to process.","timestamp":"2026-06-27 15:22:00"}
{"level":"info","message":"📁 Switching to CLIENT database: tenant_rbi (Tenant: rbi)","timestamp":"2026-06-27 15:22:00"}
{"level":"info","message":"Orchestrator: No domains found for tenant rbi (excluding those currently scanning).","timestamp":"2026-06-27 15:22:00"}
{"level":"info","message":"📁 Switching to CLIENT database: tenant_sbi (Tenant: sbi)","timestamp":"2026-06-27 15:22:00"}
{"level":"info","message":"Orchestrator: No domains found for tenant sbi (excluding those currently scanning).","timestamp":"2026-06-27 15:22:00"}
{"level":"info","message":"Orchestrator: Master DB connection closed.","timestamp":"2026-06-27 15:22:00"}
{"level":"info","message":"✅ Orchestrator: Finished. Total jobs enqueued: 0","timestamp":"2026-06-27 15:22:00"}
{"level":"info","message":"Job repeat:c10eea93bf68cc56fd5c63b351df3d32:1782553920000 (Orchestrator) completed successfully.","timestamp":"2026-06-27 15:22:00"}
{"level":"info","message":"[Job repeat:c10eea93bf68cc56fd5c63b351df3d32:1782553980000] 🚀 Executing scheduled global orchestration...","timestamp":"2026-06-27 15:23:00"}
{"level":"info","message":"Orchestrator: Starting global scan orchestration... ","timestamp":"2026-06-27 15:23:00"}
{"level":"info","message":"🔗 Connecting to MASTER database: master","timestamp":"2026-06-27 15:23:00"}
{"level":"info","message":"Orchestrator: Found 2 tenants to process.","timestamp":"2026-06-27 15:23:01"}
{"level":"info","message":"📁 Switching to CLIENT database: tenant_rbi (Tenant: rbi)","timestamp":"2026-06-27 15:23:01"}
{"level":"info","message":"Orchestrator: No domains found for tenant rbi (excluding those currently scanning).","timestamp":"2026-06-27 15:23:01"}
{"level":"info","message":"📁 Switching to CLIENT database: tenant_sbi (Tenant: sbi)","timestamp":"2026-06-27 15:23:01"}
{"level":"info","message":"Orchestrator: No domains found for tenant sbi (excluding those currently scanning).","timestamp":"2026-06-27 15:23:01"}
{"level":"info","message":"Orchestrator: Master DB connection closed.","timestamp":"2026-06-27 15:23:01"}
{"level":"info","message":"✅ Orchestrator: Finished. Total jobs enqueued: 0","timestamp":"2026-06-27 15:23:01"}
{"level":"info","message":"Job repeat:c10eea93bf68cc56fd5c63b351df3d32:1782553980000 (Orchestrator) completed successfully.","timestamp":"2026-06-27 15:23:01"}
{"level":"info","message":"[Job repeat:c10eea93bf68cc56fd5c63b351df3d32:1782554040000] 🚀 Executing scheduled global orchestration...","timestamp":"2026-06-27 15:24:01"}
{"level":"info","message":"Orchestrator: Starting global scan orchestration... ","timestamp":"2026-06-27 15:24:01"}
{"level":"info","message":"🔗 Connecting to MASTER database: master","timestamp":"2026-06-27 15:24:01"}
{"level":"info","message":"Orchestrator: Found 2 tenants to process.","timestamp":"2026-06-27 15:24:01"}
{"level":"info","message":"📁 Switching to CLIENT database: tenant_rbi (Tenant: rbi)","timestamp":"2026-06-27 15:24:01"}
{"level":"info","message":"Orchestrator: No domains found for tenant rbi (excluding those currently scanning).","timestamp":"2026-06-27 15:24:01"}
{"level":"info","message":"📁 Switching to CLIENT database: tenant_sbi (Tenant: sbi)","timestamp":"2026-06-27 15:24:01"}
{"level":"info","message":"Orchestrator: No domains found for tenant sbi (excluding those currently scanning).","timestamp":"2026-06-27 15:24:01"}
{"level":"info","message":"Orchestrator: Master DB connection closed.","timestamp":"2026-06-27 15:24:01"}
{"level":"info","message":"✅ Orchestrator: Finished. Total jobs enqueued: 0","timestamp":"2026-06-27 15:24:01"}
{"level":"info","message":"Job repeat:c10eea93bf68cc56fd5c63b351df3d32:1782554040000 (Orchestrator) completed successfully.","timestamp":"2026-06-27 15:24:01"}
{"level":"info","message":"[Job repeat:c10eea93bf68cc56fd5c63b351df3d32:1782554100000] 🚀 Executing scheduled global orchestration...","timestamp":"2026-06-27 15:25:00"}
{"level":"info","message":"Orchestrator: Starting global scan orchestration... ","timestamp":"2026-06-27 15:25:00"}
{"level":"info","message":"🔗 Connecting to MASTER database: master","timestamp":"2026-06-27 15:25:00"}
{"level":"info","message":"Orchestrator: Found 2 tenants to process.","timestamp":"2026-06-27 15:25:01"}
{"level":"info","message":"📁 Switching to CLIENT database: tenant_rbi (Tenant: rbi)","timestamp":"2026-06-27 15:25:01"}
{"level":"info","message":"Orchestrator: No domains found for tenant rbi (excluding those currently scanning).","timestamp":"2026-06-27 15:25:01"}
{"level":"info","message":"📁 Switching to CLIENT database: tenant_sbi (Tenant: sbi)","timestamp":"2026-06-27 15:25:01"}
{"level":"info","message":"Orchestrator: No domains found for tenant sbi (excluding those currently scanning).","timestamp":"2026-06-27 15:25:01"}
{"level":"info","message":"Orchestrator: Master DB connection closed.","timestamp":"2026-06-27 15:25:01"}
{"level":"info","message":"✅ Orchestrator: Finished. Total jobs enqueued: 0","timestamp":"2026-06-27 15:25:01"}
{"level":"info","message":"Job repeat:c10eea93bf68cc56fd5c63b351df3d32:1782554100000 (Orchestrator) completed successfully.","timestamp":"2026-06-27 15:25:01"}
{"level":"info","message":"[Job repeat:c10eea93bf68cc56fd5c63b351df3d32:1782554160000] 🚀 Executing scheduled global orchestration...","timestamp":"2026-06-27 15:26:00"}
{"level":"info","message":"Orchestrator: Starting global scan orchestration... ","timestamp":"2026-06-27 15:26:00"}
{"level":"info","message":"🔗 Connecting to MASTER database: master","timestamp":"2026-06-27 15:26:00"}
{"level":"info","message":"Orchestrator: Found 2 tenants to process.","timestamp":"2026-06-27 15:26:01"}
{"level":"info","message":"📁 Switching to CLIENT database: tenant_rbi (Tenant: rbi)","timestamp":"2026-06-27 15:26:01"}
{"level":"info","message":"Orchestrator: No domains found for tenant rbi (excluding those currently scanning).","timestamp":"2026-06-27 15:26:01"}
{"level":"info","message":"📁 Switching to CLIENT database: tenant_sbi (Tenant: sbi)","timestamp":"2026-06-27 15:26:01"}
{"level":"info","message":"Orchestrator: No domains found for tenant sbi (excluding those currently scanning).","timestamp":"2026-06-27 15:26:01"}
{"level":"info","message":"Orchestrator: Master DB connection closed.","timestamp":"2026-06-27 15:26:01"}
{"level":"info","message":"✅ Orchestrator: Finished. Total jobs enqueued: 0","timestamp":"2026-06-27 15:26:01"}
{"level":"info","message":"Job repeat:c10eea93bf68cc56fd5c63b351df3d32:1782554160000 (Orchestrator) completed successfully.","timestamp":"2026-06-27 15:26:01"}
{"level":"info","message":"[Job repeat:c10eea93bf68cc56fd5c63b351df3d32:1782554220000] 🚀 Executing scheduled global orchestration...","timestamp":"2026-06-27 15:27:00"}
{"level":"info","message":"Orchestrator: Starting global scan orchestration... ","timestamp":"2026-06-27 15:27:00"}
{"level":"info","message":"🔗 Connecting to MASTER database: master","timestamp":"2026-06-27 15:27:00"}
{"level":"info","message":"Orchestrator: Found 2 tenants to process.","timestamp":"2026-06-27 15:27:00"}
{"level":"info","message":"📁 Switching to CLIENT database: tenant_rbi (Tenant: rbi)","timestamp":"2026-06-27 15:27:00"}
{"level":"info","message":"Orchestrator: No domains found for tenant rbi (excluding those currently scanning).","timestamp":"2026-06-27 15:27:00"}
{"level":"info","message":"📁 Switching to CLIENT database: tenant_sbi (Tenant: sbi)","timestamp":"2026-06-27 15:27:00"}
{"level":"info","message":"Orchestrator: No domains found for tenant sbi (excluding those currently scanning).","timestamp":"2026-06-27 15:27:00"}
{"level":"info","message":"Orchestrator: Master DB connection closed.","timestamp":"2026-06-27 15:27:00"}
{"level":"info","message":"✅ Orchestrator: Finished. Total jobs enqueued: 0","timestamp":"2026-06-27 15:27:00"}
{"level":"info","message":"Job repeat:c10eea93bf68cc56fd5c63b351df3d32:1782554220000 (Orchestrator) completed successfully.","timestamp":"2026-06-27 15:27:00"}
{"level":"info","message":"[Job repeat:c10eea93bf68cc56fd5c63b351df3d32:1782554280000] 🚀 Executing scheduled global orchestration...","timestamp":"2026-06-27 15:28:00"}
{"level":"info","message":"Orchestrator: Starting global scan orchestration... ","timestamp":"2026-06-27 15:28:00"}
{"level":"info","message":"🔗 Connecting to MASTER database: master","timestamp":"2026-06-27 15:28:00"}
{"level":"info","message":"Orchestrator: Found 2 tenants to process.","timestamp":"2026-06-27 15:28:01"}
{"level":"info","message":"📁 Switching to CLIENT database: tenant_rbi (Tenant: rbi)","timestamp":"2026-06-27 15:28:01"}
{"level":"info","message":"Orchestrator: No domains found for tenant rbi (excluding those currently scanning).","timestamp":"2026-06-27 15:28:01"}
{"level":"info","message":"📁 Switching to CLIENT database: tenant_sbi (Tenant: sbi)","timestamp":"2026-06-27 15:28:01"}
{"level":"info","message":"Orchestrator: No domains found for tenant sbi (excluding those currently scanning).","timestamp":"2026-06-27 15:28:01"}
{"level":"info","message":"Orchestrator: Master DB connection closed.","timestamp":"2026-06-27 15:28:01"}
{"level":"info","message":"✅ Orchestrator: Finished. Total jobs enqueued: 0","timestamp":"2026-06-27 15:28:01"}
{"level":"info","message":"Job repeat:c10eea93bf68cc56fd5c63b351df3d32:1782554280000 (Orchestrator) completed successfully.","timestamp":"2026-06-27 15:28:01"}
{"level":"info","message":"[Job repeat:c10eea93bf68cc56fd5c63b351df3d32:1782554340000] 🚀 Executing scheduled global orchestration...","timestamp":"2026-06-27 15:29:00"}
{"level":"info","message":"Orchestrator: Starting global scan orchestration... ","timestamp":"2026-06-27 15:29:00"}
{"level":"info","message":"🔗 Connecting to MASTER database: master","timestamp":"2026-06-27 15:29:00"}
{"level":"info","message":"Orchestrator: Found 2 tenants to process.","timestamp":"2026-06-27 15:29:01"}
{"level":"info","message":"📁 Switching to CLIENT database: tenant_rbi (Tenant: rbi)","timestamp":"2026-06-27 15:29:01"}
{"level":"info","message":"Orchestrator: No domains found for tenant rbi (excluding those currently scanning).","timestamp":"2026-06-27 15:29:01"}
{"level":"info","message":"📁 Switching to CLIENT database: tenant_sbi (Tenant: sbi)","timestamp":"2026-06-27 15:29:01"}
{"level":"info","message":"Orchestrator: No domains found for tenant sbi (excluding those currently scanning).","timestamp":"2026-06-27 15:29:01"}
{"level":"info","message":"Orchestrator: Master DB connection closed.","timestamp":"2026-06-27 15:29:01"}
{"level":"info","message":"✅ Orchestrator: Finished. Total jobs enqueued: 0","timestamp":"2026-06-27 15:29:01"}
{"level":"info","message":"Job repeat:c10eea93bf68cc56fd5c63b351df3d32:1782554340000 (Orchestrator) completed successfully.","timestamp":"2026-06-27 15:29:01"}
{"level":"info","message":"[Job repeat:c10eea93bf68cc56fd5c63b351df3d32:1782554400000] 🚀 Executing scheduled global orchestration...","timestamp":"2026-06-27 15:30:00"}
{"level":"info","message":"Orchestrator: Starting global scan orchestration... ","timestamp":"2026-06-27 15:30:00"}
{"level":"info","message":"🔗 Connecting to MASTER database: master","timestamp":"2026-06-27 15:30:00"}
{"level":"info","message":"Orchestrator: Found 2 tenants to process.","timestamp":"2026-06-27 15:30:00"}
{"level":"info","message":"📁 Switching to CLIENT database: tenant_rbi (Tenant: rbi)","timestamp":"2026-06-27 15:30:00"}
{"level":"info","message":"Orchestrator: No domains found for tenant rbi (excluding those currently scanning).","timestamp":"2026-06-27 15:30:00"}
{"level":"info","message":"📁 Switching to CLIENT database: tenant_sbi (Tenant: sbi)","timestamp":"2026-06-27 15:30:00"}
{"level":"info","message":"Orchestrator: No domains found for tenant sbi (excluding those currently scanning).","timestamp":"2026-06-27 15:30:00"}
{"level":"info","message":"Orchestrator: Master DB connection closed.","timestamp":"2026-06-27 15:30:00"}
{"level":"info","message":"✅ Orchestrator: Finished. Total jobs enqueued: 0","timestamp":"2026-06-27 15:30:00"}
{"level":"info","message":"Job repeat:c10eea93bf68cc56fd5c63b351df3d32:1782554400000 (Orchestrator) completed successfully.","timestamp":"2026-06-27 15:30:00"}
{"level":"info","message":"[Job repeat:c10eea93bf68cc56fd5c63b351df3d32:1782554460000] 🚀 Executing scheduled global orchestration...","timestamp":"2026-06-27 15:31:00"}
{"level":"info","message":"Orchestrator: Starting global scan orchestration... ","timestamp":"2026-06-27 15:31:00"}
{"level":"info","message":"🔗 Connecting to MASTER database: master","timestamp":"2026-06-27 15:31:00"}
{"level":"info","message":"Orchestrator: Found 2 tenants to process.","timestamp":"2026-06-27 15:31:01"}
{"level":"info","message":"📁 Switching to CLIENT database: tenant_rbi (Tenant: rbi)","timestamp":"2026-06-27 15:31:01"}
{"level":"info","message":"Orchestrator: No domains found for tenant rbi (excluding those currently scanning).","timestamp":"2026-06-27 15:31:01"}
{"level":"info","message":"📁 Switching to CLIENT database: tenant_sbi (Tenant: sbi)","timestamp":"2026-06-27 15:31:01"}
{"level":"info","message":"Orchestrator: No domains found for tenant sbi (excluding those currently scanning).","timestamp":"2026-06-27 15:31:01"}
{"level":"info","message":"Orchestrator: Master DB connection closed.","timestamp":"2026-06-27 15:31:01"}
{"level":"info","message":"✅ Orchestrator: Finished. Total jobs enqueued: 0","timestamp":"2026-06-27 15:31:01"}
{"level":"info","message":"Job repeat:c10eea93bf68cc56fd5c63b351df3d32:1782554460000 (Orchestrator) completed successfully.","timestamp":"2026-06-27 15:31:01"}
{"level":"info","message":"[Job repeat:c10eea93bf68cc56fd5c63b351df3d32:1782554520000] 🚀 Executing scheduled global orchestration...","timestamp":"2026-06-27 15:32:00"}
{"level":"info","message":"Orchestrator: Starting global scan orchestration... ","timestamp":"2026-06-27 15:32:00"}
{"level":"info","message":"🔗 Connecting to MASTER database: master","timestamp":"2026-06-27 15:32:00"}
{"level":"info","message":"Orchestrator: Found 2 tenants to process.","timestamp":"2026-06-27 15:32:01"}
{"level":"info","message":"📁 Switching to CLIENT database: tenant_rbi (Tenant: rbi)","timestamp":"2026-06-27 15:32:01"}
{"level":"info","message":"Orchestrator: No domains found for tenant rbi (excluding those currently scanning).","timestamp":"2026-06-27 15:32:01"}
{"level":"info","message":"📁 Switching to CLIENT database: tenant_sbi (Tenant: sbi)","timestamp":"2026-06-27 15:32:01"}
{"level":"info","message":"Orchestrator: No domains found for tenant sbi (excluding those currently scanning).","timestamp":"2026-06-27 15:32:01"}
{"level":"info","message":"Orchestrator: Master DB connection closed.","timestamp":"2026-06-27 15:32:01"}
{"level":"info","message":"✅ Orchestrator: Finished. Total jobs enqueued: 0","timestamp":"2026-06-27 15:32:01"}
{"level":"info","message":"Job repeat:c10eea93bf68cc56fd5c63b351df3d32:1782554520000 (Orchestrator) completed successfully.","timestamp":"2026-06-27 15:32:01"}
{"level":"info","message":"[Job repeat:c10eea93bf68cc56fd5c63b351df3d32:1782554580000] 🚀 Executing scheduled global orchestration...","timestamp":"2026-06-27 15:33:00"}
{"level":"info","message":"Orchestrator: Starting global scan orchestration... ","timestamp":"2026-06-27 15:33:00"}
{"level":"info","message":"🔗 Connecting to MASTER database: master","timestamp":"2026-06-27 15:33:00"}
{"level":"info","message":"Orchestrator: Found 2 tenants to process.","timestamp":"2026-06-27 15:33:01"}
{"level":"info","message":"📁 Switching to CLIENT database: tenant_rbi (Tenant: rbi)","timestamp":"2026-06-27 15:33:01"}
{"level":"info","message":"Orchestrator: No domains found for tenant rbi (excluding those currently scanning).","timestamp":"2026-06-27 15:33:01"}
{"level":"info","message":"📁 Switching to CLIENT database: tenant_sbi (Tenant: sbi)","timestamp":"2026-06-27 15:33:01"}
{"level":"info","message":"Orchestrator: No domains found for tenant sbi (excluding those currently scanning).","timestamp":"2026-06-27 15:33:01"}
{"level":"info","message":"Orchestrator: Master DB connection closed.","timestamp":"2026-06-27 15:33:01"}
{"level":"info","message":"✅ Orchestrator: Finished. Total jobs enqueued: 0","timestamp":"2026-06-27 15:33:01"}
{"level":"info","message":"Job repeat:c10eea93bf68cc56fd5c63b351df3d32:1782554580000 (Orchestrator) completed successfully.","timestamp":"2026-06-27 15:33:01"}
{"level":"info","message":"[Job repeat:c10eea93bf68cc56fd5c63b351df3d32:1782554640000] 🚀 Executing scheduled global orchestration...","timestamp":"2026-06-27 15:34:00"}
{"level":"info","message":"Orchestrator: Starting global scan orchestration... ","timestamp":"2026-06-27 15:34:00"}
{"level":"info","message":"🔗 Connecting to MASTER database: master","timestamp":"2026-06-27 15:34:00"}
{"level":"info","message":"Orchestrator: Found 2 tenants to process.","timestamp":"2026-06-27 15:34:01"}
{"level":"info","message":"📁 Switching to CLIENT database: tenant_rbi (Tenant: rbi)","timestamp":"2026-06-27 15:34:01"}
{"level":"info","message":"Orchestrator: No domains found for tenant rbi (excluding those currently scanning).","timestamp":"2026-06-27 15:34:01"}
{"level":"info","message":"📁 Switching to CLIENT database: tenant_sbi (Tenant: sbi)","timestamp":"2026-06-27 15:34:01"}
{"level":"info","message":"Orchestrator: No domains found for tenant sbi (excluding those currently scanning).","timestamp":"2026-06-27 15:34:01"}
{"level":"info","message":"Orchestrator: Master DB connection closed.","timestamp":"2026-06-27 15:34:01"}
{"level":"info","message":"✅ Orchestrator: Finished. Total jobs enqueued: 0","timestamp":"2026-06-27 15:34:01"}
{"level":"info","message":"Job repeat:c10eea93bf68cc56fd5c63b351df3d32:1782554640000 (Orchestrator) completed successfully.","timestamp":"2026-06-27 15:34:01"}
{"level":"info","message":"[Job repeat:c10eea93bf68cc56fd5c63b351df3d32:1782554700000] 🚀 Executing scheduled global orchestration...","timestamp":"2026-06-27 15:35:00"}
{"level":"info","message":"Orchestrator: Starting global scan orchestration... ","timestamp":"2026-06-27 15:35:00"}
{"level":"info","message":"🔗 Connecting to MASTER database: master","timestamp":"2026-06-27 15:35:00"}
{"level":"info","message":"Orchestrator: Found 2 tenants to process.","timestamp":"2026-06-27 15:35:00"}
{"level":"info","message":"📁 Switching to CLIENT database: tenant_rbi (Tenant: rbi)","timestamp":"2026-06-27 15:35:00"}
{"level":"info","message":"Orchestrator: No domains found for tenant rbi (excluding those currently scanning).","timestamp":"2026-06-27 15:35:00"}
{"level":"info","message":"📁 Switching to CLIENT database: tenant_sbi (Tenant: sbi)","timestamp":"2026-06-27 15:35:00"}
{"level":"info","message":"Orchestrator: No domains found for tenant sbi (excluding those currently scanning).","timestamp":"2026-06-27 15:35:00"}
{"level":"info","message":"Orchestrator: Master DB connection closed.","timestamp":"2026-06-27 15:35:00"}
{"level":"info","message":"✅ Orchestrator: Finished. Total jobs enqueued: 0","timestamp":"2026-06-27 15:35:00"}
{"level":"info","message":"Job repeat:c10eea93bf68cc56fd5c63b351df3d32:1782554700000 (Orchestrator) completed successfully.","timestamp":"2026-06-27 15:35:00"}
{"level":"info","message":"[Job repeat:c10eea93bf68cc56fd5c63b351df3d32:1782554760000] 🚀 Executing scheduled global orchestration...","timestamp":"2026-06-27 15:36:00"}
{"level":"info","message":"Orchestrator: Starting global scan orchestration... ","timestamp":"2026-06-27 15:36:00"}
{"level":"info","message":"🔗 Connecting to MASTER database: master","timestamp":"2026-06-27 15:36:00"}
{"level":"info","message":"Orchestrator: Found 2 tenants to process.","timestamp":"2026-06-27 15:36:01"}
{"level":"info","message":"📁 Switching to CLIENT database: tenant_rbi (Tenant: rbi)","timestamp":"2026-06-27 15:36:01"}
{"level":"info","message":"Orchestrator: No domains found for tenant rbi (excluding those currently scanning).","timestamp":"2026-06-27 15:36:01"}
{"level":"info","message":"📁 Switching to CLIENT database: tenant_sbi (Tenant: sbi)","timestamp":"2026-06-27 15:36:01"}
{"level":"info","message":"Orchestrator: No domains found for tenant sbi (excluding those currently scanning).","timestamp":"2026-06-27 15:36:01"}
{"level":"info","message":"Orchestrator: Master DB connection closed.","timestamp":"2026-06-27 15:36:01"}
{"level":"info","message":"✅ Orchestrator: Finished. Total jobs enqueued: 0","timestamp":"2026-06-27 15:36:01"}
{"level":"info","message":"Job repeat:c10eea93bf68cc56fd5c63b351df3d32:1782554760000 (Orchestrator) completed successfully.","timestamp":"2026-06-27 15:36:01"}
{"level":"info","message":"[Job repeat:c10eea93bf68cc56fd5c63b351df3d32:1782554820000] 🚀 Executing scheduled global orchestration...","timestamp":"2026-06-27 15:37:00"}
{"level":"info","message":"Orchestrator: Starting global scan orchestration... ","timestamp":"2026-06-27 15:37:00"}
{"level":"info","message":"🔗 Connecting to MASTER database: master","timestamp":"2026-06-27 15:37:00"}
{"level":"info","message":"Orchestrator: Found 2 tenants to process.","timestamp":"2026-06-27 15:37:01"}
{"level":"info","message":"📁 Switching to CLIENT database: tenant_rbi (Tenant: rbi)","timestamp":"2026-06-27 15:37:01"}
{"level":"info","message":"Orchestrator: No domains found for tenant rbi (excluding those currently scanning).","timestamp":"2026-06-27 15:37:01"}
{"level":"info","message":"📁 Switching to CLIENT database: tenant_sbi (Tenant: sbi)","timestamp":"2026-06-27 15:37:01"}
{"level":"info","message":"Orchestrator: No domains found for tenant sbi (excluding those currently scanning).","timestamp":"2026-06-27 15:37:01"}
{"level":"info","message":"Orchestrator: Master DB connection closed.","timestamp":"2026-06-27 15:37:01"}
{"level":"info","message":"✅ Orchestrator: Finished. Total jobs enqueued: 0","timestamp":"2026-06-27 15:37:01"}
{"level":"info","message":"Job repeat:c10eea93bf68cc56fd5c63b351df3d32:1782554820000 (Orchestrator) completed successfully.","timestamp":"2026-06-27 15:37:01"}
{"level":"info","message":"[Job repeat:c10eea93bf68cc56fd5c63b351df3d32:1782554880000] 🚀 Executing scheduled global orchestration...","timestamp":"2026-06-27 15:38:00"}
{"level":"info","message":"Orchestrator: Starting global scan orchestration... ","timestamp":"2026-06-27 15:38:00"}
{"level":"info","message":"🔗 Connecting to MASTER database: master","timestamp":"2026-06-27 15:38:00"}
{"level":"info","message":"Orchestrator: Found 2 tenants to process.","timestamp":"2026-06-27 15:38:00"}
{"level":"info","message":"📁 Switching to CLIENT database: tenant_rbi (Tenant: rbi)","timestamp":"2026-06-27 15:38:00"}
{"level":"info","message":"Orchestrator: No domains found for tenant rbi (excluding those currently scanning).","timestamp":"2026-06-27 15:38:00"}
{"level":"info","message":"📁 Switching to CLIENT database: tenant_sbi (Tenant: sbi)","timestamp":"2026-06-27 15:38:00"}
{"level":"info","message":"Orchestrator: No domains found for tenant sbi (excluding those currently scanning).","timestamp":"2026-06-27 15:38:00"}
{"level":"info","message":"Orchestrator: Master DB connection closed.","timestamp":"2026-06-27 15:38:00"}
{"level":"info","message":"✅ Orchestrator: Finished. Total jobs enqueued: 0","timestamp":"2026-06-27 15:38:00"}
{"level":"info","message":"Job repeat:c10eea93bf68cc56fd5c63b351df3d32:1782554880000 (Orchestrator) completed successfully.","timestamp":"2026-06-27 15:38:00"}
{"level":"info","message":"[Job repeat:c10eea93bf68cc56fd5c63b351df3d32:1782554940000] 🚀 Executing scheduled global orchestration...","timestamp":"2026-06-27 15:39:00"}
{"level":"info","message":"Orchestrator: Starting global scan orchestration... ","timestamp":"2026-06-27 15:39:00"}
{"level":"info","message":"🔗 Connecting to MASTER database: master","timestamp":"2026-06-27 15:39:00"}
{"level":"info","message":"Orchestrator: Found 2 tenants to process.","timestamp":"2026-06-27 15:39:01"}
{"level":"info","message":"📁 Switching to CLIENT database: tenant_rbi (Tenant: rbi)","timestamp":"2026-06-27 15:39:01"}
{"level":"info","message":"Orchestrator: No domains found for tenant rbi (excluding those currently scanning).","timestamp":"2026-06-27 15:39:01"}
{"level":"info","message":"📁 Switching to CLIENT database: tenant_sbi (Tenant: sbi)","timestamp":"2026-06-27 15:39:01"}
{"level":"info","message":"Orchestrator: No domains found for tenant sbi (excluding those currently scanning).","timestamp":"2026-06-27 15:39:01"}
{"level":"info","message":"Orchestrator: Master DB connection closed.","timestamp":"2026-06-27 15:39:01"}
{"level":"info","message":"✅ Orchestrator: Finished. Total jobs enqueued: 0","timestamp":"2026-06-27 15:39:01"}
{"level":"info","message":"Job repeat:c10eea93bf68cc56fd5c63b351df3d32:1782554940000 (Orchestrator) completed successfully.","timestamp":"2026-06-27 15:39:01"}
{"level":"info","message":"[Job repeat:c10eea93bf68cc56fd5c63b351df3d32:1782555000000] 🚀 Executing scheduled global orchestration...","timestamp":"2026-06-27 15:40:00"}
{"level":"info","message":"Orchestrator: Starting global scan orchestration... ","timestamp":"2026-06-27 15:40:00"}
{"level":"info","message":"🔗 Connecting to MASTER database: master","timestamp":"2026-06-27 15:40:00"}
{"level":"info","message":"Orchestrator: Found 2 tenants to process.","timestamp":"2026-06-27 15:40:00"}
{"level":"info","message":"📁 Switching to CLIENT database: tenant_rbi (Tenant: rbi)","timestamp":"2026-06-27 15:40:00"}
{"level":"info","message":"Orchestrator: No domains found for tenant rbi (excluding those currently scanning).","timestamp":"2026-06-27 15:40:00"}
{"level":"info","message":"📁 Switching to CLIENT database: tenant_sbi (Tenant: sbi)","timestamp":"2026-06-27 15:40:00"}
{"level":"info","message":"Orchestrator: No domains found for tenant sbi (excluding those currently scanning).","timestamp":"2026-06-27 15:40:00"}
{"level":"info","message":"Orchestrator: Master DB connection closed.","timestamp":"2026-06-27 15:40:00"}
{"level":"info","message":"✅ Orchestrator: Finished. Total jobs enqueued: 0","timestamp":"2026-06-27 15:40:00"}
{"level":"info","message":"Job repeat:c10eea93bf68cc56fd5c63b351df3d32:1782555000000 (Orchestrator) completed successfully.","timestamp":"2026-06-27 15:40:00"}
{"level":"info","message":"[Job repeat:c10eea93bf68cc56fd5c63b351df3d32:1782555060000] 🚀 Executing scheduled global orchestration...","timestamp":"2026-06-27 15:41:00"}
{"level":"info","message":"Orchestrator: Starting global scan orchestration... ","timestamp":"2026-06-27 15:41:00"}
{"level":"info","message":"🔗 Connecting to MASTER database: master","timestamp":"2026-06-27 15:41:00"}
{"level":"info","message":"Orchestrator: Found 2 tenants to process.","timestamp":"2026-06-27 15:41:01"}
{"level":"info","message":"📁 Switching to CLIENT database: tenant_rbi (Tenant: rbi)","timestamp":"2026-06-27 15:41:01"}
{"level":"info","message":"Orchestrator: No domains found for tenant rbi (excluding those currently scanning).","timestamp":"2026-06-27 15:41:01"}
{"level":"info","message":"📁 Switching to CLIENT database: tenant_sbi (Tenant: sbi)","timestamp":"2026-06-27 15:41:01"}
{"level":"info","message":"Orchestrator: No domains found for tenant sbi (excluding those currently scanning).","timestamp":"2026-06-27 15:41:01"}
{"level":"info","message":"Orchestrator: Master DB connection closed.","timestamp":"2026-06-27 15:41:01"}
{"level":"info","message":"✅ Orchestrator: Finished. Total jobs enqueued: 0","timestamp":"2026-06-27 15:41:01"}
{"level":"info","message":"Job repeat:c10eea93bf68cc56fd5c63b351df3d32:1782555060000 (Orchestrator) completed successfully.","timestamp":"2026-06-27 15:41:01"}
{"level":"info","message":"[Job repeat:c10eea93bf68cc56fd5c63b351df3d32:1782555120000] 🚀 Executing scheduled global orchestration...","timestamp":"2026-06-27 15:42:00"}
{"level":"info","message":"Orchestrator: Starting global scan orchestration... ","timestamp":"2026-06-27 15:42:00"}
{"level":"info","message":"🔗 Connecting to MASTER database: master","timestamp":"2026-06-27 15:42:00"}
{"level":"info","message":"Orchestrator: Found 2 tenants to process.","timestamp":"2026-06-27 15:42:01"}
{"level":"info","message":"📁 Switching to CLIENT database: tenant_rbi (Tenant: rbi)","timestamp":"2026-06-27 15:42:01"}
{"level":"info","message":"Orchestrator: No domains found for tenant rbi (excluding those currently scanning).","timestamp":"2026-06-27 15:42:01"}
{"level":"info","message":"📁 Switching to CLIENT database: tenant_sbi (Tenant: sbi)","timestamp":"2026-06-27 15:42:01"}
{"level":"info","message":"Orchestrator: No domains found for tenant sbi (excluding those currently scanning).","timestamp":"2026-06-27 15:42:01"}
{"level":"info","message":"Orchestrator: Master DB connection closed.","timestamp":"2026-06-27 15:42:01"}
{"level":"info","message":"✅ Orchestrator: Finished. Total jobs enqueued: 0","timestamp":"2026-06-27 15:42:01"}
{"level":"info","message":"Job repeat:c10eea93bf68cc56fd5c63b351df3d32:1782555120000 (Orchestrator) completed successfully.","timestamp":"2026-06-27 15:42:01"}
{"level":"info","message":"[Job repeat:c10eea93bf68cc56fd5c63b351df3d32:1782555180000] 🚀 Executing scheduled global orchestration...","timestamp":"2026-06-27 15:43:00"}
{"level":"info","message":"Orchestrator: Starting global scan orchestration... ","timestamp":"2026-06-27 15:43:00"}
{"level":"info","message":"🔗 Connecting to MASTER database: master","timestamp":"2026-06-27 15:43:00"}
{"level":"info","message":"Orchestrator: Found 2 tenants to process.","timestamp":"2026-06-27 15:43:00"}
{"level":"info","message":"📁 Switching to CLIENT database: tenant_rbi (Tenant: rbi)","timestamp":"2026-06-27 15:43:00"}
{"level":"info","message":"Orchestrator: No domains found for tenant rbi (excluding those currently scanning).","timestamp":"2026-06-27 15:43:00"}
{"level":"info","message":"📁 Switching to CLIENT database: tenant_sbi (Tenant: sbi)","timestamp":"2026-06-27 15:43:00"}
{"level":"info","message":"Orchestrator: No domains found for tenant sbi (excluding those currently scanning).","timestamp":"2026-06-27 15:43:00"}
{"level":"info","message":"Orchestrator: Master DB connection closed.","timestamp":"2026-06-27 15:43:00"}
{"level":"info","message":"✅ Orchestrator: Finished. Total jobs enqueued: 0","timestamp":"2026-06-27 15:43:00"}
{"level":"info","message":"Job repeat:c10eea93bf68cc56fd5c63b351df3d32:1782555180000 (Orchestrator) completed successfully.","timestamp":"2026-06-27 15:43:00"}
{"level":"info","message":"[Job repeat:c10eea93bf68cc56fd5c63b351df3d32:1782555240000] 🚀 Executing scheduled global orchestration...","timestamp":"2026-06-27 15:44:00"}
{"level":"info","message":"Orchestrator: Starting global scan orchestration... ","timestamp":"2026-06-27 15:44:00"}
{"level":"info","message":"🔗 Connecting to MASTER database: master","timestamp":"2026-06-27 15:44:00"}
{"level":"info","message":"Orchestrator: Found 2 tenants to process.","timestamp":"2026-06-27 15:44:01"}
{"level":"info","message":"📁 Switching to CLIENT database: tenant_rbi (Tenant: rbi)","timestamp":"2026-06-27 15:44:01"}
{"level":"info","message":"Orchestrator: No domains found for tenant rbi (excluding those currently scanning).","timestamp":"2026-06-27 15:44:01"}
{"level":"info","message":"📁 Switching to CLIENT database: tenant_sbi (Tenant: sbi)","timestamp":"2026-06-27 15:44:01"}
{"level":"info","message":"Orchestrator: No domains found for tenant sbi (excluding those currently scanning).","timestamp":"2026-06-27 15:44:01"}
{"level":"info","message":"Orchestrator: Master DB connection closed.","timestamp":"2026-06-27 15:44:01"}
{"level":"info","message":"✅ Orchestrator: Finished. Total jobs enqueued: 0","timestamp":"2026-06-27 15:44:01"}
{"level":"info","message":"Job repeat:c10eea93bf68cc56fd5c63b351df3d32:1782555240000 (Orchestrator) completed successfully.","timestamp":"2026-06-27 15:44:01"}
{"level":"info","message":"[Job repeat:c10eea93bf68cc56fd5c63b351df3d32:1782555300000] 🚀 Executing scheduled global orchestration...","timestamp":"2026-06-27 15:45:01"}
{"level":"info","message":"Orchestrator: Starting global scan orchestration... ","timestamp":"2026-06-27 15:45:01"}
{"level":"info","message":"🔗 Connecting to MASTER database: master","timestamp":"2026-06-27 15:45:01"}
{"level":"info","message":"Orchestrator: Found 2 tenants to process.","timestamp":"2026-06-27 15:45:01"}
{"level":"info","message":"📁 Switching to CLIENT database: tenant_rbi (Tenant: rbi)","timestamp":"2026-06-27 15:45:01"}
{"level":"info","message":"Orchestrator: No domains found for tenant rbi (excluding those currently scanning).","timestamp":"2026-06-27 15:45:01"}
{"level":"info","message":"📁 Switching to CLIENT database: tenant_sbi (Tenant: sbi)","timestamp":"2026-06-27 15:45:01"}
{"level":"info","message":"Orchestrator: No domains found for tenant sbi (excluding those currently scanning).","timestamp":"2026-06-27 15:45:01"}
{"level":"info","message":"Orchestrator: Master DB connection closed.","timestamp":"2026-06-27 15:45:01"}
{"level":"info","message":"✅ Orchestrator: Finished. Total jobs enqueued: 0","timestamp":"2026-06-27 15:45:01"}
{"level":"info","message":"Job repeat:c10eea93bf68cc56fd5c63b351df3d32:1782555300000 (Orchestrator) completed successfully.","timestamp":"2026-06-27 15:45:01"}
{"level":"info","message":"Added Policy Scan Job for Jewellmaster to queue, Job ID: 69","timestamp":"2026-06-27 15:45:43"}
{"level":"info","message":"[Job 69] 🛡️ Starting Policy scan for: Jewellmaster","timestamp":"2026-06-27 15:45:43"}
{"level":"info","message":"🛡️ [Jewellmaster] Starting standalone Policy Scan (job 69)...","timestamp":"2026-06-27 15:45:43"}
{"level":"info","message":"📑 [Jewellmaster] Retrieved 11 recent domain reports for evaluation.","timestamp":"2026-06-27 15:45:43"}
{"level":"info","message":"⚖️ [Jewellmaster] Evaluating 20 policies against 11 pages.","timestamp":"2026-06-27 15:45:43"}
{"level":"info","message":"📋 Policy: \"Sample Policy with All Rules (Global)\"","timestamp":"2026-06-27 15:45:43"}
{"level":"info","message":"   Rule 1: Type=[text], Target=[jewellery], SearchType=[Contains], Contains/Unit=[containing]","timestamp":"2026-06-27 15:45:43"}
{"level":"info","message":"   Rule 2: Type=[page-title], Target=[jewellery], SearchType=[Contains], Contains/Unit=[containing]","timestamp":"2026-06-27 15:45:43"}
{"level":"info","message":"   Rule 3: Type=[page-title-length], Target=[60], SearchType=[Greater than], Contains/Unit=[]","timestamp":"2026-06-27 15:45:43"}
{"level":"info","message":"   Rule 4: Type=[page-url], Target=[shop], SearchType=[Contains], Contains/Unit=[containing]","timestamp":"2026-06-27 15:45:43"}
{"level":"info","message":"   Rule 5: Type=[link], Target=[contact], SearchType=[Contains], Contains/Unit=[containing]","timestamp":"2026-06-27 15:45:43"}
{"level":"info","message":"   Rule 6: Type=[link-text], Target=[buy], SearchType=[Contains], Contains/Unit=[containing]","timestamp":"2026-06-27 15:45:43"}
{"level":"info","message":"   Rule 7: Type=[link-text-length], Target=[50], SearchType=[Greater than], Contains/Unit=[]","timestamp":"2026-06-27 15:45:43"}
{"level":"info","message":"   Rule 8: Type=[file-size], Target=[5], SearchType=[Greater than], Contains/Unit=[MB]","timestamp":"2026-06-27 15:45:43"}
{"level":"info","message":"   Rule 9: Type=[image-size], Target=[100], SearchType=[Greater than], Contains/Unit=[KB]","timestamp":"2026-06-27 15:45:43"}
{"level":"info","message":"   Rule 10: Type=[image-text], Target=[logo], SearchType=[Contains], Contains/Unit=[containing]","timestamp":"2026-06-27 15:45:43"}
{"level":"info","message":"   Rule 11: Type=[image-text-length], Target=[100], SearchType=[Greater than], Contains/Unit=[]","timestamp":"2026-06-27 15:45:43"}
{"level":"info","message":"   Rule 12: Type=[external-link-count], Target=[10], SearchType=[Greater than], Contains/Unit=[]","timestamp":"2026-06-27 15:45:43"}
{"level":"info","message":"   Rule 13: Type=[incoming-link-count], Target=[5], SearchType=[Greater than], Contains/Unit=[]","timestamp":"2026-06-27 15:45:43"}
{"level":"info","message":"   Rule 14: Type=[heading-text], Target=[price], SearchType=[Contains], Contains/Unit=[containing]","timestamp":"2026-06-27 15:45:43"}
{"level":"info","message":"   Rule 15: Type=[header-text-length], Target=[80], SearchType=[Greater than], Contains/Unit=[]","timestamp":"2026-06-27 15:45:43"}
{"level":"info","message":"   Rule 16: Type=[readability-level], Target=[12], SearchType=[Greater than], Contains/Unit=[]","timestamp":"2026-06-27 15:45:43"}
{"level":"info","message":"   Rule 17: Type=[meta-header], Target=[keyword], SearchType=[Contains], Contains/Unit=[containing]","timestamp":"2026-06-27 15:45:43"}
{"level":"info","message":"   Rule 18: Type=[meta-header-length], Target=[160], SearchType=[Greater than], Contains/Unit=[]","timestamp":"2026-06-27 15:45:43"}
{"level":"info","message":"   Rule 19: Type=[page-html], Target=[<script>], SearchType=[Contains], Contains/Unit=[containing]","timestamp":"2026-06-27 15:45:43"}
{"level":"info","message":"📋 Policy: \"Test Policy: Single Rule (text)\"","timestamp":"2026-06-27 15:45:43"}
{"level":"info","message":"   Rule 1: Type=[text], Target=[jewellery], SearchType=[Contains], Contains/Unit=[containing]","timestamp":"2026-06-27 15:45:43"}
{"level":"info","message":"📋 Policy: \"Test Policy: Single Rule (page-title)\"","timestamp":"2026-06-27 15:45:43"}
{"level":"info","message":"   Rule 1: Type=[page-title], Target=[jewellery], SearchType=[Contains], Contains/Unit=[containing]","timestamp":"2026-06-27 15:45:43"}
{"level":"info","message":"📋 Policy: \"Test Policy: Single Rule (page-title-length)\"","timestamp":"2026-06-27 15:45:43"}
{"level":"info","message":"   Rule 1: Type=[page-title-length], Target=[60], SearchType=[Greater than], Contains/Unit=[]","timestamp":"2026-06-27 15:45:43"}
{"level":"info","message":"📋 Policy: \"Test Policy: Single Rule (page-url)\"","timestamp":"2026-06-27 15:45:43"}
{"level":"info","message":"   Rule 1: Type=[page-url], Target=[https://omunim.com/signin], SearchType=[Contains], Contains/Unit=[containing]","timestamp":"2026-06-27 15:45:43"}
{"level":"info","message":"📋 Policy: \"Test Policy: Single Rule (link)\"","timestamp":"2026-06-27 15:45:43"}
{"level":"info","message":"   Rule 1: Type=[link], Target=[contact], SearchType=[Contains], Contains/Unit=[containing]","timestamp":"2026-06-27 15:45:43"}
{"level":"info","message":"📋 Policy: \"Test Policy: Single Rule (link-text)\"","timestamp":"2026-06-27 15:45:43"}
{"level":"info","message":"   Rule 1: Type=[link-text], Target=[buy], SearchType=[Contains], Contains/Unit=[containing]","timestamp":"2026-06-27 15:45:43"}
{"level":"info","message":"📋 Policy: \"Test Policy: Single Rule (link-text-length)\"","timestamp":"2026-06-27 15:45:43"}
{"level":"info","message":"   Rule 1: Type=[link-text-length], Target=[50], SearchType=[Greater than], Contains/Unit=[]","timestamp":"2026-06-27 15:45:43"}
{"level":"info","message":"📋 Policy: \"Test Policy: Single Rule (file-size)\"","timestamp":"2026-06-27 15:45:43"}
{"level":"info","message":"   Rule 1: Type=[file-size], Target=[5], SearchType=[Greater than], Contains/Unit=[MB]","timestamp":"2026-06-27 15:45:43"}
{"level":"info","message":"📋 Policy: \"Test Policy: Single Rule (image-size)\"","timestamp":"2026-06-27 15:45:43"}
{"level":"info","message":"   Rule 1: Type=[image-size], Target=[100], SearchType=[Greater than], Contains/Unit=[KB]","timestamp":"2026-06-27 15:45:43"}
{"level":"info","message":"📋 Policy: \"Test Policy: Single Rule (image-text)\"","timestamp":"2026-06-27 15:45:43"}
{"level":"info","message":"   Rule 1: Type=[image-text], Target=[Jewellery Billing Software], SearchType=[Contains], Contains/Unit=[containing]","timestamp":"2026-06-27 15:45:43"}
{"level":"info","message":"📋 Policy: \"Test Policy: Single Rule (image-text-length)\"","timestamp":"2026-06-27 15:45:43"}
{"level":"info","message":"   Rule 1: Type=[image-text-length], Target=[], SearchType=[Greater than], Contains/Unit=[]","timestamp":"2026-06-27 15:45:43"}
{"level":"info","message":"📋 Policy: \"Test Policy: Single Rule (external-link-count)\"","timestamp":"2026-06-27 15:45:43"}
{"level":"info","message":"   Rule 1: Type=[external-link-count], Target=[], SearchType=[Greater than], Contains/Unit=[]","timestamp":"2026-06-27 15:45:43"}
{"level":"info","message":"📋 Policy: \"Test Policy: Single Rule (incoming-link-count)\"","timestamp":"2026-06-27 15:45:43"}
{"level":"info","message":"   Rule 1: Type=[incoming-link-count], Target=[5], SearchType=[Greater than], Contains/Unit=[]","timestamp":"2026-06-27 15:45:43"}
{"level":"info","message":"📋 Policy: \"Test Policy: Single Rule (heading-text)\"","timestamp":"2026-06-27 15:45:43"}
{"level":"info","message":"   Rule 1: Type=[heading-text], Target=[price], SearchType=[Contains], Contains/Unit=[containing]","timestamp":"2026-06-27 15:45:43"}
{"level":"info","message":"📋 Policy: \"Test Policy: Single Rule (header-text-length)\"","timestamp":"2026-06-27 15:45:43"}
{"level":"info","message":"   Rule 1: Type=[header-text-length], Target=[80], SearchType=[Greater than], Contains/Unit=[]","timestamp":"2026-06-27 15:45:43"}
{"level":"info","message":"📋 Policy: \"Test Policy: Single Rule (readability-level)\"","timestamp":"2026-06-27 15:45:43"}
{"level":"info","message":"   Rule 1: Type=[readability-level], Target=[12], SearchType=[Greater than], Contains/Unit=[]","timestamp":"2026-06-27 15:45:43"}
{"level":"info","message":"📋 Policy: \"Test Policy: Single Rule (meta-header)\"","timestamp":"2026-06-27 15:45:43"}
{"level":"info","message":"   Rule 1: Type=[meta-header], Target=[keyword], SearchType=[Contains], Contains/Unit=[containing]","timestamp":"2026-06-27 15:45:43"}
{"level":"info","message":"📋 Policy: \"Test Policy: Single Rule (page-html)\"","timestamp":"2026-06-27 15:45:43"}
{"level":"info","message":"   Rule 1: Type=[page-html], Target=[<script>], SearchType=[Contains], Contains/Unit=[containing]","timestamp":"2026-06-27 15:45:43"}
{"level":"info","message":"📋 Policy: \"jewellery Images greater than 1MB\"","timestamp":"2026-06-27 15:45:43"}
{"level":"info","message":"   Rule 1: Type=[image-size], Target=[1], SearchType=[Greater than], Contains/Unit=[MB]","timestamp":"2026-06-27 15:45:43"}
{"level":"info","message":"🌐 [Jewellmaster] Fetching live HTML content for 11 pages (text-based rules detected)...","timestamp":"2026-06-27 15:45:43"}
{"level":"info","message":"   -> 🔍 Scan [text] | Target: \"jewellery\" (containing) | Operator: \"contains\" | Actual: [Content length: 2199] | Result: ❌ NO MATCH","timestamp":"2026-06-27 15:45:44"}
{"level":"info","message":"   -> 🔍 Scan [page-title] | Target: \"jewellery\" (containing) | Operator: \"contains\" | Actual: \"Jewellery ERP Features & Billi\" | Result: ✅ MATCH","timestamp":"2026-06-27 15:45:44"}
{"level":"info","message":"   -> 🔍 Scan [page-title-length] | Target: \"60\" | Operator: \"Greater than\" | Actual: 48 | Result: ❌ NO MATCH","timestamp":"2026-06-27 15:45:44"}
{"level":"info","message":"   -> 🔍 Scan [page-url] | Target: \"shop\" (containing) | Operator: \"contains\" | Actual: \"https://jewellmaster.com/features\" | Result: ❌ NO MATCH","timestamp":"2026-06-27 15:45:44"}
{"level":"info","message":"   -> 🔍 Scan [link] | Target: \"contact\" (containing) | Operator: \"contains\" | Actual: [0 links] | Result: ❌ NO MATCH","timestamp":"2026-06-27 15:45:44"}
{"level":"info","message":"   -> 🔍 Scan [link-text] | Target: \"buy\" (containing) | Operator: \"contains\" | Actual: [0 links] | Result: ❌ NO MATCH","timestamp":"2026-06-27 15:45:44"}
{"level":"info","message":"   -> 🔍 Scan [link-text-length] | Target: \"50\" | Operator: \"Greater than\" | Actual: [0 links] | Result: ❌ NO MATCH","timestamp":"2026-06-27 15:45:44"}
{"level":"info","message":"   -> 🔍 Scan [file-size] | Target: \"5\" (MB) | Operator: \"Greater than\" | Actual: 433.0126953125 | Result: ❌ NO MATCH","timestamp":"2026-06-27 15:45:44"}
{"level":"info","message":"   -> 🔍 Scan [image-size] | Target: \"100\" (KB) | Operator: \"Greater than\" | Actual: [1 images] | Result: ✅ MATCH","timestamp":"2026-06-27 15:45:44"}
{"level":"info","message":"   -> 🔍 Scan [image-text] | Target: \"logo\" (containing) | Operator: \"contains\" | Actual: [1 images] | Result: ❌ NO MATCH","timestamp":"2026-06-27 15:45:44"}
{"level":"info","message":"   -> 🔍 Scan [image-text-length] | Target: \"100\" | Operator: \"Greater than\" | Actual: [1 images] | Result: ❌ NO MATCH","timestamp":"2026-06-27 15:45:44"}
{"level":"info","message":"   -> 🔍 Scan [external-link-count] | Target: \"10\" | Operator: \"Greater than\" | Actual: 0 | Result: ❌ NO MATCH","timestamp":"2026-06-27 15:45:44"}
{"level":"info","message":"   -> 🔍 Scan [incoming-link-count] | Target: \"5\" | Operator: \"Greater than\" | Actual: 11 | Result: ✅ MATCH","timestamp":"2026-06-27 15:45:44"}
{"level":"info","message":"   -> 🔍 Scan [heading-text] | Target: \"price\" (containing) | Operator: \"contains\" | Actual: [0 headings] | Result: ❌ NO MATCH","timestamp":"2026-06-27 15:45:44"}
{"level":"info","message":"   -> 🔍 Scan [header-text-length] | Target: \"80\" | Operator: \"Greater than\" | Actual: [0 headings] | Result: ❌ NO MATCH","timestamp":"2026-06-27 15:45:44"}
{"level":"info","message":"   -> 🔍 Scan [readability-level] | Target: \"12\" | Operator: \"Greater than\" | Actual: 0 | Result: ❌ NO MATCH","timestamp":"2026-06-27 15:45:44"}
{"level":"info","message":"   -> 🔍 Scan [meta-header] | Target: \"keyword\" (containing) | Operator: \"contains\" | Actual: [Content length: 2199] | Result: ❌ NO MATCH","timestamp":"2026-06-27 15:45:44"}
{"level":"info","message":"   -> 🔍 Scan [meta-header-length] | Target: \"160\" | Operator: \"Greater than\" | Actual: 124 | Result: ❌ NO MATCH","timestamp":"2026-06-27 15:45:44"}
{"level":"info","message":"   -> 🔍 Scan [page-html] | Target: \"<script>\" (containing) | Operator: \"contains\" | Actual: [Content length: 2199] | Result: ✅ MATCH","timestamp":"2026-06-27 15:45:44"}
{"level":"info","message":"   -> 🔍 Scan [text] | Target: \"jewellery\" (containing) | Operator: \"contains\" | Actual: [Content length: 2199] | Result: ❌ NO MATCH","timestamp":"2026-06-27 15:45:44"}
{"level":"info","message":"   -> 🔍 Scan [page-title] | Target: \"jewellery\" (containing) | Operator: \"contains\" | Actual: \"Jewellery ERP Features & Billi\" | Result: ✅ MATCH","timestamp":"2026-06-27 15:45:44"}
{"level":"info","message":"   -> 🔍 Scan [page-title-length] | Target: \"60\" | Operator: \"Greater than\" | Actual: 48 | Result: ❌ NO MATCH","timestamp":"2026-06-27 15:45:44"}
{"level":"info","message":"   -> 🔍 Scan [page-url] | Target: \"https://omunim.com/signin\" (containing) | Operator: \"contains\" | Actual: \"https://jewellmaster.com/features\" | Result: ❌ NO MATCH","timestamp":"2026-06-27 15:45:44"}
{"level":"info","message":"   -> 🔍 Scan [link] | Target: \"contact\" (containing) | Operator: \"contains\" | Actual: [0 links] | Result: ❌ NO MATCH","timestamp":"2026-06-27 15:45:44"}
{"level":"info","message":"   -> 🔍 Scan [link-text] | Target: \"buy\" (containing) | Operator: \"contains\" | Actual: [0 links] | Result: ❌ NO MATCH","timestamp":"2026-06-27 15:45:44"}
{"level":"info","message":"   -> 🔍 Scan [link-text-length] | Target: \"50\" | Operator: \"Greater than\" | Actual: [0 links] | Result: ❌ NO MATCH","timestamp":"2026-06-27 15:45:44"}
{"level":"info","message":"   -> 🔍 Scan [file-size] | Target: \"5\" (MB) | Operator: \"Greater than\" | Actual: 433.0126953125 | Result: ❌ NO MATCH","timestamp":"2026-06-27 15:45:44"}
{"level":"info","message":"   -> 🔍 Scan [image-size] | Target: \"100\" (KB) | Operator: \"Greater than\" | Actual: [1 images] | Result: ✅ MATCH","timestamp":"2026-06-27 15:45:44"}
{"level":"info","message":"   -> 🔍 Scan [image-text] | Target: \"jewellery billing software\" (containing) | Operator: \"contains\" | Actual: [1 images] | Result: ❌ NO MATCH","timestamp":"2026-06-27 15:45:44"}
{"level":"info","message":"   -> 🔍 Scan [image-text-length] | Target: \"20\" | Operator: \"Greater than\" | Actual: [1 images] | Result: ❌ NO MATCH","timestamp":"2026-06-27 15:45:44"}
{"level":"info","message":"   -> 🔍 Scan [external-link-count] | Target: \"\" | Operator: \"Greater than\" | Actual: 0 | Result: ❌ NO MATCH","timestamp":"2026-06-27 15:45:44"}
{"level":"info","message":"   -> 🔍 Scan [incoming-link-count] | Target: \"5\" | Operator: \"Greater than\" | Actual: 11 | Result: ✅ MATCH","timestamp":"2026-06-27 15:45:44"}
{"level":"info","message":"   -> 🔍 Scan [heading-text] | Target: \"price\" (containing) | Operator: \"contains\" | Actual: [0 headings] | Result: ❌ NO MATCH","timestamp":"2026-06-27 15:45:44"}
{"level":"info","message":"   -> 🔍 Scan [header-text-length] | Target: \"80\" | Operator: \"Greater than\" | Actual: [0 headings] | Result: ❌ NO MATCH","timestamp":"2026-06-27 15:45:44"}
{"level":"info","message":"   -> 🔍 Scan [readability-level] | Target: \"12\" | Operator: \"Greater than\" | Actual: 0 | Result: ❌ NO MATCH","timestamp":"2026-06-27 15:45:44"}
{"level":"info","message":"   -> 🔍 Scan [meta-header] | Target: \"keyword\" (containing) | Operator: \"contains\" | Actual: [Content length: 2199] | Result: ❌ NO MATCH","timestamp":"2026-06-27 15:45:44"}
{"level":"info","message":"   -> 🔍 Scan [page-html] | Target: \"<script>\" (containing) | Operator: \"contains\" | Actual: [Content length: 2199] | Result: ✅ MATCH","timestamp":"2026-06-27 15:45:44"}
{"level":"info","message":"   -> 🔍 Scan [image-size] | Target: \"1\" (MB) | Operator: \"Greater than\" | Actual: [1 images] | Result: ❌ NO MATCH","timestamp":"2026-06-27 15:45:44"}
{"level":"info","message":"   -> 🔍 Scan [text] | Target: \"jewellery\" (containing) | Operator: \"contains\" | Actual: [Content length: 1252] | Result: ❌ NO MATCH","timestamp":"2026-06-27 15:45:44"}
{"level":"info","message":"   -> 🔍 Scan [page-title] | Target: \"jewellery\" (containing) | Operator: \"contains\" | Actual: \"Jewellery ERP Mobile App | Jew\" | Result: ✅ MATCH","timestamp":"2026-06-27 15:45:44"}
{"level":"info","message":"   -> 🔍 Scan [page-title-length] | Target: \"60\" | Operator: \"Greater than\" | Actual: 40 | Result: ❌ NO MATCH","timestamp":"2026-06-27 15:45:44"}
{"level":"info","message":"   -> 🔍 Scan [page-url] | Target: \"shop\" (containing) | Operator: \"contains\" | Actual: \"https://jewellmaster.com/features/mobile-app\" | Result: ❌ NO MATCH","timestamp":"2026-06-27 15:45:44"}
{"level":"info","message":"   -> 🔍 Scan [link] | Target: \"contact\" (containing) | Operator: \"contains\" | Actual: [0 links] | Result: ❌ NO MATCH","timestamp":"2026-06-27 15:45:44"}
{"level":"info","message":"   -> 🔍 Scan [link-text] | Target: \"buy\" (containing) | Operator: \"contains\" | Actual: [0 links] | Result: ❌ NO MATCH","timestamp":"2026-06-27 15:45:44"}
{"level":"info","message":"   -> 🔍 Scan [link-text-length] | Target: \"50\" | Operator: \"Greater than\" | Actual: [0 links] | Result: ❌ NO MATCH","timestamp":"2026-06-27 15:45:44"}
{"level":"info","message":"   -> 🔍 Scan [file-size] | Target: \"5\" (MB) | Operator: \"Greater than\" | Actual: 382.5283203125 | Result: ❌ NO MATCH","timestamp":"2026-06-27 15:45:44"}
{"level":"info","message":"   -> 🔍 Scan [image-size] | Target: \"100\" (KB) | Operator: \"Greater than\" | Actual: [1 images] | Result: ❌ NO MATCH","timestamp":"2026-06-27 15:45:44"}
{"level":"info","message":"   -> 🔍 Scan [image-text] | Target: \"logo\" (containing) | Operator: \"contains\" | Actual: [1 images] | Result: ❌ NO MATCH","timestamp":"2026-06-27 15:45:44"}
{"level":"info","message":"   -> 🔍 Scan [image-text-length] | Target: \"100\" | Operator: \"Greater than\" | Actual: [1 images] | Result: ❌ NO MATCH","timestamp":"2026-06-27 15:45:44"}
{"level":"info","message":"   -> 🔍 Scan [external-link-count] | Target: \"10\" | Operator: \"Greater than\" | Actual: 0 | Result: ❌ NO MATCH","timestamp":"2026-06-27 15:45:44"}
{"level":"info","message":"   -> 🔍 Scan [incoming-link-count] | Target: \"5\" | Operator: \"Greater than\" | Actual: 11 | Result: ✅ MATCH","timestamp":"2026-06-27 15:45:44"}
{"level":"info","message":"   -> 🔍 Scan [heading-text] | Target: \"price\" (containing) | Operator: \"contains\" | Actual: [0 headings] | Result: ❌ NO MATCH","timestamp":"2026-06-27 15:45:44"}
{"level":"info","message":"   -> 🔍 Scan [header-text-length] | Target: \"80\" | Operator: \"Greater than\" | Actual: [0 headings] | Result: ❌ NO MATCH","timestamp":"2026-06-27 15:45:44"}
{"level":"info","message":"   -> 🔍 Scan [readability-level] | Target: \"12\" | Operator: \"Greater than\" | Actual: 0 | Result: ❌ NO MATCH","timestamp":"2026-06-27 15:45:44"}
{"level":"info","message":"   -> 🔍 Scan [meta-header] | Target: \"keyword\" (containing) | Operator: \"contains\" | Actual: [Content length: 1252] | Result: ❌ NO MATCH","timestamp":"2026-06-27 15:45:44"}
{"level":"info","message":"   -> 🔍 Scan [meta-header-length] | Target: \"160\" | Operator: \"Greater than\" | Actual: 140 | Result: ❌ NO MATCH","timestamp":"2026-06-27 15:45:44"}
{"level":"info","message":"   -> 🔍 Scan [page-html] | Target: \"<script>\" (containing) | Operator: \"contains\" | Actual: [Content length: 1252] | Result: ✅ MATCH","timestamp":"2026-06-27 15:45:44"}
{"level":"info","message":"   -> 🔍 Scan [text] | Target: \"jewellery\" (containing) | Operator: \"contains\" | Actual: [Content length: 1252] | Result: ❌ NO MATCH","timestamp":"2026-06-27 15:45:44"}
{"level":"info","message":"   -> 🔍 Scan [page-title] | Target: \"jewellery\" (containing) | Operator: \"contains\" | Actual: \"Jewellery ERP Mobile App | Jew\" | Result: ✅ MATCH","timestamp":"2026-06-27 15:45:44"}
{"level":"info","message":"   -> 🔍 Scan [page-title-length] | Target: \"60\" | Operator: \"Greater than\" | Actual: 40 | Result: ❌ NO MATCH","timestamp":"2026-06-27 15:45:44"}
{"level":"info","message":"   -> 🔍 Scan [page-url] | Target: \"https://omunim.com/signin\" (containing) | Operator: \"contains\" | Actual: \"https://jewellmaster.com/features/mobile-app\" | Result: ❌ NO MATCH","timestamp":"2026-06-27 15:45:44"}
{"level":"info","message":"   -> 🔍 Scan [link] | Target: \"contact\" (containing) | Operator: \"contains\" | Actual: [0 links] | Result: ❌ NO MATCH","timestamp":"2026-06-27 15:45:44"}
{"level":"info","message":"   -> 🔍 Scan [link-text] | Target: \"buy\" (containing) | Operator: \"contains\" | Actual: [0 links] | Result: ❌ NO MATCH","timestamp":"2026-06-27 15:45:44"}
{"level":"info","message":"   -> 🔍 Scan [link-text-length] | Target: \"50\" | Operator: \"Greater than\" | Actual: [0 links] | Result: ❌ NO MATCH","timestamp":"2026-06-27 15:45:44"}
{"level":"info","message":"   -> 🔍 Scan [file-size] | Target: \"5\" (MB) | Operator: \"Greater than\" | Actual: 382.5283203125 | Result: ❌ NO MATCH","timestamp":"2026-06-27 15:45:44"}
{"level":"info","message":"   -> 🔍 Scan [image-size] | Target: \"100\" (KB) | Operator: \"Greater than\" | Actual: [1 images] | Result: ❌ NO MATCH","timestamp":"2026-06-27 15:45:44"}
{"level":"info","message":"   -> 🔍 Scan [image-text] | Target: \"jewellery billing software\" (containing) | Operator: \"contains\" | Actual: [1 images] | Result: ❌ NO MATCH","timestamp":"2026-06-27 15:45:44"}
{"level":"info","message":"   -> 🔍 Scan [image-text-length] | Target: \"20\" | Operator: \"Greater than\" | Actual: [1 images] | Result: ❌ NO MATCH","timestamp":"2026-06-27 15:45:44"}
{"level":"info","message":"   -> 🔍 Scan [external-link-count] | Target: \"\" | Operator: \"Greater than\" | Actual: 0 | Result: ❌ NO MATCH","timestamp":"2026-06-27 15:45:44"}
{"level":"info","message":"   -> 🔍 Scan [incoming-link-count] | Target: \"5\" | Operator: \"Greater than\" | Actual: 11 | Result: ✅ MATCH","timestamp":"2026-06-27 15:45:44"}
{"level":"info","message":"   -> 🔍 Scan [heading-text] | Target: \"price\" (containing) | Operator: \"contains\" | Actual: [0 headings] | Result: ❌ NO MATCH","timestamp":"2026-06-27 15:45:44"}
{"level":"info","message":"   -> 🔍 Scan [header-text-length] | Target: \"80\" | Operator: \"Greater than\" | Actual: [0 headings] | Result: ❌ NO MATCH","timestamp":"2026-06-27 15:45:44"}
{"level":"info","message":"   -> 🔍 Scan [readability-level] | Target: \"12\" | Operator: \"Greater than\" | Actual: 0 | Result: ❌ NO MATCH","timestamp":"2026-06-27 15:45:44"}
{"level":"info","message":"   -> 🔍 Scan [meta-header] | Target: \"keyword\" (containing) | Operator: \"contains\" | Actual: [Content length: 1252] | Result: ❌ NO MATCH","timestamp":"2026-06-27 15:45:44"}
{"level":"info","message":"   -> 🔍 Scan [page-html] | Target: \"<script>\" (containing) | Operator: \"contains\" | Actual: [Content length: 1252] | Result: ✅ MATCH","timestamp":"2026-06-27 15:45:44"}
{"level":"info","message":"   -> 🔍 Scan [image-size] | Target: \"1\" (MB) | Operator: \"Greater than\" | Actual: [1 images] | Result: ❌ NO MATCH","timestamp":"2026-06-27 15:45:44"}
{"level":"info","message":"   -> 🔍 Scan [text] | Target: \"jewellery\" (containing) | Operator: \"contains\" | Actual: [Content length: 5714] | Result: ✅ MATCH","timestamp":"2026-06-27 15:45:44"}
{"level":"info","message":"   -> 🔍 Scan [page-title] | Target: \"jewellery\" (containing) | Operator: \"contains\" | Actual: \"Jewellery Software India & Wor\" | Result: ✅ MATCH","timestamp":"2026-06-27 15:45:44"}
{"level":"info","message":"   -> 🔍 Scan [page-title-length] | Target: \"60\" | Operator: \"Greater than\" | Actual: 52 | Result: ❌ NO MATCH","timestamp":"2026-06-27 15:45:44"}
{"level":"info","message":"   -> 🔍 Scan [page-url] | Target: \"shop\" (containing) | Operator: \"contains\" | Actual: \"https://jewellmaster.com/\" | Result: ❌ NO MATCH","timestamp":"2026-06-27 15:45:44"}
{"level":"info","message":"   -> 🔍 Scan [link] | Target: \"contact\" (containing) | Operator: \"contains\" | Actual: [0 links] | Result: ❌ NO MATCH","timestamp":"2026-06-27 15:45:44"}
{"level":"info","message":"   -> 🔍 Scan [link-text] | Target: \"buy\" (containing) | Operator: \"contains\" | Actual: [0 links] | Result: ❌ NO MATCH","timestamp":"2026-06-27 15:45:44"}
{"level":"info","message":"   -> 🔍 Scan [link-text-length] | Target: \"50\" | Operator: \"Greater than\" | Actual: [0 links] | Result: ❌ NO MATCH","timestamp":"2026-06-27 15:45:44"}
{"level":"info","message":"   -> 🔍 Scan [file-size] | Target: \"5\" (MB) | Operator: \"Greater than\" | Actual: 938.6162109375 | Result: ❌ NO MATCH","timestamp":"2026-06-27 15:45:44"}
{"level":"info","message":"   -> 🔍 Scan [image-size] | Target: \"100\" (KB) | Operator: \"Greater than\" | Actual: [36 images] | Result: ✅ MATCH","timestamp":"2026-06-27 15:45:44"}
{"level":"info","message":"   -> 🔍 Scan [image-text] | Target: \"logo\" (containing) | Operator: \"contains\" | Actual: [36 images] | Result: ❌ NO MATCH","timestamp":"2026-06-27 15:45:44"}
{"level":"info","message":"   -> 🔍 Scan [image-text-length] | Target: \"100\" | Operator: \"Greater than\" | Actual: [36 images] | Result: ❌ NO MATCH","timestamp":"2026-06-27 15:45:44"}
{"level":"info","message":"   -> 🔍 Scan [external-link-count] | Target: \"10\" | Operator: \"Greater than\" | Actual: 1 | Result: ❌ NO MATCH","timestamp":"2026-06-27 15:45:44"}
{"level":"info","message":"   -> 🔍 Scan [incoming-link-count] | Target: \"5\" | Operator: \"Greater than\" | Actual: 2 | Result: ❌ NO MATCH","timestamp":"2026-06-27 15:45:44"}
{"level":"info","message":"   -> 🔍 Scan [heading-text] | Target: \"price\" (containing) | Operator: \"contains\" | Actual: [0 headings] | Result: ❌ NO MATCH","timestamp":"2026-06-27 15:45:44"}
{"level":"info","message":"   -> 🔍 Scan [header-text-length] | Target: \"80\" | Operator: \"Greater than\" | Actual: [0 headings] | Result: ❌ NO MATCH","timestamp":"2026-06-27 15:45:44"}
{"level":"info","message":"   -> 🔍 Scan [readability-level] | Target: \"12\" | Operator: \"Greater than\" | Actual: 0 | Result: ❌ NO MATCH","timestamp":"2026-06-27 15:45:44"}
{"level":"info","message":"   -> 🔍 Scan [meta-header] | Target: \"keyword\" (containing) | Operator: \"contains\" | Actual: [Content length: 5714] | Result: ❌ NO MATCH","timestamp":"2026-06-27 15:45:44"}
{"level":"info","message":"   -> 🔍 Scan [meta-header-length] | Target: \"160\" | Operator: \"Greater than\" | Actual: 127 | Result: ❌ NO MATCH","timestamp":"2026-06-27 15:45:44"}
{"level":"info","message":"   -> 🔍 Scan [page-html] | Target: \"<script>\" (containing) | Operator: \"contains\" | Actual: [Content length: 5714] | Result: ✅ MATCH","timestamp":"2026-06-27 15:45:44"}
{"level":"info","message":"   -> 🔍 Scan [text] | Target: \"jewellery\" (containing) | Operator: \"contains\" | Actual: [Content length: 5714] | Result: ✅ MATCH","timestamp":"2026-06-27 15:45:44"}
{"level":"info","message":"   -> 🔍 Scan [page-title] | Target: \"jewellery\" (containing) | Operator: \"contains\" | Actual: \"Jewellery Software India & Wor\" | Result: ✅ MATCH","timestamp":"2026-06-27 15:45:44"}
{"level":"info","message":"   -> 🔍 Scan [page-title-length] | Target: \"60\" | Operator: \"Greater than\" | Actual: 52 | Result: ❌ NO MATCH","timestamp":"2026-06-27 15:45:44"}
{"level":"info","message":"   -> 🔍 Scan [page-url] | Target: \"https://omunim.com/signin\" (containing) | Operator: \"contains\" | Actual: \"https://jewellmaster.com/\" | Result: ❌ NO MATCH","timestamp":"2026-06-27 15:45:44"}
{"level":"info","message":"   -> 🔍 Scan [link] | Target: \"contact\" (containing) | Operator: \"contains\" | Actual: [0 links] | Result: ❌ NO MATCH","timestamp":"2026-06-27 15:45:44"}
{"level":"info","message":"   -> 🔍 Scan [link-text] | Target: \"buy\" (containing) | Operator: \"contains\" | Actual: [0 links] | Result: ❌ NO MATCH","timestamp":"2026-06-27 15:45:44"}
{"level":"info","message":"   -> 🔍 Scan [link-text-length] | Target: \"50\" | Operator: \"Greater than\" | Actual: [0 links] | Result: ❌ NO MATCH","timestamp":"2026-06-27 15:45:44"}
{"level":"info","message":"   -> 🔍 Scan [file-size] | Target: \"5\" (MB) | Operator: \"Greater than\" | Actual: 938.6162109375 | Result: ❌ NO MATCH","timestamp":"2026-06-27 15:45:44"}
{"level":"info","message":"   -> 🔍 Scan [image-size] | Target: \"100\" (KB) | Operator: \"Greater than\" | Actual: [36 images] | Result: ✅ MATCH","timestamp":"2026-06-27 15:45:44"}
{"level":"info","message":"   -> 🔍 Scan [image-text] | Target: \"jewellery billing software\" (containing) | Operator: \"contains\" | Actual: [36 images] | Result: ❌ NO MATCH","timestamp":"2026-06-27 15:45:44"}
{"level":"info","message":"   -> 🔍 Scan [image-text-length] | Target: \"20\" | Operator: \"Greater than\" | Actual: [36 images] | Result: ❌ NO MATCH","timestamp":"2026-06-27 15:45:44"}
{"level":"info","message":"   -> 🔍 Scan [external-link-count] | Target: \"\" | Operator: \"Greater than\" | Actual: 1 | Result: ✅ MATCH","timestamp":"2026-06-27 15:45:44"}
{"level":"info","message":"   -> 🔍 Scan [incoming-link-count] | Target: \"5\" | Operator: \"Greater than\" | Actual: 2 | Result: ❌ NO MATCH","timestamp":"2026-06-27 15:45:44"}
{"level":"info","message":"   -> 🔍 Scan [heading-text] | Target: \"price\" (containing) | Operator: \"contains\" | Actual: [0 headings] | Result: ❌ NO MATCH","timestamp":"2026-06-27 15:45:44"}
{"level":"info","message":"   -> 🔍 Scan [header-text-length] | Target: \"80\" | Operator: \"Greater than\" | Actual: [0 headings] | Result: ❌ NO MATCH","timestamp":"2026-06-27 15:45:44"}
{"level":"info","message":"   -> 🔍 Scan [readability-level] | Target: \"12\" | Operator: \"Greater than\" | Actual: 0 | Result: ❌ NO MATCH","timestamp":"2026-06-27 15:45:44"}
{"level":"info","message":"   -> 🔍 Scan [meta-header] | Target: \"keyword\" (containing) | Operator: \"contains\" | Actual: [Content length: 5714] | Result: ❌ NO MATCH","timestamp":"2026-06-27 15:45:44"}
{"level":"info","message":"   -> 🔍 Scan [page-html] | Target: \"<script>\" (containing) | Operator: \"contains\" | Actual: [Content length: 5714] | Result: ✅ MATCH","timestamp":"2026-06-27 15:45:44"}
{"level":"info","message":"   -> 🔍 Scan [image-size] | Target: \"1\" (MB) | Operator: \"Greater than\" | Actual: [36 images] | Result: ❌ NO MATCH","timestamp":"2026-06-27 15:45:44"}
{"level":"info","message":"   -> 🔍 Scan [text] | Target: \"jewellery\" (containing) | Operator: \"contains\" | Actual: [Content length: 1323] | Result: ❌ NO MATCH","timestamp":"2026-06-27 15:45:44"}
{"level":"info","message":"   -> 🔍 Scan [page-title] | Target: \"jewellery\" (containing) | Operator: \"contains\" | Actual: \"Jewellery CRM & Customer Manag\" | Result: ✅ MATCH","timestamp":"2026-06-27 15:45:44"}
{"level":"info","message":"   -> 🔍 Scan [page-title-length] | Target: \"60\" | Operator: \"Greater than\" | Actual: 51 | Result: ❌ NO MATCH","timestamp":"2026-06-27 15:45:44"}
{"level":"info","message":"   -> 🔍 Scan [page-url] | Target: \"shop\" (containing) | Operator: \"contains\" | Actual: \"https://jewellmaster.com/features/crm-customer-man\" | Result: ❌ NO MATCH","timestamp":"2026-06-27 15:45:44"}
{"level":"info","message":"   -> 🔍 Scan [link] | Target: \"contact\" (containing) | Operator: \"contains\" | Actual: [0 links] | Result: ❌ NO MATCH","timestamp":"2026-06-27 15:45:44"}
{"level":"info","message":"   -> 🔍 Scan [link-text] | Target: \"buy\" (containing) | Operator: \"contains\" | Actual: [0 links] | Result: ❌ NO MATCH","timestamp":"2026-06-27 15:45:44"}
{"level":"info","message":"   -> 🔍 Scan [link-text-length] | Target: \"50\" | Operator: \"Greater than\" | Actual: [0 links] | Result: ❌ NO MATCH","timestamp":"2026-06-27 15:45:44"}
{"level":"info","message":"   -> 🔍 Scan [file-size] | Target: \"5\" (MB) | Operator: \"Greater than\" | Actual: 395.6728515625 | Result: ❌ NO MATCH","timestamp":"2026-06-27 15:45:44"}
{"level":"info","message":"   -> 🔍 Scan [image-size] | Target: \"100\" (KB) | Operator: \"Greater than\" | Actual: [1 images] | Result: ❌ NO MATCH","timestamp":"2026-06-27 15:45:44"}
{"level":"info","message":"   -> 🔍 Scan [image-text] | Target: \"logo\" (containing) | Operator: \"contains\" | Actual: [1 images] | Result: ❌ NO MATCH","timestamp":"2026-06-27 15:45:44"}
{"level":"info","message":"   -> 🔍 Scan [image-text-length] | Target: \"100\" | Operator: \"Greater than\" | Actual: [1 images] | Result: ❌ NO MATCH","timestamp":"2026-06-27 15:45:44"}
{"level":"info","message":"   -> 🔍 Scan [external-link-count] | Target: \"10\" | Operator: \"Greater than\" | Actual: 0 | Result: ❌ NO MATCH","timestamp":"2026-06-27 15:45:44"}
{"level":"info","message":"   -> 🔍 Scan [incoming-link-count] | Target: \"5\" | Operator: \"Greater than\" | Actual: 11 | Result: ✅ MATCH","timestamp":"2026-06-27 15:45:44"}
{"level":"info","message":"   -> 🔍 Scan [heading-text] | Target: \"price\" (containing) | Operator: \"contains\" | Actual: [0 headings] | Result: ❌ NO MATCH","timestamp":"2026-06-27 15:45:44"}
{"level":"info","message":"   -> 🔍 Scan [header-text-length] | Target: \"80\" | Operator: \"Greater than\" | Actual: [0 headings] | Result: ❌ NO MATCH","timestamp":"2026-06-27 15:45:44"}
{"level":"info","message":"   -> 🔍 Scan [readability-level] | Target: \"12\" | Operator: \"Greater than\" | Actual: 0 | Result: ❌ NO MATCH","timestamp":"2026-06-27 15:45:44"}
{"level":"info","message":"   -> 🔍 Scan [meta-header] | Target: \"keyword\" (containing) | Operator: \"contains\" | Actual: [Content length: 1323] | Result: ❌ NO MATCH","timestamp":"2026-06-27 15:45:44"}
{"level":"info","message":"   -> 🔍 Scan [meta-header-length] | Target: \"160\" | Operator: \"Greater than\" | Actual: 134 | Result: ❌ NO MATCH","timestamp":"2026-06-27 15:45:44"}
{"level":"info","message":"   -> 🔍 Scan [page-html] | Target: \"<script>\" (containing) | Operator: \"contains\" | Actual: [Content length: 1323] | Result: ✅ MATCH","timestamp":"2026-06-27 15:45:44"}
{"level":"info","message":"   -> 🔍 Scan [text] | Target: \"jewellery\" (containing) | Operator: \"contains\" | Actual: [Content length: 1323] | Result: ❌ NO MATCH","timestamp":"2026-06-27 15:45:44"}
{"level":"info","message":"   -> 🔍 Scan [page-title] | Target: \"jewellery\" (containing) | Operator: \"contains\" | Actual: \"Jewellery CRM & Customer Manag\" | Result: ✅ MATCH","timestamp":"2026-06-27 15:45:44"}
{"level":"info","message":"   -> 🔍 Scan [page-title-length] | Target: \"60\" | Operator: \"Greater than\" | Actual: 51 | Result: ❌ NO MATCH","timestamp":"2026-06-27 15:45:44"}
{"level":"info","message":"   -> 🔍 Scan [page-url] | Target: \"https://omunim.com/signin\" (containing) | Operator: \"contains\" | Actual: \"https://jewellmaster.com/features/crm-customer-man\" | Result: ❌ NO MATCH","timestamp":"2026-06-27 15:45:44"}
{"level":"info","message":"   -> 🔍 Scan [link] | Target: \"contact\" (containing) | Operator: \"contains\" | Actual: [0 links] | Result: ❌ NO MATCH","timestamp":"2026-06-27 15:45:44"}
{"level":"info","message":"   -> 🔍 Scan [link-text] | Target: \"buy\" (containing) | Operator: \"contains\" | Actual: [0 links] | Result: ❌ NO MATCH","timestamp":"2026-06-27 15:45:44"}
{"level":"info","message":"   -> 🔍 Scan [link-text-length] | Target: \"50\" | Operator: \"Greater than\" | Actual: [0 links] | Result: ❌ NO MATCH","timestamp":"2026-06-27 15:45:44"}
{"level":"info","message":"   -> 🔍 Scan [file-size] | Target: \"5\" (MB) | Operator: \"Greater than\" | Actual: 395.6728515625 | Result: ❌ NO MATCH","timestamp":"2026-06-27 15:45:44"}
{"level":"info","message":"   -> 🔍 Scan [image-size] | Target: \"100\" (KB) | Operator: \"Greater than\" | Actual: [1 images] | Result: ❌ NO MATCH","timestamp":"2026-06-27 15:45:44"}
{"level":"info","message":"   -> 🔍 Scan [image-text] | Target: \"jewellery billing software\" (containing) | Operator: \"contains\" | Actual: [1 images] | Result: ❌ NO MATCH","timestamp":"2026-06-27 15:45:44"}
{"level":"info","message":"   -> 🔍 Scan [image-text-length] | Target: \"20\" | Operator: \"Greater than\" | Actual: [1 images] | Result: ❌ NO MATCH","timestamp":"2026-06-27 15:45:44"}
{"level":"info","message":"   -> 🔍 Scan [external-link-count] | Target: \"\" | Operator: \"Greater than\" | Actual: 0 | Result: ❌ NO MATCH","timestamp":"2026-06-27 15:45:44"}
{"level":"info","message":"   -> 🔍 Scan [incoming-link-count] | Target: \"5\" | Operator: \"Greater than\" | Actual: 11 | Result: ✅ MATCH","timestamp":"2026-06-27 15:45:44"}
{"level":"info","message":"   -> 🔍 Scan [heading-text] | Target: \"price\" (containing) | Operator: \"contains\" | Actual: [0 headings] | Result: ❌ NO MATCH","timestamp":"2026-06-27 15:45:44"}
{"level":"info","message":"   -> 🔍 Scan [header-text-length] | Target: \"80\" | Operator: \"Greater than\" | Actual: [0 headings] | Result: ❌ NO MATCH","timestamp":"2026-06-27 15:45:44"}
{"level":"info","message":"   -> 🔍 Scan [readability-level] | Target: \"12\" | Operator: \"Greater than\" | Actual: 0 | Result: ❌ NO MATCH","timestamp":"2026-06-27 15:45:44"}
{"level":"info","message":"   -> 🔍 Scan [meta-header] | Target: \"keyword\" (containing) | Operator: \"contains\" | Actual: [Content length: 1323] | Result: ❌ NO MATCH","timestamp":"2026-06-27 15:45:44"}
{"level":"info","message":"   -> 🔍 Scan [page-html] | Target: \"<script>\" (containing) | Operator: \"contains\" | Actual: [Content length: 1323] | Result: ✅ MATCH","timestamp":"2026-06-27 15:45:44"}
{"level":"info","message":"   -> 🔍 Scan [image-size] | Target: \"1\" (MB) | Operator: \"Greater than\" | Actual: [1 images] | Result: ❌ NO MATCH","timestamp":"2026-06-27 15:45:44"}
{"level":"info","message":"   -> 🔍 Scan [text] | Target: \"jewellery\" (containing) | Operator: \"contains\" | Actual: [Content length: 1370] | Result: ❌ NO MATCH","timestamp":"2026-06-27 15:45:44"}
{"level":"info","message":"   -> 🔍 Scan [page-title] | Target: \"jewellery\" (containing) | Operator: \"contains\" | Actual: \"GST Invoicing & Billing for Je\" | Result: ❌ NO MATCH","timestamp":"2026-06-27 15:45:44"}
{"level":"info","message":"   -> 🔍 Scan [page-title-length] | Target: \"60\" | Operator: \"Greater than\" | Actual: 53 | Result: ❌ NO MATCH","timestamp":"2026-06-27 15:45:44"}
{"level":"info","message":"   -> 🔍 Scan [page-url] | Target: \"shop\" (containing) | Operator: \"contains\" | Actual: \"https://jewellmaster.com/features/gst-billing-invo\" | Result: ❌ NO MATCH","timestamp":"2026-06-27 15:45:44"}
{"level":"info","message":"   -> 🔍 Scan [link] | Target: \"contact\" (containing) | Operator: \"contains\" | Actual: [0 links] | Result: ❌ NO MATCH","timestamp":"2026-06-27 15:45:44"}
{"level":"info","message":"   -> 🔍 Scan [link-text] | Target: \"buy\" (containing) | Operator: \"contains\" | Actual: [0 links] | Result: ❌ NO MATCH","timestamp":"2026-06-27 15:45:44"}
{"level":"info","message":"   -> 🔍 Scan [link-text-length] | Target: \"50\" | Operator: \"Greater than\" | Actual: [0 links] | Result: ❌ NO MATCH","timestamp":"2026-06-27 15:45:44"}
{"level":"info","message":"   -> 🔍 Scan [file-size] | Target: \"5\" (MB) | Operator: \"Greater than\" | Actual: 342.12109375 | Result: ❌ NO MATCH","timestamp":"2026-06-27 15:45:44"}
{"level":"info","message":"   -> 🔍 Scan [image-size] | Target: \"100\" (KB) | Operator: \"Greater than\" | Actual: [1 images] | Result: ❌ NO MATCH","timestamp":"2026-06-27 15:45:44"}
{"level":"info","message":"   -> 🔍 Scan [image-text] | Target: \"logo\" (containing) | Operator: \"contains\" | Actual: [1 images] | Result: ❌ NO MATCH","timestamp":"2026-06-27 15:45:44"}
{"level":"info","message":"   -> 🔍 Scan [image-text-length] | Target: \"100\" | Operator: \"Greater than\" | Actual: [1 images] | Result: ❌ NO MATCH","timestamp":"2026-06-27 15:45:44"}
{"level":"info","message":"   -> 🔍 Scan [external-link-count] | Target: \"10\" | Operator: \"Greater than\" | Actual: 0 | Result: ❌ NO MATCH","timestamp":"2026-06-27 15:45:44"}
{"level":"info","message":"   -> 🔍 Scan [incoming-link-count] | Target: \"5\" | Operator: \"Greater than\" | Actual: 11 | Result: ✅ MATCH","timestamp":"2026-06-27 15:45:44"}
{"level":"info","message":"   -> 🔍 Scan [heading-text] | Target: \"price\" (containing) | Operator: \"contains\" | Actual: [0 headings] | Result: ❌ NO MATCH","timestamp":"2026-06-27 15:45:44"}
{"level":"info","message":"   -> 🔍 Scan [header-text-length] | Target: \"80\" | Operator: \"Greater than\" | Actual: [0 headings] | Result: ❌ NO MATCH","timestamp":"2026-06-27 15:45:44"}
{"level":"info","message":"   -> 🔍 Scan [readability-level] | Target: \"12\" | Operator: \"Greater than\" | Actual: 0 | Result: ❌ NO MATCH","timestamp":"2026-06-27 15:45:44"}
{"level":"info","message":"   -> 🔍 Scan [meta-header] | Target: \"keyword\" (containing) | Operator: \"contains\" | Actual: [Content length: 1370] | Result: ❌ NO MATCH","timestamp":"2026-06-27 15:45:44"}
{"level":"info","message":"   -> 🔍 Scan [meta-header-length] | Target: \"160\" | Operator: \"Greater than\" | Actual: 147 | Result: ❌ NO MATCH","timestamp":"2026-06-27 15:45:44"}
{"level":"info","message":"   -> 🔍 Scan [page-html] | Target: \"<script>\" (containing) | Operator: \"contains\" | Actual: [Content length: 1370] | Result: ✅ MATCH","timestamp":"2026-06-27 15:45:44"}
{"level":"info","message":"   -> 🔍 Scan [text] | Target: \"jewellery\" (containing) | Operator: \"contains\" | Actual: [Content length: 1370] | Result: ❌ NO MATCH","timestamp":"2026-06-27 15:45:44"}
{"level":"info","message":"   -> 🔍 Scan [page-title] | Target: \"jewellery\" (containing) | Operator: \"contains\" | Actual: \"GST Invoicing & Billing for Je\" | Result: ❌ NO MATCH","timestamp":"2026-06-27 15:45:44"}
{"level":"info","message":"   -> 🔍 Scan [page-title-length] | Target: \"60\" | Operator: \"Greater than\" | Actual: 53 | Result: ❌ NO MATCH","timestamp":"2026-06-27 15:45:44"}
{"level":"info","message":"   -> 🔍 Scan [page-url] | Target: \"https://omunim.com/signin\" (containing) | Operator: \"contains\" | Actual: \"https://jewellmaster.com/features/gst-billing-invo\" | Result: ❌ NO MATCH","timestamp":"2026-06-27 15:45:44"}
{"level":"info","message":"   -> 🔍 Scan [link] | Target: \"contact\" (containing) | Operator: \"contains\" | Actual: [0 links] | Result: ❌ NO MATCH","timestamp":"2026-06-27 15:45:44"}
{"level":"info","message":"   -> 🔍 Scan [link-text] | Target: \"buy\" (containing) | Operator: \"contains\" | Actual: [0 links] | Result: ❌ NO MATCH","timestamp":"2026-06-27 15:45:44"}
{"level":"info","message":"   -> 🔍 Scan [link-text-length] | Target: \"50\" | Operator: \"Greater than\" | Actual: [0 links] | Result: ❌ NO MATCH","timestamp":"2026-06-27 15:45:44"}
{"level":"info","message":"   -> 🔍 Scan [file-size] | Target: \"5\" (MB) | Operator: \"Greater than\" | Actual: 342.12109375 | Result: ❌ NO MATCH","timestamp":"2026-06-27 15:45:44"}
{"level":"info","message":"   -> 🔍 Scan [image-size] | Target: \"100\" (KB) | Operator: \"Greater than\" | Actual: [1 images] | Result: ❌ NO MATCH","timestamp":"2026-06-27 15:45:44"}
{"level":"info","message":"   -> 🔍 Scan [image-text] | Target: \"jewellery billing software\" (containing) | Operator: \"contains\" | Actual: [1 images] | Result: ❌ NO MATCH","timestamp":"2026-06-27 15:45:44"}
{"level":"info","message":"   -> 🔍 Scan [image-text-length] | Target: \"20\" | Operator: \"Greater than\" | Actual: [1 images] | Result: ❌ NO MATCH","timestamp":"2026-06-27 15:45:44"}
{"level":"info","message":"   -> 🔍 Scan [external-link-count] | Target: \"\" | Operator: \"Greater than\" | Actual: 0 | Result: ❌ NO MATCH","timestamp":"2026-06-27 15:45:44"}
{"level":"info","message":"   -> 🔍 Scan [incoming-link-count] | Target: \"5\" | Operator: \"Greater than\" | Actual: 11 | Result: ✅ MATCH","timestamp":"2026-06-27 15:45:44"}
{"level":"info","message":"   -> 🔍 Scan [heading-text] | Target: \"price\" (containing) | Operator: \"contains\" | Actual: [0 headings] | Result: ❌ NO MATCH","timestamp":"2026-06-27 15:45:44"}
{"level":"info","message":"   -> 🔍 Scan [header-text-length] | Target: \"80\" | Operator: \"Greater than\" | Actual: [0 headings] | Result: ❌ NO MATCH","timestamp":"2026-06-27 15:45:44"}
{"level":"info","message":"   -> 🔍 Scan [readability-level] | Target: \"12\" | Operator: \"Greater than\" | Actual: 0 | Result: ❌ NO MATCH","timestamp":"2026-06-27 15:45:44"}
{"level":"info","message":"   -> 🔍 Scan [meta-header] | Target: \"keyword\" (containing) | Operator: \"contains\" | Actual: [Content length: 1370] | Result: ❌ NO MATCH","timestamp":"2026-06-27 15:45:44"}
{"level":"info","message":"   -> 🔍 Scan [page-html] | Target: \"<script>\" (containing) | Operator: \"contains\" | Actual: [Content length: 1370] | Result: ✅ MATCH","timestamp":"2026-06-27 15:45:44"}
{"level":"info","message":"   -> 🔍 Scan [image-size] | Target: \"1\" (MB) | Operator: \"Greater than\" | Actual: [1 images] | Result: ❌ NO MATCH","timestamp":"2026-06-27 15:45:44"}
{"level":"info","message":"   -> 🔍 Scan [text] | Target: \"jewellery\" (containing) | Operator: \"contains\" | Actual: [Content length: 1341] | Result: ✅ MATCH","timestamp":"2026-06-27 15:45:44"}
{"level":"info","message":"   -> 🔍 Scan [page-title] | Target: \"jewellery\" (containing) | Operator: \"contains\" | Actual: \"Multi Branch Jewellery ERP Sof\" | Result: ✅ MATCH","timestamp":"2026-06-27 15:45:44"}
{"level":"info","message":"   -> 🔍 Scan [page-title-length] | Target: \"60\" | Operator: \"Greater than\" | Actual: 51 | Result: ❌ NO MATCH","timestamp":"2026-06-27 15:45:44"}
{"level":"info","message":"   -> 🔍 Scan [page-url] | Target: \"shop\" (containing) | Operator: \"contains\" | Actual: \"https://jewellmaster.com/features/multi-branch-man\" | Result: ❌ NO MATCH","timestamp":"2026-06-27 15:45:44"}
{"level":"info","message":"   -> 🔍 Scan [link] | Target: \"contact\" (containing) | Operator: \"contains\" | Actual: [0 links] | Result: ❌ NO MATCH","timestamp":"2026-06-27 15:45:44"}
{"level":"info","message":"   -> 🔍 Scan [link-text] | Target: \"buy\" (containing) | Operator: \"contains\" | Actual: [0 links] | Result: ❌ NO MATCH","timestamp":"2026-06-27 15:45:44"}
{"level":"info","message":"   -> 🔍 Scan [link-text-length] | Target: \"50\" | Operator: \"Greater than\" | Actual: [0 links] | Result: ❌ NO MATCH","timestamp":"2026-06-27 15:45:44"}
{"level":"info","message":"   -> 🔍 Scan [file-size] | Target: \"5\" (MB) | Operator: \"Greater than\" | Actual: 362.4755859375 | Result: ❌ NO MATCH","timestamp":"2026-06-27 15:45:44"}
{"level":"info","message":"   -> 🔍 Scan [image-size] | Target: \"100\" (KB) | Operator: \"Greater than\" | Actual: [1 images] | Result: ❌ NO MATCH","timestamp":"2026-06-27 15:45:44"}
{"level":"info","message":"   -> 🔍 Scan [image-text] | Target: \"logo\" (containing) | Operator: \"contains\" | Actual: [1 images] | Result: ❌ NO MATCH","timestamp":"2026-06-27 15:45:44"}
{"level":"info","message":"   -> 🔍 Scan [image-text-length] | Target: \"100\" | Operator: \"Greater than\" | Actual: [1 images] | Result: ❌ NO MATCH","timestamp":"2026-06-27 15:45:44"}
{"level":"info","message":"   -> 🔍 Scan [external-link-count] | Target: \"10\" | Operator: \"Greater than\" | Actual: 0 | Result: ❌ NO MATCH","timestamp":"2026-06-27 15:45:44"}
{"level":"info","message":"   -> 🔍 Scan [incoming-link-count] | Target: \"5\" | Operator: \"Greater than\" | Actual: 11 | Result: ✅ MATCH","timestamp":"2026-06-27 15:45:44"}
{"level":"info","message":"   -> 🔍 Scan [heading-text] | Target: \"price\" (containing) | Operator: \"contains\" | Actual: [0 headings] | Result: ❌ NO MATCH","timestamp":"2026-06-27 15:45:44"}
{"level":"info","message":"   -> 🔍 Scan [header-text-length] | Target: \"80\" | Operator: \"Greater than\" | Actual: [0 headings] | Result: ❌ NO MATCH","timestamp":"2026-06-27 15:45:44"}
{"level":"info","message":"   -> 🔍 Scan [readability-level] | Target: \"12\" | Operator: \"Greater than\" | Actual: 0 | Result: ❌ NO MATCH","timestamp":"2026-06-27 15:45:44"}
{"level":"info","message":"   -> 🔍 Scan [meta-header] | Target: \"keyword\" (containing) | Operator: \"contains\" | Actual: [Content length: 1341] | Result: ❌ NO MATCH","timestamp":"2026-06-27 15:45:44"}
{"level":"info","message":"   -> 🔍 Scan [meta-header-length] | Target: \"160\" | Operator: \"Greater than\" | Actual: 133 | Result: ❌ NO MATCH","timestamp":"2026-06-27 15:45:44"}
{"level":"info","message":"   -> 🔍 Scan [page-html] | Target: \"<script>\" (containing) | Operator: \"contains\" | Actual: [Content length: 1341] | Result: ✅ MATCH","timestamp":"2026-06-27 15:45:44"}
{"level":"info","message":"   -> 🔍 Scan [text] | Target: \"jewellery\" (containing) | Operator: \"contains\" | Actual: [Content length: 1341] | Result: ✅ MATCH","timestamp":"2026-06-27 15:45:44"}
{"level":"info","message":"   -> 🔍 Scan [page-title] | Target: \"jewellery\" (containing) | Operator: \"contains\" | Actual: \"Multi Branch Jewellery ERP Sof\" | Result: ✅ MATCH","timestamp":"2026-06-27 15:45:44"}
{"level":"info","message":"   -> 🔍 Scan [page-title-length] | Target: \"60\" | Operator: \"Greater than\" | Actual: 51 | Result: ❌ NO MATCH","timestamp":"2026-06-27 15:45:44"}
{"level":"info","message":"   -> 🔍 Scan [page-url] | Target: \"https://omunim.com/signin\" (containing) | Operator: \"contains\" | Actual: \"https://jewellmaster.com/features/multi-branch-man\" | Result: ❌ NO MATCH","timestamp":"2026-06-27 15:45:44"}
{"level":"info","message":"   -> 🔍 Scan [link] | Target: \"contact\" (containing) | Operator: \"contains\" | Actual: [0 links] | Result: ❌ NO MATCH","timestamp":"2026-06-27 15:45:44"}
{"level":"info","message":"   -> 🔍 Scan [link-text] | Target: \"buy\" (containing) | Operator: \"contains\" | Actual: [0 links] | Result: ❌ NO MATCH","timestamp":"2026-06-27 15:45:44"}
{"level":"info","message":"   -> 🔍 Scan [link-text-length] | Target: \"50\" | Operator: \"Greater than\" | Actual: [0 links] | Result: ❌ NO MATCH","timestamp":"2026-06-27 15:45:44"}
{"level":"info","message":"   -> 🔍 Scan [file-size] | Target: \"5\" (MB) | Operator: \"Greater than\" | Actual: 362.4755859375 | Result: ❌ NO MATCH","timestamp":"2026-06-27 15:45:44"}
{"level":"info","message":"   -> 🔍 Scan [image-size] | Target: \"100\" (KB) | Operator: \"Greater than\" | Actual: [1 images] | Result: ❌ NO MATCH","timestamp":"2026-06-27 15:45:44"}
{"level":"info","message":"   -> 🔍 Scan [image-text] | Target: \"jewellery billing software\" (containing) | Operator: \"contains\" | Actual: [1 images] | Result: ❌ NO MATCH","timestamp":"2026-06-27 15:45:44"}
{"level":"info","message":"   -> 🔍 Scan [image-text-length] | Target: \"20\" | Operator: \"Greater than\" | Actual: [1 images] | Result: ❌ NO MATCH","timestamp":"2026-06-27 15:45:44"}
{"level":"info","message":"   -> 🔍 Scan [external-link-count] | Target: \"\" | Operator: \"Greater than\" | Actual: 0 | Result: ❌ NO MATCH","timestamp":"2026-06-27 15:45:44"}
{"level":"info","message":"   -> 🔍 Scan [incoming-link-count] | Target: \"5\" | Operator: \"Greater than\" | Actual: 11 | Result: ✅ MATCH","timestamp":"2026-06-27 15:45:44"}
{"level":"info","message":"   -> 🔍 Scan [heading-text] | Target: \"price\" (containing) | Operator: \"contains\" | Actual: [0 headings] | Result: ❌ NO MATCH","timestamp":"2026-06-27 15:45:44"}
{"level":"info","message":"   -> 🔍 Scan [header-text-length] | Target: \"80\" | Operator: \"Greater than\" | Actual: [0 headings] | Result: ❌ NO MATCH","timestamp":"2026-06-27 15:45:44"}
{"level":"info","message":"   -> 🔍 Scan [readability-level] | Target: \"12\" | Operator: \"Greater than\" | Actual: 0 | Result: ❌ NO MATCH","timestamp":"2026-06-27 15:45:44"}
{"level":"info","message":"   -> 🔍 Scan [meta-header] | Target: \"keyword\" (containing) | Operator: \"contains\" | Actual: [Content length: 1341] | Result: ❌ NO MATCH","timestamp":"2026-06-27 15:45:44"}
{"level":"info","message":"   -> 🔍 Scan [page-html] | Target: \"<script>\" (containing) | Operator: \"contains\" | Actual: [Content length: 1341] | Result: ✅ MATCH","timestamp":"2026-06-27 15:45:44"}
{"level":"info","message":"   -> 🔍 Scan [image-size] | Target: \"1\" (MB) | Operator: \"Greater than\" | Actual: [1 images] | Result: ❌ NO MATCH","timestamp":"2026-06-27 15:45:44"}
{"level":"info","message":"   -> 🔍 Scan [text] | Target: \"jewellery\" (containing) | Operator: \"contains\" | Actual: [Content length: 2195] | Result: ❌ NO MATCH","timestamp":"2026-06-27 15:45:44"}
{"level":"info","message":"   -> 🔍 Scan [page-title] | Target: \"jewellery\" (containing) | Operator: \"contains\" | Actual: \"Jewelry Inventory Management S\" | Result: ❌ NO MATCH","timestamp":"2026-06-27 15:45:44"}
{"level":"info","message":"   -> 🔍 Scan [page-title-length] | Target: \"60\" | Operator: \"Greater than\" | Actual: 53 | Result: ❌ NO MATCH","timestamp":"2026-06-27 15:45:44"}
{"level":"info","message":"   -> 🔍 Scan [page-url] | Target: \"shop\" (containing) | Operator: \"contains\" | Actual: \"https://jewellmaster.com/features/jewelry-inventor\" | Result: ❌ NO MATCH","timestamp":"2026-06-27 15:45:44"}
{"level":"info","message":"   -> 🔍 Scan [link] | Target: \"contact\" (containing) | Operator: \"contains\" | Actual: [0 links] | Result: ❌ NO MATCH","timestamp":"2026-06-27 15:45:44"}
{"level":"info","message":"   -> 🔍 Scan [link-text] | Target: \"buy\" (containing) | Operator: \"contains\" | Actual: [0 links] | Result: ❌ NO MATCH","timestamp":"2026-06-27 15:45:44"}
{"level":"info","message":"   -> 🔍 Scan [link-text-length] | Target: \"50\" | Operator: \"Greater than\" | Actual: [0 links] | Result: ❌ NO MATCH","timestamp":"2026-06-27 15:45:44"}
{"level":"info","message":"   -> 🔍 Scan [file-size] | Target: \"5\" (MB) | Operator: \"Greater than\" | Actual: 432.8505859375 | Result: ❌ NO MATCH","timestamp":"2026-06-27 15:45:44"}
{"level":"info","message":"   -> 🔍 Scan [image-size] | Target: \"100\" (KB) | Operator: \"Greater than\" | Actual: [1 images] | Result: ✅ MATCH","timestamp":"2026-06-27 15:45:44"}
{"level":"info","message":"   -> 🔍 Scan [image-text] | Target: \"logo\" (containing) | Operator: \"contains\" | Actual: [1 images] | Result: ❌ NO MATCH","timestamp":"2026-06-27 15:45:44"}
{"level":"info","message":"   -> 🔍 Scan [image-text-length] | Target: \"100\" | Operator: \"Greater than\" | Actual: [1 images] | Result: ❌ NO MATCH","timestamp":"2026-06-27 15:45:44"}
{"level":"info","message":"   -> 🔍 Scan [external-link-count] | Target: \"10\" | Operator: \"Greater than\" | Actual: 0 | Result: ❌ NO MATCH","timestamp":"2026-06-27 15:45:44"}
{"level":"info","message":"   -> 🔍 Scan [incoming-link-count] | Target: \"5\" | Operator: \"Greater than\" | Actual: 11 | Result: ✅ MATCH","timestamp":"2026-06-27 15:45:44"}
{"level":"info","message":"   -> 🔍 Scan [heading-text] | Target: \"price\" (containing) | Operator: \"contains\" | Actual: [0 headings] | Result: ❌ NO MATCH","timestamp":"2026-06-27 15:45:44"}
{"level":"info","message":"   -> 🔍 Scan [header-text-length] | Target: \"80\" | Operator: \"Greater than\" | Actual: [0 headings] | Result: ❌ NO MATCH","timestamp":"2026-06-27 15:45:44"}
{"level":"info","message":"   -> 🔍 Scan [readability-level] | Target: \"12\" | Operator: \"Greater than\" | Actual: 0 | Result: ❌ NO MATCH","timestamp":"2026-06-27 15:45:44"}
{"level":"info","message":"   -> 🔍 Scan [meta-header] | Target: \"keyword\" (containing) | Operator: \"contains\" | Actual: [Content length: 2195] | Result: ❌ NO MATCH","timestamp":"2026-06-27 15:45:44"}
{"level":"info","message":"   -> 🔍 Scan [meta-header-length] | Target: \"160\" | Operator: \"Greater than\" | Actual: 132 | Result: ❌ NO MATCH","timestamp":"2026-06-27 15:45:44"}
{"level":"info","message":"   -> 🔍 Scan [page-html] | Target: \"<script>\" (containing) | Operator: \"contains\" | Actual: [Content length: 2195] | Result: ✅ MATCH","timestamp":"2026-06-27 15:45:44"}
{"level":"info","message":"   -> 🔍 Scan [text] | Target: \"jewellery\" (containing) | Operator: \"contains\" | Actual: [Content length: 2195] | Result: ❌ NO MATCH","timestamp":"2026-06-27 15:45:44"}
{"level":"info","message":"   -> 🔍 Scan [page-title] | Target: \"jewellery\" (containing) | Operator: \"contains\" | Actual: \"Jewelry Inventory Management S\" | Result: ❌ NO MATCH","timestamp":"2026-06-27 15:45:44"}
{"level":"info","message":"   -> 🔍 Scan [page-title-length] | Target: \"60\" | Operator: \"Greater than\" | Actual: 53 | Result: ❌ NO MATCH","timestamp":"2026-06-27 15:45:44"}
{"level":"info","message":"   -> 🔍 Scan [page-url] | Target: \"https://omunim.com/signin\" (containing) | Operator: \"contains\" | Actual: \"https://jewellmaster.com/features/jewelry-inventor\" | Result: ❌ NO MATCH","timestamp":"2026-06-27 15:45:44"}
{"level":"info","message":"   -> 🔍 Scan [link] | Target: \"contact\" (containing) | Operator: \"contains\" | Actual: [0 links] | Result: ❌ NO MATCH","timestamp":"2026-06-27 15:45:44"}
{"level":"info","message":"   -> 🔍 Scan [link-text] | Target: \"buy\" (containing) | Operator: \"contains\" | Actual: [0 links] | Result: ❌ NO MATCH","timestamp":"2026-06-27 15:45:44"}
{"level":"info","message":"   -> 🔍 Scan [link-text-length] | Target: \"50\" | Operator: \"Greater than\" | Actual: [0 links] | Result: ❌ NO MATCH","timestamp":"2026-06-27 15:45:44"}
{"level":"info","message":"   -> 🔍 Scan [file-size] | Target: \"5\" (MB) | Operator: \"Greater than\" | Actual: 432.8505859375 | Result: ❌ NO MATCH","timestamp":"2026-06-27 15:45:44"}
{"level":"info","message":"   -> 🔍 Scan [image-size] | Target: \"100\" (KB) | Operator: \"Greater than\" | Actual: [1 images] | Result: ✅ MATCH","timestamp":"2026-06-27 15:45:44"}
{"level":"info","message":"   -> 🔍 Scan [image-text] | Target: \"jewellery billing software\" (containing) | Operator: \"contains\" | Actual: [1 images] | Result: ❌ NO MATCH","timestamp":"2026-06-27 15:45:44"}
{"level":"info","message":"   -> 🔍 Scan [image-text-length] | Target: \"20\" | Operator: \"Greater than\" | Actual: [1 images] | Result: ❌ NO MATCH","timestamp":"2026-06-27 15:45:44"}
{"level":"info","message":"   -> 🔍 Scan [external-link-count] | Target: \"\" | Operator: \"Greater than\" | Actual: 0 | Result: ❌ NO MATCH","timestamp":"2026-06-27 15:45:44"}
{"level":"info","message":"   -> 🔍 Scan [incoming-link-count] | Target: \"5\" | Operator: \"Greater than\" | Actual: 11 | Result: ✅ MATCH","timestamp":"2026-06-27 15:45:44"}
{"level":"info","message":"   -> 🔍 Scan [heading-text] | Target: \"price\" (containing) | Operator: \"contains\" | Actual: [0 headings] | Result: ❌ NO MATCH","timestamp":"2026-06-27 15:45:44"}
{"level":"info","message":"   -> 🔍 Scan [header-text-length] | Target: \"80\" | Operator: \"Greater than\" | Actual: [0 headings] | Result: ❌ NO MATCH","timestamp":"2026-06-27 15:45:44"}
{"level":"info","message":"   -> 🔍 Scan [readability-level] | Target: \"12\" | Operator: \"Greater than\" | Actual: 0 | Result: ❌ NO MATCH","timestamp":"2026-06-27 15:45:44"}
{"level":"info","message":"   -> 🔍 Scan [meta-header] | Target: \"keyword\" (containing) | Operator: \"contains\" | Actual: [Content length: 2195] | Result: ❌ NO MATCH","timestamp":"2026-06-27 15:45:44"}
{"level":"info","message":"   -> 🔍 Scan [page-html] | Target: \"<script>\" (containing) | Operator: \"contains\" | Actual: [Content length: 2195] | Result: ✅ MATCH","timestamp":"2026-06-27 15:45:44"}
{"level":"info","message":"   -> 🔍 Scan [image-size] | Target: \"1\" (MB) | Operator: \"Greater than\" | Actual: [1 images] | Result: ❌ NO MATCH","timestamp":"2026-06-27 15:45:44"}
{"level":"info","message":"   -> 🔍 Scan [text] | Target: \"jewellery\" (containing) | Operator: \"contains\" | Actual: [Content length: 1409] | Result: ❌ NO MATCH","timestamp":"2026-06-27 15:45:44"}
{"level":"info","message":"   -> 🔍 Scan [page-title] | Target: \"jewellery\" (containing) | Operator: \"contains\" | Actual: \"Jewellery Accounting & Finance\" | Result: ✅ MATCH","timestamp":"2026-06-27 15:45:44"}
{"level":"info","message":"   -> 🔍 Scan [page-title-length] | Target: \"60\" | Operator: \"Greater than\" | Actual: 46 | Result: ❌ NO MATCH","timestamp":"2026-06-27 15:45:44"}
{"level":"info","message":"   -> 🔍 Scan [page-url] | Target: \"shop\" (containing) | Operator: \"contains\" | Actual: \"https://jewellmaster.com/features/accounting-finan\" | Result: ❌ NO MATCH","timestamp":"2026-06-27 15:45:44"}
{"level":"info","message":"   -> 🔍 Scan [link] | Target: \"contact\" (containing) | Operator: \"contains\" | Actual: [0 links] | Result: ❌ NO MATCH","timestamp":"2026-06-27 15:45:44"}
{"level":"info","message":"   -> 🔍 Scan [link-text] | Target: \"buy\" (containing) | Operator: \"contains\" | Actual: [0 links] | Result: ❌ NO MATCH","timestamp":"2026-06-27 15:45:44"}
{"level":"info","message":"   -> 🔍 Scan [link-text-length] | Target: \"50\" | Operator: \"Greater than\" | Actual: [0 links] | Result: ❌ NO MATCH","timestamp":"2026-06-27 15:45:44"}
{"level":"info","message":"   -> 🔍 Scan [file-size] | Target: \"5\" (MB) | Operator: \"Greater than\" | Actual: 25.322265625 | Result: ❌ NO MATCH","timestamp":"2026-06-27 15:45:44"}
{"level":"info","message":"   -> 🔍 Scan [image-size] | Target: \"100\" (KB) | Operator: \"Greater than\" | Actual: [1 images] | Result: ❌ NO MATCH","timestamp":"2026-06-27 15:45:44"}
{"level":"info","message":"   -> 🔍 Scan [image-text] | Target: \"logo\" (containing) | Operator: \"contains\" | Actual: [1 images] | Result: ❌ NO MATCH","timestamp":"2026-06-27 15:45:44"}
{"level":"info","message":"   -> 🔍 Scan [image-text-length] | Target: \"100\" | Operator: \"Greater than\" | Actual: [1 images] | Result: ❌ NO MATCH","timestamp":"2026-06-27 15:45:44"}
{"level":"info","message":"   -> 🔍 Scan [external-link-count] | Target: \"10\" | Operator: \"Greater than\" | Actual: 0 | Result: ❌ NO MATCH","timestamp":"2026-06-27 15:45:44"}
{"level":"info","message":"   -> 🔍 Scan [incoming-link-count] | Target: \"5\" | Operator: \"Greater than\" | Actual: 11 | Result: ✅ MATCH","timestamp":"2026-06-27 15:45:44"}
{"level":"info","message":"   -> 🔍 Scan [heading-text] | Target: \"price\" (containing) | Operator: \"contains\" | Actual: [0 headings] | Result: ❌ NO MATCH","timestamp":"2026-06-27 15:45:44"}
{"level":"info","message":"   -> 🔍 Scan [header-text-length] | Target: \"80\" | Operator: \"Greater than\" | Actual: [0 headings] | Result: ❌ NO MATCH","timestamp":"2026-06-27 15:45:44"}
{"level":"info","message":"   -> 🔍 Scan [readability-level] | Target: \"12\" | Operator: \"Greater than\" | Actual: 0 | Result: ❌ NO MATCH","timestamp":"2026-06-27 15:45:44"}
{"level":"info","message":"   -> 🔍 Scan [meta-header] | Target: \"keyword\" (containing) | Operator: \"contains\" | Actual: [Content length: 1409] | Result: ❌ NO MATCH","timestamp":"2026-06-27 15:45:44"}
{"level":"info","message":"   -> 🔍 Scan [meta-header-length] | Target: \"160\" | Operator: \"Greater than\" | Actual: 126 | Result: ❌ NO MATCH","timestamp":"2026-06-27 15:45:44"}
{"level":"info","message":"   -> 🔍 Scan [page-html] | Target: \"<script>\" (containing) | Operator: \"contains\" | Actual: [Content length: 1409] | Result: ✅ MATCH","timestamp":"2026-06-27 15:45:44"}
{"level":"info","message":"   -> 🔍 Scan [text] | Target: \"jewellery\" (containing) | Operator: \"contains\" | Actual: [Content length: 1409] | Result: ❌ NO MATCH","timestamp":"2026-06-27 15:45:44"}
{"level":"info","message":"   -> 🔍 Scan [page-title] | Target: \"jewellery\" (containing) | Operator: \"contains\" | Actual: \"Jewellery Accounting & Finance\" | Result: ✅ MATCH","timestamp":"2026-06-27 15:45:44"}
{"level":"info","message":"   -> 🔍 Scan [page-title-length] | Target: \"60\" | Operator: \"Greater than\" | Actual: 46 | Result: ❌ NO MATCH","timestamp":"2026-06-27 15:45:44"}
{"level":"info","message":"   -> 🔍 Scan [page-url] | Target: \"https://omunim.com/signin\" (containing) | Operator: \"contains\" | Actual: \"https://jewellmaster.com/features/accounting-finan\" | Result: ❌ NO MATCH","timestamp":"2026-06-27 15:45:44"}
{"level":"info","message":"   -> 🔍 Scan [link] | Target: \"contact\" (containing) | Operator: \"contains\" | Actual: [0 links] | Result: ❌ NO MATCH","timestamp":"2026-06-27 15:45:44"}
{"level":"info","message":"   -> 🔍 Scan [link-text] | Target: \"buy\" (containing) | Operator: \"contains\" | Actual: [0 links] | Result: ❌ NO MATCH","timestamp":"2026-06-27 15:45:44"}
{"level":"info","message":"   -> 🔍 Scan [link-text-length] | Target: \"50\" | Operator: \"Greater than\" | Actual: [0 links] | Result: ❌ NO MATCH","timestamp":"2026-06-27 15:45:44"}
{"level":"info","message":"   -> 🔍 Scan [file-size] | Target: \"5\" (MB) | Operator: \"Greater than\" | Actual: 25.322265625 | Result: ❌ NO MATCH","timestamp":"2026-06-27 15:45:44"}
{"level":"info","message":"   -> 🔍 Scan [image-size] | Target: \"100\" (KB) | Operator: \"Greater than\" | Actual: [1 images] | Result: ❌ NO MATCH","timestamp":"2026-06-27 15:45:44"}
{"level":"info","message":"   -> 🔍 Scan [image-text] | Target: \"jewellery billing software\" (containing) | Operator: \"contains\" | Actual: [1 images] | Result: ❌ NO MATCH","timestamp":"2026-06-27 15:45:44"}
{"level":"info","message":"   -> 🔍 Scan [image-text-length] | Target: \"20\" | Operator: \"Greater than\" | Actual: [1 images] | Result: ❌ NO MATCH","timestamp":"2026-06-27 15:45:44"}
{"level":"info","message":"   -> 🔍 Scan [external-link-count] | Target: \"\" | Operator: \"Greater than\" | Actual: 0 | Result: ❌ NO MATCH","timestamp":"2026-06-27 15:45:44"}
{"level":"info","message":"   -> 🔍 Scan [incoming-link-count] | Target: \"5\" | Operator: \"Greater than\" | Actual: 11 | Result: ✅ MATCH","timestamp":"2026-06-27 15:45:44"}
{"level":"info","message":"   -> 🔍 Scan [heading-text] | Target: \"price\" (containing) | Operator: \"contains\" | Actual: [0 headings] | Result: ❌ NO MATCH","timestamp":"2026-06-27 15:45:44"}
{"level":"info","message":"   -> 🔍 Scan [header-text-length] | Target: \"80\" | Operator: \"Greater than\" | Actual: [0 headings] | Result: ❌ NO MATCH","timestamp":"2026-06-27 15:45:44"}
{"level":"info","message":"   -> 🔍 Scan [readability-level] | Target: \"12\" | Operator: \"Greater than\" | Actual: 0 | Result: ❌ NO MATCH","timestamp":"2026-06-27 15:45:44"}
{"level":"info","message":"   -> 🔍 Scan [meta-header] | Target: \"keyword\" (containing) | Operator: \"contains\" | Actual: [Content length: 1409] | Result: ❌ NO MATCH","timestamp":"2026-06-27 15:45:44"}
{"level":"info","message":"   -> 🔍 Scan [page-html] | Target: \"<script>\" (containing) | Operator: \"contains\" | Actual: [Content length: 1409] | Result: ✅ MATCH","timestamp":"2026-06-27 15:45:44"}
{"level":"info","message":"   -> 🔍 Scan [image-size] | Target: \"1\" (MB) | Operator: \"Greater than\" | Actual: [1 images] | Result: ❌ NO MATCH","timestamp":"2026-06-27 15:45:44"}
{"level":"info","message":"   -> 🔍 Scan [text] | Target: \"jewellery\" (containing) | Operator: \"contains\" | Actual: [Content length: 1263] | Result: ❌ NO MATCH","timestamp":"2026-06-27 15:45:44"}
{"level":"info","message":"   -> 🔍 Scan [page-title] | Target: \"jewellery\" (containing) | Operator: \"contains\" | Actual: \"AI Powered Reports for Jewelle\" | Result: ✅ MATCH","timestamp":"2026-06-27 15:45:44"}
{"level":"info","message":"   -> 🔍 Scan [page-title-length] | Target: \"60\" | Operator: \"Greater than\" | Actual: 52 | Result: ❌ NO MATCH","timestamp":"2026-06-27 15:45:44"}
{"level":"info","message":"   -> 🔍 Scan [page-url] | Target: \"shop\" (containing) | Operator: \"contains\" | Actual: \"https://jewellmaster.com/features/ai-powered-repor\" | Result: ❌ NO MATCH","timestamp":"2026-06-27 15:45:44"}
{"level":"info","message":"   -> 🔍 Scan [link] | Target: \"contact\" (containing) | Operator: \"contains\" | Actual: [0 links] | Result: ❌ NO MATCH","timestamp":"2026-06-27 15:45:44"}
{"level":"info","message":"   -> 🔍 Scan [link-text] | Target: \"buy\" (containing) | Operator: \"contains\" | Actual: [0 links] | Result: ❌ NO MATCH","timestamp":"2026-06-27 15:45:44"}
{"level":"info","message":"   -> 🔍 Scan [link-text-length] | Target: \"50\" | Operator: \"Greater than\" | Actual: [0 links] | Result: ❌ NO MATCH","timestamp":"2026-06-27 15:45:44"}
{"level":"info","message":"   -> 🔍 Scan [file-size] | Target: \"5\" (MB) | Operator: \"Greater than\" | Actual: 372.9580078125 | Result: ❌ NO MATCH","timestamp":"2026-06-27 15:45:44"}
{"level":"info","message":"   -> 🔍 Scan [image-size] | Target: \"100\" (KB) | Operator: \"Greater than\" | Actual: [1 images] | Result: ❌ NO MATCH","timestamp":"2026-06-27 15:45:44"}
{"level":"info","message":"   -> 🔍 Scan [image-text] | Target: \"logo\" (containing) | Operator: \"contains\" | Actual: [1 images] | Result: ❌ NO MATCH","timestamp":"2026-06-27 15:45:44"}
{"level":"info","message":"   -> 🔍 Scan [image-text-length] | Target: \"100\" | Operator: \"Greater than\" | Actual: [1 images] | Result: ❌ NO MATCH","timestamp":"2026-06-27 15:45:44"}
{"level":"info","message":"   -> 🔍 Scan [external-link-count] | Target: \"10\" | Operator: \"Greater than\" | Actual: 0 | Result: ❌ NO MATCH","timestamp":"2026-06-27 15:45:44"}
{"level":"info","message":"   -> 🔍 Scan [incoming-link-count] | Target: \"5\" | Operator: \"Greater than\" | Actual: 11 | Result: ✅ MATCH","timestamp":"2026-06-27 15:45:44"}
{"level":"info","message":"   -> 🔍 Scan [heading-text] | Target: \"price\" (containing) | Operator: \"contains\" | Actual: [0 headings] | Result: ❌ NO MATCH","timestamp":"2026-06-27 15:45:44"}
{"level":"info","message":"   -> 🔍 Scan [header-text-length] | Target: \"80\" | Operator: \"Greater than\" | Actual: [0 headings] | Result: ❌ NO MATCH","timestamp":"2026-06-27 15:45:44"}
{"level":"info","message":"   -> 🔍 Scan [readability-level] | Target: \"12\" | Operator: \"Greater than\" | Actual: 0 | Result: ❌ NO MATCH","timestamp":"2026-06-27 15:45:44"}
{"level":"info","message":"   -> 🔍 Scan [meta-header] | Target: \"keyword\" (containing) | Operator: \"contains\" | Actual: [Content length: 1263] | Result: ❌ NO MATCH","timestamp":"2026-06-27 15:45:44"}
{"level":"info","message":"   -> 🔍 Scan [meta-header-length] | Target: \"160\" | Operator: \"Greater than\" | Actual: 129 | Result: ❌ NO MATCH","timestamp":"2026-06-27 15:45:44"}
{"level":"info","message":"   -> 🔍 Scan [page-html] | Target: \"<script>\" (containing) | Operator: \"contains\" | Actual: [Content length: 1263] | Result: ✅ MATCH","timestamp":"2026-06-27 15:45:44"}
{"level":"info","message":"   -> 🔍 Scan [text] | Target: \"jewellery\" (containing) | Operator: \"contains\" | Actual: [Content length: 1263] | Result: ❌ NO MATCH","timestamp":"2026-06-27 15:45:44"}
{"level":"info","message":"   -> 🔍 Scan [page-title] | Target: \"jewellery\" (containing) | Operator: \"contains\" | Actual: \"AI Powered Reports for Jewelle\" | Result: ✅ MATCH","timestamp":"2026-06-27 15:45:44"}
{"level":"info","message":"   -> 🔍 Scan [page-title-length] | Target: \"60\" | Operator: \"Greater than\" | Actual: 52 | Result: ❌ NO MATCH","timestamp":"2026-06-27 15:45:44"}
{"level":"info","message":"   -> 🔍 Scan [page-url] | Target: \"https://omunim.com/signin\" (containing) | Operator: \"contains\" | Actual: \"https://jewellmaster.com/features/ai-powered-repor\" | Result: ❌ NO MATCH","timestamp":"2026-06-27 15:45:44"}
{"level":"info","message":"   -> 🔍 Scan [link] | Target: \"contact\" (containing) | Operator: \"contains\" | Actual: [0 links] | Result: ❌ NO MATCH","timestamp":"2026-06-27 15:45:44"}
{"level":"info","message":"   -> 🔍 Scan [link-text] | Target: \"buy\" (containing) | Operator: \"contains\" | Actual: [0 links] | Result: ❌ NO MATCH","timestamp":"2026-06-27 15:45:44"}
{"level":"info","message":"   -> 🔍 Scan [link-text-length] | Target: \"50\" | Operator: \"Greater than\" | Actual: [0 links] | Result: ❌ NO MATCH","timestamp":"2026-06-27 15:45:44"}
{"level":"info","message":"   -> 🔍 Scan [file-size] | Target: \"5\" (MB) | Operator: \"Greater than\" | Actual: 372.9580078125 | Result: ❌ NO MATCH","timestamp":"2026-06-27 15:45:44"}
{"level":"info","message":"   -> 🔍 Scan [image-size] | Target: \"100\" (KB) | Operator: \"Greater than\" | Actual: [1 images] | Result: ❌ NO MATCH","timestamp":"2026-06-27 15:45:44"}
{"level":"info","message":"   -> 🔍 Scan [image-text] | Target: \"jewellery billing software\" (containing) | Operator: \"contains\" | Actual: [1 images] | Result: ❌ NO MATCH","timestamp":"2026-06-27 15:45:44"}
{"level":"info","message":"   -> 🔍 Scan [image-text-length] | Target: \"20\" | Operator: \"Greater than\" | Actual: [1 images] | Result: ❌ NO MATCH","timestamp":"2026-06-27 15:45:44"}
{"level":"info","message":"   -> 🔍 Scan [external-link-count] | Target: \"\" | Operator: \"Greater than\" | Actual: 0 | Result: ❌ NO MATCH","timestamp":"2026-06-27 15:45:44"}
{"level":"info","message":"   -> 🔍 Scan [incoming-link-count] | Target: \"5\" | Operator: \"Greater than\" | Actual: 11 | Result: ✅ MATCH","timestamp":"2026-06-27 15:45:44"}
{"level":"info","message":"   -> 🔍 Scan [heading-text] | Target: \"price\" (containing) | Operator: \"contains\" | Actual: [0 headings] | Result: ❌ NO MATCH","timestamp":"2026-06-27 15:45:44"}
{"level":"info","message":"   -> 🔍 Scan [header-text-length] | Target: \"80\" | Operator: \"Greater than\" | Actual: [0 headings] | Result: ❌ NO MATCH","timestamp":"2026-06-27 15:45:44"}
{"level":"info","message":"   -> 🔍 Scan [readability-level] | Target: \"12\" | Operator: \"Greater than\" | Actual: 0 | Result: ❌ NO MATCH","timestamp":"2026-06-27 15:45:44"}
{"level":"info","message":"   -> 🔍 Scan [meta-header] | Target: \"keyword\" (containing) | Operator: \"contains\" | Actual: [Content length: 1263] | Result: ❌ NO MATCH","timestamp":"2026-06-27 15:45:44"}
{"level":"info","message":"   -> 🔍 Scan [page-html] | Target: \"<script>\" (containing) | Operator: \"contains\" | Actual: [Content length: 1263] | Result: ✅ MATCH","timestamp":"2026-06-27 15:45:44"}
{"level":"info","message":"   -> 🔍 Scan [image-size] | Target: \"1\" (MB) | Operator: \"Greater than\" | Actual: [1 images] | Result: ❌ NO MATCH","timestamp":"2026-06-27 15:45:44"}
{"level":"info","message":"   -> 🔍 Scan [text] | Target: \"jewellery\" (containing) | Operator: \"contains\" | Actual: [Content length: 1775] | Result: ❌ NO MATCH","timestamp":"2026-06-27 15:45:44"}
{"level":"info","message":"   -> 🔍 Scan [page-title] | Target: \"jewellery\" (containing) | Operator: \"contains\" | Actual: \"Jewellery Software Free Demo |\" | Result: ✅ MATCH","timestamp":"2026-06-27 15:45:44"}
{"level":"info","message":"   -> 🔍 Scan [page-title-length] | Target: \"60\" | Operator: \"Greater than\" | Actual: 44 | Result: ❌ NO MATCH","timestamp":"2026-06-27 15:45:44"}
{"level":"info","message":"   -> 🔍 Scan [page-url] | Target: \"shop\" (containing) | Operator: \"contains\" | Actual: \"https://jewellmaster.com/demo\" | Result: ❌ NO MATCH","timestamp":"2026-06-27 15:45:44"}
{"level":"info","message":"   -> 🔍 Scan [link] | Target: \"contact\" (containing) | Operator: \"contains\" | Actual: [0 links] | Result: ❌ NO MATCH","timestamp":"2026-06-27 15:45:44"}
{"level":"info","message":"   -> 🔍 Scan [link-text] | Target: \"buy\" (containing) | Operator: \"contains\" | Actual: [0 links] | Result: ❌ NO MATCH","timestamp":"2026-06-27 15:45:44"}
{"level":"info","message":"   -> 🔍 Scan [link-text-length] | Target: \"50\" | Operator: \"Greater than\" | Actual: [0 links] | Result: ❌ NO MATCH","timestamp":"2026-06-27 15:45:44"}
{"level":"info","message":"   -> 🔍 Scan [file-size] | Target: \"5\" (MB) | Operator: \"Greater than\" | Actual: 442.029296875 | Result: ❌ NO MATCH","timestamp":"2026-06-27 15:45:44"}
{"level":"info","message":"   -> 🔍 Scan [image-size] | Target: \"100\" (KB) | Operator: \"Greater than\" | Actual: [1 images] | Result: ❌ NO MATCH","timestamp":"2026-06-27 15:45:44"}
{"level":"info","message":"   -> 🔍 Scan [image-text] | Target: \"logo\" (containing) | Operator: \"contains\" | Actual: [1 images] | Result: ❌ NO MATCH","timestamp":"2026-06-27 15:45:44"}
{"level":"info","message":"   -> 🔍 Scan [image-text-length] | Target: \"100\" | Operator: \"Greater than\" | Actual: [1 images] | Result: ❌ NO MATCH","timestamp":"2026-06-27 15:45:44"}
{"level":"info","message":"   -> 🔍 Scan [external-link-count] | Target: \"10\" | Operator: \"Greater than\" | Actual: 1 | Result: ❌ NO MATCH","timestamp":"2026-06-27 15:45:44"}
{"level":"info","message":"   -> 🔍 Scan [incoming-link-count] | Target: \"5\" | Operator: \"Greater than\" | Actual: 2 | Result: ❌ NO MATCH","timestamp":"2026-06-27 15:45:44"}
{"level":"info","message":"   -> 🔍 Scan [heading-text] | Target: \"price\" (containing) | Operator: \"contains\" | Actual: [0 headings] | Result: ❌ NO MATCH","timestamp":"2026-06-27 15:45:44"}
{"level":"info","message":"   -> 🔍 Scan [header-text-length] | Target: \"80\" | Operator: \"Greater than\" | Actual: [0 headings] | Result: ❌ NO MATCH","timestamp":"2026-06-27 15:45:44"}
{"level":"info","message":"   -> 🔍 Scan [readability-level] | Target: \"12\" | Operator: \"Greater than\" | Actual: 0 | Result: ❌ NO MATCH","timestamp":"2026-06-27 15:45:44"}
{"level":"info","message":"   -> 🔍 Scan [meta-header] | Target: \"keyword\" (containing) | Operator: \"contains\" | Actual: [Content length: 1775] | Result: ❌ NO MATCH","timestamp":"2026-06-27 15:45:44"}
{"level":"info","message":"   -> 🔍 Scan [meta-header-length] | Target: \"160\" | Operator: \"Greater than\" | Actual: 137 | Result: ❌ NO MATCH","timestamp":"2026-06-27 15:45:44"}
{"level":"info","message":"   -> 🔍 Scan [page-html] | Target: \"<script>\" (containing) | Operator: \"contains\" | Actual: [Content length: 1775] | Result: ❌ NO MATCH","timestamp":"2026-06-27 15:45:44"}
{"level":"info","message":"   -> 🔍 Scan [text] | Target: \"jewellery\" (containing) | Operator: \"contains\" | Actual: [Content length: 1775] | Result: ❌ NO MATCH","timestamp":"2026-06-27 15:45:44"}
{"level":"info","message":"   -> 🔍 Scan [page-title] | Target: \"jewellery\" (containing) | Operator: \"contains\" | Actual: \"Jewellery Software Free Demo |\" | Result: ✅ MATCH","timestamp":"2026-06-27 15:45:44"}
{"level":"info","message":"   -> 🔍 Scan [page-title-length] | Target: \"60\" | Operator: \"Greater than\" | Actual: 44 | Result: ❌ NO MATCH","timestamp":"2026-06-27 15:45:44"}
{"level":"info","message":"   -> 🔍 Scan [page-url] | Target: \"https://omunim.com/signin\" (containing) | Operator: \"contains\" | Actual: \"https://jewellmaster.com/demo\" | Result: ❌ NO MATCH","timestamp":"2026-06-27 15:45:44"}
{"level":"info","message":"   -> 🔍 Scan [link] | Target: \"contact\" (containing) | Operator: \"contains\" | Actual: [0 links] | Result: ❌ NO MATCH","timestamp":"2026-06-27 15:45:44"}
{"level":"info","message":"   -> 🔍 Scan [link-text] | Target: \"buy\" (containing) | Operator: \"contains\" | Actual: [0 links] | Result: ❌ NO MATCH","timestamp":"2026-06-27 15:45:44"}
{"level":"info","message":"   -> 🔍 Scan [link-text-length] | Target: \"50\" | Operator: \"Greater than\" | Actual: [0 links] | Result: ❌ NO MATCH","timestamp":"2026-06-27 15:45:44"}
{"level":"info","message":"   -> 🔍 Scan [file-size] | Target: \"5\" (MB) | Operator: \"Greater than\" | Actual: 442.029296875 | Result: ❌ NO MATCH","timestamp":"2026-06-27 15:45:44"}
{"level":"info","message":"   -> 🔍 Scan [image-size] | Target: \"100\" (KB) | Operator: \"Greater than\" | Actual: [1 images] | Result: ❌ NO MATCH","timestamp":"2026-06-27 15:45:44"}
{"level":"info","message":"   -> 🔍 Scan [image-text] | Target: \"jewellery billing software\" (containing) | Operator: \"contains\" | Actual: [1 images] | Result: ❌ NO MATCH","timestamp":"2026-06-27 15:45:44"}
{"level":"info","message":"   -> 🔍 Scan [image-text-length] | Target: \"20\" | Operator: \"Greater than\" | Actual: [1 images] | Result: ❌ NO MATCH","timestamp":"2026-06-27 15:45:44"}
{"level":"info","message":"   -> 🔍 Scan [external-link-count] | Target: \"\" | Operator: \"Greater than\" | Actual: 1 | Result: ✅ MATCH","timestamp":"2026-06-27 15:45:44"}
{"level":"info","message":"   -> 🔍 Scan [incoming-link-count] | Target: \"5\" | Operator: \"Greater than\" | Actual: 2 | Result: ❌ NO MATCH","timestamp":"2026-06-27 15:45:44"}
{"level":"info","message":"   -> 🔍 Scan [heading-text] | Target: \"price\" (containing) | Operator: \"contains\" | Actual: [0 headings] | Result: ❌ NO MATCH","timestamp":"2026-06-27 15:45:44"}
{"level":"info","message":"   -> 🔍 Scan [header-text-length] | Target: \"80\" | Operator: \"Greater than\" | Actual: [0 headings] | Result: ❌ NO MATCH","timestamp":"2026-06-27 15:45:44"}
{"level":"info","message":"   -> 🔍 Scan [readability-level] | Target: \"12\" | Operator: \"Greater than\" | Actual: 0 | Result: ❌ NO MATCH","timestamp":"2026-06-27 15:45:44"}
{"level":"info","message":"   -> 🔍 Scan [meta-header] | Target: \"keyword\" (containing) | Operator: \"contains\" | Actual: [Content length: 1775] | Result: ❌ NO MATCH","timestamp":"2026-06-27 15:45:44"}
{"level":"info","message":"   -> 🔍 Scan [page-html] | Target: \"<script>\" (containing) | Operator: \"contains\" | Actual: [Content length: 1775] | Result: ❌ NO MATCH","timestamp":"2026-06-27 15:45:44"}
{"level":"info","message":"   -> 🔍 Scan [image-size] | Target: \"1\" (MB) | Operator: \"Greater than\" | Actual: [1 images] | Result: ❌ NO MATCH","timestamp":"2026-06-27 15:45:44"}
{"level":"info","message":"   -> 🔍 Scan [text] | Target: \"jewellery\" (containing) | Operator: \"contains\" | Actual: [Content length: 1182] | Result: ❌ NO MATCH","timestamp":"2026-06-27 15:45:44"}
{"level":"info","message":"   -> 🔍 Scan [page-title] | Target: \"jewellery\" (containing) | Operator: \"contains\" | Actual: \"Jewellery ERP Integrations | P\" | Result: ✅ MATCH","timestamp":"2026-06-27 15:45:44"}
{"level":"info","message":"   -> 🔍 Scan [page-title-length] | Target: \"60\" | Operator: \"Greater than\" | Actual: 58 | Result: ❌ NO MATCH","timestamp":"2026-06-27 15:45:44"}
{"level":"info","message":"   -> 🔍 Scan [page-url] | Target: \"shop\" (containing) | Operator: \"contains\" | Actual: \"https://jewellmaster.com/features/integrations\" | Result: ❌ NO MATCH","timestamp":"2026-06-27 15:45:44"}
{"level":"info","message":"   -> 🔍 Scan [link] | Target: \"contact\" (containing) | Operator: \"contains\" | Actual: [0 links] | Result: ❌ NO MATCH","timestamp":"2026-06-27 15:45:44"}
{"level":"info","message":"   -> 🔍 Scan [link-text] | Target: \"buy\" (containing) | Operator: \"contains\" | Actual: [0 links] | Result: ❌ NO MATCH","timestamp":"2026-06-27 15:45:44"}
{"level":"info","message":"   -> 🔍 Scan [link-text-length] | Target: \"50\" | Operator: \"Greater than\" | Actual: [0 links] | Result: ❌ NO MATCH","timestamp":"2026-06-27 15:45:44"}
{"level":"info","message":"   -> 🔍 Scan [file-size] | Target: \"5\" (MB) | Operator: \"Greater than\" | Actual: 326.44921875 | Result: ❌ NO MATCH","timestamp":"2026-06-27 15:45:44"}
{"level":"info","message":"   -> 🔍 Scan [image-size] | Target: \"100\" (KB) | Operator: \"Greater than\" | Actual: [1 images] | Result: ❌ NO MATCH","timestamp":"2026-06-27 15:45:44"}
{"level":"info","message":"   -> 🔍 Scan [image-text] | Target: \"logo\" (containing) | Operator: \"contains\" | Actual: [1 images] | Result: ❌ NO MATCH","timestamp":"2026-06-27 15:45:44"}
{"level":"info","message":"   -> 🔍 Scan [image-text-length] | Target: \"100\" | Operator: \"Greater than\" | Actual: [1 images] | Result: ❌ NO MATCH","timestamp":"2026-06-27 15:45:44"}
{"level":"info","message":"   -> 🔍 Scan [external-link-count] | Target: \"10\" | Operator: \"Greater than\" | Actual: 0 | Result: ❌ NO MATCH","timestamp":"2026-06-27 15:45:44"}
{"level":"info","message":"   -> 🔍 Scan [incoming-link-count] | Target: \"5\" | Operator: \"Greater than\" | Actual: 11 | Result: ✅ MATCH","timestamp":"2026-06-27 15:45:44"}
{"level":"info","message":"   -> 🔍 Scan [heading-text] | Target: \"price\" (containing) | Operator: \"contains\" | Actual: [0 headings] | Result: ❌ NO MATCH","timestamp":"2026-06-27 15:45:44"}
{"level":"info","message":"   -> 🔍 Scan [header-text-length] | Target: \"80\" | Operator: \"Greater than\" | Actual: [0 headings] | Result: ❌ NO MATCH","timestamp":"2026-06-27 15:45:44"}
{"level":"info","message":"   -> 🔍 Scan [readability-level] | Target: \"12\" | Operator: \"Greater than\" | Actual: 0 | Result: ❌ NO MATCH","timestamp":"2026-06-27 15:45:44"}
{"level":"info","message":"   -> 🔍 Scan [meta-header] | Target: \"keyword\" (containing) | Operator: \"contains\" | Actual: [Content length: 1182] | Result: ❌ NO MATCH","timestamp":"2026-06-27 15:45:44"}
{"level":"info","message":"   -> 🔍 Scan [meta-header-length] | Target: \"160\" | Operator: \"Greater than\" | Actual: 133 | Result: ❌ NO MATCH","timestamp":"2026-06-27 15:45:44"}
{"level":"info","message":"   -> 🔍 Scan [page-html] | Target: \"<script>\" (containing) | Operator: \"contains\" | Actual: [Content length: 1182] | Result: ✅ MATCH","timestamp":"2026-06-27 15:45:44"}
{"level":"info","message":"   -> 🔍 Scan [text] | Target: \"jewellery\" (containing) | Operator: \"contains\" | Actual: [Content length: 1182] | Result: ❌ NO MATCH","timestamp":"2026-06-27 15:45:44"}
{"level":"info","message":"   -> 🔍 Scan [page-title] | Target: \"jewellery\" (containing) | Operator: \"contains\" | Actual: \"Jewellery ERP Integrations | P\" | Result: ✅ MATCH","timestamp":"2026-06-27 15:45:44"}
{"level":"info","message":"   -> 🔍 Scan [page-title-length] | Target: \"60\" | Operator: \"Greater than\" | Actual: 58 | Result: ❌ NO MATCH","timestamp":"2026-06-27 15:45:44"}
{"level":"info","message":"   -> 🔍 Scan [page-url] | Target: \"https://omunim.com/signin\" (containing) | Operator: \"contains\" | Actual: \"https://jewellmaster.com/features/integrations\" | Result: ❌ NO MATCH","timestamp":"2026-06-27 15:45:44"}
{"level":"info","message":"   -> 🔍 Scan [link] | Target: \"contact\" (containing) | Operator: \"contains\" | Actual: [0 links] | Result: ❌ NO MATCH","timestamp":"2026-06-27 15:45:44"}
{"level":"info","message":"   -> 🔍 Scan [link-text] | Target: \"buy\" (containing) | Operator: \"contains\" | Actual: [0 links] | Result: ❌ NO MATCH","timestamp":"2026-06-27 15:45:44"}
{"level":"info","message":"   -> 🔍 Scan [link-text-length] | Target: \"50\" | Operator: \"Greater than\" | Actual: [0 links] | Result: ❌ NO MATCH","timestamp":"2026-06-27 15:45:44"}
{"level":"info","message":"   -> 🔍 Scan [file-size] | Target: \"5\" (MB) | Operator: \"Greater than\" | Actual: 326.44921875 | Result: ❌ NO MATCH","timestamp":"2026-06-27 15:45:44"}
{"level":"info","message":"   -> 🔍 Scan [image-size] | Target: \"100\" (KB) | Operator: \"Greater than\" | Actual: [1 images] | Result: ❌ NO MATCH","timestamp":"2026-06-27 15:45:44"}
{"level":"info","message":"   -> 🔍 Scan [image-text] | Target: \"jewellery billing software\" (containing) | Operator: \"contains\" | Actual: [1 images] | Result: ❌ NO MATCH","timestamp":"2026-06-27 15:45:44"}
{"level":"info","message":"   -> 🔍 Scan [image-text-length] | Target: \"20\" | Operator: \"Greater than\" | Actual: [1 images] | Result: ❌ NO MATCH","timestamp":"2026-06-27 15:45:44"}
{"level":"info","message":"   -> 🔍 Scan [external-link-count] | Target: \"\" | Operator: \"Greater than\" | Actual: 0 | Result: ❌ NO MATCH","timestamp":"2026-06-27 15:45:44"}
{"level":"info","message":"   -> 🔍 Scan [incoming-link-count] | Target: \"5\" | Operator: \"Greater than\" | Actual: 11 | Result: ✅ MATCH","timestamp":"2026-06-27 15:45:44"}
{"level":"info","message":"   -> 🔍 Scan [heading-text] | Target: \"price\" (containing) | Operator: \"contains\" | Actual: [0 headings] | Result: ❌ NO MATCH","timestamp":"2026-06-27 15:45:44"}
{"level":"info","message":"   -> 🔍 Scan [header-text-length] | Target: \"80\" | Operator: \"Greater than\" | Actual: [0 headings] | Result: ❌ NO MATCH","timestamp":"2026-06-27 15:45:44"}
{"level":"info","message":"   -> 🔍 Scan [readability-level] | Target: \"12\" | Operator: \"Greater than\" | Actual: 0 | Result: ❌ NO MATCH","timestamp":"2026-06-27 15:45:44"}
{"level":"info","message":"   -> 🔍 Scan [meta-header] | Target: \"keyword\" (containing) | Operator: \"contains\" | Actual: [Content length: 1182] | Result: ❌ NO MATCH","timestamp":"2026-06-27 15:45:44"}
{"level":"info","message":"   -> 🔍 Scan [page-html] | Target: \"<script>\" (containing) | Operator: \"contains\" | Actual: [Content length: 1182] | Result: ✅ MATCH","timestamp":"2026-06-27 15:45:44"}
{"level":"info","message":"   -> 🔍 Scan [image-size] | Target: \"1\" (MB) | Operator: \"Greater than\" | Actual: [1 images] | Result: ❌ NO MATCH","timestamp":"2026-06-27 15:45:44"}
{"level":"info","message":"🚨 [Jewellmaster] Saved 163 policy hits to database tenant_sbi.","timestamp":"2026-06-27 15:45:44"}
{"level":"info","message":"📊 [Jewellmaster] Saved PolicySummary snapshot.","timestamp":"2026-06-27 15:45:45"}
{"level":"info","message":"✅ Policy scan completed for Jewellmaster in 1706ms","timestamp":"2026-06-27 15:45:45"}
{"level":"info","message":"Job 69 (Jewellmaster) completed successfully.","timestamp":"2026-06-27 15:45:45"}
{"level":"info","message":"[Job repeat:c10eea93bf68cc56fd5c63b351df3d32:1782555360000] 🚀 Executing scheduled global orchestration...","timestamp":"2026-06-27 15:46:00"}
{"level":"info","message":"Orchestrator: Starting global scan orchestration... ","timestamp":"2026-06-27 15:46:00"}
{"level":"info","message":"🔗 Connecting to MASTER database: master","timestamp":"2026-06-27 15:46:00"}
{"level":"info","message":"Orchestrator: Found 2 tenants to process.","timestamp":"2026-06-27 15:46:01"}
{"level":"info","message":"📁 Switching to CLIENT database: tenant_rbi (Tenant: rbi)","timestamp":"2026-06-27 15:46:01"}
{"level":"info","message":"Orchestrator: No domains found for tenant rbi (excluding those currently scanning).","timestamp":"2026-06-27 15:46:01"}
{"level":"info","message":"📁 Switching to CLIENT database: tenant_sbi (Tenant: sbi)","timestamp":"2026-06-27 15:46:01"}
{"level":"info","message":"Orchestrator: No domains found for tenant sbi (excluding those currently scanning).","timestamp":"2026-06-27 15:46:01"}
{"level":"info","message":"Orchestrator: Master DB connection closed.","timestamp":"2026-06-27 15:46:01"}
{"level":"info","message":"✅ Orchestrator: Finished. Total jobs enqueued: 0","timestamp":"2026-06-27 15:46:01"}
{"level":"info","message":"Job repeat:c10eea93bf68cc56fd5c63b351df3d32:1782555360000 (Orchestrator) completed successfully.","timestamp":"2026-06-27 15:46:01"}
{"level":"info","message":"[Job repeat:c10eea93bf68cc56fd5c63b351df3d32:1782555420000] 🚀 Executing scheduled global orchestration...","timestamp":"2026-06-27 15:47:00"}
{"level":"info","message":"Orchestrator: Starting global scan orchestration... ","timestamp":"2026-06-27 15:47:00"}
{"level":"info","message":"🔗 Connecting to MASTER database: master","timestamp":"2026-06-27 15:47:00"}
{"level":"info","message":"Orchestrator: Found 2 tenants to process.","timestamp":"2026-06-27 15:47:00"}
{"level":"info","message":"📁 Switching to CLIENT database: tenant_rbi (Tenant: rbi)","timestamp":"2026-06-27 15:47:00"}
{"level":"info","message":"Orchestrator: No domains found for tenant rbi (excluding those currently scanning).","timestamp":"2026-06-27 15:47:00"}
{"level":"info","message":"📁 Switching to CLIENT database: tenant_sbi (Tenant: sbi)","timestamp":"2026-06-27 15:47:00"}
{"level":"info","message":"Orchestrator: No domains found for tenant sbi (excluding those currently scanning).","timestamp":"2026-06-27 15:47:00"}
{"level":"info","message":"Orchestrator: Master DB connection closed.","timestamp":"2026-06-27 15:47:00"}
{"level":"info","message":"✅ Orchestrator: Finished. Total jobs enqueued: 0","timestamp":"2026-06-27 15:47:00"}
{"level":"info","message":"Job repeat:c10eea93bf68cc56fd5c63b351df3d32:1782555420000 (Orchestrator) completed successfully.","timestamp":"2026-06-27 15:47:00"}
{"level":"info","message":"[Job repeat:c10eea93bf68cc56fd5c63b351df3d32:1782555480000] 🚀 Executing scheduled global orchestration...","timestamp":"2026-06-27 15:48:00"}
{"level":"info","message":"Orchestrator: Starting global scan orchestration... ","timestamp":"2026-06-27 15:48:00"}
{"level":"info","message":"🔗 Connecting to MASTER database: master","timestamp":"2026-06-27 15:48:00"}
{"level":"info","message":"Orchestrator: Found 2 tenants to process.","timestamp":"2026-06-27 15:48:00"}
{"level":"info","message":"📁 Switching to CLIENT database: tenant_rbi (Tenant: rbi)","timestamp":"2026-06-27 15:48:00"}
{"level":"info","message":"Orchestrator: No domains found for tenant rbi (excluding those currently scanning).","timestamp":"2026-06-27 15:48:00"}
{"level":"info","message":"📁 Switching to CLIENT database: tenant_sbi (Tenant: sbi)","timestamp":"2026-06-27 15:48:00"}
{"level":"info","message":"Orchestrator: No domains found for tenant sbi (excluding those currently scanning).","timestamp":"2026-06-27 15:48:01"}
{"level":"info","message":"Orchestrator: Master DB connection closed.","timestamp":"2026-06-27 15:48:01"}
{"level":"info","message":"✅ Orchestrator: Finished. Total jobs enqueued: 0","timestamp":"2026-06-27 15:48:01"}
{"level":"info","message":"Job repeat:c10eea93bf68cc56fd5c63b351df3d32:1782555480000 (Orchestrator) completed successfully.","timestamp":"2026-06-27 15:48:01"}
{"level":"info","message":"[Job repeat:c10eea93bf68cc56fd5c63b351df3d32:1782555540000] 🚀 Executing scheduled global orchestration...","timestamp":"2026-06-27 15:49:00"}
{"level":"info","message":"Orchestrator: Starting global scan orchestration... ","timestamp":"2026-06-27 15:49:00"}
{"level":"info","message":"🔗 Connecting to MASTER database: master","timestamp":"2026-06-27 15:49:00"}
{"level":"info","message":"Orchestrator: Found 2 tenants to process.","timestamp":"2026-06-27 15:49:01"}
{"level":"info","message":"📁 Switching to CLIENT database: tenant_rbi (Tenant: rbi)","timestamp":"2026-06-27 15:49:01"}
{"level":"info","message":"Orchestrator: No domains found for tenant rbi (excluding those currently scanning).","timestamp":"2026-06-27 15:49:01"}
{"level":"info","message":"📁 Switching to CLIENT database: tenant_sbi (Tenant: sbi)","timestamp":"2026-06-27 15:49:01"}
{"level":"info","message":"Orchestrator: No domains found for tenant sbi (excluding those currently scanning).","timestamp":"2026-06-27 15:49:01"}
{"level":"info","message":"Orchestrator: Master DB connection closed.","timestamp":"2026-06-27 15:49:01"}
{"level":"info","message":"✅ Orchestrator: Finished. Total jobs enqueued: 0","timestamp":"2026-06-27 15:49:01"}
{"level":"info","message":"Job repeat:c10eea93bf68cc56fd5c63b351df3d32:1782555540000 (Orchestrator) completed successfully.","timestamp":"2026-06-27 15:49:01"}
{"level":"info","message":"[Job repeat:c10eea93bf68cc56fd5c63b351df3d32:1782555600000] 🚀 Executing scheduled global orchestration...","timestamp":"2026-06-27 15:50:00"}
{"level":"info","message":"Orchestrator: Starting global scan orchestration... ","timestamp":"2026-06-27 15:50:00"}
{"level":"info","message":"🔗 Connecting to MASTER database: master","timestamp":"2026-06-27 15:50:00"}
{"level":"info","message":"Orchestrator: Found 2 tenants to process.","timestamp":"2026-06-27 15:50:00"}
{"level":"info","message":"📁 Switching to CLIENT database: tenant_rbi (Tenant: rbi)","timestamp":"2026-06-27 15:50:00"}
{"level":"info","message":"Orchestrator: No domains found for tenant rbi (excluding those currently scanning).","timestamp":"2026-06-27 15:50:00"}
{"level":"info","message":"📁 Switching to CLIENT database: tenant_sbi (Tenant: sbi)","timestamp":"2026-06-27 15:50:00"}
{"level":"info","message":"Orchestrator: No domains found for tenant sbi (excluding those currently scanning).","timestamp":"2026-06-27 15:50:00"}
{"level":"info","message":"Orchestrator: Master DB connection closed.","timestamp":"2026-06-27 15:50:00"}
{"level":"info","message":"✅ Orchestrator: Finished. Total jobs enqueued: 0","timestamp":"2026-06-27 15:50:00"}
{"level":"info","message":"Job repeat:c10eea93bf68cc56fd5c63b351df3d32:1782555600000 (Orchestrator) completed successfully.","timestamp":"2026-06-27 15:50:00"}
{"level":"info","message":"[Job repeat:c10eea93bf68cc56fd5c63b351df3d32:1782555660000] 🚀 Executing scheduled global orchestration...","timestamp":"2026-06-27 15:51:00"}
{"level":"info","message":"Orchestrator: Starting global scan orchestration... ","timestamp":"2026-06-27 15:51:00"}
{"level":"info","message":"🔗 Connecting to MASTER database: master","timestamp":"2026-06-27 15:51:00"}
{"level":"info","message":"Orchestrator: Found 2 tenants to process.","timestamp":"2026-06-27 15:51:01"}
{"level":"info","message":"📁 Switching to CLIENT database: tenant_rbi (Tenant: rbi)","timestamp":"2026-06-27 15:51:01"}
{"level":"info","message":"Orchestrator: No domains found for tenant rbi (excluding those currently scanning).","timestamp":"2026-06-27 15:51:01"}
{"level":"info","message":"📁 Switching to CLIENT database: tenant_sbi (Tenant: sbi)","timestamp":"2026-06-27 15:51:01"}
{"level":"info","message":"Orchestrator: No domains found for tenant sbi (excluding those currently scanning).","timestamp":"2026-06-27 15:51:01"}
{"level":"info","message":"Orchestrator: Master DB connection closed.","timestamp":"2026-06-27 15:51:01"}
{"level":"info","message":"✅ Orchestrator: Finished. Total jobs enqueued: 0","timestamp":"2026-06-27 15:51:01"}
{"level":"info","message":"Job repeat:c10eea93bf68cc56fd5c63b351df3d32:1782555660000 (Orchestrator) completed successfully.","timestamp":"2026-06-27 15:51:01"}
{"level":"info","message":"[Job repeat:c10eea93bf68cc56fd5c63b351df3d32:1782555720000] 🚀 Executing scheduled global orchestration...","timestamp":"2026-06-27 15:52:00"}
{"level":"info","message":"Orchestrator: Starting global scan orchestration... ","timestamp":"2026-06-27 15:52:00"}
{"level":"info","message":"🔗 Connecting to MASTER database: master","timestamp":"2026-06-27 15:52:00"}
{"level":"info","message":"Orchestrator: Found 2 tenants to process.","timestamp":"2026-06-27 15:52:01"}
{"level":"info","message":"📁 Switching to CLIENT database: tenant_rbi (Tenant: rbi)","timestamp":"2026-06-27 15:52:01"}
{"level":"info","message":"Orchestrator: No domains found for tenant rbi (excluding those currently scanning).","timestamp":"2026-06-27 15:52:01"}
{"level":"info","message":"📁 Switching to CLIENT database: tenant_sbi (Tenant: sbi)","timestamp":"2026-06-27 15:52:01"}
{"level":"info","message":"Orchestrator: No domains found for tenant sbi (excluding those currently scanning).","timestamp":"2026-06-27 15:52:01"}
{"level":"info","message":"Orchestrator: Master DB connection closed.","timestamp":"2026-06-27 15:52:01"}
{"level":"info","message":"✅ Orchestrator: Finished. Total jobs enqueued: 0","timestamp":"2026-06-27 15:52:01"}
{"level":"info","message":"Job repeat:c10eea93bf68cc56fd5c63b351df3d32:1782555720000 (Orchestrator) completed successfully.","timestamp":"2026-06-27 15:52:01"}
{"level":"info","message":"[Job repeat:c10eea93bf68cc56fd5c63b351df3d32:1782555780000] 🚀 Executing scheduled global orchestration...","timestamp":"2026-06-27 15:53:00"}
{"level":"info","message":"Orchestrator: Starting global scan orchestration... ","timestamp":"2026-06-27 15:53:00"}
{"level":"info","message":"🔗 Connecting to MASTER database: master","timestamp":"2026-06-27 15:53:00"}
{"level":"info","message":"Orchestrator: Found 2 tenants to process.","timestamp":"2026-06-27 15:53:00"}
{"level":"info","message":"📁 Switching to CLIENT database: tenant_rbi (Tenant: rbi)","timestamp":"2026-06-27 15:53:00"}
{"level":"info","message":"Orchestrator: No domains found for tenant rbi (excluding those currently scanning).","timestamp":"2026-06-27 15:53:00"}
{"level":"info","message":"📁 Switching to CLIENT database: tenant_sbi (Tenant: sbi)","timestamp":"2026-06-27 15:53:00"}
{"level":"info","message":"Orchestrator: No domains found for tenant sbi (excluding those currently scanning).","timestamp":"2026-06-27 15:53:00"}
{"level":"info","message":"Orchestrator: Master DB connection closed.","timestamp":"2026-06-27 15:53:00"}
{"level":"info","message":"✅ Orchestrator: Finished. Total jobs enqueued: 0","timestamp":"2026-06-27 15:53:00"}
{"level":"info","message":"Job repeat:c10eea93bf68cc56fd5c63b351df3d32:1782555780000 (Orchestrator) completed successfully.","timestamp":"2026-06-27 15:53:00"}
{"level":"info","message":"[Job repeat:c10eea93bf68cc56fd5c63b351df3d32:1782555840000] 🚀 Executing scheduled global orchestration...","timestamp":"2026-06-27 15:54:00"}
{"level":"info","message":"Orchestrator: Starting global scan orchestration... ","timestamp":"2026-06-27 15:54:00"}
{"level":"info","message":"🔗 Connecting to MASTER database: master","timestamp":"2026-06-27 15:54:00"}
{"level":"info","message":"Orchestrator: Found 2 tenants to process.","timestamp":"2026-06-27 15:54:01"}
{"level":"info","message":"📁 Switching to CLIENT database: tenant_rbi (Tenant: rbi)","timestamp":"2026-06-27 15:54:01"}
{"level":"info","message":"Orchestrator: No domains found for tenant rbi (excluding those currently scanning).","timestamp":"2026-06-27 15:54:01"}
{"level":"info","message":"📁 Switching to CLIENT database: tenant_sbi (Tenant: sbi)","timestamp":"2026-06-27 15:54:01"}
{"level":"info","message":"Orchestrator: No domains found for tenant sbi (excluding those currently scanning).","timestamp":"2026-06-27 15:54:01"}
{"level":"info","message":"Orchestrator: Master DB connection closed.","timestamp":"2026-06-27 15:54:01"}
{"level":"info","message":"✅ Orchestrator: Finished. Total jobs enqueued: 0","timestamp":"2026-06-27 15:54:01"}
{"level":"info","message":"Job repeat:c10eea93bf68cc56fd5c63b351df3d32:1782555840000 (Orchestrator) completed successfully.","timestamp":"2026-06-27 15:54:01"}
{"level":"info","message":"[Job repeat:c10eea93bf68cc56fd5c63b351df3d32:1782555900000] 🚀 Executing scheduled global orchestration...","timestamp":"2026-06-27 15:55:00"}
{"level":"info","message":"Orchestrator: Starting global scan orchestration... ","timestamp":"2026-06-27 15:55:00"}
{"level":"info","message":"🔗 Connecting to MASTER database: master","timestamp":"2026-06-27 15:55:00"}
{"level":"info","message":"Orchestrator: Found 2 tenants to process.","timestamp":"2026-06-27 15:55:01"}
{"level":"info","message":"📁 Switching to CLIENT database: tenant_rbi (Tenant: rbi)","timestamp":"2026-06-27 15:55:01"}
{"level":"info","message":"Orchestrator: No domains found for tenant rbi (excluding those currently scanning).","timestamp":"2026-06-27 15:55:01"}
{"level":"info","message":"📁 Switching to CLIENT database: tenant_sbi (Tenant: sbi)","timestamp":"2026-06-27 15:55:01"}
{"level":"info","message":"Orchestrator: No domains found for tenant sbi (excluding those currently scanning).","timestamp":"2026-06-27 15:55:01"}
{"level":"info","message":"Orchestrator: Master DB connection closed.","timestamp":"2026-06-27 15:55:01"}
{"level":"info","message":"✅ Orchestrator: Finished. Total jobs enqueued: 0","timestamp":"2026-06-27 15:55:01"}
{"level":"info","message":"Job repeat:c10eea93bf68cc56fd5c63b351df3d32:1782555900000 (Orchestrator) completed successfully.","timestamp":"2026-06-27 15:55:01"}
{"level":"info","message":"[Job repeat:c10eea93bf68cc56fd5c63b351df3d32:1782555960000] 🚀 Executing scheduled global orchestration...","timestamp":"2026-06-27 15:56:00"}
{"level":"info","message":"Orchestrator: Starting global scan orchestration... ","timestamp":"2026-06-27 15:56:00"}
{"level":"info","message":"🔗 Connecting to MASTER database: master","timestamp":"2026-06-27 15:56:00"}
{"level":"info","message":"Orchestrator: Found 2 tenants to process.","timestamp":"2026-06-27 15:56:00"}
{"level":"info","message":"📁 Switching to CLIENT database: tenant_rbi (Tenant: rbi)","timestamp":"2026-06-27 15:56:00"}
{"level":"info","message":"Orchestrator: No domains found for tenant rbi (excluding those currently scanning).","timestamp":"2026-06-27 15:56:00"}
{"level":"info","message":"📁 Switching to CLIENT database: tenant_sbi (Tenant: sbi)","timestamp":"2026-06-27 15:56:00"}
{"level":"info","message":"Orchestrator: No domains found for tenant sbi (excluding those currently scanning).","timestamp":"2026-06-27 15:56:00"}
{"level":"info","message":"Orchestrator: Master DB connection closed.","timestamp":"2026-06-27 15:56:00"}
{"level":"info","message":"✅ Orchestrator: Finished. Total jobs enqueued: 0","timestamp":"2026-06-27 15:56:00"}
{"level":"info","message":"Job repeat:c10eea93bf68cc56fd5c63b351df3d32:1782555960000 (Orchestrator) completed successfully.","timestamp":"2026-06-27 15:56:00"}
{"level":"info","message":"[Job repeat:c10eea93bf68cc56fd5c63b351df3d32:1782556020000] 🚀 Executing scheduled global orchestration...","timestamp":"2026-06-27 15:57:00"}
{"level":"info","message":"Orchestrator: Starting global scan orchestration... ","timestamp":"2026-06-27 15:57:00"}
{"level":"info","message":"🔗 Connecting to MASTER database: master","timestamp":"2026-06-27 15:57:00"}
{"level":"info","message":"Orchestrator: Found 2 tenants to process.","timestamp":"2026-06-27 15:57:01"}
{"level":"info","message":"📁 Switching to CLIENT database: tenant_rbi (Tenant: rbi)","timestamp":"2026-06-27 15:57:01"}
{"level":"info","message":"Orchestrator: No domains found for tenant rbi (excluding those currently scanning).","timestamp":"2026-06-27 15:57:01"}
{"level":"info","message":"📁 Switching to CLIENT database: tenant_sbi (Tenant: sbi)","timestamp":"2026-06-27 15:57:01"}
{"level":"info","message":"Orchestrator: No domains found for tenant sbi (excluding those currently scanning).","timestamp":"2026-06-27 15:57:01"}
{"level":"info","message":"Orchestrator: Master DB connection closed.","timestamp":"2026-06-27 15:57:01"}
{"level":"info","message":"✅ Orchestrator: Finished. Total jobs enqueued: 0","timestamp":"2026-06-27 15:57:01"}
{"level":"info","message":"Job repeat:c10eea93bf68cc56fd5c63b351df3d32:1782556020000 (Orchestrator) completed successfully.","timestamp":"2026-06-27 15:57:01"}
{"level":"info","message":"[Job repeat:c10eea93bf68cc56fd5c63b351df3d32:1782556080000] 🚀 Executing scheduled global orchestration...","timestamp":"2026-06-27 15:58:00"}
{"level":"info","message":"Orchestrator: Starting global scan orchestration... ","timestamp":"2026-06-27 15:58:00"}
{"level":"info","message":"🔗 Connecting to MASTER database: master","timestamp":"2026-06-27 15:58:00"}
{"level":"info","message":"Orchestrator: Found 2 tenants to process.","timestamp":"2026-06-27 15:58:01"}
{"level":"info","message":"📁 Switching to CLIENT database: tenant_rbi (Tenant: rbi)","timestamp":"2026-06-27 15:58:01"}
{"level":"info","message":"Orchestrator: No domains found for tenant rbi (excluding those currently scanning).","timestamp":"2026-06-27 15:58:01"}
{"level":"info","message":"📁 Switching to CLIENT database: tenant_sbi (Tenant: sbi)","timestamp":"2026-06-27 15:58:01"}
{"level":"info","message":"Orchestrator: No domains found for tenant sbi (excluding those currently scanning).","timestamp":"2026-06-27 15:58:01"}
{"level":"info","message":"Orchestrator: Master DB connection closed.","timestamp":"2026-06-27 15:58:01"}
{"level":"info","message":"✅ Orchestrator: Finished. Total jobs enqueued: 0","timestamp":"2026-06-27 15:58:01"}
{"level":"info","message":"Job repeat:c10eea93bf68cc56fd5c63b351df3d32:1782556080000 (Orchestrator) completed successfully.","timestamp":"2026-06-27 15:58:01"}
{"level":"info","message":"[Job repeat:c10eea93bf68cc56fd5c63b351df3d32:1782556140000] 🚀 Executing scheduled global orchestration...","timestamp":"2026-06-27 15:59:00"}
{"level":"info","message":"Orchestrator: Starting global scan orchestration... ","timestamp":"2026-06-27 15:59:00"}
{"level":"info","message":"🔗 Connecting to MASTER database: master","timestamp":"2026-06-27 15:59:00"}
{"level":"info","message":"Orchestrator: Found 2 tenants to process.","timestamp":"2026-06-27 15:59:00"}
{"level":"info","message":"📁 Switching to CLIENT database: tenant_rbi (Tenant: rbi)","timestamp":"2026-06-27 15:59:00"}
{"level":"info","message":"Orchestrator: No domains found for tenant rbi (excluding those currently scanning).","timestamp":"2026-06-27 15:59:00"}
{"level":"info","message":"📁 Switching to CLIENT database: tenant_sbi (Tenant: sbi)","timestamp":"2026-06-27 15:59:00"}
{"level":"info","message":"Orchestrator: No domains found for tenant sbi (excluding those currently scanning).","timestamp":"2026-06-27 15:59:00"}
{"level":"info","message":"Orchestrator: Master DB connection closed.","timestamp":"2026-06-27 15:59:00"}
{"level":"info","message":"✅ Orchestrator: Finished. Total jobs enqueued: 0","timestamp":"2026-06-27 15:59:00"}
{"level":"info","message":"Job repeat:c10eea93bf68cc56fd5c63b351df3d32:1782556140000 (Orchestrator) completed successfully.","timestamp":"2026-06-27 15:59:00"}
{"level":"info","message":"[Job repeat:c10eea93bf68cc56fd5c63b351df3d32:1782556200000] 🚀 Executing scheduled global orchestration...","timestamp":"2026-06-27 16:00:00"}
{"level":"info","message":"Orchestrator: Starting global scan orchestration... ","timestamp":"2026-06-27 16:00:00"}
{"level":"info","message":"🔗 Connecting to MASTER database: master","timestamp":"2026-06-27 16:00:00"}
{"level":"info","message":"Orchestrator: Found 2 tenants to process.","timestamp":"2026-06-27 16:00:01"}
{"level":"info","message":"📁 Switching to CLIENT database: tenant_rbi (Tenant: rbi)","timestamp":"2026-06-27 16:00:01"}
{"level":"info","message":"Orchestrator: No domains found for tenant rbi (excluding those currently scanning).","timestamp":"2026-06-27 16:00:01"}
{"level":"info","message":"📁 Switching to CLIENT database: tenant_sbi (Tenant: sbi)","timestamp":"2026-06-27 16:00:01"}
{"level":"info","message":"Orchestrator: No domains found for tenant sbi (excluding those currently scanning).","timestamp":"2026-06-27 16:00:01"}
{"level":"info","message":"Orchestrator: Master DB connection closed.","timestamp":"2026-06-27 16:00:01"}
{"level":"info","message":"✅ Orchestrator: Finished. Total jobs enqueued: 0","timestamp":"2026-06-27 16:00:01"}
{"level":"info","message":"Job repeat:c10eea93bf68cc56fd5c63b351df3d32:1782556200000 (Orchestrator) completed successfully.","timestamp":"2026-06-27 16:00:01"}
{"level":"info","message":"[Job repeat:c10eea93bf68cc56fd5c63b351df3d32:1782556260000] 🚀 Executing scheduled global orchestration...","timestamp":"2026-06-27 16:01:00"}
{"level":"info","message":"Orchestrator: Starting global scan orchestration... ","timestamp":"2026-06-27 16:01:00"}
{"level":"info","message":"🔗 Connecting to MASTER database: master","timestamp":"2026-06-27 16:01:00"}
{"level":"info","message":"Orchestrator: Found 2 tenants to process.","timestamp":"2026-06-27 16:01:01"}
{"level":"info","message":"📁 Switching to CLIENT database: tenant_rbi (Tenant: rbi)","timestamp":"2026-06-27 16:01:01"}
{"level":"info","message":"Orchestrator: No domains found for tenant rbi (excluding those currently scanning).","timestamp":"2026-06-27 16:01:01"}
{"level":"info","message":"📁 Switching to CLIENT database: tenant_sbi (Tenant: sbi)","timestamp":"2026-06-27 16:01:01"}
{"level":"info","message":"Orchestrator: No domains found for tenant sbi (excluding those currently scanning).","timestamp":"2026-06-27 16:01:01"}
{"level":"info","message":"Orchestrator: Master DB connection closed.","timestamp":"2026-06-27 16:01:01"}
{"level":"info","message":"✅ Orchestrator: Finished. Total jobs enqueued: 0","timestamp":"2026-06-27 16:01:01"}
{"level":"info","message":"Job repeat:c10eea93bf68cc56fd5c63b351df3d32:1782556260000 (Orchestrator) completed successfully.","timestamp":"2026-06-27 16:01:01"}
{"level":"info","message":"[Job repeat:c10eea93bf68cc56fd5c63b351df3d32:1782556320000] 🚀 Executing scheduled global orchestration...","timestamp":"2026-06-27 16:02:00"}
{"level":"info","message":"Orchestrator: Starting global scan orchestration... ","timestamp":"2026-06-27 16:02:00"}
{"level":"info","message":"🔗 Connecting to MASTER database: master","timestamp":"2026-06-27 16:02:00"}
{"level":"info","message":"Orchestrator: Found 2 tenants to process.","timestamp":"2026-06-27 16:02:00"}
{"level":"info","message":"📁 Switching to CLIENT database: tenant_rbi (Tenant: rbi)","timestamp":"2026-06-27 16:02:00"}
{"level":"info","message":"Orchestrator: No domains found for tenant rbi (excluding those currently scanning).","timestamp":"2026-06-27 16:02:00"}
{"level":"info","message":"📁 Switching to CLIENT database: tenant_sbi (Tenant: sbi)","timestamp":"2026-06-27 16:02:00"}
{"level":"info","message":"Orchestrator: No domains found for tenant sbi (excluding those currently scanning).","timestamp":"2026-06-27 16:02:00"}
{"level":"info","message":"Orchestrator: Master DB connection closed.","timestamp":"2026-06-27 16:02:00"}
{"level":"info","message":"✅ Orchestrator: Finished. Total jobs enqueued: 0","timestamp":"2026-06-27 16:02:00"}
{"level":"info","message":"Job repeat:c10eea93bf68cc56fd5c63b351df3d32:1782556320000 (Orchestrator) completed successfully.","timestamp":"2026-06-27 16:02:00"}
{"level":"info","message":"[Job repeat:c10eea93bf68cc56fd5c63b351df3d32:1782556380000] 🚀 Executing scheduled global orchestration...","timestamp":"2026-06-27 16:03:00"}
{"level":"info","message":"Orchestrator: Starting global scan orchestration... ","timestamp":"2026-06-27 16:03:00"}
{"level":"info","message":"🔗 Connecting to MASTER database: master","timestamp":"2026-06-27 16:03:00"}
{"level":"info","message":"Orchestrator: Found 2 tenants to process.","timestamp":"2026-06-27 16:03:00"}
{"level":"info","message":"📁 Switching to CLIENT database: tenant_rbi (Tenant: rbi)","timestamp":"2026-06-27 16:03:00"}
{"level":"info","message":"Orchestrator: No domains found for tenant rbi (excluding those currently scanning).","timestamp":"2026-06-27 16:03:00"}
{"level":"info","message":"📁 Switching to CLIENT database: tenant_sbi (Tenant: sbi)","timestamp":"2026-06-27 16:03:00"}
{"level":"info","message":"Orchestrator: No domains found for tenant sbi (excluding those currently scanning).","timestamp":"2026-06-27 16:03:01"}
{"level":"info","message":"Orchestrator: Master DB connection closed.","timestamp":"2026-06-27 16:03:01"}
{"level":"info","message":"✅ Orchestrator: Finished. Total jobs enqueued: 0","timestamp":"2026-06-27 16:03:01"}
{"level":"info","message":"Job repeat:c10eea93bf68cc56fd5c63b351df3d32:1782556380000 (Orchestrator) completed successfully.","timestamp":"2026-06-27 16:03:01"}
{"level":"info","message":"[Job repeat:c10eea93bf68cc56fd5c63b351df3d32:1782556440000] 🚀 Executing scheduled global orchestration...","timestamp":"2026-06-27 16:04:00"}
{"level":"info","message":"Orchestrator: Starting global scan orchestration... ","timestamp":"2026-06-27 16:04:00"}
{"level":"info","message":"🔗 Connecting to MASTER database: master","timestamp":"2026-06-27 16:04:00"}
{"level":"info","message":"Orchestrator: Found 2 tenants to process.","timestamp":"2026-06-27 16:04:01"}
{"level":"info","message":"📁 Switching to CLIENT database: tenant_rbi (Tenant: rbi)","timestamp":"2026-06-27 16:04:01"}
{"level":"info","message":"Orchestrator: No domains found for tenant rbi (excluding those currently scanning).","timestamp":"2026-06-27 16:04:01"}
{"level":"info","message":"📁 Switching to CLIENT database: tenant_sbi (Tenant: sbi)","timestamp":"2026-06-27 16:04:01"}
{"level":"info","message":"Orchestrator: No domains found for tenant sbi (excluding those currently scanning).","timestamp":"2026-06-27 16:04:01"}
{"level":"info","message":"Orchestrator: Master DB connection closed.","timestamp":"2026-06-27 16:04:01"}
{"level":"info","message":"✅ Orchestrator: Finished. Total jobs enqueued: 0","timestamp":"2026-06-27 16:04:01"}
{"level":"info","message":"Job repeat:c10eea93bf68cc56fd5c63b351df3d32:1782556440000 (Orchestrator) completed successfully.","timestamp":"2026-06-27 16:04:01"}
{"level":"info","message":"[Job repeat:c10eea93bf68cc56fd5c63b351df3d32:1782556500000] 🚀 Executing scheduled global orchestration...","timestamp":"2026-06-27 16:05:01"}
{"level":"info","message":"Orchestrator: Starting global scan orchestration... ","timestamp":"2026-06-27 16:05:01"}
{"level":"info","message":"🔗 Connecting to MASTER database: master","timestamp":"2026-06-27 16:05:01"}
{"level":"info","message":"Orchestrator: Found 2 tenants to process.","timestamp":"2026-06-27 16:05:01"}
{"level":"info","message":"📁 Switching to CLIENT database: tenant_rbi (Tenant: rbi)","timestamp":"2026-06-27 16:05:01"}
{"level":"info","message":"Orchestrator: No domains found for tenant rbi (excluding those currently scanning).","timestamp":"2026-06-27 16:05:01"}
{"level":"info","message":"📁 Switching to CLIENT database: tenant_sbi (Tenant: sbi)","timestamp":"2026-06-27 16:05:01"}
{"level":"info","message":"Orchestrator: No domains found for tenant sbi (excluding those currently scanning).","timestamp":"2026-06-27 16:05:01"}
{"level":"info","message":"Orchestrator: Master DB connection closed.","timestamp":"2026-06-27 16:05:01"}
{"level":"info","message":"✅ Orchestrator: Finished. Total jobs enqueued: 0","timestamp":"2026-06-27 16:05:01"}
{"level":"info","message":"Job repeat:c10eea93bf68cc56fd5c63b351df3d32:1782556500000 (Orchestrator) completed successfully.","timestamp":"2026-06-27 16:05:01"}
{"level":"info","message":"[Job repeat:c10eea93bf68cc56fd5c63b351df3d32:1782556560000] 🚀 Executing scheduled global orchestration...","timestamp":"2026-06-27 16:06:00"}
{"level":"info","message":"Orchestrator: Starting global scan orchestration... ","timestamp":"2026-06-27 16:06:00"}
{"level":"info","message":"🔗 Connecting to MASTER database: master","timestamp":"2026-06-27 16:06:00"}
{"level":"info","message":"Orchestrator: Found 2 tenants to process.","timestamp":"2026-06-27 16:06:00"}
{"level":"info","message":"📁 Switching to CLIENT database: tenant_rbi (Tenant: rbi)","timestamp":"2026-06-27 16:06:00"}
{"level":"info","message":"Orchestrator: No domains found for tenant rbi (excluding those currently scanning).","timestamp":"2026-06-27 16:06:00"}
{"level":"info","message":"📁 Switching to CLIENT database: tenant_sbi (Tenant: sbi)","timestamp":"2026-06-27 16:06:00"}
{"level":"info","message":"Orchestrator: No domains found for tenant sbi (excluding those currently scanning).","timestamp":"2026-06-27 16:06:01"}
{"level":"info","message":"Orchestrator: Master DB connection closed.","timestamp":"2026-06-27 16:06:01"}
{"level":"info","message":"✅ Orchestrator: Finished. Total jobs enqueued: 0","timestamp":"2026-06-27 16:06:01"}
{"level":"info","message":"Job repeat:c10eea93bf68cc56fd5c63b351df3d32:1782556560000 (Orchestrator) completed successfully.","timestamp":"2026-06-27 16:06:01"}
{"level":"info","message":"[Job repeat:c10eea93bf68cc56fd5c63b351df3d32:1782556620000] 🚀 Executing scheduled global orchestration...","timestamp":"2026-06-27 16:07:00"}
{"level":"info","message":"Orchestrator: Starting global scan orchestration... ","timestamp":"2026-06-27 16:07:00"}
{"level":"info","message":"🔗 Connecting to MASTER database: master","timestamp":"2026-06-27 16:07:00"}
{"level":"info","message":"Orchestrator: Found 2 tenants to process.","timestamp":"2026-06-27 16:07:01"}
{"level":"info","message":"📁 Switching to CLIENT database: tenant_rbi (Tenant: rbi)","timestamp":"2026-06-27 16:07:01"}
{"level":"info","message":"Orchestrator: No domains found for tenant rbi (excluding those currently scanning).","timestamp":"2026-06-27 16:07:01"}
{"level":"info","message":"📁 Switching to CLIENT database: tenant_sbi (Tenant: sbi)","timestamp":"2026-06-27 16:07:01"}
{"level":"info","message":"Orchestrator: No domains found for tenant sbi (excluding those currently scanning).","timestamp":"2026-06-27 16:07:01"}
{"level":"info","message":"Orchestrator: Master DB connection closed.","timestamp":"2026-06-27 16:07:01"}
{"level":"info","message":"✅ Orchestrator: Finished. Total jobs enqueued: 0","timestamp":"2026-06-27 16:07:01"}
{"level":"info","message":"Job repeat:c10eea93bf68cc56fd5c63b351df3d32:1782556620000 (Orchestrator) completed successfully.","timestamp":"2026-06-27 16:07:01"}
{"level":"info","message":"[Job repeat:c10eea93bf68cc56fd5c63b351df3d32:1782556680000] 🚀 Executing scheduled global orchestration...","timestamp":"2026-06-27 16:08:00"}
{"level":"info","message":"Orchestrator: Starting global scan orchestration... ","timestamp":"2026-06-27 16:08:00"}
{"level":"info","message":"🔗 Connecting to MASTER database: master","timestamp":"2026-06-27 16:08:00"}
{"level":"info","message":"Orchestrator: Found 2 tenants to process.","timestamp":"2026-06-27 16:08:01"}
{"level":"info","message":"📁 Switching to CLIENT database: tenant_rbi (Tenant: rbi)","timestamp":"2026-06-27 16:08:01"}
{"level":"info","message":"Orchestrator: No domains found for tenant rbi (excluding those currently scanning).","timestamp":"2026-06-27 16:08:01"}
{"level":"info","message":"📁 Switching to CLIENT database: tenant_sbi (Tenant: sbi)","timestamp":"2026-06-27 16:08:01"}
{"level":"info","message":"Orchestrator: No domains found for tenant sbi (excluding those currently scanning).","timestamp":"2026-06-27 16:08:01"}
{"level":"info","message":"Orchestrator: Master DB connection closed.","timestamp":"2026-06-27 16:08:01"}
{"level":"info","message":"✅ Orchestrator: Finished. Total jobs enqueued: 0","timestamp":"2026-06-27 16:08:01"}
{"level":"info","message":"Job repeat:c10eea93bf68cc56fd5c63b351df3d32:1782556680000 (Orchestrator) completed successfully.","timestamp":"2026-06-27 16:08:01"}
{"level":"info","message":"[Job repeat:c10eea93bf68cc56fd5c63b351df3d32:1782556740000] 🚀 Executing scheduled global orchestration...","timestamp":"2026-06-27 16:09:00"}
{"level":"info","message":"Orchestrator: Starting global scan orchestration... ","timestamp":"2026-06-27 16:09:00"}
{"level":"info","message":"🔗 Connecting to MASTER database: master","timestamp":"2026-06-27 16:09:00"}
{"level":"info","message":"Orchestrator: Found 2 tenants to process.","timestamp":"2026-06-27 16:09:00"}
{"level":"info","message":"📁 Switching to CLIENT database: tenant_rbi (Tenant: rbi)","timestamp":"2026-06-27 16:09:00"}
{"level":"info","message":"Orchestrator: No domains found for tenant rbi (excluding those currently scanning).","timestamp":"2026-06-27 16:09:00"}
{"level":"info","message":"📁 Switching to CLIENT database: tenant_sbi (Tenant: sbi)","timestamp":"2026-06-27 16:09:00"}
{"level":"info","message":"Orchestrator: No domains found for tenant sbi (excluding those currently scanning).","timestamp":"2026-06-27 16:09:00"}
{"level":"info","message":"Orchestrator: Master DB connection closed.","timestamp":"2026-06-27 16:09:00"}
{"level":"info","message":"✅ Orchestrator: Finished. Total jobs enqueued: 0","timestamp":"2026-06-27 16:09:00"}
{"level":"info","message":"Job repeat:c10eea93bf68cc56fd5c63b351df3d32:1782556740000 (Orchestrator) completed successfully.","timestamp":"2026-06-27 16:09:00"}
{"level":"info","message":"[Job repeat:c10eea93bf68cc56fd5c63b351df3d32:1782556800000] 🚀 Executing scheduled global orchestration...","timestamp":"2026-06-27 16:10:00"}
{"level":"info","message":"Orchestrator: Starting global scan orchestration... ","timestamp":"2026-06-27 16:10:00"}
{"level":"info","message":"🔗 Connecting to MASTER database: master","timestamp":"2026-06-27 16:10:00"}
{"level":"info","message":"Orchestrator: Found 2 tenants to process.","timestamp":"2026-06-27 16:10:01"}
{"level":"info","message":"📁 Switching to CLIENT database: tenant_rbi (Tenant: rbi)","timestamp":"2026-06-27 16:10:01"}
{"level":"info","message":"Orchestrator: No domains found for tenant rbi (excluding those currently scanning).","timestamp":"2026-06-27 16:10:01"}
{"level":"info","message":"📁 Switching to CLIENT database: tenant_sbi (Tenant: sbi)","timestamp":"2026-06-27 16:10:01"}
{"level":"info","message":"Orchestrator: No domains found for tenant sbi (excluding those currently scanning).","timestamp":"2026-06-27 16:10:01"}
{"level":"info","message":"Orchestrator: Master DB connection closed.","timestamp":"2026-06-27 16:10:01"}
{"level":"info","message":"✅ Orchestrator: Finished. Total jobs enqueued: 0","timestamp":"2026-06-27 16:10:01"}
{"level":"info","message":"Job repeat:c10eea93bf68cc56fd5c63b351df3d32:1782556800000 (Orchestrator) completed successfully.","timestamp":"2026-06-27 16:10:01"}
{"level":"info","message":"[Job repeat:c10eea93bf68cc56fd5c63b351df3d32:1782556860000] 🚀 Executing scheduled global orchestration...","timestamp":"2026-06-27 16:11:00"}
{"level":"info","message":"Orchestrator: Starting global scan orchestration... ","timestamp":"2026-06-27 16:11:00"}
{"level":"info","message":"🔗 Connecting to MASTER database: master","timestamp":"2026-06-27 16:11:00"}
{"level":"info","message":"Orchestrator: Found 2 tenants to process.","timestamp":"2026-06-27 16:11:01"}
{"level":"info","message":"📁 Switching to CLIENT database: tenant_rbi (Tenant: rbi)","timestamp":"2026-06-27 16:11:01"}
{"level":"info","message":"Orchestrator: No domains found for tenant rbi (excluding those currently scanning).","timestamp":"2026-06-27 16:11:01"}
{"level":"info","message":"📁 Switching to CLIENT database: tenant_sbi (Tenant: sbi)","timestamp":"2026-06-27 16:11:01"}
{"level":"info","message":"Orchestrator: No domains found for tenant sbi (excluding those currently scanning).","timestamp":"2026-06-27 16:11:01"}
{"level":"info","message":"Orchestrator: Master DB connection closed.","timestamp":"2026-06-27 16:11:01"}
{"level":"info","message":"✅ Orchestrator: Finished. Total jobs enqueued: 0","timestamp":"2026-06-27 16:11:01"}
{"level":"info","message":"Job repeat:c10eea93bf68cc56fd5c63b351df3d32:1782556860000 (Orchestrator) completed successfully.","timestamp":"2026-06-27 16:11:01"}
{"level":"info","message":"[Job repeat:c10eea93bf68cc56fd5c63b351df3d32:1782556920000] 🚀 Executing scheduled global orchestration...","timestamp":"2026-06-27 16:12:00"}
{"level":"info","message":"Orchestrator: Starting global scan orchestration... ","timestamp":"2026-06-27 16:12:00"}
{"level":"info","message":"🔗 Connecting to MASTER database: master","timestamp":"2026-06-27 16:12:00"}
{"level":"info","message":"Orchestrator: Found 2 tenants to process.","timestamp":"2026-06-27 16:12:00"}
{"level":"info","message":"📁 Switching to CLIENT database: tenant_rbi (Tenant: rbi)","timestamp":"2026-06-27 16:12:00"}
{"level":"info","message":"Orchestrator: No domains found for tenant rbi (excluding those currently scanning).","timestamp":"2026-06-27 16:12:00"}
{"level":"info","message":"📁 Switching to CLIENT database: tenant_sbi (Tenant: sbi)","timestamp":"2026-06-27 16:12:00"}
{"level":"info","message":"Orchestrator: No domains found for tenant sbi (excluding those currently scanning).","timestamp":"2026-06-27 16:12:00"}
{"level":"info","message":"Orchestrator: Master DB connection closed.","timestamp":"2026-06-27 16:12:00"}
{"level":"info","message":"✅ Orchestrator: Finished. Total jobs enqueued: 0","timestamp":"2026-06-27 16:12:00"}
{"level":"info","message":"Job repeat:c10eea93bf68cc56fd5c63b351df3d32:1782556920000 (Orchestrator) completed successfully.","timestamp":"2026-06-27 16:12:00"}
{"level":"info","message":"[Job repeat:c10eea93bf68cc56fd5c63b351df3d32:1782556980000] 🚀 Executing scheduled global orchestration...","timestamp":"2026-06-27 16:13:00"}
{"level":"info","message":"Orchestrator: Starting global scan orchestration... ","timestamp":"2026-06-27 16:13:00"}
{"level":"info","message":"🔗 Connecting to MASTER database: master","timestamp":"2026-06-27 16:13:00"}
{"level":"info","message":"Orchestrator: Found 2 tenants to process.","timestamp":"2026-06-27 16:13:01"}
{"level":"info","message":"📁 Switching to CLIENT database: tenant_rbi (Tenant: rbi)","timestamp":"2026-06-27 16:13:01"}
{"level":"info","message":"Orchestrator: No domains found for tenant rbi (excluding those currently scanning).","timestamp":"2026-06-27 16:13:01"}
{"level":"info","message":"📁 Switching to CLIENT database: tenant_sbi (Tenant: sbi)","timestamp":"2026-06-27 16:13:01"}
{"level":"info","message":"Orchestrator: No domains found for tenant sbi (excluding those currently scanning).","timestamp":"2026-06-27 16:13:01"}
{"level":"info","message":"Orchestrator: Master DB connection closed.","timestamp":"2026-06-27 16:13:01"}
{"level":"info","message":"✅ Orchestrator: Finished. Total jobs enqueued: 0","timestamp":"2026-06-27 16:13:01"}
{"level":"info","message":"Job repeat:c10eea93bf68cc56fd5c63b351df3d32:1782556980000 (Orchestrator) completed successfully.","timestamp":"2026-06-27 16:13:01"}
{"level":"info","message":"[Job repeat:c10eea93bf68cc56fd5c63b351df3d32:1782557040000] 🚀 Executing scheduled global orchestration...","timestamp":"2026-06-27 16:14:01"}
{"level":"info","message":"Orchestrator: Starting global scan orchestration... ","timestamp":"2026-06-27 16:14:01"}
{"level":"info","message":"🔗 Connecting to MASTER database: master","timestamp":"2026-06-27 16:14:01"}
{"level":"info","message":"Orchestrator: Found 2 tenants to process.","timestamp":"2026-06-27 16:14:01"}
{"level":"info","message":"📁 Switching to CLIENT database: tenant_rbi (Tenant: rbi)","timestamp":"2026-06-27 16:14:01"}
{"level":"info","message":"Orchestrator: No domains found for tenant rbi (excluding those currently scanning).","timestamp":"2026-06-27 16:14:01"}
{"level":"info","message":"📁 Switching to CLIENT database: tenant_sbi (Tenant: sbi)","timestamp":"2026-06-27 16:14:01"}
{"level":"info","message":"Orchestrator: No domains found for tenant sbi (excluding those currently scanning).","timestamp":"2026-06-27 16:14:01"}
{"level":"info","message":"Orchestrator: Master DB connection closed.","timestamp":"2026-06-27 16:14:01"}
{"level":"info","message":"✅ Orchestrator: Finished. Total jobs enqueued: 0","timestamp":"2026-06-27 16:14:01"}
{"level":"info","message":"Job repeat:c10eea93bf68cc56fd5c63b351df3d32:1782557040000 (Orchestrator) completed successfully.","timestamp":"2026-06-27 16:14:01"}
{"level":"info","message":"[Job repeat:c10eea93bf68cc56fd5c63b351df3d32:1782557100000] 🚀 Executing scheduled global orchestration...","timestamp":"2026-06-27 16:15:00"}
{"level":"info","message":"Orchestrator: Starting global scan orchestration... ","timestamp":"2026-06-27 16:15:00"}
{"level":"info","message":"🔗 Connecting to MASTER database: master","timestamp":"2026-06-27 16:15:00"}
{"level":"info","message":"Orchestrator: Found 2 tenants to process.","timestamp":"2026-06-27 16:15:00"}
{"level":"info","message":"📁 Switching to CLIENT database: tenant_rbi (Tenant: rbi)","timestamp":"2026-06-27 16:15:00"}
{"level":"info","message":"Orchestrator: No domains found for tenant rbi (excluding those currently scanning).","timestamp":"2026-06-27 16:15:00"}
{"level":"info","message":"📁 Switching to CLIENT database: tenant_sbi (Tenant: sbi)","timestamp":"2026-06-27 16:15:00"}
{"level":"info","message":"Orchestrator: No domains found for tenant sbi (excluding those currently scanning).","timestamp":"2026-06-27 16:15:01"}
{"level":"info","message":"Orchestrator: Master DB connection closed.","timestamp":"2026-06-27 16:15:01"}
{"level":"info","message":"✅ Orchestrator: Finished. Total jobs enqueued: 0","timestamp":"2026-06-27 16:15:01"}
{"level":"info","message":"Job repeat:c10eea93bf68cc56fd5c63b351df3d32:1782557100000 (Orchestrator) completed successfully.","timestamp":"2026-06-27 16:15:01"}
{"level":"info","message":"[Job repeat:c10eea93bf68cc56fd5c63b351df3d32:1782557160000] 🚀 Executing scheduled global orchestration...","timestamp":"2026-06-27 16:16:00"}
{"level":"info","message":"Orchestrator: Starting global scan orchestration... ","timestamp":"2026-06-27 16:16:00"}
{"level":"info","message":"🔗 Connecting to MASTER database: master","timestamp":"2026-06-27 16:16:00"}
{"level":"info","message":"Orchestrator: Found 2 tenants to process.","timestamp":"2026-06-27 16:16:01"}
{"level":"info","message":"📁 Switching to CLIENT database: tenant_rbi (Tenant: rbi)","timestamp":"2026-06-27 16:16:01"}
{"level":"info","message":"Orchestrator: No domains found for tenant rbi (excluding those currently scanning).","timestamp":"2026-06-27 16:16:01"}
{"level":"info","message":"📁 Switching to CLIENT database: tenant_sbi (Tenant: sbi)","timestamp":"2026-06-27 16:16:01"}
{"level":"info","message":"Orchestrator: No domains found for tenant sbi (excluding those currently scanning).","timestamp":"2026-06-27 16:16:01"}
{"level":"info","message":"Orchestrator: Master DB connection closed.","timestamp":"2026-06-27 16:16:01"}
{"level":"info","message":"✅ Orchestrator: Finished. Total jobs enqueued: 0","timestamp":"2026-06-27 16:16:01"}
{"level":"info","message":"Job repeat:c10eea93bf68cc56fd5c63b351df3d32:1782557160000 (Orchestrator) completed successfully.","timestamp":"2026-06-27 16:16:01"}
{"level":"info","message":"[Job repeat:c10eea93bf68cc56fd5c63b351df3d32:1782557220000] 🚀 Executing scheduled global orchestration...","timestamp":"2026-06-27 16:17:00"}
{"level":"info","message":"Orchestrator: Starting global scan orchestration... ","timestamp":"2026-06-27 16:17:00"}
{"level":"info","message":"🔗 Connecting to MASTER database: master","timestamp":"2026-06-27 16:17:00"}
{"level":"info","message":"Orchestrator: Found 2 tenants to process.","timestamp":"2026-06-27 16:17:01"}
{"level":"info","message":"📁 Switching to CLIENT database: tenant_rbi (Tenant: rbi)","timestamp":"2026-06-27 16:17:01"}
{"level":"info","message":"Orchestrator: No domains found for tenant rbi (excluding those currently scanning).","timestamp":"2026-06-27 16:17:01"}
{"level":"info","message":"📁 Switching to CLIENT database: tenant_sbi (Tenant: sbi)","timestamp":"2026-06-27 16:17:01"}
{"level":"info","message":"Orchestrator: No domains found for tenant sbi (excluding those currently scanning).","timestamp":"2026-06-27 16:17:01"}
{"level":"info","message":"Orchestrator: Master DB connection closed.","timestamp":"2026-06-27 16:17:01"}
{"level":"info","message":"✅ Orchestrator: Finished. Total jobs enqueued: 0","timestamp":"2026-06-27 16:17:01"}
{"level":"info","message":"Job repeat:c10eea93bf68cc56fd5c63b351df3d32:1782557220000 (Orchestrator) completed successfully.","timestamp":"2026-06-27 16:17:01"}
{"level":"info","message":"[Job repeat:c10eea93bf68cc56fd5c63b351df3d32:1782557280000] 🚀 Executing scheduled global orchestration...","timestamp":"2026-06-27 16:18:00"}
{"level":"info","message":"Orchestrator: Starting global scan orchestration... ","timestamp":"2026-06-27 16:18:00"}
{"level":"info","message":"🔗 Connecting to MASTER database: master","timestamp":"2026-06-27 16:18:00"}
{"level":"info","message":"Orchestrator: Found 2 tenants to process.","timestamp":"2026-06-27 16:18:00"}
{"level":"info","message":"📁 Switching to CLIENT database: tenant_rbi (Tenant: rbi)","timestamp":"2026-06-27 16:18:00"}
{"level":"info","message":"Orchestrator: No domains found for tenant rbi (excluding those currently scanning).","timestamp":"2026-06-27 16:18:00"}
{"level":"info","message":"📁 Switching to CLIENT database: tenant_sbi (Tenant: sbi)","timestamp":"2026-06-27 16:18:00"}
{"level":"info","message":"Orchestrator: No domains found for tenant sbi (excluding those currently scanning).","timestamp":"2026-06-27 16:18:00"}
{"level":"info","message":"Orchestrator: Master DB connection closed.","timestamp":"2026-06-27 16:18:00"}
{"level":"info","message":"✅ Orchestrator: Finished. Total jobs enqueued: 0","timestamp":"2026-06-27 16:18:00"}
{"level":"info","message":"Job repeat:c10eea93bf68cc56fd5c63b351df3d32:1782557280000 (Orchestrator) completed successfully.","timestamp":"2026-06-27 16:18:00"}
{"level":"info","message":"[Job repeat:c10eea93bf68cc56fd5c63b351df3d32:1782557340000] 🚀 Executing scheduled global orchestration...","timestamp":"2026-06-27 16:19:00"}
{"level":"info","message":"Orchestrator: Starting global scan orchestration... ","timestamp":"2026-06-27 16:19:00"}
{"level":"info","message":"🔗 Connecting to MASTER database: master","timestamp":"2026-06-27 16:19:00"}
{"level":"info","message":"Orchestrator: Found 2 tenants to process.","timestamp":"2026-06-27 16:19:01"}
{"level":"info","message":"📁 Switching to CLIENT database: tenant_rbi (Tenant: rbi)","timestamp":"2026-06-27 16:19:01"}
{"level":"info","message":"Orchestrator: No domains found for tenant rbi (excluding those currently scanning).","timestamp":"2026-06-27 16:19:01"}
{"level":"info","message":"📁 Switching to CLIENT database: tenant_sbi (Tenant: sbi)","timestamp":"2026-06-27 16:19:01"}
{"level":"info","message":"Orchestrator: No domains found for tenant sbi (excluding those currently scanning).","timestamp":"2026-06-27 16:19:01"}
{"level":"info","message":"Orchestrator: Master DB connection closed.","timestamp":"2026-06-27 16:19:01"}
{"level":"info","message":"✅ Orchestrator: Finished. Total jobs enqueued: 0","timestamp":"2026-06-27 16:19:01"}
{"level":"info","message":"Job repeat:c10eea93bf68cc56fd5c63b351df3d32:1782557340000 (Orchestrator) completed successfully.","timestamp":"2026-06-27 16:19:01"}
{"level":"info","message":"[Job repeat:c10eea93bf68cc56fd5c63b351df3d32:1782557400000] 🚀 Executing scheduled global orchestration...","timestamp":"2026-06-27 16:20:00"}
{"level":"info","message":"Orchestrator: Starting global scan orchestration... ","timestamp":"2026-06-27 16:20:00"}
{"level":"info","message":"🔗 Connecting to MASTER database: master","timestamp":"2026-06-27 16:20:00"}
{"level":"info","message":"Orchestrator: Found 2 tenants to process.","timestamp":"2026-06-27 16:20:01"}
{"level":"info","message":"📁 Switching to CLIENT database: tenant_rbi (Tenant: rbi)","timestamp":"2026-06-27 16:20:01"}
{"level":"info","message":"Orchestrator: No domains found for tenant rbi (excluding those currently scanning).","timestamp":"2026-06-27 16:20:01"}
{"level":"info","message":"📁 Switching to CLIENT database: tenant_sbi (Tenant: sbi)","timestamp":"2026-06-27 16:20:01"}
{"level":"info","message":"Orchestrator: No domains found for tenant sbi (excluding those currently scanning).","timestamp":"2026-06-27 16:20:01"}
{"level":"info","message":"Orchestrator: Master DB connection closed.","timestamp":"2026-06-27 16:20:01"}
{"level":"info","message":"✅ Orchestrator: Finished. Total jobs enqueued: 0","timestamp":"2026-06-27 16:20:01"}
{"level":"info","message":"Job repeat:c10eea93bf68cc56fd5c63b351df3d32:1782557400000 (Orchestrator) completed successfully.","timestamp":"2026-06-27 16:20:01"}
{"level":"info","message":"[Job repeat:c10eea93bf68cc56fd5c63b351df3d32:1782557460000] 🚀 Executing scheduled global orchestration...","timestamp":"2026-06-27 16:21:00"}
{"level":"info","message":"Orchestrator: Starting global scan orchestration... ","timestamp":"2026-06-27 16:21:00"}
{"level":"info","message":"🔗 Connecting to MASTER database: master","timestamp":"2026-06-27 16:21:00"}
{"level":"info","message":"Orchestrator: Found 2 tenants to process.","timestamp":"2026-06-27 16:21:00"}
{"level":"info","message":"📁 Switching to CLIENT database: tenant_rbi (Tenant: rbi)","timestamp":"2026-06-27 16:21:00"}
{"level":"info","message":"Orchestrator: No domains found for tenant rbi (excluding those currently scanning).","timestamp":"2026-06-27 16:21:00"}
{"level":"info","message":"📁 Switching to CLIENT database: tenant_sbi (Tenant: sbi)","timestamp":"2026-06-27 16:21:00"}
{"level":"info","message":"Orchestrator: No domains found for tenant sbi (excluding those currently scanning).","timestamp":"2026-06-27 16:21:00"}
{"level":"info","message":"Orchestrator: Master DB connection closed.","timestamp":"2026-06-27 16:21:00"}
{"level":"info","message":"✅ Orchestrator: Finished. Total jobs enqueued: 0","timestamp":"2026-06-27 16:21:00"}
{"level":"info","message":"Job repeat:c10eea93bf68cc56fd5c63b351df3d32:1782557460000 (Orchestrator) completed successfully.","timestamp":"2026-06-27 16:21:00"}
{"level":"info","message":"[Job repeat:c10eea93bf68cc56fd5c63b351df3d32:1782557520000] 🚀 Executing scheduled global orchestration...","timestamp":"2026-06-27 16:22:00"}
{"level":"info","message":"Orchestrator: Starting global scan orchestration... ","timestamp":"2026-06-27 16:22:00"}
{"level":"info","message":"🔗 Connecting to MASTER database: master","timestamp":"2026-06-27 16:22:00"}
{"level":"info","message":"Orchestrator: Found 2 tenants to process.","timestamp":"2026-06-27 16:22:01"}
{"level":"info","message":"📁 Switching to CLIENT database: tenant_rbi (Tenant: rbi)","timestamp":"2026-06-27 16:22:01"}
{"level":"info","message":"Orchestrator: No domains found for tenant rbi (excluding those currently scanning).","timestamp":"2026-06-27 16:22:01"}
{"level":"info","message":"📁 Switching to CLIENT database: tenant_sbi (Tenant: sbi)","timestamp":"2026-06-27 16:22:01"}
{"level":"info","message":"Orchestrator: No domains found for tenant sbi (excluding those currently scanning).","timestamp":"2026-06-27 16:22:01"}
{"level":"info","message":"Orchestrator: Master DB connection closed.","timestamp":"2026-06-27 16:22:01"}
{"level":"info","message":"✅ Orchestrator: Finished. Total jobs enqueued: 0","timestamp":"2026-06-27 16:22:01"}
{"level":"info","message":"Job repeat:c10eea93bf68cc56fd5c63b351df3d32:1782557520000 (Orchestrator) completed successfully.","timestamp":"2026-06-27 16:22:01"}
{"level":"info","message":"[Job repeat:c10eea93bf68cc56fd5c63b351df3d32:1782557580000] 🚀 Executing scheduled global orchestration...","timestamp":"2026-06-27 16:23:00"}
{"level":"info","message":"Orchestrator: Starting global scan orchestration... ","timestamp":"2026-06-27 16:23:00"}
{"level":"info","message":"🔗 Connecting to MASTER database: master","timestamp":"2026-06-27 16:23:00"}
{"level":"info","message":"Orchestrator: Found 2 tenants to process.","timestamp":"2026-06-27 16:23:01"}
{"level":"info","message":"📁 Switching to CLIENT database: tenant_rbi (Tenant: rbi)","timestamp":"2026-06-27 16:23:01"}
{"level":"info","message":"Orchestrator: No domains found for tenant rbi (excluding those currently scanning).","timestamp":"2026-06-27 16:23:01"}
{"level":"info","message":"📁 Switching to CLIENT database: tenant_sbi (Tenant: sbi)","timestamp":"2026-06-27 16:23:01"}
{"level":"info","message":"Orchestrator: No domains found for tenant sbi (excluding those currently scanning).","timestamp":"2026-06-27 16:23:01"}
{"level":"info","message":"Orchestrator: Master DB connection closed.","timestamp":"2026-06-27 16:23:01"}
{"level":"info","message":"✅ Orchestrator: Finished. Total jobs enqueued: 0","timestamp":"2026-06-27 16:23:01"}
{"level":"info","message":"Job repeat:c10eea93bf68cc56fd5c63b351df3d32:1782557580000 (Orchestrator) completed successfully.","timestamp":"2026-06-27 16:23:01"}
{"level":"info","message":"[Job repeat:c10eea93bf68cc56fd5c63b351df3d32:1782557640000] 🚀 Executing scheduled global orchestration...","timestamp":"2026-06-27 16:24:00"}
{"level":"info","message":"Orchestrator: Starting global scan orchestration... ","timestamp":"2026-06-27 16:24:00"}
{"level":"info","message":"🔗 Connecting to MASTER database: master","timestamp":"2026-06-27 16:24:00"}
{"level":"info","message":"Orchestrator: Found 2 tenants to process.","timestamp":"2026-06-27 16:24:01"}
{"level":"info","message":"📁 Switching to CLIENT database: tenant_rbi (Tenant: rbi)","timestamp":"2026-06-27 16:24:01"}
{"level":"info","message":"Orchestrator: No domains found for tenant rbi (excluding those currently scanning).","timestamp":"2026-06-27 16:24:01"}
{"level":"info","message":"📁 Switching to CLIENT database: tenant_sbi (Tenant: sbi)","timestamp":"2026-06-27 16:24:01"}
{"level":"info","message":"Orchestrator: No domains found for tenant sbi (excluding those currently scanning).","timestamp":"2026-06-27 16:24:01"}
{"level":"info","message":"Orchestrator: Master DB connection closed.","timestamp":"2026-06-27 16:24:01"}
{"level":"info","message":"✅ Orchestrator: Finished. Total jobs enqueued: 0","timestamp":"2026-06-27 16:24:01"}
{"level":"info","message":"Job repeat:c10eea93bf68cc56fd5c63b351df3d32:1782557640000 (Orchestrator) completed successfully.","timestamp":"2026-06-27 16:24:01"}
{"level":"info","message":"[Job repeat:c10eea93bf68cc56fd5c63b351df3d32:1782557700000] 🚀 Executing scheduled global orchestration...","timestamp":"2026-06-27 16:25:00"}
{"level":"info","message":"Orchestrator: Starting global scan orchestration... ","timestamp":"2026-06-27 16:25:00"}
{"level":"info","message":"🔗 Connecting to MASTER database: master","timestamp":"2026-06-27 16:25:00"}
{"level":"info","message":"Orchestrator: Found 2 tenants to process.","timestamp":"2026-06-27 16:25:00"}
{"level":"info","message":"📁 Switching to CLIENT database: tenant_rbi (Tenant: rbi)","timestamp":"2026-06-27 16:25:00"}
{"level":"info","message":"Orchestrator: No domains found for tenant rbi (excluding those currently scanning).","timestamp":"2026-06-27 16:25:00"}
{"level":"info","message":"📁 Switching to CLIENT database: tenant_sbi (Tenant: sbi)","timestamp":"2026-06-27 16:25:00"}
{"level":"info","message":"Orchestrator: No domains found for tenant sbi (excluding those currently scanning).","timestamp":"2026-06-27 16:25:00"}
{"level":"info","message":"Orchestrator: Master DB connection closed.","timestamp":"2026-06-27 16:25:00"}
{"level":"info","message":"✅ Orchestrator: Finished. Total jobs enqueued: 0","timestamp":"2026-06-27 16:25:00"}
{"level":"info","message":"Job repeat:c10eea93bf68cc56fd5c63b351df3d32:1782557700000 (Orchestrator) completed successfully.","timestamp":"2026-06-27 16:25:00"}
{"level":"info","message":"[Job repeat:c10eea93bf68cc56fd5c63b351df3d32:1782557760000] 🚀 Executing scheduled global orchestration...","timestamp":"2026-06-27 16:26:00"}
{"level":"info","message":"Orchestrator: Starting global scan orchestration... ","timestamp":"2026-06-27 16:26:00"}
{"level":"info","message":"🔗 Connecting to MASTER database: master","timestamp":"2026-06-27 16:26:00"}
{"level":"info","message":"Orchestrator: Found 2 tenants to process.","timestamp":"2026-06-27 16:26:01"}
{"level":"info","message":"📁 Switching to CLIENT database: tenant_rbi (Tenant: rbi)","timestamp":"2026-06-27 16:26:01"}
{"level":"info","message":"Orchestrator: No domains found for tenant rbi (excluding those currently scanning).","timestamp":"2026-06-27 16:26:01"}
{"level":"info","message":"📁 Switching to CLIENT database: tenant_sbi (Tenant: sbi)","timestamp":"2026-06-27 16:26:01"}
{"level":"info","message":"Orchestrator: No domains found for tenant sbi (excluding those currently scanning).","timestamp":"2026-06-27 16:26:01"}
{"level":"info","message":"Orchestrator: Master DB connection closed.","timestamp":"2026-06-27 16:26:01"}
{"level":"info","message":"✅ Orchestrator: Finished. Total jobs enqueued: 0","timestamp":"2026-06-27 16:26:01"}
{"level":"info","message":"Job repeat:c10eea93bf68cc56fd5c63b351df3d32:1782557760000 (Orchestrator) completed successfully.","timestamp":"2026-06-27 16:26:01"}
{"level":"info","message":"[Job repeat:c10eea93bf68cc56fd5c63b351df3d32:1782557820000] 🚀 Executing scheduled global orchestration...","timestamp":"2026-06-27 16:27:00"}
{"level":"info","message":"Orchestrator: Starting global scan orchestration... ","timestamp":"2026-06-27 16:27:00"}
{"level":"info","message":"🔗 Connecting to MASTER database: master","timestamp":"2026-06-27 16:27:00"}
{"level":"info","message":"Orchestrator: Found 2 tenants to process.","timestamp":"2026-06-27 16:27:01"}
{"level":"info","message":"📁 Switching to CLIENT database: tenant_rbi (Tenant: rbi)","timestamp":"2026-06-27 16:27:01"}
{"level":"info","message":"Orchestrator: No domains found for tenant rbi (excluding those currently scanning).","timestamp":"2026-06-27 16:27:01"}
{"level":"info","message":"📁 Switching to CLIENT database: tenant_sbi (Tenant: sbi)","timestamp":"2026-06-27 16:27:01"}
{"level":"info","message":"Orchestrator: No domains found for tenant sbi (excluding those currently scanning).","timestamp":"2026-06-27 16:27:01"}
{"level":"info","message":"Orchestrator: Master DB connection closed.","timestamp":"2026-06-27 16:27:01"}
{"level":"info","message":"✅ Orchestrator: Finished. Total jobs enqueued: 0","timestamp":"2026-06-27 16:27:01"}
{"level":"info","message":"Job repeat:c10eea93bf68cc56fd5c63b351df3d32:1782557820000 (Orchestrator) completed successfully.","timestamp":"2026-06-27 16:27:01"}
{"level":"info","message":"[Job repeat:c10eea93bf68cc56fd5c63b351df3d32:1782557880000] 🚀 Executing scheduled global orchestration...","timestamp":"2026-06-27 16:28:00"}
{"level":"info","message":"Orchestrator: Starting global scan orchestration... ","timestamp":"2026-06-27 16:28:00"}
{"level":"info","message":"🔗 Connecting to MASTER database: master","timestamp":"2026-06-27 16:28:00"}
{"level":"info","message":"Orchestrator: Found 2 tenants to process.","timestamp":"2026-06-27 16:28:00"}
{"level":"info","message":"📁 Switching to CLIENT database: tenant_rbi (Tenant: rbi)","timestamp":"2026-06-27 16:28:00"}
{"level":"info","message":"Orchestrator: No domains found for tenant rbi (excluding those currently scanning).","timestamp":"2026-06-27 16:28:00"}
{"level":"info","message":"📁 Switching to CLIENT database: tenant_sbi (Tenant: sbi)","timestamp":"2026-06-27 16:28:00"}
{"level":"info","message":"Orchestrator: No domains found for tenant sbi (excluding those currently scanning).","timestamp":"2026-06-27 16:28:00"}
{"level":"info","message":"Orchestrator: Master DB connection closed.","timestamp":"2026-06-27 16:28:00"}
{"level":"info","message":"✅ Orchestrator: Finished. Total jobs enqueued: 0","timestamp":"2026-06-27 16:28:00"}
{"level":"info","message":"Job repeat:c10eea93bf68cc56fd5c63b351df3d32:1782557880000 (Orchestrator) completed successfully.","timestamp":"2026-06-27 16:28:00"}
{"level":"info","message":"[Job repeat:c10eea93bf68cc56fd5c63b351df3d32:1782557940000] 🚀 Executing scheduled global orchestration...","timestamp":"2026-06-27 16:29:00"}
{"level":"info","message":"Orchestrator: Starting global scan orchestration... ","timestamp":"2026-06-27 16:29:00"}
{"level":"info","message":"🔗 Connecting to MASTER database: master","timestamp":"2026-06-27 16:29:00"}
{"level":"info","message":"Orchestrator: Found 2 tenants to process.","timestamp":"2026-06-27 16:29:01"}
{"level":"info","message":"📁 Switching to CLIENT database: tenant_rbi (Tenant: rbi)","timestamp":"2026-06-27 16:29:01"}
{"level":"info","message":"Orchestrator: No domains found for tenant rbi (excluding those currently scanning).","timestamp":"2026-06-27 16:29:01"}
{"level":"info","message":"📁 Switching to CLIENT database: tenant_sbi (Tenant: sbi)","timestamp":"2026-06-27 16:29:01"}
{"level":"info","message":"Orchestrator: No domains found for tenant sbi (excluding those currently scanning).","timestamp":"2026-06-27 16:29:01"}
{"level":"info","message":"Orchestrator: Master DB connection closed.","timestamp":"2026-06-27 16:29:01"}
{"level":"info","message":"✅ Orchestrator: Finished. Total jobs enqueued: 0","timestamp":"2026-06-27 16:29:01"}
{"level":"info","message":"Job repeat:c10eea93bf68cc56fd5c63b351df3d32:1782557940000 (Orchestrator) completed successfully.","timestamp":"2026-06-27 16:29:01"}
{"level":"info","message":"[Job repeat:c10eea93bf68cc56fd5c63b351df3d32:1782558000000] 🚀 Executing scheduled global orchestration...","timestamp":"2026-06-27 16:30:00"}
{"level":"info","message":"Orchestrator: Starting global scan orchestration... ","timestamp":"2026-06-27 16:30:00"}
{"level":"info","message":"🔗 Connecting to MASTER database: master","timestamp":"2026-06-27 16:30:00"}
{"level":"info","message":"Orchestrator: Found 2 tenants to process.","timestamp":"2026-06-27 16:30:01"}
{"level":"info","message":"📁 Switching to CLIENT database: tenant_rbi (Tenant: rbi)","timestamp":"2026-06-27 16:30:01"}
{"level":"info","message":"Orchestrator: No domains found for tenant rbi (excluding those currently scanning).","timestamp":"2026-06-27 16:30:01"}
{"level":"info","message":"📁 Switching to CLIENT database: tenant_sbi (Tenant: sbi)","timestamp":"2026-06-27 16:30:01"}
{"level":"info","message":"Orchestrator: No domains found for tenant sbi (excluding those currently scanning).","timestamp":"2026-06-27 16:30:01"}
{"level":"info","message":"Orchestrator: Master DB connection closed.","timestamp":"2026-06-27 16:30:01"}
{"level":"info","message":"✅ Orchestrator: Finished. Total jobs enqueued: 0","timestamp":"2026-06-27 16:30:01"}
{"level":"info","message":"Job repeat:c10eea93bf68cc56fd5c63b351df3d32:1782558000000 (Orchestrator) completed successfully.","timestamp":"2026-06-27 16:30:01"}
{"level":"info","message":"[Job repeat:c10eea93bf68cc56fd5c63b351df3d32:1782558060000] 🚀 Executing scheduled global orchestration...","timestamp":"2026-06-27 16:31:01"}
{"level":"info","message":"Orchestrator: Starting global scan orchestration... ","timestamp":"2026-06-27 16:31:01"}
{"level":"info","message":"🔗 Connecting to MASTER database: master","timestamp":"2026-06-27 16:31:01"}
{"level":"info","message":"Orchestrator: Found 2 tenants to process.","timestamp":"2026-06-27 16:31:01"}
{"level":"info","message":"📁 Switching to CLIENT database: tenant_rbi (Tenant: rbi)","timestamp":"2026-06-27 16:31:01"}
{"level":"info","message":"Orchestrator: No domains found for tenant rbi (excluding those currently scanning).","timestamp":"2026-06-27 16:31:01"}
{"level":"info","message":"📁 Switching to CLIENT database: tenant_sbi (Tenant: sbi)","timestamp":"2026-06-27 16:31:01"}
{"level":"info","message":"Orchestrator: No domains found for tenant sbi (excluding those currently scanning).","timestamp":"2026-06-27 16:31:01"}
{"level":"info","message":"Orchestrator: Master DB connection closed.","timestamp":"2026-06-27 16:31:01"}
{"level":"info","message":"✅ Orchestrator: Finished. Total jobs enqueued: 0","timestamp":"2026-06-27 16:31:01"}
{"level":"info","message":"Job repeat:c10eea93bf68cc56fd5c63b351df3d32:1782558060000 (Orchestrator) completed successfully.","timestamp":"2026-06-27 16:31:01"}
{"level":"info","message":"[Job repeat:c10eea93bf68cc56fd5c63b351df3d32:1782558120000] 🚀 Executing scheduled global orchestration...","timestamp":"2026-06-27 16:32:00"}
{"level":"info","message":"Orchestrator: Starting global scan orchestration... ","timestamp":"2026-06-27 16:32:00"}
{"level":"info","message":"🔗 Connecting to MASTER database: master","timestamp":"2026-06-27 16:32:00"}
{"level":"info","message":"Orchestrator: Found 2 tenants to process.","timestamp":"2026-06-27 16:32:00"}
{"level":"info","message":"📁 Switching to CLIENT database: tenant_rbi (Tenant: rbi)","timestamp":"2026-06-27 16:32:00"}
{"level":"info","message":"Orchestrator: No domains found for tenant rbi (excluding those currently scanning).","timestamp":"2026-06-27 16:32:00"}
{"level":"info","message":"📁 Switching to CLIENT database: tenant_sbi (Tenant: sbi)","timestamp":"2026-06-27 16:32:00"}
{"level":"info","message":"Orchestrator: No domains found for tenant sbi (excluding those currently scanning).","timestamp":"2026-06-27 16:32:00"}
{"level":"info","message":"Orchestrator: Master DB connection closed.","timestamp":"2026-06-27 16:32:00"}
{"level":"info","message":"✅ Orchestrator: Finished. Total jobs enqueued: 0","timestamp":"2026-06-27 16:32:00"}
{"level":"info","message":"Job repeat:c10eea93bf68cc56fd5c63b351df3d32:1782558120000 (Orchestrator) completed successfully.","timestamp":"2026-06-27 16:32:00"}
{"level":"info","message":"[Job repeat:c10eea93bf68cc56fd5c63b351df3d32:1782558180000] 🚀 Executing scheduled global orchestration...","timestamp":"2026-06-27 16:33:00"}
{"level":"info","message":"Orchestrator: Starting global scan orchestration... ","timestamp":"2026-06-27 16:33:00"}
{"level":"info","message":"🔗 Connecting to MASTER database: master","timestamp":"2026-06-27 16:33:00"}
{"level":"info","message":"Orchestrator: Found 2 tenants to process.","timestamp":"2026-06-27 16:33:01"}
{"level":"info","message":"📁 Switching to CLIENT database: tenant_rbi (Tenant: rbi)","timestamp":"2026-06-27 16:33:01"}
{"level":"info","message":"Orchestrator: No domains found for tenant rbi (excluding those currently scanning).","timestamp":"2026-06-27 16:33:01"}
{"level":"info","message":"📁 Switching to CLIENT database: tenant_sbi (Tenant: sbi)","timestamp":"2026-06-27 16:33:01"}
{"level":"info","message":"Orchestrator: No domains found for tenant sbi (excluding those currently scanning).","timestamp":"2026-06-27 16:33:01"}
{"level":"info","message":"Orchestrator: Master DB connection closed.","timestamp":"2026-06-27 16:33:01"}
{"level":"info","message":"✅ Orchestrator: Finished. Total jobs enqueued: 0","timestamp":"2026-06-27 16:33:01"}
{"level":"info","message":"Job repeat:c10eea93bf68cc56fd5c63b351df3d32:1782558180000 (Orchestrator) completed successfully.","timestamp":"2026-06-27 16:33:01"}
{"level":"info","message":"[Job repeat:c10eea93bf68cc56fd5c63b351df3d32:1782558240000] 🚀 Executing scheduled global orchestration...","timestamp":"2026-06-27 16:34:01"}
{"level":"info","message":"Orchestrator: Starting global scan orchestration... ","timestamp":"2026-06-27 16:34:01"}
{"level":"info","message":"🔗 Connecting to MASTER database: master","timestamp":"2026-06-27 16:34:01"}
{"level":"info","message":"Orchestrator: Found 2 tenants to process.","timestamp":"2026-06-27 16:34:01"}
{"level":"info","message":"📁 Switching to CLIENT database: tenant_rbi (Tenant: rbi)","timestamp":"2026-06-27 16:34:01"}
{"level":"info","message":"Orchestrator: No domains found for tenant rbi (excluding those currently scanning).","timestamp":"2026-06-27 16:34:01"}
{"level":"info","message":"📁 Switching to CLIENT database: tenant_sbi (Tenant: sbi)","timestamp":"2026-06-27 16:34:01"}
{"level":"info","message":"Orchestrator: No domains found for tenant sbi (excluding those currently scanning).","timestamp":"2026-06-27 16:34:01"}
{"level":"info","message":"Orchestrator: Master DB connection closed.","timestamp":"2026-06-27 16:34:01"}
{"level":"info","message":"✅ Orchestrator: Finished. Total jobs enqueued: 0","timestamp":"2026-06-27 16:34:01"}
{"level":"info","message":"Job repeat:c10eea93bf68cc56fd5c63b351df3d32:1782558240000 (Orchestrator) completed successfully.","timestamp":"2026-06-27 16:34:01"}
{"level":"info","message":"[Job repeat:c10eea93bf68cc56fd5c63b351df3d32:1782558300000] 🚀 Executing scheduled global orchestration...","timestamp":"2026-06-27 16:35:00"}
{"level":"info","message":"Orchestrator: Starting global scan orchestration... ","timestamp":"2026-06-27 16:35:00"}
{"level":"info","message":"🔗 Connecting to MASTER database: master","timestamp":"2026-06-27 16:35:00"}
{"level":"info","message":"Orchestrator: Found 2 tenants to process.","timestamp":"2026-06-27 16:35:00"}
{"level":"info","message":"📁 Switching to CLIENT database: tenant_rbi (Tenant: rbi)","timestamp":"2026-06-27 16:35:00"}
{"level":"info","message":"Orchestrator: No domains found for tenant rbi (excluding those currently scanning).","timestamp":"2026-06-27 16:35:01"}
{"level":"info","message":"📁 Switching to CLIENT database: tenant_sbi (Tenant: sbi)","timestamp":"2026-06-27 16:35:01"}
{"level":"info","message":"Orchestrator: No domains found for tenant sbi (excluding those currently scanning).","timestamp":"2026-06-27 16:35:01"}
{"level":"info","message":"Orchestrator: Master DB connection closed.","timestamp":"2026-06-27 16:35:01"}
{"level":"info","message":"✅ Orchestrator: Finished. Total jobs enqueued: 0","timestamp":"2026-06-27 16:35:01"}
{"level":"info","message":"Job repeat:c10eea93bf68cc56fd5c63b351df3d32:1782558300000 (Orchestrator) completed successfully.","timestamp":"2026-06-27 16:35:01"}
{"level":"info","message":"[Job repeat:c10eea93bf68cc56fd5c63b351df3d32:1782558360000] 🚀 Executing scheduled global orchestration...","timestamp":"2026-06-27 16:36:00"}
{"level":"info","message":"Orchestrator: Starting global scan orchestration... ","timestamp":"2026-06-27 16:36:00"}
{"level":"info","message":"🔗 Connecting to MASTER database: master","timestamp":"2026-06-27 16:36:00"}
{"level":"info","message":"Orchestrator: Found 2 tenants to process.","timestamp":"2026-06-27 16:36:01"}
{"level":"info","message":"📁 Switching to CLIENT database: tenant_rbi (Tenant: rbi)","timestamp":"2026-06-27 16:36:01"}
{"level":"info","message":"Orchestrator: No domains found for tenant rbi (excluding those currently scanning).","timestamp":"2026-06-27 16:36:01"}
{"level":"info","message":"📁 Switching to CLIENT database: tenant_sbi (Tenant: sbi)","timestamp":"2026-06-27 16:36:01"}
{"level":"info","message":"Orchestrator: No domains found for tenant sbi (excluding those currently scanning).","timestamp":"2026-06-27 16:36:01"}
{"level":"info","message":"Orchestrator: Master DB connection closed.","timestamp":"2026-06-27 16:36:01"}
{"level":"info","message":"✅ Orchestrator: Finished. Total jobs enqueued: 0","timestamp":"2026-06-27 16:36:01"}
{"level":"info","message":"Job repeat:c10eea93bf68cc56fd5c63b351df3d32:1782558360000 (Orchestrator) completed successfully.","timestamp":"2026-06-27 16:36:01"}
{"level":"info","message":"[Job repeat:c10eea93bf68cc56fd5c63b351df3d32:1782558420000] 🚀 Executing scheduled global orchestration...","timestamp":"2026-06-27 16:37:00"}
{"level":"info","message":"Orchestrator: Starting global scan orchestration... ","timestamp":"2026-06-27 16:37:00"}
{"level":"info","message":"🔗 Connecting to MASTER database: master","timestamp":"2026-06-27 16:37:00"}
{"level":"info","message":"Orchestrator: Found 2 tenants to process.","timestamp":"2026-06-27 16:37:01"}
{"level":"info","message":"📁 Switching to CLIENT database: tenant_rbi (Tenant: rbi)","timestamp":"2026-06-27 16:37:01"}
{"level":"info","message":"Orchestrator: No domains found for tenant rbi (excluding those currently scanning).","timestamp":"2026-06-27 16:37:01"}
{"level":"info","message":"📁 Switching to CLIENT database: tenant_sbi (Tenant: sbi)","timestamp":"2026-06-27 16:37:01"}
{"level":"info","message":"Orchestrator: No domains found for tenant sbi (excluding those currently scanning).","timestamp":"2026-06-27 16:37:01"}
{"level":"info","message":"Orchestrator: Master DB connection closed.","timestamp":"2026-06-27 16:37:01"}
{"level":"info","message":"✅ Orchestrator: Finished. Total jobs enqueued: 0","timestamp":"2026-06-27 16:37:01"}
{"level":"info","message":"Job repeat:c10eea93bf68cc56fd5c63b351df3d32:1782558420000 (Orchestrator) completed successfully.","timestamp":"2026-06-27 16:37:01"}
{"level":"info","message":"[Job repeat:c10eea93bf68cc56fd5c63b351df3d32:1782558480000] 🚀 Executing scheduled global orchestration...","timestamp":"2026-06-27 16:38:00"}
{"level":"info","message":"Orchestrator: Starting global scan orchestration... ","timestamp":"2026-06-27 16:38:00"}
{"level":"info","message":"🔗 Connecting to MASTER database: master","timestamp":"2026-06-27 16:38:00"}
{"level":"info","message":"Orchestrator: Found 2 tenants to process.","timestamp":"2026-06-27 16:38:01"}
{"level":"info","message":"📁 Switching to CLIENT database: tenant_rbi (Tenant: rbi)","timestamp":"2026-06-27 16:38:01"}
{"level":"info","message":"Orchestrator: No domains found for tenant rbi (excluding those currently scanning).","timestamp":"2026-06-27 16:38:01"}
{"level":"info","message":"📁 Switching to CLIENT database: tenant_sbi (Tenant: sbi)","timestamp":"2026-06-27 16:38:01"}
{"level":"info","message":"Orchestrator: No domains found for tenant sbi (excluding those currently scanning).","timestamp":"2026-06-27 16:38:01"}
{"level":"info","message":"Orchestrator: Master DB connection closed.","timestamp":"2026-06-27 16:38:01"}
{"level":"info","message":"✅ Orchestrator: Finished. Total jobs enqueued: 0","timestamp":"2026-06-27 16:38:01"}
{"level":"info","message":"Job repeat:c10eea93bf68cc56fd5c63b351df3d32:1782558480000 (Orchestrator) completed successfully.","timestamp":"2026-06-27 16:38:01"}
{"level":"info","message":"[Job repeat:c10eea93bf68cc56fd5c63b351df3d32:1782558540000] 🚀 Executing scheduled global orchestration...","timestamp":"2026-06-27 16:39:00"}
{"level":"info","message":"Orchestrator: Starting global scan orchestration... ","timestamp":"2026-06-27 16:39:00"}
{"level":"info","message":"🔗 Connecting to MASTER database: master","timestamp":"2026-06-27 16:39:00"}
{"level":"info","message":"Orchestrator: Found 2 tenants to process.","timestamp":"2026-06-27 16:39:01"}
{"level":"info","message":"📁 Switching to CLIENT database: tenant_rbi (Tenant: rbi)","timestamp":"2026-06-27 16:39:01"}
{"level":"info","message":"Orchestrator: No domains found for tenant rbi (excluding those currently scanning).","timestamp":"2026-06-27 16:39:01"}
{"level":"info","message":"📁 Switching to CLIENT database: tenant_sbi (Tenant: sbi)","timestamp":"2026-06-27 16:39:01"}
{"level":"info","message":"Orchestrator: No domains found for tenant sbi (excluding those currently scanning).","timestamp":"2026-06-27 16:39:01"}
{"level":"info","message":"Orchestrator: Master DB connection closed.","timestamp":"2026-06-27 16:39:01"}
{"level":"info","message":"✅ Orchestrator: Finished. Total jobs enqueued: 0","timestamp":"2026-06-27 16:39:01"}
{"level":"info","message":"Job repeat:c10eea93bf68cc56fd5c63b351df3d32:1782558540000 (Orchestrator) completed successfully.","timestamp":"2026-06-27 16:39:01"}
{"level":"info","message":"[Job repeat:c10eea93bf68cc56fd5c63b351df3d32:1782558600000] 🚀 Executing scheduled global orchestration...","timestamp":"2026-06-27 16:40:00"}
{"level":"info","message":"Orchestrator: Starting global scan orchestration... ","timestamp":"2026-06-27 16:40:00"}
{"level":"info","message":"🔗 Connecting to MASTER database: master","timestamp":"2026-06-27 16:40:00"}
{"level":"info","message":"Orchestrator: Found 2 tenants to process.","timestamp":"2026-06-27 16:40:00"}
{"level":"info","message":"📁 Switching to CLIENT database: tenant_rbi (Tenant: rbi)","timestamp":"2026-06-27 16:40:00"}
{"level":"info","message":"Orchestrator: No domains found for tenant rbi (excluding those currently scanning).","timestamp":"2026-06-27 16:40:00"}
{"level":"info","message":"📁 Switching to CLIENT database: tenant_sbi (Tenant: sbi)","timestamp":"2026-06-27 16:40:00"}
{"level":"info","message":"Orchestrator: No domains found for tenant sbi (excluding those currently scanning).","timestamp":"2026-06-27 16:40:00"}
{"level":"info","message":"Orchestrator: Master DB connection closed.","timestamp":"2026-06-27 16:40:00"}
{"level":"info","message":"✅ Orchestrator: Finished. Total jobs enqueued: 0","timestamp":"2026-06-27 16:40:00"}
{"level":"info","message":"Job repeat:c10eea93bf68cc56fd5c63b351df3d32:1782558600000 (Orchestrator) completed successfully.","timestamp":"2026-06-27 16:40:00"}
{"level":"info","message":"[Job repeat:c10eea93bf68cc56fd5c63b351df3d32:1782558660000] 🚀 Executing scheduled global orchestration...","timestamp":"2026-06-27 16:41:00"}
{"level":"info","message":"Orchestrator: Starting global scan orchestration... ","timestamp":"2026-06-27 16:41:00"}
{"level":"info","message":"🔗 Connecting to MASTER database: master","timestamp":"2026-06-27 16:41:00"}
{"level":"info","message":"Orchestrator: Found 2 tenants to process.","timestamp":"2026-06-27 16:41:01"}
{"level":"info","message":"📁 Switching to CLIENT database: tenant_rbi (Tenant: rbi)","timestamp":"2026-06-27 16:41:01"}
{"level":"info","message":"Orchestrator: No domains found for tenant rbi (excluding those currently scanning).","timestamp":"2026-06-27 16:41:01"}
{"level":"info","message":"📁 Switching to CLIENT database: tenant_sbi (Tenant: sbi)","timestamp":"2026-06-27 16:41:01"}
{"level":"info","message":"Orchestrator: No domains found for tenant sbi (excluding those currently scanning).","timestamp":"2026-06-27 16:41:01"}
{"level":"info","message":"Orchestrator: Master DB connection closed.","timestamp":"2026-06-27 16:41:01"}
{"level":"info","message":"✅ Orchestrator: Finished. Total jobs enqueued: 0","timestamp":"2026-06-27 16:41:01"}
{"level":"info","message":"Job repeat:c10eea93bf68cc56fd5c63b351df3d32:1782558660000 (Orchestrator) completed successfully.","timestamp":"2026-06-27 16:41:01"}
{"level":"info","message":"[Job repeat:c10eea93bf68cc56fd5c63b351df3d32:1782558720000] 🚀 Executing scheduled global orchestration...","timestamp":"2026-06-27 16:42:00"}
{"level":"info","message":"Orchestrator: Starting global scan orchestration... ","timestamp":"2026-06-27 16:42:00"}
{"level":"info","message":"🔗 Connecting to MASTER database: master","timestamp":"2026-06-27 16:42:00"}
{"level":"info","message":"Orchestrator: Found 2 tenants to process.","timestamp":"2026-06-27 16:42:01"}
{"level":"info","message":"📁 Switching to CLIENT database: tenant_rbi (Tenant: rbi)","timestamp":"2026-06-27 16:42:01"}
{"level":"info","message":"Orchestrator: No domains found for tenant rbi (excluding those currently scanning).","timestamp":"2026-06-27 16:42:01"}
{"level":"info","message":"📁 Switching to CLIENT database: tenant_sbi (Tenant: sbi)","timestamp":"2026-06-27 16:42:01"}
{"level":"info","message":"Orchestrator: No domains found for tenant sbi (excluding those currently scanning).","timestamp":"2026-06-27 16:42:01"}
{"level":"info","message":"Orchestrator: Master DB connection closed.","timestamp":"2026-06-27 16:42:01"}
{"level":"info","message":"✅ Orchestrator: Finished. Total jobs enqueued: 0","timestamp":"2026-06-27 16:42:01"}
{"level":"info","message":"Job repeat:c10eea93bf68cc56fd5c63b351df3d32:1782558720000 (Orchestrator) completed successfully.","timestamp":"2026-06-27 16:42:01"}
{"level":"info","message":"[Job repeat:c10eea93bf68cc56fd5c63b351df3d32:1782558780000] 🚀 Executing scheduled global orchestration...","timestamp":"2026-06-27 16:43:00"}
{"level":"info","message":"Orchestrator: Starting global scan orchestration... ","timestamp":"2026-06-27 16:43:00"}
{"level":"info","message":"🔗 Connecting to MASTER database: master","timestamp":"2026-06-27 16:43:00"}
{"level":"info","message":"Orchestrator: Found 2 tenants to process.","timestamp":"2026-06-27 16:43:00"}
{"level":"info","message":"📁 Switching to CLIENT database: tenant_rbi (Tenant: rbi)","timestamp":"2026-06-27 16:43:00"}
{"level":"info","message":"Orchestrator: No domains found for tenant rbi (excluding those currently scanning).","timestamp":"2026-06-27 16:43:01"}
{"level":"info","message":"📁 Switching to CLIENT database: tenant_sbi (Tenant: sbi)","timestamp":"2026-06-27 16:43:01"}
{"level":"info","message":"Orchestrator: No domains found for tenant sbi (excluding those currently scanning).","timestamp":"2026-06-27 16:43:01"}
{"level":"info","message":"Orchestrator: Master DB connection closed.","timestamp":"2026-06-27 16:43:01"}
{"level":"info","message":"✅ Orchestrator: Finished. Total jobs enqueued: 0","timestamp":"2026-06-27 16:43:01"}
{"level":"info","message":"Job repeat:c10eea93bf68cc56fd5c63b351df3d32:1782558780000 (Orchestrator) completed successfully.","timestamp":"2026-06-27 16:43:01"}
{"level":"info","message":"[Job repeat:c10eea93bf68cc56fd5c63b351df3d32:1782558840000] 🚀 Executing scheduled global orchestration...","timestamp":"2026-06-27 16:44:00"}
{"level":"info","message":"Orchestrator: Starting global scan orchestration... ","timestamp":"2026-06-27 16:44:00"}
{"level":"info","message":"🔗 Connecting to MASTER database: master","timestamp":"2026-06-27 16:44:00"}
{"level":"info","message":"Orchestrator: Found 2 tenants to process.","timestamp":"2026-06-27 16:44:01"}
{"level":"info","message":"📁 Switching to CLIENT database: tenant_rbi (Tenant: rbi)","timestamp":"2026-06-27 16:44:01"}
{"level":"info","message":"Orchestrator: No domains found for tenant rbi (excluding those currently scanning).","timestamp":"2026-06-27 16:44:01"}
{"level":"info","message":"📁 Switching to CLIENT database: tenant_sbi (Tenant: sbi)","timestamp":"2026-06-27 16:44:01"}
{"level":"info","message":"Orchestrator: No domains found for tenant sbi (excluding those currently scanning).","timestamp":"2026-06-27 16:44:01"}
{"level":"info","message":"Orchestrator: Master DB connection closed.","timestamp":"2026-06-27 16:44:01"}
{"level":"info","message":"✅ Orchestrator: Finished. Total jobs enqueued: 0","timestamp":"2026-06-27 16:44:01"}
{"level":"info","message":"Job repeat:c10eea93bf68cc56fd5c63b351df3d32:1782558840000 (Orchestrator) completed successfully.","timestamp":"2026-06-27 16:44:01"}
{"level":"info","message":"[Job repeat:c10eea93bf68cc56fd5c63b351df3d32:1782558900000] 🚀 Executing scheduled global orchestration...","timestamp":"2026-06-27 16:45:00"}
{"level":"info","message":"Orchestrator: Starting global scan orchestration... ","timestamp":"2026-06-27 16:45:00"}
{"level":"info","message":"🔗 Connecting to MASTER database: master","timestamp":"2026-06-27 16:45:00"}
{"level":"info","message":"Orchestrator: Found 2 tenants to process.","timestamp":"2026-06-27 16:45:01"}
{"level":"info","message":"📁 Switching to CLIENT database: tenant_rbi (Tenant: rbi)","timestamp":"2026-06-27 16:45:01"}
{"level":"info","message":"Orchestrator: No domains found for tenant rbi (excluding those currently scanning).","timestamp":"2026-06-27 16:45:01"}
{"level":"info","message":"📁 Switching to CLIENT database: tenant_sbi (Tenant: sbi)","timestamp":"2026-06-27 16:45:01"}
{"level":"info","message":"Orchestrator: No domains found for tenant sbi (excluding those currently scanning).","timestamp":"2026-06-27 16:45:01"}
{"level":"info","message":"Orchestrator: Master DB connection closed.","timestamp":"2026-06-27 16:45:01"}
{"level":"info","message":"✅ Orchestrator: Finished. Total jobs enqueued: 0","timestamp":"2026-06-27 16:45:01"}
{"level":"info","message":"Job repeat:c10eea93bf68cc56fd5c63b351df3d32:1782558900000 (Orchestrator) completed successfully.","timestamp":"2026-06-27 16:45:01"}
{"level":"info","message":"SIGINT signal received. Closing resources...","timestamp":"2026-06-27 16:45:23"}
